date,route,vessel_class,period,price
2020-01-01,Australia-Paradip,Panamax,1M,19.0
2020-01-01,Australia-Paradip,Panamax,3M,19.06
2020-01-01,Australia-Paradip,Panamax,6M,18.9
2020-01-01,Australia-Paradip,Panamax,1Y,19.88
2020-01-01,Australia-Paradip,Capesize,1M,16.61
2020-01-01,Australia-Paradip,Capesize,3M,16.79
2020-01-01,Australia-Paradip,Capesize,6M,16.91
2020-01-01,Australia-Paradip,Capesize,1Y,17.61
2020-01-01,Australia-Vizag,Panamax,1M,15.49
2020-01-01,Australia-Vizag,Panamax,3M,15.71
2020-01-01,Australia-Vizag,Panamax,6M,15.5
2020-01-01,Australia-Vizag,Panamax,1Y,15.76
2020-01-01,Australia-Vizag,Capesize,1M,14.1
2020-01-01,Australia-Vizag,Capesize,3M,14.42
2020-01-01,Australia-Vizag,Capesize,6M,14.0
2020-01-01,Australia-Vizag,Capesize,1Y,15.28
2020-01-01,Australia-Dhamra,Panamax,1M,17.65
2020-01-01,Australia-Dhamra,Panamax,3M,17.82
2020-01-01,Australia-Dhamra,Panamax,6M,18.21
2020-01-01,Australia-Dhamra,Panamax,1Y,18.22
2020-01-01,Australia-Dhamra,Capesize,1M,16.73
2020-01-01,Australia-Dhamra,Capesize,3M,17.04
2020-01-01,Australia-Dhamra,Capesize,6M,16.58
2020-01-01,Australia-Dhamra,Capesize,1Y,17.79
2020-01-01,Australia-Gangavaram,Panamax,1M,17.38
2020-01-01,Australia-Gangavaram,Panamax,3M,17.69
2020-01-01,Australia-Gangavaram,Panamax,6M,17.4
2020-01-01,Australia-Gangavaram,Panamax,1Y,17.87
2020-01-01,Australia-Gangavaram,Capesize,1M,16.99
2020-01-01,Australia-Gangavaram,Capesize,3M,16.57
2020-01-01,Australia-Gangavaram,Capesize,6M,16.77
2020-01-01,Australia-Gangavaram,Capesize,1Y,17.33
2020-01-01,Australia-Gopalpur,Panamax,1M,14.69
2020-01-01,Australia-Gopalpur,Panamax,3M,13.95
2020-01-01,Australia-Gopalpur,Panamax,6M,14.99
2020-01-01,Australia-Gopalpur,Panamax,1Y,15.0
2020-01-01,Australia-Gopalpur,Capesize,1M,15.41
2020-01-01,Australia-Gopalpur,Capesize,3M,15.1
2020-01-01,Australia-Gopalpur,Capesize,6M,15.57
2020-01-01,Australia-Gopalpur,Capesize,1Y,16.2
2020-01-01,Australia-Haldia,Panamax,1M,19.17
2020-01-01,Australia-Haldia,Panamax,3M,19.19
2020-01-01,Australia-Haldia,Panamax,6M,19.45
2020-01-01,Australia-Haldia,Panamax,1Y,19.8
2020-01-01,Australia-Haldia,Capesize,1M,19.24
2020-01-01,Australia-Haldia,Capesize,3M,19.25
2020-01-01,Australia-Haldia,Capesize,6M,19.23
2020-01-01,Australia-Haldia,Capesize,1Y,20.0
2020-01-01,Indonesia-Paradip,Panamax,1M,10.8
2020-01-01,Indonesia-Paradip,Panamax,3M,10.85
2020-01-01,Indonesia-Paradip,Panamax,6M,11.65
2020-01-01,Indonesia-Paradip,Panamax,1Y,11.32
2020-01-01,Indonesia-Paradip,Capesize,1M,12.89
2020-01-01,Indonesia-Paradip,Capesize,3M,12.67
2020-01-01,Indonesia-Paradip,Capesize,6M,12.77
2020-01-01,Indonesia-Paradip,Capesize,1Y,13.17
2020-01-01,Indonesia-Vizag,Panamax,1M,10.34
2020-01-01,Indonesia-Vizag,Panamax,3M,10.45
2020-01-01,Indonesia-Vizag,Panamax,6M,10.66
2020-01-01,Indonesia-Vizag,Panamax,1Y,10.84
2020-01-01,Indonesia-Vizag,Capesize,1M,11.88
2020-01-01,Indonesia-Vizag,Capesize,3M,12.23
2020-01-01,Indonesia-Vizag,Capesize,6M,11.76
2020-01-01,Indonesia-Vizag,Capesize,1Y,12.05
2020-01-01,Indonesia-Dhamra,Panamax,1M,10.07
2020-01-01,Indonesia-Dhamra,Panamax,3M,10.13
2020-01-01,Indonesia-Dhamra,Panamax,6M,10.33
2020-01-01,Indonesia-Dhamra,Panamax,1Y,10.23
2020-01-01,Indonesia-Dhamra,Capesize,1M,10.41
2020-01-01,Indonesia-Dhamra,Capesize,3M,10.41
2020-01-01,Indonesia-Dhamra,Capesize,6M,10.25
2020-01-01,Indonesia-Dhamra,Capesize,1Y,10.8
2020-01-01,Indonesia-Gangavaram,Panamax,1M,11.29
2020-01-01,Indonesia-Gangavaram,Panamax,3M,11.8
2020-01-01,Indonesia-Gangavaram,Panamax,6M,11.73
2020-01-01,Indonesia-Gangavaram,Panamax,1Y,12.01
2020-01-01,Indonesia-Gangavaram,Capesize,1M,12.9
2020-01-01,Indonesia-Gangavaram,Capesize,3M,12.91
2020-01-01,Indonesia-Gangavaram,Capesize,6M,12.81
2020-01-01,Indonesia-Gangavaram,Capesize,1Y,13.05
2020-01-01,Indonesia-Gopalpur,Panamax,1M,10.34
2020-01-01,Indonesia-Gopalpur,Panamax,3M,10.79
2020-01-01,Indonesia-Gopalpur,Panamax,6M,10.79
2020-01-01,Indonesia-Gopalpur,Panamax,1Y,10.75
2020-01-01,Indonesia-Gopalpur,Capesize,1M,8.87
2020-01-01,Indonesia-Gopalpur,Capesize,3M,9.2
2020-01-01,Indonesia-Gopalpur,Capesize,6M,9.27
2020-01-01,Indonesia-Gopalpur,Capesize,1Y,9.6
2020-01-01,Indonesia-Haldia,Panamax,1M,11.5
2020-01-01,Indonesia-Haldia,Panamax,3M,11.64
2020-01-01,Indonesia-Haldia,Panamax,6M,12.01
2020-01-01,Indonesia-Haldia,Panamax,1Y,12.18
2020-01-01,Indonesia-Haldia,Capesize,1M,11.22
2020-01-01,Indonesia-Haldia,Capesize,3M,11.36
2020-01-01,Indonesia-Haldia,Capesize,6M,11.11
2020-01-01,Indonesia-Haldia,Capesize,1Y,11.07
2020-01-01,Russia-Paradip,Panamax,1M,19.8
2020-01-01,Russia-Paradip,Panamax,3M,19.74
2020-01-01,Russia-Paradip,Panamax,6M,20.25
2020-01-01,Russia-Paradip,Panamax,1Y,19.71
2020-01-01,Russia-Paradip,Capesize,1M,22.04
2020-01-01,Russia-Paradip,Capesize,3M,22.33
2020-01-01,Russia-Paradip,Capesize,6M,22.32
2020-01-01,Russia-Paradip,Capesize,1Y,23.14
2020-01-01,Russia-Vizag,Panamax,1M,20.76
2020-01-01,Russia-Vizag,Panamax,3M,21.01
2020-01-01,Russia-Vizag,Panamax,6M,21.57
2020-01-01,Russia-Vizag,Panamax,1Y,21.99
2020-01-01,Russia-Vizag,Capesize,1M,21.51
2020-01-01,Russia-Vizag,Capesize,3M,21.44
2020-01-01,Russia-Vizag,Capesize,6M,21.57
2020-01-01,Russia-Vizag,Capesize,1Y,22.13
2020-01-01,Russia-Dhamra,Panamax,1M,21.94
2020-01-01,Russia-Dhamra,Panamax,3M,21.79
2020-01-01,Russia-Dhamra,Panamax,6M,22.4
2020-01-01,Russia-Dhamra,Panamax,1Y,23.02
2020-01-01,Russia-Dhamra,Capesize,1M,21.21
2020-01-01,Russia-Dhamra,Capesize,3M,21.19
2020-01-01,Russia-Dhamra,Capesize,6M,21.97
2020-01-01,Russia-Dhamra,Capesize,1Y,21.94
2020-01-01,Russia-Gangavaram,Panamax,1M,22.38
2020-01-01,Russia-Gangavaram,Panamax,3M,23.07
2020-01-01,Russia-Gangavaram,Panamax,6M,22.85
2020-01-01,Russia-Gangavaram,Panamax,1Y,23.97
2020-01-01,Russia-Gangavaram,Capesize,1M,23.25
2020-01-01,Russia-Gangavaram,Capesize,3M,23.7
2020-01-01,Russia-Gangavaram,Capesize,6M,24.34
2020-01-01,Russia-Gangavaram,Capesize,1Y,24.8
2020-01-01,Russia-Gopalpur,Panamax,1M,20.84
2020-01-01,Russia-Gopalpur,Panamax,3M,20.32
2020-01-01,Russia-Gopalpur,Panamax,6M,21.13
2020-01-01,Russia-Gopalpur,Panamax,1Y,21.31
2020-01-01,Russia-Gopalpur,Capesize,1M,24.66
2020-01-01,Russia-Gopalpur,Capesize,3M,25.16
2020-01-01,Russia-Gopalpur,Capesize,6M,25.07
2020-01-01,Russia-Gopalpur,Capesize,1Y,25.53
2020-01-01,Russia-Haldia,Panamax,1M,22.24
2020-01-01,Russia-Haldia,Panamax,3M,22.5
2020-01-01,Russia-Haldia,Panamax,6M,22.35
2020-01-01,Russia-Haldia,Panamax,1Y,23.24
2020-01-01,Russia-Haldia,Capesize,1M,19.68
2020-01-01,Russia-Haldia,Capesize,3M,19.61
2020-01-01,Russia-Haldia,Capesize,6M,20.19
2020-01-01,Russia-Haldia,Capesize,1Y,21.08
2020-01-01,Mozambique-Paradip,Panamax,1M,19.43
2020-01-01,Mozambique-Paradip,Panamax,3M,19.13
2020-01-01,Mozambique-Paradip,Panamax,6M,20.26
2020-01-01,Mozambique-Paradip,Panamax,1Y,20.34
2020-01-01,Mozambique-Paradip,Capesize,1M,19.73
2020-01-01,Mozambique-Paradip,Capesize,3M,19.61
2020-01-01,Mozambique-Paradip,Capesize,6M,20.1
2020-01-01,Mozambique-Paradip,Capesize,1Y,20.85
2020-01-01,Mozambique-Vizag,Panamax,1M,20.36
2020-01-01,Mozambique-Vizag,Panamax,3M,21.01
2020-01-01,Mozambique-Vizag,Panamax,6M,21.11
2020-01-01,Mozambique-Vizag,Panamax,1Y,21.12
2020-01-01,Mozambique-Vizag,Capesize,1M,18.96
2020-01-01,Mozambique-Vizag,Capesize,3M,19.28
2020-01-01,Mozambique-Vizag,Capesize,6M,19.03
2020-01-01,Mozambique-Vizag,Capesize,1Y,20.02
2020-01-01,Mozambique-Dhamra,Panamax,1M,20.68
2020-01-01,Mozambique-Dhamra,Panamax,3M,21.66
2020-01-01,Mozambique-Dhamra,Panamax,6M,21.69
2020-01-01,Mozambique-Dhamra,Panamax,1Y,21.99
2020-01-01,Mozambique-Dhamra,Capesize,1M,20.29
2020-01-01,Mozambique-Dhamra,Capesize,3M,20.5
2020-01-01,Mozambique-Dhamra,Capesize,6M,20.23
2020-01-01,Mozambique-Dhamra,Capesize,1Y,21.36
2020-01-01,Mozambique-Gangavaram,Panamax,1M,22.1
2020-01-01,Mozambique-Gangavaram,Panamax,3M,22.57
2020-01-01,Mozambique-Gangavaram,Panamax,6M,22.96
2020-01-01,Mozambique-Gangavaram,Panamax,1Y,23.11
2020-01-01,Mozambique-Gangavaram,Capesize,1M,19.91
2020-01-01,Mozambique-Gangavaram,Capesize,3M,20.54
2020-01-01,Mozambique-Gangavaram,Capesize,6M,20.42
2020-01-01,Mozambique-Gangavaram,Capesize,1Y,20.81
2020-01-01,Mozambique-Gopalpur,Panamax,1M,21.13
2020-01-01,Mozambique-Gopalpur,Panamax,3M,22.12
2020-01-01,Mozambique-Gopalpur,Panamax,6M,21.74
2020-01-01,Mozambique-Gopalpur,Panamax,1Y,23.07
2020-01-01,Mozambique-Gopalpur,Capesize,1M,21.63
2020-01-01,Mozambique-Gopalpur,Capesize,3M,21.98
2020-01-01,Mozambique-Gopalpur,Capesize,6M,22.4
2020-01-01,Mozambique-Gopalpur,Capesize,1Y,22.56
2020-01-01,Mozambique-Haldia,Panamax,1M,21.31
2020-01-01,Mozambique-Haldia,Panamax,3M,21.64
2020-01-01,Mozambique-Haldia,Panamax,6M,21.97
2020-01-01,Mozambique-Haldia,Panamax,1Y,22.61
2020-01-01,Mozambique-Haldia,Capesize,1M,20.14
2020-01-01,Mozambique-Haldia,Capesize,3M,20.24
2020-01-01,Mozambique-Haldia,Capesize,6M,20.33
2020-01-01,Mozambique-Haldia,Capesize,1Y,20.88
2020-01-01,USA-Paradip,Panamax,1M,28.59
2020-01-01,USA-Paradip,Panamax,3M,29.63
2020-01-01,USA-Paradip,Panamax,6M,29.95
2020-01-01,USA-Paradip,Panamax,1Y,30.32
2020-01-01,USA-Paradip,Capesize,1M,30.98
2020-01-01,USA-Paradip,Capesize,3M,30.73
2020-01-01,USA-Paradip,Capesize,6M,30.82
2020-01-01,USA-Paradip,Capesize,1Y,32.41
2020-01-01,USA-Vizag,Panamax,1M,36.53
2020-01-01,USA-Vizag,Panamax,3M,37.14
2020-01-01,USA-Vizag,Panamax,6M,36.77
2020-01-01,USA-Vizag,Panamax,1Y,38.92
2020-01-01,USA-Vizag,Capesize,1M,33.38
2020-01-01,USA-Vizag,Capesize,3M,34.45
2020-01-01,USA-Vizag,Capesize,6M,35.19
2020-01-01,USA-Vizag,Capesize,1Y,35.04
2020-01-01,USA-Dhamra,Panamax,1M,36.64
2020-01-01,USA-Dhamra,Panamax,3M,36.76
2020-01-01,USA-Dhamra,Panamax,6M,38.56
2020-01-01,USA-Dhamra,Panamax,1Y,38.21
2020-01-01,USA-Dhamra,Capesize,1M,34.98
2020-01-01,USA-Dhamra,Capesize,3M,35.11
2020-01-01,USA-Dhamra,Capesize,6M,33.47
2020-01-01,USA-Dhamra,Capesize,1Y,36.1
2020-01-01,USA-Gangavaram,Panamax,1M,32.29
2020-01-01,USA-Gangavaram,Panamax,3M,32.63
2020-01-01,USA-Gangavaram,Panamax,6M,32.78
2020-01-01,USA-Gangavaram,Panamax,1Y,33.61
2020-01-01,USA-Gangavaram,Capesize,1M,29.93
2020-01-01,USA-Gangavaram,Capesize,3M,31.02
2020-01-01,USA-Gangavaram,Capesize,6M,30.78
2020-01-01,USA-Gangavaram,Capesize,1Y,31.72
2020-01-01,USA-Gopalpur,Panamax,1M,30.06
2020-01-01,USA-Gopalpur,Panamax,3M,29.69
2020-01-01,USA-Gopalpur,Panamax,6M,29.4
2020-01-01,USA-Gopalpur,Panamax,1Y,30.64
2020-01-01,USA-Gopalpur,Capesize,1M,29.79
2020-01-01,USA-Gopalpur,Capesize,3M,30.88
2020-01-01,USA-Gopalpur,Capesize,6M,31.78
2020-01-01,USA-Gopalpur,Capesize,1Y,31.2
2020-01-01,USA-Haldia,Panamax,1M,36.79
2020-01-01,USA-Haldia,Panamax,3M,36.73
2020-01-01,USA-Haldia,Panamax,6M,37.71
2020-01-01,USA-Haldia,Panamax,1Y,38.54
2020-01-01,USA-Haldia,Capesize,1M,31.67
2020-01-01,USA-Haldia,Capesize,3M,31.76
2020-01-01,USA-Haldia,Capesize,6M,31.26
2020-01-01,USA-Haldia,Capesize,1Y,32.39
2020-01-31,Australia-Paradip,Panamax,1M,18.59
2020-01-31,Australia-Paradip,Panamax,3M,19.15
2020-01-31,Australia-Paradip,Panamax,6M,18.5
2020-01-31,Australia-Paradip,Panamax,1Y,19.79
2020-01-31,Australia-Paradip,Capesize,1M,16.6
2020-01-31,Australia-Paradip,Capesize,3M,16.52
2020-01-31,Australia-Paradip,Capesize,6M,17.52
2020-01-31,Australia-Paradip,Capesize,1Y,17.56
2020-01-31,Australia-Vizag,Panamax,1M,16.25
2020-01-31,Australia-Vizag,Panamax,3M,16.73
2020-01-31,Australia-Vizag,Panamax,6M,16.98
2020-01-31,Australia-Vizag,Panamax,1Y,16.78
2020-01-31,Australia-Vizag,Capesize,1M,18.59
2020-01-31,Australia-Vizag,Capesize,3M,18.15
2020-01-31,Australia-Vizag,Capesize,6M,18.82
2020-01-31,Australia-Vizag,Capesize,1Y,18.78
2020-01-31,Australia-Dhamra,Panamax,1M,15.05
2020-01-31,Australia-Dhamra,Panamax,3M,15.44
2020-01-31,Australia-Dhamra,Panamax,6M,15.62
2020-01-31,Australia-Dhamra,Panamax,1Y,16.08
2020-01-31,Australia-Dhamra,Capesize,1M,15.82
2020-01-31,Australia-Dhamra,Capesize,3M,16.15
2020-01-31,Australia-Dhamra,Capesize,6M,16.65
2020-01-31,Australia-Dhamra,Capesize,1Y,16.8
2020-01-31,Australia-Gangavaram,Panamax,1M,16.42
2020-01-31,Australia-Gangavaram,Panamax,3M,16.84
2020-01-31,Australia-Gangavaram,Panamax,6M,16.54
2020-01-31,Australia-Gangavaram,Panamax,1Y,17.74
2020-01-31,Australia-Gangavaram,Capesize,1M,14.24
2020-01-31,Australia-Gangavaram,Capesize,3M,14.63
2020-01-31,Australia-Gangavaram,Capesize,6M,14.66
2020-01-31,Australia-Gangavaram,Capesize,1Y,15.21
2020-01-31,Australia-Gopalpur,Panamax,1M,13.83
2020-01-31,Australia-Gopalpur,Panamax,3M,13.89
2020-01-31,Australia-Gopalpur,Panamax,6M,14.26
2020-01-31,Australia-Gopalpur,Panamax,1Y,14.61
2020-01-31,Australia-Gopalpur,Capesize,1M,17.38
2020-01-31,Australia-Gopalpur,Capesize,3M,18.16
2020-01-31,Australia-Gopalpur,Capesize,6M,17.98
2020-01-31,Australia-Gopalpur,Capesize,1Y,18.5
2020-01-31,Australia-Haldia,Panamax,1M,18.63
2020-01-31,Australia-Haldia,Panamax,3M,18.74
2020-01-31,Australia-Haldia,Panamax,6M,18.58
2020-01-31,Australia-Haldia,Panamax,1Y,19.46
2020-01-31,Australia-Haldia,Capesize,1M,13.99
2020-01-31,Australia-Haldia,Capesize,3M,14.25
2020-01-31,Australia-Haldia,Capesize,6M,14.67
2020-01-31,Australia-Haldia,Capesize,1Y,14.84
2020-01-31,Indonesia-Paradip,Panamax,1M,8.49
2020-01-31,Indonesia-Paradip,Panamax,3M,8.68
2020-01-31,Indonesia-Paradip,Panamax,6M,8.68
2020-01-31,Indonesia-Paradip,Panamax,1Y,9.13
2020-01-31,Indonesia-Paradip,Capesize,1M,10.24
2020-01-31,Indonesia-Paradip,Capesize,3M,10.4
2020-01-31,Indonesia-Paradip,Capesize,6M,10.39
2020-01-31,Indonesia-Paradip,Capesize,1Y,10.62
2020-01-31,Indonesia-Vizag,Panamax,1M,11.77
2020-01-31,Indonesia-Vizag,Panamax,3M,11.58
2020-01-31,Indonesia-Vizag,Panamax,6M,11.89
2020-01-31,Indonesia-Vizag,Panamax,1Y,12.02
2020-01-31,Indonesia-Vizag,Capesize,1M,10.26
2020-01-31,Indonesia-Vizag,Capesize,3M,10.22
2020-01-31,Indonesia-Vizag,Capesize,6M,10.72
2020-01-31,Indonesia-Vizag,Capesize,1Y,10.47
2020-01-31,Indonesia-Dhamra,Panamax,1M,9.97
2020-01-31,Indonesia-Dhamra,Panamax,3M,10.2
2020-01-31,Indonesia-Dhamra,Panamax,6M,10.38
2020-01-31,Indonesia-Dhamra,Panamax,1Y,10.45
2020-01-31,Indonesia-Dhamra,Capesize,1M,10.56
2020-01-31,Indonesia-Dhamra,Capesize,3M,10.86
2020-01-31,Indonesia-Dhamra,Capesize,6M,10.88
2020-01-31,Indonesia-Dhamra,Capesize,1Y,11.15
2020-01-31,Indonesia-Gangavaram,Panamax,1M,11.33
2020-01-31,Indonesia-Gangavaram,Panamax,3M,10.81
2020-01-31,Indonesia-Gangavaram,Panamax,6M,11.27
2020-01-31,Indonesia-Gangavaram,Panamax,1Y,11.56
2020-01-31,Indonesia-Gangavaram,Capesize,1M,11.48
2020-01-31,Indonesia-Gangavaram,Capesize,3M,11.6
2020-01-31,Indonesia-Gangavaram,Capesize,6M,11.97
2020-01-31,Indonesia-Gangavaram,Capesize,1Y,11.97
2020-01-31,Indonesia-Gopalpur,Panamax,1M,9.83
2020-01-31,Indonesia-Gopalpur,Panamax,3M,10.14
2020-01-31,Indonesia-Gopalpur,Panamax,6M,10.36
2020-01-31,Indonesia-Gopalpur,Panamax,1Y,10.44
2020-01-31,Indonesia-Gopalpur,Capesize,1M,8.42
2020-01-31,Indonesia-Gopalpur,Capesize,3M,8.61
2020-01-31,Indonesia-Gopalpur,Capesize,6M,8.6
2020-01-31,Indonesia-Gopalpur,Capesize,1Y,8.86
2020-01-31,Indonesia-Haldia,Panamax,1M,11.4
2020-01-31,Indonesia-Haldia,Panamax,3M,11.29
2020-01-31,Indonesia-Haldia,Panamax,6M,11.24
2020-01-31,Indonesia-Haldia,Panamax,1Y,11.97
2020-01-31,Indonesia-Haldia,Capesize,1M,10.0
2020-01-31,Indonesia-Haldia,Capesize,3M,9.92
2020-01-31,Indonesia-Haldia,Capesize,6M,9.92
2020-01-31,Indonesia-Haldia,Capesize,1Y,10.34
2020-01-31,Russia-Paradip,Panamax,1M,22.52
2020-01-31,Russia-Paradip,Panamax,3M,22.84
2020-01-31,Russia-Paradip,Panamax,6M,23.02
2020-01-31,Russia-Paradip,Panamax,1Y,23.19
2020-01-31,Russia-Paradip,Capesize,1M,25.34
2020-01-31,Russia-Paradip,Capesize,3M,25.15
2020-01-31,Russia-Paradip,Capesize,6M,25.71
2020-01-31,Russia-Paradip,Capesize,1Y,26.33
2020-01-31,Russia-Vizag,Panamax,1M,24.09
2020-01-31,Russia-Vizag,Panamax,3M,23.45
2020-01-31,Russia-Vizag,Panamax,6M,24.86
2020-01-31,Russia-Vizag,Panamax,1Y,24.98
2020-01-31,Russia-Vizag,Capesize,1M,24.89
2020-01-31,Russia-Vizag,Capesize,3M,25.11
2020-01-31,Russia-Vizag,Capesize,6M,25.68
2020-01-31,Russia-Vizag,Capesize,1Y,26.24
2020-01-31,Russia-Dhamra,Panamax,1M,22.77
2020-01-31,Russia-Dhamra,Panamax,3M,22.14
2020-01-31,Russia-Dhamra,Panamax,6M,22.85
2020-01-31,Russia-Dhamra,Panamax,1Y,23.59
2020-01-31,Russia-Dhamra,Capesize,1M,24.01
2020-01-31,Russia-Dhamra,Capesize,3M,24.08
2020-01-31,Russia-Dhamra,Capesize,6M,24.12
2020-01-31,Russia-Dhamra,Capesize,1Y,24.74
2020-01-31,Russia-Gangavaram,Panamax,1M,21.3
2020-01-31,Russia-Gangavaram,Panamax,3M,22.27
2020-01-31,Russia-Gangavaram,Panamax,6M,22.21
2020-01-31,Russia-Gangavaram,Panamax,1Y,22.47
2020-01-31,Russia-Gangavaram,Capesize,1M,20.39
2020-01-31,Russia-Gangavaram,Capesize,3M,20.76
2020-01-31,Russia-Gangavaram,Capesize,6M,21.1
2020-01-31,Russia-Gangavaram,Capesize,1Y,21.42
2020-01-31,Russia-Gopalpur,Panamax,1M,22.11
2020-01-31,Russia-Gopalpur,Panamax,3M,22.47
2020-01-31,Russia-Gopalpur,Panamax,6M,22.33
2020-01-31,Russia-Gopalpur,Panamax,1Y,22.05
2020-01-31,Russia-Gopalpur,Capesize,1M,19.55
2020-01-31,Russia-Gopalpur,Capesize,3M,19.38
2020-01-31,Russia-Gopalpur,Capesize,6M,19.73
2020-01-31,Russia-Gopalpur,Capesize,1Y,20.7
2020-01-31,Russia-Haldia,Panamax,1M,22.03
2020-01-31,Russia-Haldia,Panamax,3M,22.38
2020-01-31,Russia-Haldia,Panamax,6M,22.86
2020-01-31,Russia-Haldia,Panamax,1Y,23.81
2020-01-31,Russia-Haldia,Capesize,1M,22.78
2020-01-31,Russia-Haldia,Capesize,3M,22.45
2020-01-31,Russia-Haldia,Capesize,6M,23.51
2020-01-31,Russia-Haldia,Capesize,1Y,24.07
2020-01-31,Mozambique-Paradip,Panamax,1M,24.25
2020-01-31,Mozambique-Paradip,Panamax,3M,24.07
2020-01-31,Mozambique-Paradip,Panamax,6M,24.68
2020-01-31,Mozambique-Paradip,Panamax,1Y,24.53
2020-01-31,Mozambique-Paradip,Capesize,1M,19.96
2020-01-31,Mozambique-Paradip,Capesize,3M,20.25
2020-01-31,Mozambique-Paradip,Capesize,6M,20.0
2020-01-31,Mozambique-Paradip,Capesize,1Y,20.36
2020-01-31,Mozambique-Vizag,Panamax,1M,21.27
2020-01-31,Mozambique-Vizag,Panamax,3M,20.85
2020-01-31,Mozambique-Vizag,Panamax,6M,21.01
2020-01-31,Mozambique-Vizag,Panamax,1Y,21.73
2020-01-31,Mozambique-Vizag,Capesize,1M,19.72
2020-01-31,Mozambique-Vizag,Capesize,3M,20.01
2020-01-31,Mozambique-Vizag,Capesize,6M,19.79
2020-01-31,Mozambique-Vizag,Capesize,1Y,20.48
2020-01-31,Mozambique-Dhamra,Panamax,1M,18.12
2020-01-31,Mozambique-Dhamra,Panamax,3M,18.23
2020-01-31,Mozambique-Dhamra,Panamax,6M,19.43
2020-01-31,Mozambique-Dhamra,Panamax,1Y,18.9
2020-01-31,Mozambique-Dhamra,Capesize,1M,18.32
2020-01-31,Mozambique-Dhamra,Capesize,3M,19.04
2020-01-31,Mozambique-Dhamra,Capesize,6M,18.92
2020-01-31,Mozambique-Dhamra,Capesize,1Y,19.72
2020-01-31,Mozambique-Gangavaram,Panamax,1M,21.48
2020-01-31,Mozambique-Gangavaram,Panamax,3M,22.18
2020-01-31,Mozambique-Gangavaram,Panamax,6M,23.15
2020-01-31,Mozambique-Gangavaram,Panamax,1Y,23.33
2020-01-31,Mozambique-Gangavaram,Capesize,1M,21.51
2020-01-31,Mozambique-Gangavaram,Capesize,3M,22.54
2020-01-31,Mozambique-Gangavaram,Capesize,6M,22.61
2020-01-31,Mozambique-Gangavaram,Capesize,1Y,22.58
2020-01-31,Mozambique-Gopalpur,Panamax,1M,21.54
2020-01-31,Mozambique-Gopalpur,Panamax,3M,21.59
2020-01-31,Mozambique-Gopalpur,Panamax,6M,21.18
2020-01-31,Mozambique-Gopalpur,Panamax,1Y,21.77
2020-01-31,Mozambique-Gopalpur,Capesize,1M,22.04
2020-01-31,Mozambique-Gopalpur,Capesize,3M,21.84
2020-01-31,Mozambique-Gopalpur,Capesize,6M,21.88
2020-01-31,Mozambique-Gopalpur,Capesize,1Y,22.69
2020-01-31,Mozambique-Haldia,Panamax,1M,19.6
2020-01-31,Mozambique-Haldia,Panamax,3M,19.62
2020-01-31,Mozambique-Haldia,Panamax,6M,19.47
2020-01-31,Mozambique-Haldia,Panamax,1Y,19.42
2020-01-31,Mozambique-Haldia,Capesize,1M,20.43
2020-01-31,Mozambique-Haldia,Capesize,3M,20.32
2020-01-31,Mozambique-Haldia,Capesize,6M,20.85
2020-01-31,Mozambique-Haldia,Capesize,1Y,20.97
2020-01-31,USA-Paradip,Panamax,1M,32.32
2020-01-31,USA-Paradip,Panamax,3M,33.01
2020-01-31,USA-Paradip,Panamax,6M,32.86
2020-01-31,USA-Paradip,Panamax,1Y,33.61
2020-01-31,USA-Paradip,Capesize,1M,29.62
2020-01-31,USA-Paradip,Capesize,3M,29.33
2020-01-31,USA-Paradip,Capesize,6M,31.13
2020-01-31,USA-Paradip,Capesize,1Y,31.75
2020-01-31,USA-Vizag,Panamax,1M,34.26
2020-01-31,USA-Vizag,Panamax,3M,34.69
2020-01-31,USA-Vizag,Panamax,6M,36.48
2020-01-31,USA-Vizag,Panamax,1Y,36.24
2020-01-31,USA-Vizag,Capesize,1M,31.16
2020-01-31,USA-Vizag,Capesize,3M,31.07
2020-01-31,USA-Vizag,Capesize,6M,32.82
2020-01-31,USA-Vizag,Capesize,1Y,33.24
2020-01-31,USA-Dhamra,Panamax,1M,35.36
2020-01-31,USA-Dhamra,Panamax,3M,36.55
2020-01-31,USA-Dhamra,Panamax,6M,36.01
2020-01-31,USA-Dhamra,Panamax,1Y,37.07
2020-01-31,USA-Dhamra,Capesize,1M,30.39
2020-01-31,USA-Dhamra,Capesize,3M,30.06
2020-01-31,USA-Dhamra,Capesize,6M,30.17
2020-01-31,USA-Dhamra,Capesize,1Y,30.41
2020-01-31,USA-Gangavaram,Panamax,1M,29.71
2020-01-31,USA-Gangavaram,Panamax,3M,29.64
2020-01-31,USA-Gangavaram,Panamax,6M,29.47
2020-01-31,USA-Gangavaram,Panamax,1Y,31.55
2020-01-31,USA-Gangavaram,Capesize,1M,36.26
2020-01-31,USA-Gangavaram,Capesize,3M,36.72
2020-01-31,USA-Gangavaram,Capesize,6M,37.62
2020-01-31,USA-Gangavaram,Capesize,1Y,37.96
2020-01-31,USA-Gopalpur,Panamax,1M,33.22
2020-01-31,USA-Gopalpur,Panamax,3M,33.74
2020-01-31,USA-Gopalpur,Panamax,6M,33.61
2020-01-31,USA-Gopalpur,Panamax,1Y,34.04
2020-01-31,USA-Gopalpur,Capesize,1M,32.41
2020-01-31,USA-Gopalpur,Capesize,3M,33.41
2020-01-31,USA-Gopalpur,Capesize,6M,33.23
2020-01-31,USA-Gopalpur,Capesize,1Y,34.66
2020-01-31,USA-Haldia,Panamax,1M,31.73
2020-01-31,USA-Haldia,Panamax,3M,31.55
2020-01-31,USA-Haldia,Panamax,6M,32.43
2020-01-31,USA-Haldia,Panamax,1Y,32.86
2020-01-31,USA-Haldia,Capesize,1M,33.11
2020-01-31,USA-Haldia,Capesize,3M,33.59
2020-01-31,USA-Haldia,Capesize,6M,34.51
2020-01-31,USA-Haldia,Capesize,1Y,35.14
2020-03-01,Australia-Paradip,Panamax,1M,17.03
2020-03-01,Australia-Paradip,Panamax,3M,17.16
2020-03-01,Australia-Paradip,Panamax,6M,17.44
2020-03-01,Australia-Paradip,Panamax,1Y,17.8
2020-03-01,Australia-Paradip,Capesize,1M,17.01
2020-03-01,Australia-Paradip,Capesize,3M,16.9
2020-03-01,Australia-Paradip,Capesize,6M,17.56
2020-03-01,Australia-Paradip,Capesize,1Y,17.89
2020-03-01,Australia-Vizag,Panamax,1M,16.44
2020-03-01,Australia-Vizag,Panamax,3M,15.54
2020-03-01,Australia-Vizag,Panamax,6M,16.57
2020-03-01,Australia-Vizag,Panamax,1Y,16.8
2020-03-01,Australia-Vizag,Capesize,1M,14.2
2020-03-01,Australia-Vizag,Capesize,3M,15.26
2020-03-01,Australia-Vizag,Capesize,6M,14.68
2020-03-01,Australia-Vizag,Capesize,1Y,15.31
2020-03-01,Australia-Dhamra,Panamax,1M,15.54
2020-03-01,Australia-Dhamra,Panamax,3M,15.91
2020-03-01,Australia-Dhamra,Panamax,6M,15.75
2020-03-01,Australia-Dhamra,Panamax,1Y,15.97
2020-03-01,Australia-Dhamra,Capesize,1M,13.79
2020-03-01,Australia-Dhamra,Capesize,3M,14.27
2020-03-01,Australia-Dhamra,Capesize,6M,14.6
2020-03-01,Australia-Dhamra,Capesize,1Y,14.45
2020-03-01,Australia-Gangavaram,Panamax,1M,18.44
2020-03-01,Australia-Gangavaram,Panamax,3M,17.4
2020-03-01,Australia-Gangavaram,Panamax,6M,18.21
2020-03-01,Australia-Gangavaram,Panamax,1Y,18.61
2020-03-01,Australia-Gangavaram,Capesize,1M,15.13
2020-03-01,Australia-Gangavaram,Capesize,3M,15.35
2020-03-01,Australia-Gangavaram,Capesize,6M,15.68
2020-03-01,Australia-Gangavaram,Capesize,1Y,15.58
2020-03-01,Australia-Gopalpur,Panamax,1M,16.59
2020-03-01,Australia-Gopalpur,Panamax,3M,16.86
2020-03-01,Australia-Gopalpur,Panamax,6M,17.25
2020-03-01,Australia-Gopalpur,Panamax,1Y,17.44
2020-03-01,Australia-Gopalpur,Capesize,1M,17.25
2020-03-01,Australia-Gopalpur,Capesize,3M,17.46
2020-03-01,Australia-Gopalpur,Capesize,6M,17.68
2020-03-01,Australia-Gopalpur,Capesize,1Y,18.27
2020-03-01,Australia-Haldia,Panamax,1M,17.45
2020-03-01,Australia-Haldia,Panamax,3M,17.15
2020-03-01,Australia-Haldia,Panamax,6M,17.48
2020-03-01,Australia-Haldia,Panamax,1Y,17.88
2020-03-01,Australia-Haldia,Capesize,1M,17.75
2020-03-01,Australia-Haldia,Capesize,3M,18.3
2020-03-01,Australia-Haldia,Capesize,6M,18.51
2020-03-01,Australia-Haldia,Capesize,1Y,18.71
2020-03-01,Indonesia-Paradip,Panamax,1M,12.35
2020-03-01,Indonesia-Paradip,Panamax,3M,12.01
2020-03-01,Indonesia-Paradip,Panamax,6M,12.31
2020-03-01,Indonesia-Paradip,Panamax,1Y,12.77
2020-03-01,Indonesia-Paradip,Capesize,1M,12.04
2020-03-01,Indonesia-Paradip,Capesize,3M,12.04
2020-03-01,Indonesia-Paradip,Capesize,6M,12.13
2020-03-01,Indonesia-Paradip,Capesize,1Y,12.71
2020-03-01,Indonesia-Vizag,Panamax,1M,10.83
2020-03-01,Indonesia-Vizag,Panamax,3M,11.13
2020-03-01,Indonesia-Vizag,Panamax,6M,11.24
2020-03-01,Indonesia-Vizag,Panamax,1Y,11.17
2020-03-01,Indonesia-Vizag,Capesize,1M,10.6
2020-03-01,Indonesia-Vizag,Capesize,3M,10.65
2020-03-01,Indonesia-Vizag,Capesize,6M,10.82
2020-03-01,Indonesia-Vizag,Capesize,1Y,11.42
2020-03-01,Indonesia-Dhamra,Panamax,1M,11.86
2020-03-01,Indonesia-Dhamra,Panamax,3M,11.89
2020-03-01,Indonesia-Dhamra,Panamax,6M,12.1
2020-03-01,Indonesia-Dhamra,Panamax,1Y,12.44
2020-03-01,Indonesia-Dhamra,Capesize,1M,10.38
2020-03-01,Indonesia-Dhamra,Capesize,3M,10.48
2020-03-01,Indonesia-Dhamra,Capesize,6M,10.6
2020-03-01,Indonesia-Dhamra,Capesize,1Y,11.13
2020-03-01,Indonesia-Gangavaram,Panamax,1M,9.78
2020-03-01,Indonesia-Gangavaram,Panamax,3M,9.96
2020-03-01,Indonesia-Gangavaram,Panamax,6M,10.06
2020-03-01,Indonesia-Gangavaram,Panamax,1Y,9.88
2020-03-01,Indonesia-Gangavaram,Capesize,1M,11.15
2020-03-01,Indonesia-Gangavaram,Capesize,3M,10.99
2020-03-01,Indonesia-Gangavaram,Capesize,6M,11.23
2020-03-01,Indonesia-Gangavaram,Capesize,1Y,11.2
2020-03-01,Indonesia-Gopalpur,Panamax,1M,11.35
2020-03-01,Indonesia-Gopalpur,Panamax,3M,11.36
2020-03-01,Indonesia-Gopalpur,Panamax,6M,11.27
2020-03-01,Indonesia-Gopalpur,Panamax,1Y,11.87
2020-03-01,Indonesia-Gopalpur,Capesize,1M,9.01
2020-03-01,Indonesia-Gopalpur,Capesize,3M,9.42
2020-03-01,Indonesia-Gopalpur,Capesize,6M,9.3
2020-03-01,Indonesia-Gopalpur,Capesize,1Y,9.83
2020-03-01,Indonesia-Haldia,Panamax,1M,8.58
2020-03-01,Indonesia-Haldia,Panamax,3M,8.9
2020-03-01,Indonesia-Haldia,Panamax,6M,8.75
2020-03-01,Indonesia-Haldia,Panamax,1Y,8.91
2020-03-01,Indonesia-Haldia,Capesize,1M,12.25
2020-03-01,Indonesia-Haldia,Capesize,3M,12.44
2020-03-01,Indonesia-Haldia,Capesize,6M,12.4
2020-03-01,Indonesia-Haldia,Capesize,1Y,12.95
2020-03-01,Russia-Paradip,Panamax,1M,23.96
2020-03-01,Russia-Paradip,Panamax,3M,23.89
2020-03-01,Russia-Paradip,Panamax,6M,23.56
2020-03-01,Russia-Paradip,Panamax,1Y,25.04
2020-03-01,Russia-Paradip,Capesize,1M,22.27
2020-03-01,Russia-Paradip,Capesize,3M,23.69
2020-03-01,Russia-Paradip,Capesize,6M,23.25
2020-03-01,Russia-Paradip,Capesize,1Y,23.43
2020-03-01,Russia-Vizag,Panamax,1M,20.18
2020-03-01,Russia-Vizag,Panamax,3M,20.38
2020-03-01,Russia-Vizag,Panamax,6M,20.93
2020-03-01,Russia-Vizag,Panamax,1Y,21.19
2020-03-01,Russia-Vizag,Capesize,1M,23.74
2020-03-01,Russia-Vizag,Capesize,3M,24.45
2020-03-01,Russia-Vizag,Capesize,6M,24.23
2020-03-01,Russia-Vizag,Capesize,1Y,24.44
2020-03-01,Russia-Dhamra,Panamax,1M,20.41
2020-03-01,Russia-Dhamra,Panamax,3M,20.67
2020-03-01,Russia-Dhamra,Panamax,6M,21.29
2020-03-01,Russia-Dhamra,Panamax,1Y,21.51
2020-03-01,Russia-Dhamra,Capesize,1M,25.58
2020-03-01,Russia-Dhamra,Capesize,3M,24.98
2020-03-01,Russia-Dhamra,Capesize,6M,25.81
2020-03-01,Russia-Dhamra,Capesize,1Y,26.45
2020-03-01,Russia-Gangavaram,Panamax,1M,21.97
2020-03-01,Russia-Gangavaram,Panamax,3M,22.27
2020-03-01,Russia-Gangavaram,Panamax,6M,21.39
2020-03-01,Russia-Gangavaram,Panamax,1Y,22.34
2020-03-01,Russia-Gangavaram,Capesize,1M,23.71
2020-03-01,Russia-Gangavaram,Capesize,3M,24.27
2020-03-01,Russia-Gangavaram,Capesize,6M,24.94
2020-03-01,Russia-Gangavaram,Capesize,1Y,25.81
2020-03-01,Russia-Gopalpur,Panamax,1M,23.63
2020-03-01,Russia-Gopalpur,Panamax,3M,24.04
2020-03-01,Russia-Gopalpur,Panamax,6M,24.67
2020-03-01,Russia-Gopalpur,Panamax,1Y,24.64
2020-03-01,Russia-Gopalpur,Capesize,1M,23.62
2020-03-01,Russia-Gopalpur,Capesize,3M,23.4
2020-03-01,Russia-Gopalpur,Capesize,6M,23.67
2020-03-01,Russia-Gopalpur,Capesize,1Y,24.36
2020-03-01,Russia-Haldia,Panamax,1M,22.14
2020-03-01,Russia-Haldia,Panamax,3M,21.83
2020-03-01,Russia-Haldia,Panamax,6M,21.74
2020-03-01,Russia-Haldia,Panamax,1Y,22.87
2020-03-01,Russia-Haldia,Capesize,1M,21.43
2020-03-01,Russia-Haldia,Capesize,3M,21.19
2020-03-01,Russia-Haldia,Capesize,6M,21.17
2020-03-01,Russia-Haldia,Capesize,1Y,22.07
2020-03-01,Mozambique-Paradip,Panamax,1M,20.51
2020-03-01,Mozambique-Paradip,Panamax,3M,20.67
2020-03-01,Mozambique-Paradip,Panamax,6M,21.18
2020-03-01,Mozambique-Paradip,Panamax,1Y,21.76
2020-03-01,Mozambique-Paradip,Capesize,1M,22.26
2020-03-01,Mozambique-Paradip,Capesize,3M,22.08
2020-03-01,Mozambique-Paradip,Capesize,6M,21.88
2020-03-01,Mozambique-Paradip,Capesize,1Y,22.24
2020-03-01,Mozambique-Vizag,Panamax,1M,19.59
2020-03-01,Mozambique-Vizag,Panamax,3M,20.42
2020-03-01,Mozambique-Vizag,Panamax,6M,19.89
2020-03-01,Mozambique-Vizag,Panamax,1Y,20.63
2020-03-01,Mozambique-Vizag,Capesize,1M,18.6
2020-03-01,Mozambique-Vizag,Capesize,3M,19.07
2020-03-01,Mozambique-Vizag,Capesize,6M,19.23
2020-03-01,Mozambique-Vizag,Capesize,1Y,19.66
2020-03-01,Mozambique-Dhamra,Panamax,1M,22.68
2020-03-01,Mozambique-Dhamra,Panamax,3M,22.65
2020-03-01,Mozambique-Dhamra,Panamax,6M,22.44
2020-03-01,Mozambique-Dhamra,Panamax,1Y,22.65
2020-03-01,Mozambique-Dhamra,Capesize,1M,18.67
2020-03-01,Mozambique-Dhamra,Capesize,3M,18.61
2020-03-01,Mozambique-Dhamra,Capesize,6M,18.85
2020-03-01,Mozambique-Dhamra,Capesize,1Y,18.93
2020-03-01,Mozambique-Gangavaram,Panamax,1M,19.6
2020-03-01,Mozambique-Gangavaram,Panamax,3M,19.77
2020-03-01,Mozambique-Gangavaram,Panamax,6M,20.06
2020-03-01,Mozambique-Gangavaram,Panamax,1Y,20.29
2020-03-01,Mozambique-Gangavaram,Capesize,1M,18.78
2020-03-01,Mozambique-Gangavaram,Capesize,3M,18.6
2020-03-01,Mozambique-Gangavaram,Capesize,6M,19.42
2020-03-01,Mozambique-Gangavaram,Capesize,1Y,19.58
2020-03-01,Mozambique-Gopalpur,Panamax,1M,20.56
2020-03-01,Mozambique-Gopalpur,Panamax,3M,20.15
2020-03-01,Mozambique-Gopalpur,Panamax,6M,20.33
2020-03-01,Mozambique-Gopalpur,Panamax,1Y,21.17
2020-03-01,Mozambique-Gopalpur,Capesize,1M,21.17
2020-03-01,Mozambique-Gopalpur,Capesize,3M,21.72
2020-03-01,Mozambique-Gopalpur,Capesize,6M,21.72
2020-03-01,Mozambique-Gopalpur,Capesize,1Y,22.13
2020-03-01,Mozambique-Haldia,Panamax,1M,22.29
2020-03-01,Mozambique-Haldia,Panamax,3M,23.43
2020-03-01,Mozambique-Haldia,Panamax,6M,23.55
2020-03-01,Mozambique-Haldia,Panamax,1Y,23.49
2020-03-01,Mozambique-Haldia,Capesize,1M,20.82
2020-03-01,Mozambique-Haldia,Capesize,3M,20.0
2020-03-01,Mozambique-Haldia,Capesize,6M,20.76
2020-03-01,Mozambique-Haldia,Capesize,1Y,22.0
2020-03-01,USA-Paradip,Panamax,1M,29.22
2020-03-01,USA-Paradip,Panamax,3M,28.8
2020-03-01,USA-Paradip,Panamax,6M,29.75
2020-03-01,USA-Paradip,Panamax,1Y,30.37
2020-03-01,USA-Paradip,Capesize,1M,32.09
2020-03-01,USA-Paradip,Capesize,3M,34.15
2020-03-01,USA-Paradip,Capesize,6M,34.48
2020-03-01,USA-Paradip,Capesize,1Y,35.94
2020-03-01,USA-Vizag,Panamax,1M,35.1
2020-03-01,USA-Vizag,Panamax,3M,34.7
2020-03-01,USA-Vizag,Panamax,6M,35.52
2020-03-01,USA-Vizag,Panamax,1Y,37.58
2020-03-01,USA-Vizag,Capesize,1M,34.81
2020-03-01,USA-Vizag,Capesize,3M,36.22
2020-03-01,USA-Vizag,Capesize,6M,36.03
2020-03-01,USA-Vizag,Capesize,1Y,35.82
2020-03-01,USA-Dhamra,Panamax,1M,37.84
2020-03-01,USA-Dhamra,Panamax,3M,37.94
2020-03-01,USA-Dhamra,Panamax,6M,38.5
2020-03-01,USA-Dhamra,Panamax,1Y,39.06
2020-03-01,USA-Dhamra,Capesize,1M,31.22
2020-03-01,USA-Dhamra,Capesize,3M,32.4
2020-03-01,USA-Dhamra,Capesize,6M,32.28
2020-03-01,USA-Dhamra,Capesize,1Y,32.73
2020-03-01,USA-Gangavaram,Panamax,1M,32.91
2020-03-01,USA-Gangavaram,Panamax,3M,33.01
2020-03-01,USA-Gangavaram,Panamax,6M,33.56
2020-03-01,USA-Gangavaram,Panamax,1Y,34.17
2020-03-01,USA-Gangavaram,Capesize,1M,35.41
2020-03-01,USA-Gangavaram,Capesize,3M,37.52
2020-03-01,USA-Gangavaram,Capesize,6M,37.03
2020-03-01,USA-Gangavaram,Capesize,1Y,37.5
2020-03-01,USA-Gopalpur,Panamax,1M,32.65
2020-03-01,USA-Gopalpur,Panamax,3M,34.55
2020-03-01,USA-Gopalpur,Panamax,6M,34.42
2020-03-01,USA-Gopalpur,Panamax,1Y,35.34
2020-03-01,USA-Gopalpur,Capesize,1M,35.56
2020-03-01,USA-Gopalpur,Capesize,3M,36.39
2020-03-01,USA-Gopalpur,Capesize,6M,36.01
2020-03-01,USA-Gopalpur,Capesize,1Y,37.03
2020-03-01,USA-Haldia,Panamax,1M,36.64
2020-03-01,USA-Haldia,Panamax,3M,37.37
2020-03-01,USA-Haldia,Panamax,6M,36.58
2020-03-01,USA-Haldia,Panamax,1Y,36.52
2020-03-01,USA-Haldia,Capesize,1M,29.19
2020-03-01,USA-Haldia,Capesize,3M,29.51
2020-03-01,USA-Haldia,Capesize,6M,29.19
2020-03-01,USA-Haldia,Capesize,1Y,29.79
2020-03-31,Australia-Paradip,Panamax,1M,17.76
2020-03-31,Australia-Paradip,Panamax,3M,17.31
2020-03-31,Australia-Paradip,Panamax,6M,17.3
2020-03-31,Australia-Paradip,Panamax,1Y,17.93
2020-03-31,Australia-Paradip,Capesize,1M,16.9
2020-03-31,Australia-Paradip,Capesize,3M,17.02
2020-03-31,Australia-Paradip,Capesize,6M,17.44
2020-03-31,Australia-Paradip,Capesize,1Y,18.22
2020-03-31,Australia-Vizag,Panamax,1M,16.63
2020-03-31,Australia-Vizag,Panamax,3M,16.62
2020-03-31,Australia-Vizag,Panamax,6M,17.16
2020-03-31,Australia-Vizag,Panamax,1Y,16.67
2020-03-31,Australia-Vizag,Capesize,1M,14.78
2020-03-31,Australia-Vizag,Capesize,3M,15.55
2020-03-31,Australia-Vizag,Capesize,6M,15.53
2020-03-31,Australia-Vizag,Capesize,1Y,15.64
2020-03-31,Australia-Dhamra,Panamax,1M,18.52
2020-03-31,Australia-Dhamra,Panamax,3M,18.39
2020-03-31,Australia-Dhamra,Panamax,6M,19.33
2020-03-31,Australia-Dhamra,Panamax,1Y,18.99
2020-03-31,Australia-Dhamra,Capesize,1M,16.14
2020-03-31,Australia-Dhamra,Capesize,3M,16.01
2020-03-31,Australia-Dhamra,Capesize,6M,16.07
2020-03-31,Australia-Dhamra,Capesize,1Y,16.19
2020-03-31,Australia-Gangavaram,Panamax,1M,17.61
2020-03-31,Australia-Gangavaram,Panamax,3M,17.82
2020-03-31,Australia-Gangavaram,Panamax,6M,17.8
2020-03-31,Australia-Gangavaram,Panamax,1Y,17.98
2020-03-31,Australia-Gangavaram,Capesize,1M,14.63
2020-03-31,Australia-Gangavaram,Capesize,3M,14.7
2020-03-31,Australia-Gangavaram,Capesize,6M,15.54
2020-03-31,Australia-Gangavaram,Capesize,1Y,15.45
2020-03-31,Australia-Gopalpur,Panamax,1M,14.56
2020-03-31,Australia-Gopalpur,Panamax,3M,15.07
2020-03-31,Australia-Gopalpur,Panamax,6M,15.08
2020-03-31,Australia-Gopalpur,Panamax,1Y,15.45
2020-03-31,Australia-Gopalpur,Capesize,1M,19.89
2020-03-31,Australia-Gopalpur,Capesize,3M,19.73
2020-03-31,Australia-Gopalpur,Capesize,6M,19.37
2020-03-31,Australia-Gopalpur,Capesize,1Y,20.49
2020-03-31,Australia-Haldia,Panamax,1M,16.72
2020-03-31,Australia-Haldia,Panamax,3M,16.79
2020-03-31,Australia-Haldia,Panamax,6M,16.77
2020-03-31,Australia-Haldia,Panamax,1Y,17.53
2020-03-31,Australia-Haldia,Capesize,1M,16.52
2020-03-31,Australia-Haldia,Capesize,3M,17.07
2020-03-31,Australia-Haldia,Capesize,6M,16.47
2020-03-31,Australia-Haldia,Capesize,1Y,16.82
2020-03-31,Indonesia-Paradip,Panamax,1M,12.27
2020-03-31,Indonesia-Paradip,Panamax,3M,12.4
2020-03-31,Indonesia-Paradip,Panamax,6M,12.36
2020-03-31,Indonesia-Paradip,Panamax,1Y,12.89
2020-03-31,Indonesia-Paradip,Capesize,1M,9.87
2020-03-31,Indonesia-Paradip,Capesize,3M,10.16
2020-03-31,Indonesia-Paradip,Capesize,6M,10.05
2020-03-31,Indonesia-Paradip,Capesize,1Y,10.32
2020-03-31,Indonesia-Vizag,Panamax,1M,10.39
2020-03-31,Indonesia-Vizag,Panamax,3M,10.23
2020-03-31,Indonesia-Vizag,Panamax,6M,10.66
2020-03-31,Indonesia-Vizag,Panamax,1Y,10.6
2020-03-31,Indonesia-Vizag,Capesize,1M,9.99
2020-03-31,Indonesia-Vizag,Capesize,3M,9.8
2020-03-31,Indonesia-Vizag,Capesize,6M,9.71
2020-03-31,Indonesia-Vizag,Capesize,1Y,10.26
2020-03-31,Indonesia-Dhamra,Panamax,1M,11.14
2020-03-31,Indonesia-Dhamra,Panamax,3M,11.92
2020-03-31,Indonesia-Dhamra,Panamax,6M,11.31
2020-03-31,Indonesia-Dhamra,Panamax,1Y,11.68
2020-03-31,Indonesia-Dhamra,Capesize,1M,12.7
2020-03-31,Indonesia-Dhamra,Capesize,3M,12.76
2020-03-31,Indonesia-Dhamra,Capesize,6M,12.62
2020-03-31,Indonesia-Dhamra,Capesize,1Y,13.33
2020-03-31,Indonesia-Gangavaram,Panamax,1M,11.66
2020-03-31,Indonesia-Gangavaram,Panamax,3M,11.3
2020-03-31,Indonesia-Gangavaram,Panamax,6M,11.55
2020-03-31,Indonesia-Gangavaram,Panamax,1Y,11.87
2020-03-31,Indonesia-Gangavaram,Capesize,1M,9.93
2020-03-31,Indonesia-Gangavaram,Capesize,3M,9.91
2020-03-31,Indonesia-Gangavaram,Capesize,6M,10.12
2020-03-31,Indonesia-Gangavaram,Capesize,1Y,10.05
2020-03-31,Indonesia-Gopalpur,Panamax,1M,9.68
2020-03-31,Indonesia-Gopalpur,Panamax,3M,9.58
2020-03-31,Indonesia-Gopalpur,Panamax,6M,9.92
2020-03-31,Indonesia-Gopalpur,Panamax,1Y,10.24
2020-03-31,Indonesia-Gopalpur,Capesize,1M,9.58
2020-03-31,Indonesia-Gopalpur,Capesize,3M,10.0
2020-03-31,Indonesia-Gopalpur,Capesize,6M,9.76
2020-03-31,Indonesia-Gopalpur,Capesize,1Y,9.74
2020-03-31,Indonesia-Haldia,Panamax,1M,10.4
2020-03-31,Indonesia-Haldia,Panamax,3M,10.61
2020-03-31,Indonesia-Haldia,Panamax,6M,10.88
2020-03-31,Indonesia-Haldia,Panamax,1Y,11.08
2020-03-31,Indonesia-Haldia,Capesize,1M,8.22
2020-03-31,Indonesia-Haldia,Capesize,3M,8.36
2020-03-31,Indonesia-Haldia,Capesize,6M,8.63
2020-03-31,Indonesia-Haldia,Capesize,1Y,8.73
2020-03-31,Russia-Paradip,Panamax,1M,22.05
2020-03-31,Russia-Paradip,Panamax,3M,22.22
2020-03-31,Russia-Paradip,Panamax,6M,23.06
2020-03-31,Russia-Paradip,Panamax,1Y,23.27
2020-03-31,Russia-Paradip,Capesize,1M,21.76
2020-03-31,Russia-Paradip,Capesize,3M,21.67
2020-03-31,Russia-Paradip,Capesize,6M,21.83
2020-03-31,Russia-Paradip,Capesize,1Y,22.41
2020-03-31,Russia-Vizag,Panamax,1M,20.93
2020-03-31,Russia-Vizag,Panamax,3M,21.74
2020-03-31,Russia-Vizag,Panamax,6M,21.78
2020-03-31,Russia-Vizag,Panamax,1Y,22.13
2020-03-31,Russia-Vizag,Capesize,1M,19.24
2020-03-31,Russia-Vizag,Capesize,3M,20.24
2020-03-31,Russia-Vizag,Capesize,6M,21.0
2020-03-31,Russia-Vizag,Capesize,1Y,21.08
2020-03-31,Russia-Dhamra,Panamax,1M,22.42
2020-03-31,Russia-Dhamra,Panamax,3M,21.77
2020-03-31,Russia-Dhamra,Panamax,6M,22.36
2020-03-31,Russia-Dhamra,Panamax,1Y,23.39
2020-03-31,Russia-Dhamra,Capesize,1M,24.9
2020-03-31,Russia-Dhamra,Capesize,3M,26.76
2020-03-31,Russia-Dhamra,Capesize,6M,26.0
2020-03-31,Russia-Dhamra,Capesize,1Y,26.81
2020-03-31,Russia-Gangavaram,Panamax,1M,24.33
2020-03-31,Russia-Gangavaram,Panamax,3M,23.55
2020-03-31,Russia-Gangavaram,Panamax,6M,24.07
2020-03-31,Russia-Gangavaram,Panamax,1Y,24.01
2020-03-31,Russia-Gangavaram,Capesize,1M,22.11
2020-03-31,Russia-Gangavaram,Capesize,3M,21.49
2020-03-31,Russia-Gangavaram,Capesize,6M,21.68
2020-03-31,Russia-Gangavaram,Capesize,1Y,22.53
2020-03-31,Russia-Gopalpur,Panamax,1M,23.01
2020-03-31,Russia-Gopalpur,Panamax,3M,23.66
2020-03-31,Russia-Gopalpur,Panamax,6M,23.3
2020-03-31,Russia-Gopalpur,Panamax,1Y,23.93
2020-03-31,Russia-Gopalpur,Capesize,1M,18.2
2020-03-31,Russia-Gopalpur,Capesize,3M,18.37
2020-03-31,Russia-Gopalpur,Capesize,6M,18.32
2020-03-31,Russia-Gopalpur,Capesize,1Y,18.74
2020-03-31,Russia-Haldia,Panamax,1M,23.61
2020-03-31,Russia-Haldia,Panamax,3M,22.71
2020-03-31,Russia-Haldia,Panamax,6M,22.83
2020-03-31,Russia-Haldia,Panamax,1Y,22.87
2020-03-31,Russia-Haldia,Capesize,1M,23.59
2020-03-31,Russia-Haldia,Capesize,3M,24.62
2020-03-31,Russia-Haldia,Capesize,6M,24.51
2020-03-31,Russia-Haldia,Capesize,1Y,25.62
2020-03-31,Mozambique-Paradip,Panamax,1M,20.91
2020-03-31,Mozambique-Paradip,Panamax,3M,21.22
2020-03-31,Mozambique-Paradip,Panamax,6M,21.61
2020-03-31,Mozambique-Paradip,Panamax,1Y,22.26
2020-03-31,Mozambique-Paradip,Capesize,1M,19.32
2020-03-31,Mozambique-Paradip,Capesize,3M,20.11
2020-03-31,Mozambique-Paradip,Capesize,6M,19.88
2020-03-31,Mozambique-Paradip,Capesize,1Y,20.36
2020-03-31,Mozambique-Vizag,Panamax,1M,18.97
2020-03-31,Mozambique-Vizag,Panamax,3M,19.58
2020-03-31,Mozambique-Vizag,Panamax,6M,20.14
2020-03-31,Mozambique-Vizag,Panamax,1Y,19.83
2020-03-31,Mozambique-Vizag,Capesize,1M,20.36
2020-03-31,Mozambique-Vizag,Capesize,3M,20.64
2020-03-31,Mozambique-Vizag,Capesize,6M,21.51
2020-03-31,Mozambique-Vizag,Capesize,1Y,21.98
2020-03-31,Mozambique-Dhamra,Panamax,1M,20.28
2020-03-31,Mozambique-Dhamra,Panamax,3M,20.53
2020-03-31,Mozambique-Dhamra,Panamax,6M,20.47
2020-03-31,Mozambique-Dhamra,Panamax,1Y,21.32
2020-03-31,Mozambique-Dhamra,Capesize,1M,19.9
2020-03-31,Mozambique-Dhamra,Capesize,3M,19.71
2020-03-31,Mozambique-Dhamra,Capesize,6M,19.94
2020-03-31,Mozambique-Dhamra,Capesize,1Y,20.78
2020-03-31,Mozambique-Gangavaram,Panamax,1M,21.08
2020-03-31,Mozambique-Gangavaram,Panamax,3M,20.82
2020-03-31,Mozambique-Gangavaram,Panamax,6M,21.41
2020-03-31,Mozambique-Gangavaram,Panamax,1Y,21.53
2020-03-31,Mozambique-Gangavaram,Capesize,1M,20.06
2020-03-31,Mozambique-Gangavaram,Capesize,3M,20.54
2020-03-31,Mozambique-Gangavaram,Capesize,6M,20.77
2020-03-31,Mozambique-Gangavaram,Capesize,1Y,20.71
2020-03-31,Mozambique-Gopalpur,Panamax,1M,19.6
2020-03-31,Mozambique-Gopalpur,Panamax,3M,19.78
2020-03-31,Mozambique-Gopalpur,Panamax,6M,20.24
2020-03-31,Mozambique-Gopalpur,Panamax,1Y,20.54
2020-03-31,Mozambique-Gopalpur,Capesize,1M,19.75
2020-03-31,Mozambique-Gopalpur,Capesize,3M,20.31
2020-03-31,Mozambique-Gopalpur,Capesize,6M,21.03
2020-03-31,Mozambique-Gopalpur,Capesize,1Y,21.02
2020-03-31,Mozambique-Haldia,Panamax,1M,19.64
2020-03-31,Mozambique-Haldia,Panamax,3M,19.78
2020-03-31,Mozambique-Haldia,Panamax,6M,20.32
2020-03-31,Mozambique-Haldia,Panamax,1Y,20.35
2020-03-31,Mozambique-Haldia,Capesize,1M,18.29
2020-03-31,Mozambique-Haldia,Capesize,3M,18.47
2020-03-31,Mozambique-Haldia,Capesize,6M,18.46
2020-03-31,Mozambique-Haldia,Capesize,1Y,18.5
2020-03-31,USA-Paradip,Panamax,1M,30.46
2020-03-31,USA-Paradip,Panamax,3M,32.08
2020-03-31,USA-Paradip,Panamax,6M,32.83
2020-03-31,USA-Paradip,Panamax,1Y,32.53
2020-03-31,USA-Paradip,Capesize,1M,37.86
2020-03-31,USA-Paradip,Capesize,3M,38.34
2020-03-31,USA-Paradip,Capesize,6M,38.15
2020-03-31,USA-Paradip,Capesize,1Y,39.6
2020-03-31,USA-Vizag,Panamax,1M,30.5
2020-03-31,USA-Vizag,Panamax,3M,30.05
2020-03-31,USA-Vizag,Panamax,6M,29.93
2020-03-31,USA-Vizag,Panamax,1Y,31.63
2020-03-31,USA-Vizag,Capesize,1M,29.48
2020-03-31,USA-Vizag,Capesize,3M,30.29
2020-03-31,USA-Vizag,Capesize,6M,30.09
2020-03-31,USA-Vizag,Capesize,1Y,31.51
2020-03-31,USA-Dhamra,Panamax,1M,32.36
2020-03-31,USA-Dhamra,Panamax,3M,31.19
2020-03-31,USA-Dhamra,Panamax,6M,32.53
2020-03-31,USA-Dhamra,Panamax,1Y,32.77
2020-03-31,USA-Dhamra,Capesize,1M,34.31
2020-03-31,USA-Dhamra,Capesize,3M,34.28
2020-03-31,USA-Dhamra,Capesize,6M,35.09
2020-03-31,USA-Dhamra,Capesize,1Y,34.68
2020-03-31,USA-Gangavaram,Panamax,1M,34.42
2020-03-31,USA-Gangavaram,Panamax,3M,34.23
2020-03-31,USA-Gangavaram,Panamax,6M,34.39
2020-03-31,USA-Gangavaram,Panamax,1Y,35.75
2020-03-31,USA-Gangavaram,Capesize,1M,31.76
2020-03-31,USA-Gangavaram,Capesize,3M,32.22
2020-03-31,USA-Gangavaram,Capesize,6M,32.69
2020-03-31,USA-Gangavaram,Capesize,1Y,32.36
2020-03-31,USA-Gopalpur,Panamax,1M,30.48
2020-03-31,USA-Gopalpur,Panamax,3M,30.72
2020-03-31,USA-Gopalpur,Panamax,6M,31.4
2020-03-31,USA-Gopalpur,Panamax,1Y,32.19
2020-03-31,USA-Gopalpur,Capesize,1M,34.62
2020-03-31,USA-Gopalpur,Capesize,3M,33.82
2020-03-31,USA-Gopalpur,Capesize,6M,34.45
2020-03-31,USA-Gopalpur,Capesize,1Y,34.92
2020-03-31,USA-Haldia,Panamax,1M,34.34
2020-03-31,USA-Haldia,Panamax,3M,34.15
2020-03-31,USA-Haldia,Panamax,6M,35.01
2020-03-31,USA-Haldia,Panamax,1Y,35.53
2020-03-31,USA-Haldia,Capesize,1M,35.24
2020-03-31,USA-Haldia,Capesize,3M,36.79
2020-03-31,USA-Haldia,Capesize,6M,36.6
2020-03-31,USA-Haldia,Capesize,1Y,37.53
2020-04-30,Australia-Paradip,Panamax,1M,17.67
2020-04-30,Australia-Paradip,Panamax,3M,18.12
2020-04-30,Australia-Paradip,Panamax,6M,18.11
2020-04-30,Australia-Paradip,Panamax,1Y,18.71
2020-04-30,Australia-Paradip,Capesize,1M,15.57
2020-04-30,Australia-Paradip,Capesize,3M,16.05
2020-04-30,Australia-Paradip,Capesize,6M,15.69
2020-04-30,Australia-Paradip,Capesize,1Y,16.49
2020-04-30,Australia-Vizag,Panamax,1M,15.5
2020-04-30,Australia-Vizag,Panamax,3M,15.27
2020-04-30,Australia-Vizag,Panamax,6M,15.69
2020-04-30,Australia-Vizag,Panamax,1Y,16.17
2020-04-30,Australia-Vizag,Capesize,1M,15.55
2020-04-30,Australia-Vizag,Capesize,3M,15.8
2020-04-30,Australia-Vizag,Capesize,6M,15.78
2020-04-30,Australia-Vizag,Capesize,1Y,15.92
2020-04-30,Australia-Dhamra,Panamax,1M,19.07
2020-04-30,Australia-Dhamra,Panamax,3M,18.76
2020-04-30,Australia-Dhamra,Panamax,6M,19.07
2020-04-30,Australia-Dhamra,Panamax,1Y,19.55
2020-04-30,Australia-Dhamra,Capesize,1M,16.99
2020-04-30,Australia-Dhamra,Capesize,3M,17.38
2020-04-30,Australia-Dhamra,Capesize,6M,17.46
2020-04-30,Australia-Dhamra,Capesize,1Y,17.63
2020-04-30,Australia-Gangavaram,Panamax,1M,16.37
2020-04-30,Australia-Gangavaram,Panamax,3M,16.67
2020-04-30,Australia-Gangavaram,Panamax,6M,16.58
2020-04-30,Australia-Gangavaram,Panamax,1Y,16.89
2020-04-30,Australia-Gangavaram,Capesize,1M,16.49
2020-04-30,Australia-Gangavaram,Capesize,3M,17.02
2020-04-30,Australia-Gangavaram,Capesize,6M,16.89
2020-04-30,Australia-Gangavaram,Capesize,1Y,16.97
2020-04-30,Australia-Gopalpur,Panamax,1M,16.96
2020-04-30,Australia-Gopalpur,Panamax,3M,16.61
2020-04-30,Australia-Gopalpur,Panamax,6M,17.35
2020-04-30,Australia-Gopalpur,Panamax,1Y,17.35
2020-04-30,Australia-Gopalpur,Capesize,1M,14.72
2020-04-30,Australia-Gopalpur,Capesize,3M,15.07
2020-04-30,Australia-Gopalpur,Capesize,6M,15.15
2020-04-30,Australia-Gopalpur,Capesize,1Y,15.45
2020-04-30,Australia-Haldia,Panamax,1M,16.04
2020-04-30,Australia-Haldia,Panamax,3M,16.43
2020-04-30,Australia-Haldia,Panamax,6M,17.03
2020-04-30,Australia-Haldia,Panamax,1Y,16.87
2020-04-30,Australia-Haldia,Capesize,1M,16.09
2020-04-30,Australia-Haldia,Capesize,3M,16.98
2020-04-30,Australia-Haldia,Capesize,6M,17.21
2020-04-30,Australia-Haldia,Capesize,1Y,17.76
2020-04-30,Indonesia-Paradip,Panamax,1M,10.15
2020-04-30,Indonesia-Paradip,Panamax,3M,10.04
2020-04-30,Indonesia-Paradip,Panamax,6M,10.15
2020-04-30,Indonesia-Paradip,Panamax,1Y,10.15
2020-04-30,Indonesia-Paradip,Capesize,1M,11.23
2020-04-30,Indonesia-Paradip,Capesize,3M,11.18
2020-04-30,Indonesia-Paradip,Capesize,6M,11.44
2020-04-30,Indonesia-Paradip,Capesize,1Y,11.52
2020-04-30,Indonesia-Vizag,Panamax,1M,11.71
2020-04-30,Indonesia-Vizag,Panamax,3M,11.95
2020-04-30,Indonesia-Vizag,Panamax,6M,11.98
2020-04-30,Indonesia-Vizag,Panamax,1Y,12.43
2020-04-30,Indonesia-Vizag,Capesize,1M,8.85
2020-04-30,Indonesia-Vizag,Capesize,3M,8.9
2020-04-30,Indonesia-Vizag,Capesize,6M,9.0
2020-04-30,Indonesia-Vizag,Capesize,1Y,9.09
2020-04-30,Indonesia-Dhamra,Panamax,1M,9.08
2020-04-30,Indonesia-Dhamra,Panamax,3M,8.98
2020-04-30,Indonesia-Dhamra,Panamax,6M,9.14
2020-04-30,Indonesia-Dhamra,Panamax,1Y,9.24
2020-04-30,Indonesia-Dhamra,Capesize,1M,10.29
2020-04-30,Indonesia-Dhamra,Capesize,3M,10.44
2020-04-30,Indonesia-Dhamra,Capesize,6M,10.36
2020-04-30,Indonesia-Dhamra,Capesize,1Y,10.41
2020-04-30,Indonesia-Gangavaram,Panamax,1M,9.72
2020-04-30,Indonesia-Gangavaram,Panamax,3M,10.16
2020-04-30,Indonesia-Gangavaram,Panamax,6M,10.33
2020-04-30,Indonesia-Gangavaram,Panamax,1Y,10.45
2020-04-30,Indonesia-Gangavaram,Capesize,1M,11.6
2020-04-30,Indonesia-Gangavaram,Capesize,3M,11.46
2020-04-30,Indonesia-Gangavaram,Capesize,6M,12.29
2020-04-30,Indonesia-Gangavaram,Capesize,1Y,12.21
2020-04-30,Indonesia-Gopalpur,Panamax,1M,11.11
2020-04-30,Indonesia-Gopalpur,Panamax,3M,11.2
2020-04-30,Indonesia-Gopalpur,Panamax,6M,11.18
2020-04-30,Indonesia-Gopalpur,Panamax,1Y,11.44
2020-04-30,Indonesia-Gopalpur,Capesize,1M,10.58
2020-04-30,Indonesia-Gopalpur,Capesize,3M,10.45
2020-04-30,Indonesia-Gopalpur,Capesize,6M,10.43
2020-04-30,Indonesia-Gopalpur,Capesize,1Y,11.08
2020-04-30,Indonesia-Haldia,Panamax,1M,9.62
2020-04-30,Indonesia-Haldia,Panamax,3M,9.55
2020-04-30,Indonesia-Haldia,Panamax,6M,9.97
2020-04-30,Indonesia-Haldia,Panamax,1Y,9.55
2020-04-30,Indonesia-Haldia,Capesize,1M,12.37
2020-04-30,Indonesia-Haldia,Capesize,3M,12.42
2020-04-30,Indonesia-Haldia,Capesize,6M,12.43
2020-04-30,Indonesia-Haldia,Capesize,1Y,12.87
2020-04-30,Russia-Paradip,Panamax,1M,22.93
2020-04-30,Russia-Paradip,Panamax,3M,23.84
2020-04-30,Russia-Paradip,Panamax,6M,23.67
2020-04-30,Russia-Paradip,Panamax,1Y,24.11
2020-04-30,Russia-Paradip,Capesize,1M,21.1
2020-04-30,Russia-Paradip,Capesize,3M,20.95
2020-04-30,Russia-Paradip,Capesize,6M,21.57
2020-04-30,Russia-Paradip,Capesize,1Y,22.1
2020-04-30,Russia-Vizag,Panamax,1M,24.74
2020-04-30,Russia-Vizag,Panamax,3M,24.48
2020-04-30,Russia-Vizag,Panamax,6M,25.05
2020-04-30,Russia-Vizag,Panamax,1Y,25.6
2020-04-30,Russia-Vizag,Capesize,1M,20.79
2020-04-30,Russia-Vizag,Capesize,3M,20.4
2020-04-30,Russia-Vizag,Capesize,6M,21.0
2020-04-30,Russia-Vizag,Capesize,1Y,20.8
2020-04-30,Russia-Dhamra,Panamax,1M,21.88
2020-04-30,Russia-Dhamra,Panamax,3M,21.92
2020-04-30,Russia-Dhamra,Panamax,6M,22.27
2020-04-30,Russia-Dhamra,Panamax,1Y,23.39
2020-04-30,Russia-Dhamra,Capesize,1M,19.4
2020-04-30,Russia-Dhamra,Capesize,3M,19.45
2020-04-30,Russia-Dhamra,Capesize,6M,19.84
2020-04-30,Russia-Dhamra,Capesize,1Y,20.22
2020-04-30,Russia-Gangavaram,Panamax,1M,23.97
2020-04-30,Russia-Gangavaram,Panamax,3M,23.93
2020-04-30,Russia-Gangavaram,Panamax,6M,24.95
2020-04-30,Russia-Gangavaram,Panamax,1Y,25.25
2020-04-30,Russia-Gangavaram,Capesize,1M,20.88
2020-04-30,Russia-Gangavaram,Capesize,3M,20.4
2020-04-30,Russia-Gangavaram,Capesize,6M,20.76
2020-04-30,Russia-Gangavaram,Capesize,1Y,20.78
2020-04-30,Russia-Gopalpur,Panamax,1M,27.34
2020-04-30,Russia-Gopalpur,Panamax,3M,27.93
2020-04-30,Russia-Gopalpur,Panamax,6M,26.81
2020-04-30,Russia-Gopalpur,Panamax,1Y,28.58
2020-04-30,Russia-Gopalpur,Capesize,1M,22.91
2020-04-30,Russia-Gopalpur,Capesize,3M,23.08
2020-04-30,Russia-Gopalpur,Capesize,6M,23.43
2020-04-30,Russia-Gopalpur,Capesize,1Y,23.78
2020-04-30,Russia-Haldia,Panamax,1M,22.35
2020-04-30,Russia-Haldia,Panamax,3M,23.22
2020-04-30,Russia-Haldia,Panamax,6M,23.01
2020-04-30,Russia-Haldia,Panamax,1Y,22.84
2020-04-30,Russia-Haldia,Capesize,1M,21.09
2020-04-30,Russia-Haldia,Capesize,3M,21.18
2020-04-30,Russia-Haldia,Capesize,6M,20.98
2020-04-30,Russia-Haldia,Capesize,1Y,21.5
2020-04-30,Mozambique-Paradip,Panamax,1M,23.53
2020-04-30,Mozambique-Paradip,Panamax,3M,24.01
2020-04-30,Mozambique-Paradip,Panamax,6M,23.94
2020-04-30,Mozambique-Paradip,Panamax,1Y,24.63
2020-04-30,Mozambique-Paradip,Capesize,1M,19.76
2020-04-30,Mozambique-Paradip,Capesize,3M,19.49
2020-04-30,Mozambique-Paradip,Capesize,6M,19.78
2020-04-30,Mozambique-Paradip,Capesize,1Y,20.04
2020-04-30,Mozambique-Vizag,Panamax,1M,23.9
2020-04-30,Mozambique-Vizag,Panamax,3M,24.08
2020-04-30,Mozambique-Vizag,Panamax,6M,24.33
2020-04-30,Mozambique-Vizag,Panamax,1Y,24.4
2020-04-30,Mozambique-Vizag,Capesize,1M,18.35
2020-04-30,Mozambique-Vizag,Capesize,3M,18.9
2020-04-30,Mozambique-Vizag,Capesize,6M,19.02
2020-04-30,Mozambique-Vizag,Capesize,1Y,19.2
2020-04-30,Mozambique-Dhamra,Panamax,1M,21.57
2020-04-30,Mozambique-Dhamra,Panamax,3M,21.82
2020-04-30,Mozambique-Dhamra,Panamax,6M,22.35
2020-04-30,Mozambique-Dhamra,Panamax,1Y,22.24
2020-04-30,Mozambique-Dhamra,Capesize,1M,24.18
2020-04-30,Mozambique-Dhamra,Capesize,3M,23.9
2020-04-30,Mozambique-Dhamra,Capesize,6M,24.13
2020-04-30,Mozambique-Dhamra,Capesize,1Y,24.88
2020-04-30,Mozambique-Gangavaram,Panamax,1M,17.84
2020-04-30,Mozambique-Gangavaram,Panamax,3M,18.6
2020-04-30,Mozambique-Gangavaram,Panamax,6M,18.61
2020-04-30,Mozambique-Gangavaram,Panamax,1Y,18.9
2020-04-30,Mozambique-Gangavaram,Capesize,1M,19.36
2020-04-30,Mozambique-Gangavaram,Capesize,3M,20.02
2020-04-30,Mozambique-Gangavaram,Capesize,6M,19.43
2020-04-30,Mozambique-Gangavaram,Capesize,1Y,20.16
2020-04-30,Mozambique-Gopalpur,Panamax,1M,22.66
2020-04-30,Mozambique-Gopalpur,Panamax,3M,22.7
2020-04-30,Mozambique-Gopalpur,Panamax,6M,22.18
2020-04-30,Mozambique-Gopalpur,Panamax,1Y,23.56
2020-04-30,Mozambique-Gopalpur,Capesize,1M,19.34
2020-04-30,Mozambique-Gopalpur,Capesize,3M,19.39
2020-04-30,Mozambique-Gopalpur,Capesize,6M,19.44
2020-04-30,Mozambique-Gopalpur,Capesize,1Y,20.07
2020-04-30,Mozambique-Haldia,Panamax,1M,17.47
2020-04-30,Mozambique-Haldia,Panamax,3M,18.14
2020-04-30,Mozambique-Haldia,Panamax,6M,18.1
2020-04-30,Mozambique-Haldia,Panamax,1Y,18.14
2020-04-30,Mozambique-Haldia,Capesize,1M,20.56
2020-04-30,Mozambique-Haldia,Capesize,3M,20.78
2020-04-30,Mozambique-Haldia,Capesize,6M,21.36
2020-04-30,Mozambique-Haldia,Capesize,1Y,21.88
2020-04-30,USA-Paradip,Panamax,1M,30.94
2020-04-30,USA-Paradip,Panamax,3M,31.44
2020-04-30,USA-Paradip,Panamax,6M,31.27
2020-04-30,USA-Paradip,Panamax,1Y,32.81
2020-04-30,USA-Paradip,Capesize,1M,36.33
2020-04-30,USA-Paradip,Capesize,3M,34.65
2020-04-30,USA-Paradip,Capesize,6M,35.77
2020-04-30,USA-Paradip,Capesize,1Y,36.6
2020-04-30,USA-Vizag,Panamax,1M,29.5
2020-04-30,USA-Vizag,Panamax,3M,30.13
2020-04-30,USA-Vizag,Panamax,6M,30.89
2020-04-30,USA-Vizag,Panamax,1Y,32.16
2020-04-30,USA-Vizag,Capesize,1M,32.92
2020-04-30,USA-Vizag,Capesize,3M,33.66
2020-04-30,USA-Vizag,Capesize,6M,34.23
2020-04-30,USA-Vizag,Capesize,1Y,33.67
2020-04-30,USA-Dhamra,Panamax,1M,34.3
2020-04-30,USA-Dhamra,Panamax,3M,34.21
2020-04-30,USA-Dhamra,Panamax,6M,34.04
2020-04-30,USA-Dhamra,Panamax,1Y,36.21
2020-04-30,USA-Dhamra,Capesize,1M,29.95
2020-04-30,USA-Dhamra,Capesize,3M,30.58
2020-04-30,USA-Dhamra,Capesize,6M,30.77
2020-04-30,USA-Dhamra,Capesize,1Y,31.62
2020-04-30,USA-Gangavaram,Panamax,1M,33.95
2020-04-30,USA-Gangavaram,Panamax,3M,33.68
2020-04-30,USA-Gangavaram,Panamax,6M,33.97
2020-04-30,USA-Gangavaram,Panamax,1Y,34.84
2020-04-30,USA-Gangavaram,Capesize,1M,29.11
2020-04-30,USA-Gangavaram,Capesize,3M,29.4
2020-04-30,USA-Gangavaram,Capesize,6M,30.1
2020-04-30,USA-Gangavaram,Capesize,1Y,31.18
2020-04-30,USA-Gopalpur,Panamax,1M,31.57
2020-04-30,USA-Gopalpur,Panamax,3M,32.57
2020-04-30,USA-Gopalpur,Panamax,6M,32.8
2020-04-30,USA-Gopalpur,Panamax,1Y,33.66
2020-04-30,USA-Gopalpur,Capesize,1M,32.52
2020-04-30,USA-Gopalpur,Capesize,3M,33.51
2020-04-30,USA-Gopalpur,Capesize,6M,34.03
2020-04-30,USA-Gopalpur,Capesize,1Y,33.59
2020-04-30,USA-Haldia,Panamax,1M,33.33
2020-04-30,USA-Haldia,Panamax,3M,34.45
2020-04-30,USA-Haldia,Panamax,6M,34.39
2020-04-30,USA-Haldia,Panamax,1Y,34.5
2020-04-30,USA-Haldia,Capesize,1M,29.16
2020-04-30,USA-Haldia,Capesize,3M,29.07
2020-04-30,USA-Haldia,Capesize,6M,29.44
2020-04-30,USA-Haldia,Capesize,1Y,30.53
2020-05-30,Australia-Paradip,Panamax,1M,16.47
2020-05-30,Australia-Paradip,Panamax,3M,17.31
2020-05-30,Australia-Paradip,Panamax,6M,17.07
2020-05-30,Australia-Paradip,Panamax,1Y,17.51
2020-05-30,Australia-Paradip,Capesize,1M,16.9
2020-05-30,Australia-Paradip,Capesize,3M,16.86
2020-05-30,Australia-Paradip,Capesize,6M,17.13
2020-05-30,Australia-Paradip,Capesize,1Y,17.05
2020-05-30,Australia-Vizag,Panamax,1M,16.69
2020-05-30,Australia-Vizag,Panamax,3M,16.41
2020-05-30,Australia-Vizag,Panamax,6M,17.29
2020-05-30,Australia-Vizag,Panamax,1Y,17.14
2020-05-30,Australia-Vizag,Capesize,1M,19.26
2020-05-30,Australia-Vizag,Capesize,3M,19.22
2020-05-30,Australia-Vizag,Capesize,6M,19.41
2020-05-30,Australia-Vizag,Capesize,1Y,19.71
2020-05-30,Australia-Dhamra,Panamax,1M,15.52
2020-05-30,Australia-Dhamra,Panamax,3M,15.18
2020-05-30,Australia-Dhamra,Panamax,6M,15.5
2020-05-30,Australia-Dhamra,Panamax,1Y,15.81
2020-05-30,Australia-Dhamra,Capesize,1M,17.54
2020-05-30,Australia-Dhamra,Capesize,3M,17.94
2020-05-30,Australia-Dhamra,Capesize,6M,17.96
2020-05-30,Australia-Dhamra,Capesize,1Y,18.06
2020-05-30,Australia-Gangavaram,Panamax,1M,16.1
2020-05-30,Australia-Gangavaram,Panamax,3M,16.44
2020-05-30,Australia-Gangavaram,Panamax,6M,17.06
2020-05-30,Australia-Gangavaram,Panamax,1Y,17.32
2020-05-30,Australia-Gangavaram,Capesize,1M,17.94
2020-05-30,Australia-Gangavaram,Capesize,3M,18.48
2020-05-30,Australia-Gangavaram,Capesize,6M,17.97
2020-05-30,Australia-Gangavaram,Capesize,1Y,19.26
2020-05-30,Australia-Gopalpur,Panamax,1M,17.21
2020-05-30,Australia-Gopalpur,Panamax,3M,18.09
2020-05-30,Australia-Gopalpur,Panamax,6M,17.56
2020-05-30,Australia-Gopalpur,Panamax,1Y,18.33
2020-05-30,Australia-Gopalpur,Capesize,1M,14.78
2020-05-30,Australia-Gopalpur,Capesize,3M,14.58
2020-05-30,Australia-Gopalpur,Capesize,6M,15.0
2020-05-30,Australia-Gopalpur,Capesize,1Y,15.25
2020-05-30,Australia-Haldia,Panamax,1M,16.5
2020-05-30,Australia-Haldia,Panamax,3M,16.78
2020-05-30,Australia-Haldia,Panamax,6M,16.97
2020-05-30,Australia-Haldia,Panamax,1Y,17.53
2020-05-30,Australia-Haldia,Capesize,1M,14.94
2020-05-30,Australia-Haldia,Capesize,3M,14.47
2020-05-30,Australia-Haldia,Capesize,6M,14.86
2020-05-30,Australia-Haldia,Capesize,1Y,15.53
2020-05-30,Indonesia-Paradip,Panamax,1M,12.17
2020-05-30,Indonesia-Paradip,Panamax,3M,11.99
2020-05-30,Indonesia-Paradip,Panamax,6M,12.27
2020-05-30,Indonesia-Paradip,Panamax,1Y,12.23
2020-05-30,Indonesia-Paradip,Capesize,1M,11.74
2020-05-30,Indonesia-Paradip,Capesize,3M,11.55
2020-05-30,Indonesia-Paradip,Capesize,6M,11.71
2020-05-30,Indonesia-Paradip,Capesize,1Y,12.07
2020-05-30,Indonesia-Vizag,Panamax,1M,10.24
2020-05-30,Indonesia-Vizag,Panamax,3M,10.41
2020-05-30,Indonesia-Vizag,Panamax,6M,10.56
2020-05-30,Indonesia-Vizag,Panamax,1Y,10.8
2020-05-30,Indonesia-Vizag,Capesize,1M,9.12
2020-05-30,Indonesia-Vizag,Capesize,3M,9.15
2020-05-30,Indonesia-Vizag,Capesize,6M,9.55
2020-05-30,Indonesia-Vizag,Capesize,1Y,9.69
2020-05-30,Indonesia-Dhamra,Panamax,1M,10.35
2020-05-30,Indonesia-Dhamra,Panamax,3M,10.08
2020-05-30,Indonesia-Dhamra,Panamax,6M,10.35
2020-05-30,Indonesia-Dhamra,Panamax,1Y,10.67
2020-05-30,Indonesia-Dhamra,Capesize,1M,9.45
2020-05-30,Indonesia-Dhamra,Capesize,3M,9.65
2020-05-30,Indonesia-Dhamra,Capesize,6M,9.59
2020-05-30,Indonesia-Dhamra,Capesize,1Y,9.92
2020-05-30,Indonesia-Gangavaram,Panamax,1M,8.07
2020-05-30,Indonesia-Gangavaram,Panamax,3M,8.51
2020-05-30,Indonesia-Gangavaram,Panamax,6M,8.54
2020-05-30,Indonesia-Gangavaram,Panamax,1Y,8.62
2020-05-30,Indonesia-Gangavaram,Capesize,1M,8.33
2020-05-30,Indonesia-Gangavaram,Capesize,3M,8.48
2020-05-30,Indonesia-Gangavaram,Capesize,6M,8.87
2020-05-30,Indonesia-Gangavaram,Capesize,1Y,8.86
2020-05-30,Indonesia-Gopalpur,Panamax,1M,11.5
2020-05-30,Indonesia-Gopalpur,Panamax,3M,11.53
2020-05-30,Indonesia-Gopalpur,Panamax,6M,11.64
2020-05-30,Indonesia-Gopalpur,Panamax,1Y,12.23
2020-05-30,Indonesia-Gopalpur,Capesize,1M,11.97
2020-05-30,Indonesia-Gopalpur,Capesize,3M,11.95
2020-05-30,Indonesia-Gopalpur,Capesize,6M,12.36
2020-05-30,Indonesia-Gopalpur,Capesize,1Y,12.11
2020-05-30,Indonesia-Haldia,Panamax,1M,8.73
2020-05-30,Indonesia-Haldia,Panamax,3M,8.76
2020-05-30,Indonesia-Haldia,Panamax,6M,8.68
2020-05-30,Indonesia-Haldia,Panamax,1Y,9.15
2020-05-30,Indonesia-Haldia,Capesize,1M,9.67
2020-05-30,Indonesia-Haldia,Capesize,3M,10.22
2020-05-30,Indonesia-Haldia,Capesize,6M,10.08
2020-05-30,Indonesia-Haldia,Capesize,1Y,10.19
2020-05-30,Russia-Paradip,Panamax,1M,18.72
2020-05-30,Russia-Paradip,Panamax,3M,19.3
2020-05-30,Russia-Paradip,Panamax,6M,19.0
2020-05-30,Russia-Paradip,Panamax,1Y,20.13
2020-05-30,Russia-Paradip,Capesize,1M,22.18
2020-05-30,Russia-Paradip,Capesize,3M,22.44
2020-05-30,Russia-Paradip,Capesize,6M,22.41
2020-05-30,Russia-Paradip,Capesize,1Y,22.47
2020-05-30,Russia-Vizag,Panamax,1M,25.25
2020-05-30,Russia-Vizag,Panamax,3M,25.25
2020-05-30,Russia-Vizag,Panamax,6M,26.19
2020-05-30,Russia-Vizag,Panamax,1Y,26.37
2020-05-30,Russia-Vizag,Capesize,1M,19.86
2020-05-30,Russia-Vizag,Capesize,3M,19.37
2020-05-30,Russia-Vizag,Capesize,6M,19.95
2020-05-30,Russia-Vizag,Capesize,1Y,20.0
2020-05-30,Russia-Dhamra,Panamax,1M,26.24
2020-05-30,Russia-Dhamra,Panamax,3M,26.56
2020-05-30,Russia-Dhamra,Panamax,6M,27.25
2020-05-30,Russia-Dhamra,Panamax,1Y,27.79
2020-05-30,Russia-Dhamra,Capesize,1M,23.4
2020-05-30,Russia-Dhamra,Capesize,3M,22.81
2020-05-30,Russia-Dhamra,Capesize,6M,23.59
2020-05-30,Russia-Dhamra,Capesize,1Y,24.07
2020-05-30,Russia-Gangavaram,Panamax,1M,22.01
2020-05-30,Russia-Gangavaram,Panamax,3M,22.41
2020-05-30,Russia-Gangavaram,Panamax,6M,23.05
2020-05-30,Russia-Gangavaram,Panamax,1Y,22.81
2020-05-30,Russia-Gangavaram,Capesize,1M,22.05
2020-05-30,Russia-Gangavaram,Capesize,3M,21.35
2020-05-30,Russia-Gangavaram,Capesize,6M,22.04
2020-05-30,Russia-Gangavaram,Capesize,1Y,21.83
2020-05-30,Russia-Gopalpur,Panamax,1M,20.44
2020-05-30,Russia-Gopalpur,Panamax,3M,20.38
2020-05-30,Russia-Gopalpur,Panamax,6M,20.05
2020-05-30,Russia-Gopalpur,Panamax,1Y,21.35
2020-05-30,Russia-Gopalpur,Capesize,1M,20.29
2020-05-30,Russia-Gopalpur,Capesize,3M,20.88
2020-05-30,Russia-Gopalpur,Capesize,6M,21.22
2020-05-30,Russia-Gopalpur,Capesize,1Y,21.49
2020-05-30,Russia-Haldia,Panamax,1M,18.56
2020-05-30,Russia-Haldia,Panamax,3M,18.49
2020-05-30,Russia-Haldia,Panamax,6M,18.82
2020-05-30,Russia-Haldia,Panamax,1Y,19.34
2020-05-30,Russia-Haldia,Capesize,1M,19.87
2020-05-30,Russia-Haldia,Capesize,3M,19.78
2020-05-30,Russia-Haldia,Capesize,6M,20.7
2020-05-30,Russia-Haldia,Capesize,1Y,20.07
2020-05-30,Mozambique-Paradip,Panamax,1M,19.63
2020-05-30,Mozambique-Paradip,Panamax,3M,19.66
2020-05-30,Mozambique-Paradip,Panamax,6M,20.69
2020-05-30,Mozambique-Paradip,Panamax,1Y,20.59
2020-05-30,Mozambique-Paradip,Capesize,1M,20.31
2020-05-30,Mozambique-Paradip,Capesize,3M,20.57
2020-05-30,Mozambique-Paradip,Capesize,6M,21.42
2020-05-30,Mozambique-Paradip,Capesize,1Y,20.84
2020-05-30,Mozambique-Vizag,Panamax,1M,22.2
2020-05-30,Mozambique-Vizag,Panamax,3M,22.38
2020-05-30,Mozambique-Vizag,Panamax,6M,22.88
2020-05-30,Mozambique-Vizag,Panamax,1Y,23.19
2020-05-30,Mozambique-Vizag,Capesize,1M,20.4
2020-05-30,Mozambique-Vizag,Capesize,3M,20.61
2020-05-30,Mozambique-Vizag,Capesize,6M,21.04
2020-05-30,Mozambique-Vizag,Capesize,1Y,21.2
2020-05-30,Mozambique-Dhamra,Panamax,1M,19.83
2020-05-30,Mozambique-Dhamra,Panamax,3M,20.34
2020-05-30,Mozambique-Dhamra,Panamax,6M,20.73
2020-05-30,Mozambique-Dhamra,Panamax,1Y,21.08
2020-05-30,Mozambique-Dhamra,Capesize,1M,21.83
2020-05-30,Mozambique-Dhamra,Capesize,3M,22.01
2020-05-30,Mozambique-Dhamra,Capesize,6M,21.56
2020-05-30,Mozambique-Dhamra,Capesize,1Y,22.09
2020-05-30,Mozambique-Gangavaram,Panamax,1M,23.43
2020-05-30,Mozambique-Gangavaram,Panamax,3M,22.62
2020-05-30,Mozambique-Gangavaram,Panamax,6M,23.24
2020-05-30,Mozambique-Gangavaram,Panamax,1Y,23.55
2020-05-30,Mozambique-Gangavaram,Capesize,1M,21.81
2020-05-30,Mozambique-Gangavaram,Capesize,3M,21.34
2020-05-30,Mozambique-Gangavaram,Capesize,6M,21.69
2020-05-30,Mozambique-Gangavaram,Capesize,1Y,22.16
2020-05-30,Mozambique-Gopalpur,Panamax,1M,21.03
2020-05-30,Mozambique-Gopalpur,Panamax,3M,22.09
2020-05-30,Mozambique-Gopalpur,Panamax,6M,21.18
2020-05-30,Mozambique-Gopalpur,Panamax,1Y,21.88
2020-05-30,Mozambique-Gopalpur,Capesize,1M,20.66
2020-05-30,Mozambique-Gopalpur,Capesize,3M,21.09
2020-05-30,Mozambique-Gopalpur,Capesize,6M,21.36
2020-05-30,Mozambique-Gopalpur,Capesize,1Y,21.89
2020-05-30,Mozambique-Haldia,Panamax,1M,22.21
2020-05-30,Mozambique-Haldia,Panamax,3M,22.48
2020-05-30,Mozambique-Haldia,Panamax,6M,22.75
2020-05-30,Mozambique-Haldia,Panamax,1Y,23.76
2020-05-30,Mozambique-Haldia,Capesize,1M,20.38
2020-05-30,Mozambique-Haldia,Capesize,3M,21.4
2020-05-30,Mozambique-Haldia,Capesize,6M,21.41
2020-05-30,Mozambique-Haldia,Capesize,1Y,21.47
2020-05-30,USA-Paradip,Panamax,1M,32.8
2020-05-30,USA-Paradip,Panamax,3M,32.51
2020-05-30,USA-Paradip,Panamax,6M,33.73
2020-05-30,USA-Paradip,Panamax,1Y,33.96
2020-05-30,USA-Paradip,Capesize,1M,29.93
2020-05-30,USA-Paradip,Capesize,3M,29.68
2020-05-30,USA-Paradip,Capesize,6M,30.87
2020-05-30,USA-Paradip,Capesize,1Y,31.17
2020-05-30,USA-Vizag,Panamax,1M,32.8
2020-05-30,USA-Vizag,Panamax,3M,33.76
2020-05-30,USA-Vizag,Panamax,6M,33.79
2020-05-30,USA-Vizag,Panamax,1Y,33.47
2020-05-30,USA-Vizag,Capesize,1M,33.6
2020-05-30,USA-Vizag,Capesize,3M,34.45
2020-05-30,USA-Vizag,Capesize,6M,34.54
2020-05-30,USA-Vizag,Capesize,1Y,33.85
2020-05-30,USA-Dhamra,Panamax,1M,34.33
2020-05-30,USA-Dhamra,Panamax,3M,34.82
2020-05-30,USA-Dhamra,Panamax,6M,35.44
2020-05-30,USA-Dhamra,Panamax,1Y,36.88
2020-05-30,USA-Dhamra,Capesize,1M,28.22
2020-05-30,USA-Dhamra,Capesize,3M,29.55
2020-05-30,USA-Dhamra,Capesize,6M,29.87
2020-05-30,USA-Dhamra,Capesize,1Y,29.35
2020-05-30,USA-Gangavaram,Panamax,1M,36.44
2020-05-30,USA-Gangavaram,Panamax,3M,36.87
2020-05-30,USA-Gangavaram,Panamax,6M,37.42
2020-05-30,USA-Gangavaram,Panamax,1Y,37.29
2020-05-30,USA-Gangavaram,Capesize,1M,31.27
2020-05-30,USA-Gangavaram,Capesize,3M,31.86
2020-05-30,USA-Gangavaram,Capesize,6M,32.15
2020-05-30,USA-Gangavaram,Capesize,1Y,32.95
2020-05-30,USA-Gopalpur,Panamax,1M,30.38
2020-05-30,USA-Gopalpur,Panamax,3M,30.65
2020-05-30,USA-Gopalpur,Panamax,6M,31.51
2020-05-30,USA-Gopalpur,Panamax,1Y,31.83
2020-05-30,USA-Gopalpur,Capesize,1M,35.78
2020-05-30,USA-Gopalpur,Capesize,3M,36.32
2020-05-30,USA-Gopalpur,Capesize,6M,36.99
2020-05-30,USA-Gopalpur,Capesize,1Y,37.88
2020-05-30,USA-Haldia,Panamax,1M,37.84
2020-05-30,USA-Haldia,Panamax,3M,38.9
2020-05-30,USA-Haldia,Panamax,6M,37.78
2020-05-30,USA-Haldia,Panamax,1Y,38.58
2020-05-30,USA-Haldia,Capesize,1M,36.3
2020-05-30,USA-Haldia,Capesize,3M,35.96
2020-05-30,USA-Haldia,Capesize,6M,36.37
2020-05-30,USA-Haldia,Capesize,1Y,37.06
2020-06-29,Australia-Paradip,Panamax,1M,15.11
2020-06-29,Australia-Paradip,Panamax,3M,15.27
2020-06-29,Australia-Paradip,Panamax,6M,14.92
2020-06-29,Australia-Paradip,Panamax,1Y,15.93
2020-06-29,Australia-Paradip,Capesize,1M,15.82
2020-06-29,Australia-Paradip,Capesize,3M,16.23
2020-06-29,Australia-Paradip,Capesize,6M,16.21
2020-06-29,Australia-Paradip,Capesize,1Y,16.7
2020-06-29,Australia-Vizag,Panamax,1M,17.4
2020-06-29,Australia-Vizag,Panamax,3M,17.33
2020-06-29,Australia-Vizag,Panamax,6M,17.76
2020-06-29,Australia-Vizag,Panamax,1Y,17.57
2020-06-29,Australia-Vizag,Capesize,1M,18.87
2020-06-29,Australia-Vizag,Capesize,3M,19.21
2020-06-29,Australia-Vizag,Capesize,6M,19.49
2020-06-29,Australia-Vizag,Capesize,1Y,20.15
2020-06-29,Australia-Dhamra,Panamax,1M,16.12
2020-06-29,Australia-Dhamra,Panamax,3M,16.18
2020-06-29,Australia-Dhamra,Panamax,6M,16.44
2020-06-29,Australia-Dhamra,Panamax,1Y,16.78
2020-06-29,Australia-Dhamra,Capesize,1M,15.73
2020-06-29,Australia-Dhamra,Capesize,3M,16.04
2020-06-29,Australia-Dhamra,Capesize,6M,16.01
2020-06-29,Australia-Dhamra,Capesize,1Y,16.76
2020-06-29,Australia-Gangavaram,Panamax,1M,17.47
2020-06-29,Australia-Gangavaram,Panamax,3M,17.39
2020-06-29,Australia-Gangavaram,Panamax,6M,17.39
2020-06-29,Australia-Gangavaram,Panamax,1Y,17.99
2020-06-29,Australia-Gangavaram,Capesize,1M,15.16
2020-06-29,Australia-Gangavaram,Capesize,3M,14.85
2020-06-29,Australia-Gangavaram,Capesize,6M,15.2
2020-06-29,Australia-Gangavaram,Capesize,1Y,15.6
2020-06-29,Australia-Gopalpur,Panamax,1M,15.38
2020-06-29,Australia-Gopalpur,Panamax,3M,15.31
2020-06-29,Australia-Gopalpur,Panamax,6M,15.29
2020-06-29,Australia-Gopalpur,Panamax,1Y,15.51
2020-06-29,Australia-Gopalpur,Capesize,1M,17.74
2020-06-29,Australia-Gopalpur,Capesize,3M,17.44
2020-06-29,Australia-Gopalpur,Capesize,6M,17.41
2020-06-29,Australia-Gopalpur,Capesize,1Y,17.98
2020-06-29,Australia-Haldia,Panamax,1M,14.1
2020-06-29,Australia-Haldia,Panamax,3M,14.26
2020-06-29,Australia-Haldia,Panamax,6M,14.56
2020-06-29,Australia-Haldia,Panamax,1Y,14.72
2020-06-29,Australia-Haldia,Capesize,1M,14.71
2020-06-29,Australia-Haldia,Capesize,3M,14.11
2020-06-29,Australia-Haldia,Capesize,6M,14.62
2020-06-29,Australia-Haldia,Capesize,1Y,14.91
2020-06-29,Indonesia-Paradip,Panamax,1M,8.59
2020-06-29,Indonesia-Paradip,Panamax,3M,8.63
2020-06-29,Indonesia-Paradip,Panamax,6M,8.81
2020-06-29,Indonesia-Paradip,Panamax,1Y,8.78
2020-06-29,Indonesia-Paradip,Capesize,1M,11.3
2020-06-29,Indonesia-Paradip,Capesize,3M,11.11
2020-06-29,Indonesia-Paradip,Capesize,6M,11.45
2020-06-29,Indonesia-Paradip,Capesize,1Y,11.53
2020-06-29,Indonesia-Vizag,Panamax,1M,10.22
2020-06-29,Indonesia-Vizag,Panamax,3M,10.31
2020-06-29,Indonesia-Vizag,Panamax,6M,10.45
2020-06-29,Indonesia-Vizag,Panamax,1Y,10.68
2020-06-29,Indonesia-Vizag,Capesize,1M,10.86
2020-06-29,Indonesia-Vizag,Capesize,3M,10.55
2020-06-29,Indonesia-Vizag,Capesize,6M,10.83
2020-06-29,Indonesia-Vizag,Capesize,1Y,11.08
2020-06-29,Indonesia-Dhamra,Panamax,1M,10.89
2020-06-29,Indonesia-Dhamra,Panamax,3M,10.95
2020-06-29,Indonesia-Dhamra,Panamax,6M,11.13
2020-06-29,Indonesia-Dhamra,Panamax,1Y,11.23
2020-06-29,Indonesia-Dhamra,Capesize,1M,10.8
2020-06-29,Indonesia-Dhamra,Capesize,3M,10.48
2020-06-29,Indonesia-Dhamra,Capesize,6M,11.23
2020-06-29,Indonesia-Dhamra,Capesize,1Y,11.14
2020-06-29,Indonesia-Gangavaram,Panamax,1M,10.15
2020-06-29,Indonesia-Gangavaram,Panamax,3M,10.52
2020-06-29,Indonesia-Gangavaram,Panamax,6M,10.62
2020-06-29,Indonesia-Gangavaram,Panamax,1Y,10.84
2020-06-29,Indonesia-Gangavaram,Capesize,1M,9.17
2020-06-29,Indonesia-Gangavaram,Capesize,3M,9.38
2020-06-29,Indonesia-Gangavaram,Capesize,6M,9.59
2020-06-29,Indonesia-Gangavaram,Capesize,1Y,9.62
2020-06-29,Indonesia-Gopalpur,Panamax,1M,11.48
2020-06-29,Indonesia-Gopalpur,Panamax,3M,11.31
2020-06-29,Indonesia-Gopalpur,Panamax,6M,11.85
2020-06-29,Indonesia-Gopalpur,Panamax,1Y,11.69
2020-06-29,Indonesia-Gopalpur,Capesize,1M,11.21
2020-06-29,Indonesia-Gopalpur,Capesize,3M,11.0
2020-06-29,Indonesia-Gopalpur,Capesize,6M,11.39
2020-06-29,Indonesia-Gopalpur,Capesize,1Y,11.57
2020-06-29,Indonesia-Haldia,Panamax,1M,8.82
2020-06-29,Indonesia-Haldia,Panamax,3M,8.99
2020-06-29,Indonesia-Haldia,Panamax,6M,9.09
2020-06-29,Indonesia-Haldia,Panamax,1Y,9.04
2020-06-29,Indonesia-Haldia,Capesize,1M,9.89
2020-06-29,Indonesia-Haldia,Capesize,3M,10.34
2020-06-29,Indonesia-Haldia,Capesize,6M,10.4
2020-06-29,Indonesia-Haldia,Capesize,1Y,10.42
2020-06-29,Russia-Paradip,Panamax,1M,23.13
2020-06-29,Russia-Paradip,Panamax,3M,23.62
2020-06-29,Russia-Paradip,Panamax,6M,23.29
2020-06-29,Russia-Paradip,Panamax,1Y,24.16
2020-06-29,Russia-Paradip,Capesize,1M,21.5
2020-06-29,Russia-Paradip,Capesize,3M,21.93
2020-06-29,Russia-Paradip,Capesize,6M,21.34
2020-06-29,Russia-Paradip,Capesize,1Y,22.13
2020-06-29,Russia-Vizag,Panamax,1M,21.84
2020-06-29,Russia-Vizag,Panamax,3M,22.18
2020-06-29,Russia-Vizag,Panamax,6M,22.52
2020-06-29,Russia-Vizag,Panamax,1Y,23.2
2020-06-29,Russia-Vizag,Capesize,1M,22.87
2020-06-29,Russia-Vizag,Capesize,3M,22.73
2020-06-29,Russia-Vizag,Capesize,6M,22.88
2020-06-29,Russia-Vizag,Capesize,1Y,23.69
2020-06-29,Russia-Dhamra,Panamax,1M,21.74
2020-06-29,Russia-Dhamra,Panamax,3M,21.9
2020-06-29,Russia-Dhamra,Panamax,6M,21.96
2020-06-29,Russia-Dhamra,Panamax,1Y,21.98
2020-06-29,Russia-Dhamra,Capesize,1M,19.74
2020-06-29,Russia-Dhamra,Capesize,3M,19.7
2020-06-29,Russia-Dhamra,Capesize,6M,20.31
2020-06-29,Russia-Dhamra,Capesize,1Y,20.71
2020-06-29,Russia-Gangavaram,Panamax,1M,19.87
2020-06-29,Russia-Gangavaram,Panamax,3M,20.51
2020-06-29,Russia-Gangavaram,Panamax,6M,20.11
2020-06-29,Russia-Gangavaram,Panamax,1Y,20.42
2020-06-29,Russia-Gangavaram,Capesize,1M,22.78
2020-06-29,Russia-Gangavaram,Capesize,3M,23.78
2020-06-29,Russia-Gangavaram,Capesize,6M,23.7
2020-06-29,Russia-Gangavaram,Capesize,1Y,24.09
2020-06-29,Russia-Gopalpur,Panamax,1M,23.26
2020-06-29,Russia-Gopalpur,Panamax,3M,24.24
2020-06-29,Russia-Gopalpur,Panamax,6M,24.58
2020-06-29,Russia-Gopalpur,Panamax,1Y,24.36
2020-06-29,Russia-Gopalpur,Capesize,1M,18.61
2020-06-29,Russia-Gopalpur,Capesize,3M,19.2
2020-06-29,Russia-Gopalpur,Capesize,6M,19.61
2020-06-29,Russia-Gopalpur,Capesize,1Y,20.11
2020-06-29,Russia-Haldia,Panamax,1M,27.12
2020-06-29,Russia-Haldia,Panamax,3M,27.18
2020-06-29,Russia-Haldia,Panamax,6M,26.8
2020-06-29,Russia-Haldia,Panamax,1Y,27.5
2020-06-29,Russia-Haldia,Capesize,1M,22.21
2020-06-29,Russia-Haldia,Capesize,3M,22.42
2020-06-29,Russia-Haldia,Capesize,6M,22.78
2020-06-29,Russia-Haldia,Capesize,1Y,24.09
2020-06-29,Mozambique-Paradip,Panamax,1M,21.29
2020-06-29,Mozambique-Paradip,Panamax,3M,22.01
2020-06-29,Mozambique-Paradip,Panamax,6M,22.42
2020-06-29,Mozambique-Paradip,Panamax,1Y,22.23
2020-06-29,Mozambique-Paradip,Capesize,1M,21.98
2020-06-29,Mozambique-Paradip,Capesize,3M,21.92
2020-06-29,Mozambique-Paradip,Capesize,6M,21.94
2020-06-29,Mozambique-Paradip,Capesize,1Y,22.47
2020-06-29,Mozambique-Vizag,Panamax,1M,21.93
2020-06-29,Mozambique-Vizag,Panamax,3M,22.69
2020-06-29,Mozambique-Vizag,Panamax,6M,23.06
2020-06-29,Mozambique-Vizag,Panamax,1Y,23.26
2020-06-29,Mozambique-Vizag,Capesize,1M,18.93
2020-06-29,Mozambique-Vizag,Capesize,3M,19.28
2020-06-29,Mozambique-Vizag,Capesize,6M,19.76
2020-06-29,Mozambique-Vizag,Capesize,1Y,20.23
2020-06-29,Mozambique-Dhamra,Panamax,1M,20.0
2020-06-29,Mozambique-Dhamra,Panamax,3M,20.42
2020-06-29,Mozambique-Dhamra,Panamax,6M,20.26
2020-06-29,Mozambique-Dhamra,Panamax,1Y,20.69
2020-06-29,Mozambique-Dhamra,Capesize,1M,19.43
2020-06-29,Mozambique-Dhamra,Capesize,3M,19.08
2020-06-29,Mozambique-Dhamra,Capesize,6M,19.4
2020-06-29,Mozambique-Dhamra,Capesize,1Y,19.86
2020-06-29,Mozambique-Gangavaram,Panamax,1M,23.46
2020-06-29,Mozambique-Gangavaram,Panamax,3M,23.68
2020-06-29,Mozambique-Gangavaram,Panamax,6M,23.27
2020-06-29,Mozambique-Gangavaram,Panamax,1Y,23.93
2020-06-29,Mozambique-Gangavaram,Capesize,1M,24.65
2020-06-29,Mozambique-Gangavaram,Capesize,3M,24.42
2020-06-29,Mozambique-Gangavaram,Capesize,6M,24.83
2020-06-29,Mozambique-Gangavaram,Capesize,1Y,24.93
2020-06-29,Mozambique-Gopalpur,Panamax,1M,20.37
2020-06-29,Mozambique-Gopalpur,Panamax,3M,21.12
2020-06-29,Mozambique-Gopalpur,Panamax,6M,20.37
2020-06-29,Mozambique-Gopalpur,Panamax,1Y,21.25
2020-06-29,Mozambique-Gopalpur,Capesize,1M,20.17
2020-06-29,Mozambique-Gopalpur,Capesize,3M,20.76
2020-06-29,Mozambique-Gopalpur,Capesize,6M,20.43
2020-06-29,Mozambique-Gopalpur,Capesize,1Y,20.95
2020-06-29,Mozambique-Haldia,Panamax,1M,21.25
2020-06-29,Mozambique-Haldia,Panamax,3M,22.35
2020-06-29,Mozambique-Haldia,Panamax,6M,22.26
2020-06-29,Mozambique-Haldia,Panamax,1Y,22.88
2020-06-29,Mozambique-Haldia,Capesize,1M,19.99
2020-06-29,Mozambique-Haldia,Capesize,3M,20.19
2020-06-29,Mozambique-Haldia,Capesize,6M,21.0
2020-06-29,Mozambique-Haldia,Capesize,1Y,20.19
2020-06-29,USA-Paradip,Panamax,1M,32.95
2020-06-29,USA-Paradip,Panamax,3M,33.74
2020-06-29,USA-Paradip,Panamax,6M,33.78
2020-06-29,USA-Paradip,Panamax,1Y,33.68
2020-06-29,USA-Paradip,Capesize,1M,32.03
2020-06-29,USA-Paradip,Capesize,3M,32.59
2020-06-29,USA-Paradip,Capesize,6M,32.84
2020-06-29,USA-Paradip,Capesize,1Y,32.64
2020-06-29,USA-Vizag,Panamax,1M,33.32
2020-06-29,USA-Vizag,Panamax,3M,32.33
2020-06-29,USA-Vizag,Panamax,6M,32.66
2020-06-29,USA-Vizag,Panamax,1Y,34.97
2020-06-29,USA-Vizag,Capesize,1M,35.22
2020-06-29,USA-Vizag,Capesize,3M,34.97
2020-06-29,USA-Vizag,Capesize,6M,35.79
2020-06-29,USA-Vizag,Capesize,1Y,36.25
2020-06-29,USA-Dhamra,Panamax,1M,31.96
2020-06-29,USA-Dhamra,Panamax,3M,31.09
2020-06-29,USA-Dhamra,Panamax,6M,32.12
2020-06-29,USA-Dhamra,Panamax,1Y,32.14
2020-06-29,USA-Dhamra,Capesize,1M,34.65
2020-06-29,USA-Dhamra,Capesize,3M,34.41
2020-06-29,USA-Dhamra,Capesize,6M,34.43
2020-06-29,USA-Dhamra,Capesize,1Y,35.38
2020-06-29,USA-Gangavaram,Panamax,1M,32.41
2020-06-29,USA-Gangavaram,Panamax,3M,32.46
2020-06-29,USA-Gangavaram,Panamax,6M,33.1
2020-06-29,USA-Gangavaram,Panamax,1Y,33.3
2020-06-29,USA-Gangavaram,Capesize,1M,29.49
2020-06-29,USA-Gangavaram,Capesize,3M,30.4
2020-06-29,USA-Gangavaram,Capesize,6M,28.78
2020-06-29,USA-Gangavaram,Capesize,1Y,30.77
2020-06-29,USA-Gopalpur,Panamax,1M,30.67
2020-06-29,USA-Gopalpur,Panamax,3M,30.47
2020-06-29,USA-Gopalpur,Panamax,6M,31.17
2020-06-29,USA-Gopalpur,Panamax,1Y,32.18
2020-06-29,USA-Gopalpur,Capesize,1M,31.85
2020-06-29,USA-Gopalpur,Capesize,3M,31.94
2020-06-29,USA-Gopalpur,Capesize,6M,32.71
2020-06-29,USA-Gopalpur,Capesize,1Y,32.69
2020-06-29,USA-Haldia,Panamax,1M,28.55
2020-06-29,USA-Haldia,Panamax,3M,29.71
2020-06-29,USA-Haldia,Panamax,6M,29.71
2020-06-29,USA-Haldia,Panamax,1Y,29.27
2020-06-29,USA-Haldia,Capesize,1M,32.29
2020-06-29,USA-Haldia,Capesize,3M,32.29
2020-06-29,USA-Haldia,Capesize,6M,31.9
2020-06-29,USA-Haldia,Capesize,1Y,33.27
2020-07-29,Australia-Paradip,Panamax,1M,18.11
2020-07-29,Australia-Paradip,Panamax,3M,18.15
2020-07-29,Australia-Paradip,Panamax,6M,18.97
2020-07-29,Australia-Paradip,Panamax,1Y,18.79
2020-07-29,Australia-Paradip,Capesize,1M,17.73
2020-07-29,Australia-Paradip,Capesize,3M,17.99
2020-07-29,Australia-Paradip,Capesize,6M,18.18
2020-07-29,Australia-Paradip,Capesize,1Y,18.67
2020-07-29,Australia-Vizag,Panamax,1M,15.05
2020-07-29,Australia-Vizag,Panamax,3M,15.49
2020-07-29,Australia-Vizag,Panamax,6M,15.59
2020-07-29,Australia-Vizag,Panamax,1Y,15.57
2020-07-29,Australia-Vizag,Capesize,1M,16.37
2020-07-29,Australia-Vizag,Capesize,3M,16.95
2020-07-29,Australia-Vizag,Capesize,6M,16.68
2020-07-29,Australia-Vizag,Capesize,1Y,17.39
2020-07-29,Australia-Dhamra,Panamax,1M,16.7
2020-07-29,Australia-Dhamra,Panamax,3M,16.76
2020-07-29,Australia-Dhamra,Panamax,6M,17.08
2020-07-29,Australia-Dhamra,Panamax,1Y,17.44
2020-07-29,Australia-Dhamra,Capesize,1M,18.17
2020-07-29,Australia-Dhamra,Capesize,3M,18.87
2020-07-29,Australia-Dhamra,Capesize,6M,18.45
2020-07-29,Australia-Dhamra,Capesize,1Y,18.94
2020-07-29,Australia-Gangavaram,Panamax,1M,17.25
2020-07-29,Australia-Gangavaram,Panamax,3M,17.77
2020-07-29,Australia-Gangavaram,Panamax,6M,17.73
2020-07-29,Australia-Gangavaram,Panamax,1Y,18.17
2020-07-29,Australia-Gangavaram,Capesize,1M,15.45
2020-07-29,Australia-Gangavaram,Capesize,3M,16.23
2020-07-29,Australia-Gangavaram,Capesize,6M,15.94
2020-07-29,Australia-Gangavaram,Capesize,1Y,15.83
2020-07-29,Australia-Gopalpur,Panamax,1M,14.9
2020-07-29,Australia-Gopalpur,Panamax,3M,14.74
2020-07-29,Australia-Gopalpur,Panamax,6M,15.16
2020-07-29,Australia-Gopalpur,Panamax,1Y,15.55
2020-07-29,Australia-Gopalpur,Capesize,1M,16.33
2020-07-29,Australia-Gopalpur,Capesize,3M,16.04
2020-07-29,Australia-Gopalpur,Capesize,6M,16.34
2020-07-29,Australia-Gopalpur,Capesize,1Y,16.51
2020-07-29,Australia-Haldia,Panamax,1M,17.2
2020-07-29,Australia-Haldia,Panamax,3M,17.42
2020-07-29,Australia-Haldia,Panamax,6M,18.05
2020-07-29,Australia-Haldia,Panamax,1Y,18.67
2020-07-29,Australia-Haldia,Capesize,1M,15.65
2020-07-29,Australia-Haldia,Capesize,3M,15.65
2020-07-29,Australia-Haldia,Capesize,6M,16.63
2020-07-29,Australia-Haldia,Capesize,1Y,16.69
2020-07-29,Indonesia-Paradip,Panamax,1M,9.37
2020-07-29,Indonesia-Paradip,Panamax,3M,9.38
2020-07-29,Indonesia-Paradip,Panamax,6M,9.61
2020-07-29,Indonesia-Paradip,Panamax,1Y,9.86
2020-07-29,Indonesia-Paradip,Capesize,1M,12.53
2020-07-29,Indonesia-Paradip,Capesize,3M,13.01
2020-07-29,Indonesia-Paradip,Capesize,6M,12.7
2020-07-29,Indonesia-Paradip,Capesize,1Y,13.31
2020-07-29,Indonesia-Vizag,Panamax,1M,11.54
2020-07-29,Indonesia-Vizag,Panamax,3M,11.94
2020-07-29,Indonesia-Vizag,Panamax,6M,11.82
2020-07-29,Indonesia-Vizag,Panamax,1Y,12.06
2020-07-29,Indonesia-Vizag,Capesize,1M,11.46
2020-07-29,Indonesia-Vizag,Capesize,3M,11.68
2020-07-29,Indonesia-Vizag,Capesize,6M,11.91
2020-07-29,Indonesia-Vizag,Capesize,1Y,12.19
2020-07-29,Indonesia-Dhamra,Panamax,1M,11.9
2020-07-29,Indonesia-Dhamra,Panamax,3M,12.29
2020-07-29,Indonesia-Dhamra,Panamax,6M,12.57
2020-07-29,Indonesia-Dhamra,Panamax,1Y,12.65
2020-07-29,Indonesia-Dhamra,Capesize,1M,10.37
2020-07-29,Indonesia-Dhamra,Capesize,3M,10.46
2020-07-29,Indonesia-Dhamra,Capesize,6M,10.76
2020-07-29,Indonesia-Dhamra,Capesize,1Y,10.76
2020-07-29,Indonesia-Gangavaram,Panamax,1M,11.88
2020-07-29,Indonesia-Gangavaram,Panamax,3M,11.54
2020-07-29,Indonesia-Gangavaram,Panamax,6M,12.04
2020-07-29,Indonesia-Gangavaram,Panamax,1Y,12.41
2020-07-29,Indonesia-Gangavaram,Capesize,1M,10.62
2020-07-29,Indonesia-Gangavaram,Capesize,3M,10.34
2020-07-29,Indonesia-Gangavaram,Capesize,6M,10.51
2020-07-29,Indonesia-Gangavaram,Capesize,1Y,10.77
2020-07-29,Indonesia-Gopalpur,Panamax,1M,10.59
2020-07-29,Indonesia-Gopalpur,Panamax,3M,10.61
2020-07-29,Indonesia-Gopalpur,Panamax,6M,10.87
2020-07-29,Indonesia-Gopalpur,Panamax,1Y,11.01
2020-07-29,Indonesia-Gopalpur,Capesize,1M,9.46
2020-07-29,Indonesia-Gopalpur,Capesize,3M,9.73
2020-07-29,Indonesia-Gopalpur,Capesize,6M,10.02
2020-07-29,Indonesia-Gopalpur,Capesize,1Y,10.04
2020-07-29,Indonesia-Haldia,Panamax,1M,10.56
2020-07-29,Indonesia-Haldia,Panamax,3M,10.43
2020-07-29,Indonesia-Haldia,Panamax,6M,10.83
2020-07-29,Indonesia-Haldia,Panamax,1Y,10.88
2020-07-29,Indonesia-Haldia,Capesize,1M,11.74
2020-07-29,Indonesia-Haldia,Capesize,3M,11.87
2020-07-29,Indonesia-Haldia,Capesize,6M,12.11
2020-07-29,Indonesia-Haldia,Capesize,1Y,12.36
2020-07-29,Russia-Paradip,Panamax,1M,23.31
2020-07-29,Russia-Paradip,Panamax,3M,23.56
2020-07-29,Russia-Paradip,Panamax,6M,24.19
2020-07-29,Russia-Paradip,Panamax,1Y,24.14
2020-07-29,Russia-Paradip,Capesize,1M,25.36
2020-07-29,Russia-Paradip,Capesize,3M,25.04
2020-07-29,Russia-Paradip,Capesize,6M,24.66
2020-07-29,Russia-Paradip,Capesize,1Y,24.65
2020-07-29,Russia-Vizag,Panamax,1M,22.3
2020-07-29,Russia-Vizag,Panamax,3M,22.32
2020-07-29,Russia-Vizag,Panamax,6M,22.09
2020-07-29,Russia-Vizag,Panamax,1Y,23.4
2020-07-29,Russia-Vizag,Capesize,1M,24.52
2020-07-29,Russia-Vizag,Capesize,3M,24.91
2020-07-29,Russia-Vizag,Capesize,6M,24.87
2020-07-29,Russia-Vizag,Capesize,1Y,25.34
2020-07-29,Russia-Dhamra,Panamax,1M,21.31
2020-07-29,Russia-Dhamra,Panamax,3M,21.67
2020-07-29,Russia-Dhamra,Panamax,6M,21.07
2020-07-29,Russia-Dhamra,Panamax,1Y,22.54
2020-07-29,Russia-Dhamra,Capesize,1M,22.43
2020-07-29,Russia-Dhamra,Capesize,3M,23.07
2020-07-29,Russia-Dhamra,Capesize,6M,23.52
2020-07-29,Russia-Dhamra,Capesize,1Y,23.75
2020-07-29,Russia-Gangavaram,Panamax,1M,19.78
2020-07-29,Russia-Gangavaram,Panamax,3M,20.28
2020-07-29,Russia-Gangavaram,Panamax,6M,20.16
2020-07-29,Russia-Gangavaram,Panamax,1Y,20.35
2020-07-29,Russia-Gangavaram,Capesize,1M,20.95
2020-07-29,Russia-Gangavaram,Capesize,3M,21.67
2020-07-29,Russia-Gangavaram,Capesize,6M,21.7
2020-07-29,Russia-Gangavaram,Capesize,1Y,22.39
2020-07-29,Russia-Gopalpur,Panamax,1M,22.7
2020-07-29,Russia-Gopalpur,Panamax,3M,22.96
2020-07-29,Russia-Gopalpur,Panamax,6M,23.63
2020-07-29,Russia-Gopalpur,Panamax,1Y,23.8
2020-07-29,Russia-Gopalpur,Capesize,1M,20.92
2020-07-29,Russia-Gopalpur,Capesize,3M,21.25
2020-07-29,Russia-Gopalpur,Capesize,6M,21.44
2020-07-29,Russia-Gopalpur,Capesize,1Y,22.09
2020-07-29,Russia-Haldia,Panamax,1M,23.38
2020-07-29,Russia-Haldia,Panamax,3M,23.08
2020-07-29,Russia-Haldia,Panamax,6M,23.21
2020-07-29,Russia-Haldia,Panamax,1Y,23.68
2020-07-29,Russia-Haldia,Capesize,1M,24.49
2020-07-29,Russia-Haldia,Capesize,3M,24.79
2020-07-29,Russia-Haldia,Capesize,6M,24.61
2020-07-29,Russia-Haldia,Capesize,1Y,25.44
2020-07-29,Mozambique-Paradip,Panamax,1M,17.13
2020-07-29,Mozambique-Paradip,Panamax,3M,17.74
2020-07-29,Mozambique-Paradip,Panamax,6M,17.83
2020-07-29,Mozambique-Paradip,Panamax,1Y,18.45
2020-07-29,Mozambique-Paradip,Capesize,1M,22.44
2020-07-29,Mozambique-Paradip,Capesize,3M,23.68
2020-07-29,Mozambique-Paradip,Capesize,6M,22.87
2020-07-29,Mozambique-Paradip,Capesize,1Y,23.31
2020-07-29,Mozambique-Vizag,Panamax,1M,19.73
2020-07-29,Mozambique-Vizag,Panamax,3M,20.33
2020-07-29,Mozambique-Vizag,Panamax,6M,20.12
2020-07-29,Mozambique-Vizag,Panamax,1Y,20.6
2020-07-29,Mozambique-Vizag,Capesize,1M,22.65
2020-07-29,Mozambique-Vizag,Capesize,3M,22.62
2020-07-29,Mozambique-Vizag,Capesize,6M,22.99
2020-07-29,Mozambique-Vizag,Capesize,1Y,23.44
2020-07-29,Mozambique-Dhamra,Panamax,1M,21.31
2020-07-29,Mozambique-Dhamra,Panamax,3M,21.5
2020-07-29,Mozambique-Dhamra,Panamax,6M,21.56
2020-07-29,Mozambique-Dhamra,Panamax,1Y,22.66
2020-07-29,Mozambique-Dhamra,Capesize,1M,21.55
2020-07-29,Mozambique-Dhamra,Capesize,3M,21.78
2020-07-29,Mozambique-Dhamra,Capesize,6M,21.9
2020-07-29,Mozambique-Dhamra,Capesize,1Y,21.97
2020-07-29,Mozambique-Gangavaram,Panamax,1M,17.6
2020-07-29,Mozambique-Gangavaram,Panamax,3M,18.28
2020-07-29,Mozambique-Gangavaram,Panamax,6M,18.1
2020-07-29,Mozambique-Gangavaram,Panamax,1Y,19.31
2020-07-29,Mozambique-Gangavaram,Capesize,1M,22.87
2020-07-29,Mozambique-Gangavaram,Capesize,3M,23.76
2020-07-29,Mozambique-Gangavaram,Capesize,6M,23.68
2020-07-29,Mozambique-Gangavaram,Capesize,1Y,25.37
2020-07-29,Mozambique-Gopalpur,Panamax,1M,22.08
2020-07-29,Mozambique-Gopalpur,Panamax,3M,22.21
2020-07-29,Mozambique-Gopalpur,Panamax,6M,22.77
2020-07-29,Mozambique-Gopalpur,Panamax,1Y,23.11
2020-07-29,Mozambique-Gopalpur,Capesize,1M,22.83
2020-07-29,Mozambique-Gopalpur,Capesize,3M,23.54
2020-07-29,Mozambique-Gopalpur,Capesize,6M,23.11
2020-07-29,Mozambique-Gopalpur,Capesize,1Y,24.06
2020-07-29,Mozambique-Haldia,Panamax,1M,20.54
2020-07-29,Mozambique-Haldia,Panamax,3M,21.0
2020-07-29,Mozambique-Haldia,Panamax,6M,20.94
2020-07-29,Mozambique-Haldia,Panamax,1Y,21.31
2020-07-29,Mozambique-Haldia,Capesize,1M,17.95
2020-07-29,Mozambique-Haldia,Capesize,3M,18.79
2020-07-29,Mozambique-Haldia,Capesize,6M,18.69
2020-07-29,Mozambique-Haldia,Capesize,1Y,18.68
2020-07-29,USA-Paradip,Panamax,1M,33.11
2020-07-29,USA-Paradip,Panamax,3M,33.92
2020-07-29,USA-Paradip,Panamax,6M,33.06
2020-07-29,USA-Paradip,Panamax,1Y,34.77
2020-07-29,USA-Paradip,Capesize,1M,29.69
2020-07-29,USA-Paradip,Capesize,3M,30.24
2020-07-29,USA-Paradip,Capesize,6M,29.39
2020-07-29,USA-Paradip,Capesize,1Y,30.78
2020-07-29,USA-Vizag,Panamax,1M,33.2
2020-07-29,USA-Vizag,Panamax,3M,33.82
2020-07-29,USA-Vizag,Panamax,6M,34.03
2020-07-29,USA-Vizag,Panamax,1Y,33.81
2020-07-29,USA-Vizag,Capesize,1M,34.68
2020-07-29,USA-Vizag,Capesize,3M,34.07
2020-07-29,USA-Vizag,Capesize,6M,34.66
2020-07-29,USA-Vizag,Capesize,1Y,35.12
2020-07-29,USA-Dhamra,Panamax,1M,29.16
2020-07-29,USA-Dhamra,Panamax,3M,29.36
2020-07-29,USA-Dhamra,Panamax,6M,29.9
2020-07-29,USA-Dhamra,Panamax,1Y,30.83
2020-07-29,USA-Dhamra,Capesize,1M,34.72
2020-07-29,USA-Dhamra,Capesize,3M,35.38
2020-07-29,USA-Dhamra,Capesize,6M,35.44
2020-07-29,USA-Dhamra,Capesize,1Y,37.02
2020-07-29,USA-Gangavaram,Panamax,1M,35.36
2020-07-29,USA-Gangavaram,Panamax,3M,33.63
2020-07-29,USA-Gangavaram,Panamax,6M,35.2
2020-07-29,USA-Gangavaram,Panamax,1Y,36.22
2020-07-29,USA-Gangavaram,Capesize,1M,32.4
2020-07-29,USA-Gangavaram,Capesize,3M,32.35
2020-07-29,USA-Gangavaram,Capesize,6M,31.74
2020-07-29,USA-Gangavaram,Capesize,1Y,33.98
2020-07-29,USA-Gopalpur,Panamax,1M,35.92
2020-07-29,USA-Gopalpur,Panamax,3M,35.22
2020-07-29,USA-Gopalpur,Panamax,6M,37.58
2020-07-29,USA-Gopalpur,Panamax,1Y,36.71
2020-07-29,USA-Gopalpur,Capesize,1M,29.47
2020-07-29,USA-Gopalpur,Capesize,3M,30.62
2020-07-29,USA-Gopalpur,Capesize,6M,30.73
2020-07-29,USA-Gopalpur,Capesize,1Y,31.87
2020-07-29,USA-Haldia,Panamax,1M,37.21
2020-07-29,USA-Haldia,Panamax,3M,36.69
2020-07-29,USA-Haldia,Panamax,6M,37.31
2020-07-29,USA-Haldia,Panamax,1Y,39.07
2020-07-29,USA-Haldia,Capesize,1M,28.78
2020-07-29,USA-Haldia,Capesize,3M,29.77
2020-07-29,USA-Haldia,Capesize,6M,29.56
2020-07-29,USA-Haldia,Capesize,1Y,29.89
2020-08-28,Australia-Paradip,Panamax,1M,17.53
2020-08-28,Australia-Paradip,Panamax,3M,16.9
2020-08-28,Australia-Paradip,Panamax,6M,16.94
2020-08-28,Australia-Paradip,Panamax,1Y,17.81
2020-08-28,Australia-Paradip,Capesize,1M,16.8
2020-08-28,Australia-Paradip,Capesize,3M,16.96
2020-08-28,Australia-Paradip,Capesize,6M,17.32
2020-08-28,Australia-Paradip,Capesize,1Y,17.78
2020-08-28,Australia-Vizag,Panamax,1M,16.05
2020-08-28,Australia-Vizag,Panamax,3M,16.82
2020-08-28,Australia-Vizag,Panamax,6M,17.09
2020-08-28,Australia-Vizag,Panamax,1Y,17.17
2020-08-28,Australia-Vizag,Capesize,1M,15.82
2020-08-28,Australia-Vizag,Capesize,3M,16.1
2020-08-28,Australia-Vizag,Capesize,6M,16.33
2020-08-28,Australia-Vizag,Capesize,1Y,16.78
2020-08-28,Australia-Dhamra,Panamax,1M,16.31
2020-08-28,Australia-Dhamra,Panamax,3M,16.51
2020-08-28,Australia-Dhamra,Panamax,6M,16.5
2020-08-28,Australia-Dhamra,Panamax,1Y,17.52
2020-08-28,Australia-Dhamra,Capesize,1M,15.36
2020-08-28,Australia-Dhamra,Capesize,3M,16.02
2020-08-28,Australia-Dhamra,Capesize,6M,15.59
2020-08-28,Australia-Dhamra,Capesize,1Y,16.23
2020-08-28,Australia-Gangavaram,Panamax,1M,17.63
2020-08-28,Australia-Gangavaram,Panamax,3M,17.67
2020-08-28,Australia-Gangavaram,Panamax,6M,17.72
2020-08-28,Australia-Gangavaram,Panamax,1Y,18.11
2020-08-28,Australia-Gangavaram,Capesize,1M,17.34
2020-08-28,Australia-Gangavaram,Capesize,3M,18.17
2020-08-28,Australia-Gangavaram,Capesize,6M,18.19
2020-08-28,Australia-Gangavaram,Capesize,1Y,18.32
2020-08-28,Australia-Gopalpur,Panamax,1M,14.19
2020-08-28,Australia-Gopalpur,Panamax,3M,14.16
2020-08-28,Australia-Gopalpur,Panamax,6M,14.47
2020-08-28,Australia-Gopalpur,Panamax,1Y,14.39
2020-08-28,Australia-Gopalpur,Capesize,1M,16.09
2020-08-28,Australia-Gopalpur,Capesize,3M,16.18
2020-08-28,Australia-Gopalpur,Capesize,6M,16.55
2020-08-28,Australia-Gopalpur,Capesize,1Y,16.88
2020-08-28,Australia-Haldia,Panamax,1M,17.1
2020-08-28,Australia-Haldia,Panamax,3M,17.77
2020-08-28,Australia-Haldia,Panamax,6M,16.94
2020-08-28,Australia-Haldia,Panamax,1Y,17.28
2020-08-28,Australia-Haldia,Capesize,1M,18.15
2020-08-28,Australia-Haldia,Capesize,3M,18.36
2020-08-28,Australia-Haldia,Capesize,6M,18.8
2020-08-28,Australia-Haldia,Capesize,1Y,19.29
2020-08-28,Indonesia-Paradip,Panamax,1M,9.89
2020-08-28,Indonesia-Paradip,Panamax,3M,9.6
2020-08-28,Indonesia-Paradip,Panamax,6M,9.57
2020-08-28,Indonesia-Paradip,Panamax,1Y,10.3
2020-08-28,Indonesia-Paradip,Capesize,1M,11.44
2020-08-28,Indonesia-Paradip,Capesize,3M,11.63
2020-08-28,Indonesia-Paradip,Capesize,6M,11.62
2020-08-28,Indonesia-Paradip,Capesize,1Y,11.56
2020-08-28,Indonesia-Vizag,Panamax,1M,9.93
2020-08-28,Indonesia-Vizag,Panamax,3M,10.22
2020-08-28,Indonesia-Vizag,Panamax,6M,10.44
2020-08-28,Indonesia-Vizag,Panamax,1Y,10.3
2020-08-28,Indonesia-Vizag,Capesize,1M,10.02
2020-08-28,Indonesia-Vizag,Capesize,3M,10.4
2020-08-28,Indonesia-Vizag,Capesize,6M,10.46
2020-08-28,Indonesia-Vizag,Capesize,1Y,10.57
2020-08-28,Indonesia-Dhamra,Panamax,1M,9.25
2020-08-28,Indonesia-Dhamra,Panamax,3M,9.26
2020-08-28,Indonesia-Dhamra,Panamax,6M,9.48
2020-08-28,Indonesia-Dhamra,Panamax,1Y,9.61
2020-08-28,Indonesia-Dhamra,Capesize,1M,8.95
2020-08-28,Indonesia-Dhamra,Capesize,3M,9.22
2020-08-28,Indonesia-Dhamra,Capesize,6M,9.31
2020-08-28,Indonesia-Dhamra,Capesize,1Y,9.44
2020-08-28,Indonesia-Gangavaram,Panamax,1M,8.8
2020-08-28,Indonesia-Gangavaram,Panamax,3M,9.04
2020-08-28,Indonesia-Gangavaram,Panamax,6M,9.1
2020-08-28,Indonesia-Gangavaram,Panamax,1Y,9.25
2020-08-28,Indonesia-Gangavaram,Capesize,1M,9.58
2020-08-28,Indonesia-Gangavaram,Capesize,3M,9.5
2020-08-28,Indonesia-Gangavaram,Capesize,6M,9.51
2020-08-28,Indonesia-Gangavaram,Capesize,1Y,9.88
2020-08-28,Indonesia-Gopalpur,Panamax,1M,12.81
2020-08-28,Indonesia-Gopalpur,Panamax,3M,12.74
2020-08-28,Indonesia-Gopalpur,Panamax,6M,13.25
2020-08-28,Indonesia-Gopalpur,Panamax,1Y,13.57
2020-08-28,Indonesia-Gopalpur,Capesize,1M,10.4
2020-08-28,Indonesia-Gopalpur,Capesize,3M,10.07
2020-08-28,Indonesia-Gopalpur,Capesize,6M,10.49
2020-08-28,Indonesia-Gopalpur,Capesize,1Y,10.75
2020-08-28,Indonesia-Haldia,Panamax,1M,10.29
2020-08-28,Indonesia-Haldia,Panamax,3M,10.55
2020-08-28,Indonesia-Haldia,Panamax,6M,10.69
2020-08-28,Indonesia-Haldia,Panamax,1Y,10.58
2020-08-28,Indonesia-Haldia,Capesize,1M,9.68
2020-08-28,Indonesia-Haldia,Capesize,3M,9.51
2020-08-28,Indonesia-Haldia,Capesize,6M,9.4
2020-08-28,Indonesia-Haldia,Capesize,1Y,9.9
2020-08-28,Russia-Paradip,Panamax,1M,23.02
2020-08-28,Russia-Paradip,Panamax,3M,22.17
2020-08-28,Russia-Paradip,Panamax,6M,23.07
2020-08-28,Russia-Paradip,Panamax,1Y,22.91
2020-08-28,Russia-Paradip,Capesize,1M,20.87
2020-08-28,Russia-Paradip,Capesize,3M,21.62
2020-08-28,Russia-Paradip,Capesize,6M,21.9
2020-08-28,Russia-Paradip,Capesize,1Y,22.27
2020-08-28,Russia-Vizag,Panamax,1M,20.69
2020-08-28,Russia-Vizag,Panamax,3M,21.13
2020-08-28,Russia-Vizag,Panamax,6M,20.79
2020-08-28,Russia-Vizag,Panamax,1Y,22.25
2020-08-28,Russia-Vizag,Capesize,1M,25.44
2020-08-28,Russia-Vizag,Capesize,3M,25.9
2020-08-28,Russia-Vizag,Capesize,6M,25.6
2020-08-28,Russia-Vizag,Capesize,1Y,26.5
2020-08-28,Russia-Dhamra,Panamax,1M,18.2
2020-08-28,Russia-Dhamra,Panamax,3M,19.25
2020-08-28,Russia-Dhamra,Panamax,6M,19.27
2020-08-28,Russia-Dhamra,Panamax,1Y,19.89
2020-08-28,Russia-Dhamra,Capesize,1M,20.43
2020-08-28,Russia-Dhamra,Capesize,3M,20.89
2020-08-28,Russia-Dhamra,Capesize,6M,21.19
2020-08-28,Russia-Dhamra,Capesize,1Y,21.43
2020-08-28,Russia-Gangavaram,Panamax,1M,23.29
2020-08-28,Russia-Gangavaram,Panamax,3M,22.4
2020-08-28,Russia-Gangavaram,Panamax,6M,22.87
2020-08-28,Russia-Gangavaram,Panamax,1Y,23.77
2020-08-28,Russia-Gangavaram,Capesize,1M,26.49
2020-08-28,Russia-Gangavaram,Capesize,3M,26.3
2020-08-28,Russia-Gangavaram,Capesize,6M,25.87
2020-08-28,Russia-Gangavaram,Capesize,1Y,26.45
2020-08-28,Russia-Gopalpur,Panamax,1M,22.86
2020-08-28,Russia-Gopalpur,Panamax,3M,24.71
2020-08-28,Russia-Gopalpur,Panamax,6M,23.59
2020-08-28,Russia-Gopalpur,Panamax,1Y,24.9
2020-08-28,Russia-Gopalpur,Capesize,1M,21.88
2020-08-28,Russia-Gopalpur,Capesize,3M,22.21
2020-08-28,Russia-Gopalpur,Capesize,6M,22.08
2020-08-28,Russia-Gopalpur,Capesize,1Y,23.19
2020-08-28,Russia-Haldia,Panamax,1M,23.22
2020-08-28,Russia-Haldia,Panamax,3M,23.8
2020-08-28,Russia-Haldia,Panamax,6M,23.52
2020-08-28,Russia-Haldia,Panamax,1Y,24.89
2020-08-28,Russia-Haldia,Capesize,1M,22.78
2020-08-28,Russia-Haldia,Capesize,3M,22.38
2020-08-28,Russia-Haldia,Capesize,6M,22.22
2020-08-28,Russia-Haldia,Capesize,1Y,22.87
2020-08-28,Mozambique-Paradip,Panamax,1M,19.88
2020-08-28,Mozambique-Paradip,Panamax,3M,20.4
2020-08-28,Mozambique-Paradip,Panamax,6M,19.97
2020-08-28,Mozambique-Paradip,Panamax,1Y,20.95
2020-08-28,Mozambique-Paradip,Capesize,1M,21.3
2020-08-28,Mozambique-Paradip,Capesize,3M,21.02
2020-08-28,Mozambique-Paradip,Capesize,6M,22.22
2020-08-28,Mozambique-Paradip,Capesize,1Y,21.96
2020-08-28,Mozambique-Vizag,Panamax,1M,19.89
2020-08-28,Mozambique-Vizag,Panamax,3M,19.93
2020-08-28,Mozambique-Vizag,Panamax,6M,20.68
2020-08-28,Mozambique-Vizag,Panamax,1Y,20.64
2020-08-28,Mozambique-Vizag,Capesize,1M,19.84
2020-08-28,Mozambique-Vizag,Capesize,3M,19.71
2020-08-28,Mozambique-Vizag,Capesize,6M,20.01
2020-08-28,Mozambique-Vizag,Capesize,1Y,20.5
2020-08-28,Mozambique-Dhamra,Panamax,1M,22.17
2020-08-28,Mozambique-Dhamra,Panamax,3M,22.54
2020-08-28,Mozambique-Dhamra,Panamax,6M,22.67
2020-08-28,Mozambique-Dhamra,Panamax,1Y,22.86
2020-08-28,Mozambique-Dhamra,Capesize,1M,20.67
2020-08-28,Mozambique-Dhamra,Capesize,3M,20.46
2020-08-28,Mozambique-Dhamra,Capesize,6M,20.8
2020-08-28,Mozambique-Dhamra,Capesize,1Y,21.1
2020-08-28,Mozambique-Gangavaram,Panamax,1M,19.39
2020-08-28,Mozambique-Gangavaram,Panamax,3M,19.28
2020-08-28,Mozambique-Gangavaram,Panamax,6M,19.91
2020-08-28,Mozambique-Gangavaram,Panamax,1Y,20.1
2020-08-28,Mozambique-Gangavaram,Capesize,1M,20.0
2020-08-28,Mozambique-Gangavaram,Capesize,3M,20.78
2020-08-28,Mozambique-Gangavaram,Capesize,6M,21.32
2020-08-28,Mozambique-Gangavaram,Capesize,1Y,21.56
2020-08-28,Mozambique-Gopalpur,Panamax,1M,19.69
2020-08-28,Mozambique-Gopalpur,Panamax,3M,20.44
2020-08-28,Mozambique-Gopalpur,Panamax,6M,20.37
2020-08-28,Mozambique-Gopalpur,Panamax,1Y,20.18
2020-08-28,Mozambique-Gopalpur,Capesize,1M,22.53
2020-08-28,Mozambique-Gopalpur,Capesize,3M,22.59
2020-08-28,Mozambique-Gopalpur,Capesize,6M,22.55
2020-08-28,Mozambique-Gopalpur,Capesize,1Y,23.7
2020-08-28,Mozambique-Haldia,Panamax,1M,18.32
2020-08-28,Mozambique-Haldia,Panamax,3M,18.7
2020-08-28,Mozambique-Haldia,Panamax,6M,18.7
2020-08-28,Mozambique-Haldia,Panamax,1Y,18.91
2020-08-28,Mozambique-Haldia,Capesize,1M,21.14
2020-08-28,Mozambique-Haldia,Capesize,3M,21.61
2020-08-28,Mozambique-Haldia,Capesize,6M,21.98
2020-08-28,Mozambique-Haldia,Capesize,1Y,22.99
2020-08-28,USA-Paradip,Panamax,1M,37.06
2020-08-28,USA-Paradip,Panamax,3M,37.23
2020-08-28,USA-Paradip,Panamax,6M,37.99
2020-08-28,USA-Paradip,Panamax,1Y,38.68
2020-08-28,USA-Paradip,Capesize,1M,28.31
2020-08-28,USA-Paradip,Capesize,3M,29.24
2020-08-28,USA-Paradip,Capesize,6M,29.11
2020-08-28,USA-Paradip,Capesize,1Y,30.08
2020-08-28,USA-Vizag,Panamax,1M,29.17
2020-08-28,USA-Vizag,Panamax,3M,29.44
2020-08-28,USA-Vizag,Panamax,6M,30.13
2020-08-28,USA-Vizag,Panamax,1Y,30.03
2020-08-28,USA-Vizag,Capesize,1M,32.12
2020-08-28,USA-Vizag,Capesize,3M,31.44
2020-08-28,USA-Vizag,Capesize,6M,33.03
2020-08-28,USA-Vizag,Capesize,1Y,32.95
2020-08-28,USA-Dhamra,Panamax,1M,36.09
2020-08-28,USA-Dhamra,Panamax,3M,36.05
2020-08-28,USA-Dhamra,Panamax,6M,35.24
2020-08-28,USA-Dhamra,Panamax,1Y,35.91
2020-08-28,USA-Dhamra,Capesize,1M,34.79
2020-08-28,USA-Dhamra,Capesize,3M,35.2
2020-08-28,USA-Dhamra,Capesize,6M,35.97
2020-08-28,USA-Dhamra,Capesize,1Y,35.43
2020-08-28,USA-Gangavaram,Panamax,1M,30.95
2020-08-28,USA-Gangavaram,Panamax,3M,31.07
2020-08-28,USA-Gangavaram,Panamax,6M,31.52
2020-08-28,USA-Gangavaram,Panamax,1Y,31.69
2020-08-28,USA-Gangavaram,Capesize,1M,34.81
2020-08-28,USA-Gangavaram,Capesize,3M,33.86
2020-08-28,USA-Gangavaram,Capesize,6M,33.53
2020-08-28,USA-Gangavaram,Capesize,1Y,34.15
2020-08-28,USA-Gopalpur,Panamax,1M,29.2
2020-08-28,USA-Gopalpur,Panamax,3M,29.46
2020-08-28,USA-Gopalpur,Panamax,6M,29.49
2020-08-28,USA-Gopalpur,Panamax,1Y,30.96
2020-08-28,USA-Gopalpur,Capesize,1M,32.29
2020-08-28,USA-Gopalpur,Capesize,3M,31.79
2020-08-28,USA-Gopalpur,Capesize,6M,32.24
2020-08-28,USA-Gopalpur,Capesize,1Y,32.41
2020-08-28,USA-Haldia,Panamax,1M,30.51
2020-08-28,USA-Haldia,Panamax,3M,31.49
2020-08-28,USA-Haldia,Panamax,6M,32.94
2020-08-28,USA-Haldia,Panamax,1Y,32.73
2020-08-28,USA-Haldia,Capesize,1M,35.22
2020-08-28,USA-Haldia,Capesize,3M,36.23
2020-08-28,USA-Haldia,Capesize,6M,36.69
2020-08-28,USA-Haldia,Capesize,1Y,36.08
2020-09-27,Australia-Paradip,Panamax,1M,15.88
2020-09-27,Australia-Paradip,Panamax,3M,15.94
2020-09-27,Australia-Paradip,Panamax,6M,16.04
2020-09-27,Australia-Paradip,Panamax,1Y,16.58
2020-09-27,Australia-Paradip,Capesize,1M,18.36
2020-09-27,Australia-Paradip,Capesize,3M,18.09
2020-09-27,Australia-Paradip,Capesize,6M,18.74
2020-09-27,Australia-Paradip,Capesize,1Y,19.14
2020-09-27,Australia-Vizag,Panamax,1M,16.42
2020-09-27,Australia-Vizag,Panamax,3M,16.82
2020-09-27,Australia-Vizag,Panamax,6M,16.61
2020-09-27,Australia-Vizag,Panamax,1Y,16.9
2020-09-27,Australia-Vizag,Capesize,1M,16.42
2020-09-27,Australia-Vizag,Capesize,3M,16.74
2020-09-27,Australia-Vizag,Capesize,6M,16.81
2020-09-27,Australia-Vizag,Capesize,1Y,16.72
2020-09-27,Australia-Dhamra,Panamax,1M,17.03
2020-09-27,Australia-Dhamra,Panamax,3M,17.85
2020-09-27,Australia-Dhamra,Panamax,6M,17.68
2020-09-27,Australia-Dhamra,Panamax,1Y,17.97
2020-09-27,Australia-Dhamra,Capesize,1M,15.74
2020-09-27,Australia-Dhamra,Capesize,3M,15.3
2020-09-27,Australia-Dhamra,Capesize,6M,15.57
2020-09-27,Australia-Dhamra,Capesize,1Y,16.27
2020-09-27,Australia-Gangavaram,Panamax,1M,16.01
2020-09-27,Australia-Gangavaram,Panamax,3M,16.5
2020-09-27,Australia-Gangavaram,Panamax,6M,16.58
2020-09-27,Australia-Gangavaram,Panamax,1Y,16.87
2020-09-27,Australia-Gangavaram,Capesize,1M,16.61
2020-09-27,Australia-Gangavaram,Capesize,3M,17.12
2020-09-27,Australia-Gangavaram,Capesize,6M,17.18
2020-09-27,Australia-Gangavaram,Capesize,1Y,17.41
2020-09-27,Australia-Gopalpur,Panamax,1M,16.67
2020-09-27,Australia-Gopalpur,Panamax,3M,17.22
2020-09-27,Australia-Gopalpur,Panamax,6M,17.08
2020-09-27,Australia-Gopalpur,Panamax,1Y,17.44
2020-09-27,Australia-Gopalpur,Capesize,1M,18.01
2020-09-27,Australia-Gopalpur,Capesize,3M,18.3
2020-09-27,Australia-Gopalpur,Capesize,6M,18.82
2020-09-27,Australia-Gopalpur,Capesize,1Y,19.1
2020-09-27,Australia-Haldia,Panamax,1M,18.55
2020-09-27,Australia-Haldia,Panamax,3M,18.8
2020-09-27,Australia-Haldia,Panamax,6M,18.73
2020-09-27,Australia-Haldia,Panamax,1Y,19.48
2020-09-27,Australia-Haldia,Capesize,1M,16.19
2020-09-27,Australia-Haldia,Capesize,3M,16.25
2020-09-27,Australia-Haldia,Capesize,6M,16.22
2020-09-27,Australia-Haldia,Capesize,1Y,16.49
2020-09-27,Indonesia-Paradip,Panamax,1M,10.65
2020-09-27,Indonesia-Paradip,Panamax,3M,10.65
2020-09-27,Indonesia-Paradip,Panamax,6M,10.81
2020-09-27,Indonesia-Paradip,Panamax,1Y,11.43
2020-09-27,Indonesia-Paradip,Capesize,1M,9.6
2020-09-27,Indonesia-Paradip,Capesize,3M,9.68
2020-09-27,Indonesia-Paradip,Capesize,6M,9.86
2020-09-27,Indonesia-Paradip,Capesize,1Y,9.71
2020-09-27,Indonesia-Vizag,Panamax,1M,9.76
2020-09-27,Indonesia-Vizag,Panamax,3M,9.99
2020-09-27,Indonesia-Vizag,Panamax,6M,10.07
2020-09-27,Indonesia-Vizag,Panamax,1Y,10.05
2020-09-27,Indonesia-Vizag,Capesize,1M,10.13
2020-09-27,Indonesia-Vizag,Capesize,3M,10.05
2020-09-27,Indonesia-Vizag,Capesize,6M,9.99
2020-09-27,Indonesia-Vizag,Capesize,1Y,10.4
2020-09-27,Indonesia-Dhamra,Panamax,1M,10.94
2020-09-27,Indonesia-Dhamra,Panamax,3M,10.98
2020-09-27,Indonesia-Dhamra,Panamax,6M,10.84
2020-09-27,Indonesia-Dhamra,Panamax,1Y,11.35
2020-09-27,Indonesia-Dhamra,Capesize,1M,11.61
2020-09-27,Indonesia-Dhamra,Capesize,3M,11.87
2020-09-27,Indonesia-Dhamra,Capesize,6M,11.87
2020-09-27,Indonesia-Dhamra,Capesize,1Y,12.21
2020-09-27,Indonesia-Gangavaram,Panamax,1M,9.94
2020-09-27,Indonesia-Gangavaram,Panamax,3M,9.9
2020-09-27,Indonesia-Gangavaram,Panamax,6M,10.06
2020-09-27,Indonesia-Gangavaram,Panamax,1Y,9.92
2020-09-27,Indonesia-Gangavaram,Capesize,1M,10.07
2020-09-27,Indonesia-Gangavaram,Capesize,3M,10.31
2020-09-27,Indonesia-Gangavaram,Capesize,6M,10.37
2020-09-27,Indonesia-Gangavaram,Capesize,1Y,10.26
2020-09-27,Indonesia-Gopalpur,Panamax,1M,9.74
2020-09-27,Indonesia-Gopalpur,Panamax,3M,9.72
2020-09-27,Indonesia-Gopalpur,Panamax,6M,10.0
2020-09-27,Indonesia-Gopalpur,Panamax,1Y,10.18
2020-09-27,Indonesia-Gopalpur,Capesize,1M,9.64
2020-09-27,Indonesia-Gopalpur,Capesize,3M,10.13
2020-09-27,Indonesia-Gopalpur,Capesize,6M,10.13
2020-09-27,Indonesia-Gopalpur,Capesize,1Y,10.03
2020-09-27,Indonesia-Haldia,Panamax,1M,10.87
2020-09-27,Indonesia-Haldia,Panamax,3M,10.79
2020-09-27,Indonesia-Haldia,Panamax,6M,11.05
2020-09-27,Indonesia-Haldia,Panamax,1Y,11.47
2020-09-27,Indonesia-Haldia,Capesize,1M,10.27
2020-09-27,Indonesia-Haldia,Capesize,3M,10.02
2020-09-27,Indonesia-Haldia,Capesize,6M,9.99
2020-09-27,Indonesia-Haldia,Capesize,1Y,10.08
2020-09-27,Russia-Paradip,Panamax,1M,26.54
2020-09-27,Russia-Paradip,Panamax,3M,26.66
2020-09-27,Russia-Paradip,Panamax,6M,26.56
2020-09-27,Russia-Paradip,Panamax,1Y,27.73
2020-09-27,Russia-Paradip,Capesize,1M,22.44
2020-09-27,Russia-Paradip,Capesize,3M,21.75
2020-09-27,Russia-Paradip,Capesize,6M,22.58
2020-09-27,Russia-Paradip,Capesize,1Y,23.05
2020-09-27,Russia-Vizag,Panamax,1M,19.77
2020-09-27,Russia-Vizag,Panamax,3M,20.36
2020-09-27,Russia-Vizag,Panamax,6M,20.35
2020-09-27,Russia-Vizag,Panamax,1Y,20.45
2020-09-27,Russia-Vizag,Capesize,1M,21.49
2020-09-27,Russia-Vizag,Capesize,3M,21.69
2020-09-27,Russia-Vizag,Capesize,6M,22.62
2020-09-27,Russia-Vizag,Capesize,1Y,23.18
2020-09-27,Russia-Dhamra,Panamax,1M,23.11
2020-09-27,Russia-Dhamra,Panamax,3M,23.36
2020-09-27,Russia-Dhamra,Panamax,6M,23.95
2020-09-27,Russia-Dhamra,Panamax,1Y,24.31
2020-09-27,Russia-Dhamra,Capesize,1M,23.91
2020-09-27,Russia-Dhamra,Capesize,3M,24.19
2020-09-27,Russia-Dhamra,Capesize,6M,24.29
2020-09-27,Russia-Dhamra,Capesize,1Y,25.32
2020-09-27,Russia-Gangavaram,Panamax,1M,21.74
2020-09-27,Russia-Gangavaram,Panamax,3M,21.72
2020-09-27,Russia-Gangavaram,Panamax,6M,22.37
2020-09-27,Russia-Gangavaram,Panamax,1Y,22.32
2020-09-27,Russia-Gangavaram,Capesize,1M,25.28
2020-09-27,Russia-Gangavaram,Capesize,3M,25.86
2020-09-27,Russia-Gangavaram,Capesize,6M,24.84
2020-09-27,Russia-Gangavaram,Capesize,1Y,26.28
2020-09-27,Russia-Gopalpur,Panamax,1M,20.41
2020-09-27,Russia-Gopalpur,Panamax,3M,20.93
2020-09-27,Russia-Gopalpur,Panamax,6M,21.02
2020-09-27,Russia-Gopalpur,Panamax,1Y,22.02
2020-09-27,Russia-Gopalpur,Capesize,1M,26.47
2020-09-27,Russia-Gopalpur,Capesize,3M,25.95
2020-09-27,Russia-Gopalpur,Capesize,6M,25.88
2020-09-27,Russia-Gopalpur,Capesize,1Y,26.56
2020-09-27,Russia-Haldia,Panamax,1M,21.39
2020-09-27,Russia-Haldia,Panamax,3M,21.57
2020-09-27,Russia-Haldia,Panamax,6M,21.51
2020-09-27,Russia-Haldia,Panamax,1Y,22.54
2020-09-27,Russia-Haldia,Capesize,1M,22.03
2020-09-27,Russia-Haldia,Capesize,3M,21.46
2020-09-27,Russia-Haldia,Capesize,6M,22.82
2020-09-27,Russia-Haldia,Capesize,1Y,23.22
2020-09-27,Mozambique-Paradip,Panamax,1M,20.75
2020-09-27,Mozambique-Paradip,Panamax,3M,20.14
2020-09-27,Mozambique-Paradip,Panamax,6M,20.16
2020-09-27,Mozambique-Paradip,Panamax,1Y,20.97
2020-09-27,Mozambique-Paradip,Capesize,1M,23.06
2020-09-27,Mozambique-Paradip,Capesize,3M,23.21
2020-09-27,Mozambique-Paradip,Capesize,6M,23.79
2020-09-27,Mozambique-Paradip,Capesize,1Y,24.21
2020-09-27,Mozambique-Vizag,Panamax,1M,20.84
2020-09-27,Mozambique-Vizag,Panamax,3M,21.38
2020-09-27,Mozambique-Vizag,Panamax,6M,21.64
2020-09-27,Mozambique-Vizag,Panamax,1Y,22.19
2020-09-27,Mozambique-Vizag,Capesize,1M,19.04
2020-09-27,Mozambique-Vizag,Capesize,3M,19.52
2020-09-27,Mozambique-Vizag,Capesize,6M,20.25
2020-09-27,Mozambique-Vizag,Capesize,1Y,20.01
2020-09-27,Mozambique-Dhamra,Panamax,1M,22.79
2020-09-27,Mozambique-Dhamra,Panamax,3M,22.75
2020-09-27,Mozambique-Dhamra,Panamax,6M,23.26
2020-09-27,Mozambique-Dhamra,Panamax,1Y,24.04
2020-09-27,Mozambique-Dhamra,Capesize,1M,21.74
2020-09-27,Mozambique-Dhamra,Capesize,3M,22.58
2020-09-27,Mozambique-Dhamra,Capesize,6M,22.61
2020-09-27,Mozambique-Dhamra,Capesize,1Y,22.9
2020-09-27,Mozambique-Gangavaram,Panamax,1M,22.32
2020-09-27,Mozambique-Gangavaram,Panamax,3M,22.76
2020-09-27,Mozambique-Gangavaram,Panamax,6M,21.33
2020-09-27,Mozambique-Gangavaram,Panamax,1Y,22.57
2020-09-27,Mozambique-Gangavaram,Capesize,1M,22.82
2020-09-27,Mozambique-Gangavaram,Capesize,3M,22.52
2020-09-27,Mozambique-Gangavaram,Capesize,6M,22.42
2020-09-27,Mozambique-Gangavaram,Capesize,1Y,22.93
2020-09-27,Mozambique-Gopalpur,Panamax,1M,19.57
2020-09-27,Mozambique-Gopalpur,Panamax,3M,20.22
2020-09-27,Mozambique-Gopalpur,Panamax,6M,20.21
2020-09-27,Mozambique-Gopalpur,Panamax,1Y,20.26
2020-09-27,Mozambique-Gopalpur,Capesize,1M,19.21
2020-09-27,Mozambique-Gopalpur,Capesize,3M,19.51
2020-09-27,Mozambique-Gopalpur,Capesize,6M,19.12
2020-09-27,Mozambique-Gopalpur,Capesize,1Y,20.51
2020-09-27,Mozambique-Haldia,Panamax,1M,23.07
2020-09-27,Mozambique-Haldia,Panamax,3M,24.22
2020-09-27,Mozambique-Haldia,Panamax,6M,24.33
2020-09-27,Mozambique-Haldia,Panamax,1Y,24.48
2020-09-27,Mozambique-Haldia,Capesize,1M,20.59
2020-09-27,Mozambique-Haldia,Capesize,3M,21.34
2020-09-27,Mozambique-Haldia,Capesize,6M,21.34
2020-09-27,Mozambique-Haldia,Capesize,1Y,21.24
2020-09-27,USA-Paradip,Panamax,1M,29.26
2020-09-27,USA-Paradip,Panamax,3M,28.73
2020-09-27,USA-Paradip,Panamax,6M,29.82
2020-09-27,USA-Paradip,Panamax,1Y,29.54
2020-09-27,USA-Paradip,Capesize,1M,31.02
2020-09-27,USA-Paradip,Capesize,3M,30.99
2020-09-27,USA-Paradip,Capesize,6M,31.85
2020-09-27,USA-Paradip,Capesize,1Y,32.18
2020-09-27,USA-Vizag,Panamax,1M,37.28
2020-09-27,USA-Vizag,Panamax,3M,38.01
2020-09-27,USA-Vizag,Panamax,6M,38.46
2020-09-27,USA-Vizag,Panamax,1Y,37.85
2020-09-27,USA-Vizag,Capesize,1M,33.1
2020-09-27,USA-Vizag,Capesize,3M,33.03
2020-09-27,USA-Vizag,Capesize,6M,34.19
2020-09-27,USA-Vizag,Capesize,1Y,34.22
2020-09-27,USA-Dhamra,Panamax,1M,29.77
2020-09-27,USA-Dhamra,Panamax,3M,29.76
2020-09-27,USA-Dhamra,Panamax,6M,31.01
2020-09-27,USA-Dhamra,Panamax,1Y,30.99
2020-09-27,USA-Dhamra,Capesize,1M,31.92
2020-09-27,USA-Dhamra,Capesize,3M,32.25
2020-09-27,USA-Dhamra,Capesize,6M,32.91
2020-09-27,USA-Dhamra,Capesize,1Y,34.67
2020-09-27,USA-Gangavaram,Panamax,1M,36.57
2020-09-27,USA-Gangavaram,Panamax,3M,36.06
2020-09-27,USA-Gangavaram,Panamax,6M,37.91
2020-09-27,USA-Gangavaram,Panamax,1Y,38.6
2020-09-27,USA-Gangavaram,Capesize,1M,30.48
2020-09-27,USA-Gangavaram,Capesize,3M,32.51
2020-09-27,USA-Gangavaram,Capesize,6M,31.79
2020-09-27,USA-Gangavaram,Capesize,1Y,33.41
2020-09-27,USA-Gopalpur,Panamax,1M,32.27
2020-09-27,USA-Gopalpur,Panamax,3M,32.52
2020-09-27,USA-Gopalpur,Panamax,6M,34.43
2020-09-27,USA-Gopalpur,Panamax,1Y,34.51
2020-09-27,USA-Gopalpur,Capesize,1M,33.84
2020-09-27,USA-Gopalpur,Capesize,3M,33.3
2020-09-27,USA-Gopalpur,Capesize,6M,33.83
2020-09-27,USA-Gopalpur,Capesize,1Y,34.39
2020-09-27,USA-Haldia,Panamax,1M,34.38
2020-09-27,USA-Haldia,Panamax,3M,36.07
2020-09-27,USA-Haldia,Panamax,6M,35.99
2020-09-27,USA-Haldia,Panamax,1Y,35.98
2020-09-27,USA-Haldia,Capesize,1M,35.06
2020-09-27,USA-Haldia,Capesize,3M,35.53
2020-09-27,USA-Haldia,Capesize,6M,35.84
2020-09-27,USA-Haldia,Capesize,1Y,36.61
2020-10-27,Australia-Paradip,Panamax,1M,16.92
2020-10-27,Australia-Paradip,Panamax,3M,16.85
2020-10-27,Australia-Paradip,Panamax,6M,16.77
2020-10-27,Australia-Paradip,Panamax,1Y,17.04
2020-10-27,Australia-Paradip,Capesize,1M,18.06
2020-10-27,Australia-Paradip,Capesize,3M,18.42
2020-10-27,Australia-Paradip,Capesize,6M,18.07
2020-10-27,Australia-Paradip,Capesize,1Y,18.31
2020-10-27,Australia-Vizag,Panamax,1M,17.66
2020-10-27,Australia-Vizag,Panamax,3M,18.15
2020-10-27,Australia-Vizag,Panamax,6M,17.98
2020-10-27,Australia-Vizag,Panamax,1Y,18.63
2020-10-27,Australia-Vizag,Capesize,1M,14.69
2020-10-27,Australia-Vizag,Capesize,3M,14.33
2020-10-27,Australia-Vizag,Capesize,6M,14.7
2020-10-27,Australia-Vizag,Capesize,1Y,15.22
2020-10-27,Australia-Dhamra,Panamax,1M,17.46
2020-10-27,Australia-Dhamra,Panamax,3M,17.05
2020-10-27,Australia-Dhamra,Panamax,6M,16.91
2020-10-27,Australia-Dhamra,Panamax,1Y,17.35
2020-10-27,Australia-Dhamra,Capesize,1M,14.83
2020-10-27,Australia-Dhamra,Capesize,3M,15.42
2020-10-27,Australia-Dhamra,Capesize,6M,15.58
2020-10-27,Australia-Dhamra,Capesize,1Y,15.63
2020-10-27,Australia-Gangavaram,Panamax,1M,16.38
2020-10-27,Australia-Gangavaram,Panamax,3M,16.33
2020-10-27,Australia-Gangavaram,Panamax,6M,16.48
2020-10-27,Australia-Gangavaram,Panamax,1Y,17.07
2020-10-27,Australia-Gangavaram,Capesize,1M,15.91
2020-10-27,Australia-Gangavaram,Capesize,3M,15.84
2020-10-27,Australia-Gangavaram,Capesize,6M,15.82
2020-10-27,Australia-Gangavaram,Capesize,1Y,16.09
2020-10-27,Australia-Gopalpur,Panamax,1M,17.87
2020-10-27,Australia-Gopalpur,Panamax,3M,18.56
2020-10-27,Australia-Gopalpur,Panamax,6M,18.26
2020-10-27,Australia-Gopalpur,Panamax,1Y,18.37
2020-10-27,Australia-Gopalpur,Capesize,1M,16.83
2020-10-27,Australia-Gopalpur,Capesize,3M,16.87
2020-10-27,Australia-Gopalpur,Capesize,6M,17.34
2020-10-27,Australia-Gopalpur,Capesize,1Y,17.44
2020-10-27,Australia-Haldia,Panamax,1M,14.34
2020-10-27,Australia-Haldia,Panamax,3M,14.98
2020-10-27,Australia-Haldia,Panamax,6M,14.94
2020-10-27,Australia-Haldia,Panamax,1Y,14.91
2020-10-27,Australia-Haldia,Capesize,1M,16.59
2020-10-27,Australia-Haldia,Capesize,3M,17.0
2020-10-27,Australia-Haldia,Capesize,6M,16.95
2020-10-27,Australia-Haldia,Capesize,1Y,17.08
2020-10-27,Indonesia-Paradip,Panamax,1M,12.1
2020-10-27,Indonesia-Paradip,Panamax,3M,11.78
2020-10-27,Indonesia-Paradip,Panamax,6M,12.42
2020-10-27,Indonesia-Paradip,Panamax,1Y,12.48
2020-10-27,Indonesia-Paradip,Capesize,1M,10.18
2020-10-27,Indonesia-Paradip,Capesize,3M,10.05
2020-10-27,Indonesia-Paradip,Capesize,6M,10.42
2020-10-27,Indonesia-Paradip,Capesize,1Y,10.42
2020-10-27,Indonesia-Vizag,Panamax,1M,9.64
2020-10-27,Indonesia-Vizag,Panamax,3M,9.4
2020-10-27,Indonesia-Vizag,Panamax,6M,9.73
2020-10-27,Indonesia-Vizag,Panamax,1Y,9.77
2020-10-27,Indonesia-Vizag,Capesize,1M,8.36
2020-10-27,Indonesia-Vizag,Capesize,3M,8.24
2020-10-27,Indonesia-Vizag,Capesize,6M,8.58
2020-10-27,Indonesia-Vizag,Capesize,1Y,8.62
2020-10-27,Indonesia-Dhamra,Panamax,1M,9.88
2020-10-27,Indonesia-Dhamra,Panamax,3M,9.7
2020-10-27,Indonesia-Dhamra,Panamax,6M,9.74
2020-10-27,Indonesia-Dhamra,Panamax,1Y,10.15
2020-10-27,Indonesia-Dhamra,Capesize,1M,10.7
2020-10-27,Indonesia-Dhamra,Capesize,3M,10.68
2020-10-27,Indonesia-Dhamra,Capesize,6M,10.9
2020-10-27,Indonesia-Dhamra,Capesize,1Y,11.2
2020-10-27,Indonesia-Gangavaram,Panamax,1M,10.2
2020-10-27,Indonesia-Gangavaram,Panamax,3M,10.29
2020-10-27,Indonesia-Gangavaram,Panamax,6M,10.44
2020-10-27,Indonesia-Gangavaram,Panamax,1Y,10.49
2020-10-27,Indonesia-Gangavaram,Capesize,1M,11.21
2020-10-27,Indonesia-Gangavaram,Capesize,3M,11.19
2020-10-27,Indonesia-Gangavaram,Capesize,6M,11.36
2020-10-27,Indonesia-Gangavaram,Capesize,1Y,11.26
2020-10-27,Indonesia-Gopalpur,Panamax,1M,9.16
2020-10-27,Indonesia-Gopalpur,Panamax,3M,9.58
2020-10-27,Indonesia-Gopalpur,Panamax,6M,9.48
2020-10-27,Indonesia-Gopalpur,Panamax,1Y,9.82
2020-10-27,Indonesia-Gopalpur,Capesize,1M,10.24
2020-10-27,Indonesia-Gopalpur,Capesize,3M,10.26
2020-10-27,Indonesia-Gopalpur,Capesize,6M,10.32
2020-10-27,Indonesia-Gopalpur,Capesize,1Y,10.43
2020-10-27,Indonesia-Haldia,Panamax,1M,9.46
2020-10-27,Indonesia-Haldia,Panamax,3M,9.76
2020-10-27,Indonesia-Haldia,Panamax,6M,9.58
2020-10-27,Indonesia-Haldia,Panamax,1Y,10.02
2020-10-27,Indonesia-Haldia,Capesize,1M,10.7
2020-10-27,Indonesia-Haldia,Capesize,3M,10.86
2020-10-27,Indonesia-Haldia,Capesize,6M,10.78
2020-10-27,Indonesia-Haldia,Capesize,1Y,11.15
2020-10-27,Russia-Paradip,Panamax,1M,23.56
2020-10-27,Russia-Paradip,Panamax,3M,24.47
2020-10-27,Russia-Paradip,Panamax,6M,24.21
2020-10-27,Russia-Paradip,Panamax,1Y,24.6
2020-10-27,Russia-Paradip,Capesize,1M,21.57
2020-10-27,Russia-Paradip,Capesize,3M,22.26
2020-10-27,Russia-Paradip,Capesize,6M,21.61
2020-10-27,Russia-Paradip,Capesize,1Y,23.19
2020-10-27,Russia-Vizag,Panamax,1M,27.1
2020-10-27,Russia-Vizag,Panamax,3M,27.02
2020-10-27,Russia-Vizag,Panamax,6M,26.74
2020-10-27,Russia-Vizag,Panamax,1Y,27.94
2020-10-27,Russia-Vizag,Capesize,1M,22.03
2020-10-27,Russia-Vizag,Capesize,3M,22.11
2020-10-27,Russia-Vizag,Capesize,6M,21.83
2020-10-27,Russia-Vizag,Capesize,1Y,22.55
2020-10-27,Russia-Dhamra,Panamax,1M,19.24
2020-10-27,Russia-Dhamra,Panamax,3M,19.06
2020-10-27,Russia-Dhamra,Panamax,6M,19.44
2020-10-27,Russia-Dhamra,Panamax,1Y,19.92
2020-10-27,Russia-Dhamra,Capesize,1M,24.0
2020-10-27,Russia-Dhamra,Capesize,3M,23.8
2020-10-27,Russia-Dhamra,Capesize,6M,24.96
2020-10-27,Russia-Dhamra,Capesize,1Y,24.83
2020-10-27,Russia-Gangavaram,Panamax,1M,23.43
2020-10-27,Russia-Gangavaram,Panamax,3M,24.11
2020-10-27,Russia-Gangavaram,Panamax,6M,24.32
2020-10-27,Russia-Gangavaram,Panamax,1Y,24.36
2020-10-27,Russia-Gangavaram,Capesize,1M,24.73
2020-10-27,Russia-Gangavaram,Capesize,3M,24.77
2020-10-27,Russia-Gangavaram,Capesize,6M,24.89
2020-10-27,Russia-Gangavaram,Capesize,1Y,25.24
2020-10-27,Russia-Gopalpur,Panamax,1M,21.61
2020-10-27,Russia-Gopalpur,Panamax,3M,21.95
2020-10-27,Russia-Gopalpur,Panamax,6M,21.83
2020-10-27,Russia-Gopalpur,Panamax,1Y,22.81
2020-10-27,Russia-Gopalpur,Capesize,1M,26.38
2020-10-27,Russia-Gopalpur,Capesize,3M,26.6
2020-10-27,Russia-Gopalpur,Capesize,6M,26.05
2020-10-27,Russia-Gopalpur,Capesize,1Y,26.44
2020-10-27,Russia-Haldia,Panamax,1M,20.81
2020-10-27,Russia-Haldia,Panamax,3M,21.32
2020-10-27,Russia-Haldia,Panamax,6M,20.95
2020-10-27,Russia-Haldia,Panamax,1Y,21.64
2020-10-27,Russia-Haldia,Capesize,1M,20.29
2020-10-27,Russia-Haldia,Capesize,3M,20.46
2020-10-27,Russia-Haldia,Capesize,6M,20.69
2020-10-27,Russia-Haldia,Capesize,1Y,20.7
2020-10-27,Mozambique-Paradip,Panamax,1M,21.93
2020-10-27,Mozambique-Paradip,Panamax,3M,22.34
2020-10-27,Mozambique-Paradip,Panamax,6M,22.33
2020-10-27,Mozambique-Paradip,Panamax,1Y,22.92
2020-10-27,Mozambique-Paradip,Capesize,1M,20.05
2020-10-27,Mozambique-Paradip,Capesize,3M,20.24
2020-10-27,Mozambique-Paradip,Capesize,6M,20.48
2020-10-27,Mozambique-Paradip,Capesize,1Y,21.17
2020-10-27,Mozambique-Vizag,Panamax,1M,18.89
2020-10-27,Mozambique-Vizag,Panamax,3M,19.46
2020-10-27,Mozambique-Vizag,Panamax,6M,19.39
2020-10-27,Mozambique-Vizag,Panamax,1Y,19.73
2020-10-27,Mozambique-Vizag,Capesize,1M,21.51
2020-10-27,Mozambique-Vizag,Capesize,3M,21.39
2020-10-27,Mozambique-Vizag,Capesize,6M,21.02
2020-10-27,Mozambique-Vizag,Capesize,1Y,21.66
2020-10-27,Mozambique-Dhamra,Panamax,1M,23.26
2020-10-27,Mozambique-Dhamra,Panamax,3M,23.21
2020-10-27,Mozambique-Dhamra,Panamax,6M,23.93
2020-10-27,Mozambique-Dhamra,Panamax,1Y,24.11
2020-10-27,Mozambique-Dhamra,Capesize,1M,21.44
2020-10-27,Mozambique-Dhamra,Capesize,3M,22.92
2020-10-27,Mozambique-Dhamra,Capesize,6M,22.12
2020-10-27,Mozambique-Dhamra,Capesize,1Y,22.65
2020-10-27,Mozambique-Gangavaram,Panamax,1M,23.11
2020-10-27,Mozambique-Gangavaram,Panamax,3M,23.42
2020-10-27,Mozambique-Gangavaram,Panamax,6M,22.67
2020-10-27,Mozambique-Gangavaram,Panamax,1Y,24.11
2020-10-27,Mozambique-Gangavaram,Capesize,1M,22.23
2020-10-27,Mozambique-Gangavaram,Capesize,3M,22.19
2020-10-27,Mozambique-Gangavaram,Capesize,6M,22.06
2020-10-27,Mozambique-Gangavaram,Capesize,1Y,23.03
2020-10-27,Mozambique-Gopalpur,Panamax,1M,18.9
2020-10-27,Mozambique-Gopalpur,Panamax,3M,18.98
2020-10-27,Mozambique-Gopalpur,Panamax,6M,19.53
2020-10-27,Mozambique-Gopalpur,Panamax,1Y,20.32
2020-10-27,Mozambique-Gopalpur,Capesize,1M,19.32
2020-10-27,Mozambique-Gopalpur,Capesize,3M,20.13
2020-10-27,Mozambique-Gopalpur,Capesize,6M,20.49
2020-10-27,Mozambique-Gopalpur,Capesize,1Y,20.75
2020-10-27,Mozambique-Haldia,Panamax,1M,18.47
2020-10-27,Mozambique-Haldia,Panamax,3M,18.52
2020-10-27,Mozambique-Haldia,Panamax,6M,18.62
2020-10-27,Mozambique-Haldia,Panamax,1Y,18.92
2020-10-27,Mozambique-Haldia,Capesize,1M,21.56
2020-10-27,Mozambique-Haldia,Capesize,3M,21.42
2020-10-27,Mozambique-Haldia,Capesize,6M,22.27
2020-10-27,Mozambique-Haldia,Capesize,1Y,22.25
2020-10-27,USA-Paradip,Panamax,1M,30.27
2020-10-27,USA-Paradip,Panamax,3M,29.61
2020-10-27,USA-Paradip,Panamax,6M,30.73
2020-10-27,USA-Paradip,Panamax,1Y,31.08
2020-10-27,USA-Paradip,Capesize,1M,35.01
2020-10-27,USA-Paradip,Capesize,3M,36.27
2020-10-27,USA-Paradip,Capesize,6M,35.17
2020-10-27,USA-Paradip,Capesize,1Y,37.19
2020-10-27,USA-Vizag,Panamax,1M,34.19
2020-10-27,USA-Vizag,Panamax,3M,33.65
2020-10-27,USA-Vizag,Panamax,6M,34.69
2020-10-27,USA-Vizag,Panamax,1Y,35.89
2020-10-27,USA-Vizag,Capesize,1M,31.42
2020-10-27,USA-Vizag,Capesize,3M,31.42
2020-10-27,USA-Vizag,Capesize,6M,32.41
2020-10-27,USA-Vizag,Capesize,1Y,32.53
2020-10-27,USA-Dhamra,Panamax,1M,32.6
2020-10-27,USA-Dhamra,Panamax,3M,33.4
2020-10-27,USA-Dhamra,Panamax,6M,32.59
2020-10-27,USA-Dhamra,Panamax,1Y,34.71
2020-10-27,USA-Dhamra,Capesize,1M,31.92
2020-10-27,USA-Dhamra,Capesize,3M,31.41
2020-10-27,USA-Dhamra,Capesize,6M,32.68
2020-10-27,USA-Dhamra,Capesize,1Y,32.53
2020-10-27,USA-Gangavaram,Panamax,1M,29.86
2020-10-27,USA-Gangavaram,Panamax,3M,29.75
2020-10-27,USA-Gangavaram,Panamax,6M,30.37
2020-10-27,USA-Gangavaram,Panamax,1Y,30.59
2020-10-27,USA-Gangavaram,Capesize,1M,35.0
2020-10-27,USA-Gangavaram,Capesize,3M,35.68
2020-10-27,USA-Gangavaram,Capesize,6M,35.56
2020-10-27,USA-Gangavaram,Capesize,1Y,35.61
2020-10-27,USA-Gopalpur,Panamax,1M,36.18
2020-10-27,USA-Gopalpur,Panamax,3M,36.88
2020-10-27,USA-Gopalpur,Panamax,6M,36.23
2020-10-27,USA-Gopalpur,Panamax,1Y,37.17
2020-10-27,USA-Gopalpur,Capesize,1M,30.88
2020-10-27,USA-Gopalpur,Capesize,3M,31.44
2020-10-27,USA-Gopalpur,Capesize,6M,31.79
2020-10-27,USA-Gopalpur,Capesize,1Y,32.48
2020-10-27,USA-Haldia,Panamax,1M,30.42
2020-10-27,USA-Haldia,Panamax,3M,29.78
2020-10-27,USA-Haldia,Panamax,6M,30.56
2020-10-27,USA-Haldia,Panamax,1Y,30.85
2020-10-27,USA-Haldia,Capesize,1M,32.48
2020-10-27,USA-Haldia,Capesize,3M,33.49
2020-10-27,USA-Haldia,Capesize,6M,32.53
2020-10-27,USA-Haldia,Capesize,1Y,34.71
2020-11-26,Australia-Paradip,Panamax,1M,17.0
2020-11-26,Australia-Paradip,Panamax,3M,17.78
2020-11-26,Australia-Paradip,Panamax,6M,18.14
2020-11-26,Australia-Paradip,Panamax,1Y,18.33
2020-11-26,Australia-Paradip,Capesize,1M,15.31
2020-11-26,Australia-Paradip,Capesize,3M,15.41
2020-11-26,Australia-Paradip,Capesize,6M,15.97
2020-11-26,Australia-Paradip,Capesize,1Y,16.37
2020-11-26,Australia-Vizag,Panamax,1M,18.23
2020-11-26,Australia-Vizag,Panamax,3M,18.69
2020-11-26,Australia-Vizag,Panamax,6M,19.0
2020-11-26,Australia-Vizag,Panamax,1Y,19.38
2020-11-26,Australia-Vizag,Capesize,1M,16.14
2020-11-26,Australia-Vizag,Capesize,3M,16.23
2020-11-26,Australia-Vizag,Capesize,6M,15.75
2020-11-26,Australia-Vizag,Capesize,1Y,16.67
2020-11-26,Australia-Dhamra,Panamax,1M,17.82
2020-11-26,Australia-Dhamra,Panamax,3M,18.28
2020-11-26,Australia-Dhamra,Panamax,6M,18.65
2020-11-26,Australia-Dhamra,Panamax,1Y,18.69
2020-11-26,Australia-Dhamra,Capesize,1M,17.13
2020-11-26,Australia-Dhamra,Capesize,3M,17.42
2020-11-26,Australia-Dhamra,Capesize,6M,17.22
2020-11-26,Australia-Dhamra,Capesize,1Y,17.92
2020-11-26,Australia-Gangavaram,Panamax,1M,17.7
2020-11-26,Australia-Gangavaram,Panamax,3M,18.47
2020-11-26,Australia-Gangavaram,Panamax,6M,18.2
2020-11-26,Australia-Gangavaram,Panamax,1Y,18.61
2020-11-26,Australia-Gangavaram,Capesize,1M,14.92
2020-11-26,Australia-Gangavaram,Capesize,3M,15.05
2020-11-26,Australia-Gangavaram,Capesize,6M,15.71
2020-11-26,Australia-Gangavaram,Capesize,1Y,15.6
2020-11-26,Australia-Gopalpur,Panamax,1M,17.21
2020-11-26,Australia-Gopalpur,Panamax,3M,17.36
2020-11-26,Australia-Gopalpur,Panamax,6M,17.44
2020-11-26,Australia-Gopalpur,Panamax,1Y,17.95
2020-11-26,Australia-Gopalpur,Capesize,1M,16.87
2020-11-26,Australia-Gopalpur,Capesize,3M,17.89
2020-11-26,Australia-Gopalpur,Capesize,6M,18.05
2020-11-26,Australia-Gopalpur,Capesize,1Y,17.84
2020-11-26,Australia-Haldia,Panamax,1M,18.99
2020-11-26,Australia-Haldia,Panamax,3M,18.89
2020-11-26,Australia-Haldia,Panamax,6M,18.78
2020-11-26,Australia-Haldia,Panamax,1Y,19.63
2020-11-26,Australia-Haldia,Capesize,1M,17.88
2020-11-26,Australia-Haldia,Capesize,3M,19.15
2020-11-26,Australia-Haldia,Capesize,6M,18.2
2020-11-26,Australia-Haldia,Capesize,1Y,19.08
2020-11-26,Indonesia-Paradip,Panamax,1M,10.98
2020-11-26,Indonesia-Paradip,Panamax,3M,11.15
2020-11-26,Indonesia-Paradip,Panamax,6M,10.93
2020-11-26,Indonesia-Paradip,Panamax,1Y,11.33
2020-11-26,Indonesia-Paradip,Capesize,1M,9.73
2020-11-26,Indonesia-Paradip,Capesize,3M,10.17
2020-11-26,Indonesia-Paradip,Capesize,6M,10.31
2020-11-26,Indonesia-Paradip,Capesize,1Y,10.21
2020-11-26,Indonesia-Vizag,Panamax,1M,10.54
2020-11-26,Indonesia-Vizag,Panamax,3M,10.39
2020-11-26,Indonesia-Vizag,Panamax,6M,10.73
2020-11-26,Indonesia-Vizag,Panamax,1Y,10.7
2020-11-26,Indonesia-Vizag,Capesize,1M,11.16
2020-11-26,Indonesia-Vizag,Capesize,3M,11.01
2020-11-26,Indonesia-Vizag,Capesize,6M,11.42
2020-11-26,Indonesia-Vizag,Capesize,1Y,11.54
2020-11-26,Indonesia-Dhamra,Panamax,1M,10.21
2020-11-26,Indonesia-Dhamra,Panamax,3M,9.98
2020-11-26,Indonesia-Dhamra,Panamax,6M,10.2
2020-11-26,Indonesia-Dhamra,Panamax,1Y,10.34
2020-11-26,Indonesia-Dhamra,Capesize,1M,12.01
2020-11-26,Indonesia-Dhamra,Capesize,3M,11.63
2020-11-26,Indonesia-Dhamra,Capesize,6M,12.16
2020-11-26,Indonesia-Dhamra,Capesize,1Y,12.07
2020-11-26,Indonesia-Gangavaram,Panamax,1M,10.12
2020-11-26,Indonesia-Gangavaram,Panamax,3M,9.97
2020-11-26,Indonesia-Gangavaram,Panamax,6M,10.15
2020-11-26,Indonesia-Gangavaram,Panamax,1Y,10.56
2020-11-26,Indonesia-Gangavaram,Capesize,1M,10.98
2020-11-26,Indonesia-Gangavaram,Capesize,3M,11.42
2020-11-26,Indonesia-Gangavaram,Capesize,6M,11.23
2020-11-26,Indonesia-Gangavaram,Capesize,1Y,11.38
2020-11-26,Indonesia-Gopalpur,Panamax,1M,10.78
2020-11-26,Indonesia-Gopalpur,Panamax,3M,10.79
2020-11-26,Indonesia-Gopalpur,Panamax,6M,11.11
2020-11-26,Indonesia-Gopalpur,Panamax,1Y,11.31
2020-11-26,Indonesia-Gopalpur,Capesize,1M,8.78
2020-11-26,Indonesia-Gopalpur,Capesize,3M,8.57
2020-11-26,Indonesia-Gopalpur,Capesize,6M,8.64
2020-11-26,Indonesia-Gopalpur,Capesize,1Y,9.14
2020-11-26,Indonesia-Haldia,Panamax,1M,11.93
2020-11-26,Indonesia-Haldia,Panamax,3M,11.99
2020-11-26,Indonesia-Haldia,Panamax,6M,12.06
2020-11-26,Indonesia-Haldia,Panamax,1Y,12.56
2020-11-26,Indonesia-Haldia,Capesize,1M,11.98
2020-11-26,Indonesia-Haldia,Capesize,3M,12.21
2020-11-26,Indonesia-Haldia,Capesize,6M,12.53
2020-11-26,Indonesia-Haldia,Capesize,1Y,12.57
2020-11-26,Russia-Paradip,Panamax,1M,19.19
2020-11-26,Russia-Paradip,Panamax,3M,19.31
2020-11-26,Russia-Paradip,Panamax,6M,19.52
2020-11-26,Russia-Paradip,Panamax,1Y,19.82
2020-11-26,Russia-Paradip,Capesize,1M,20.48
2020-11-26,Russia-Paradip,Capesize,3M,20.74
2020-11-26,Russia-Paradip,Capesize,6M,20.9
2020-11-26,Russia-Paradip,Capesize,1Y,21.02
2020-11-26,Russia-Vizag,Panamax,1M,22.43
2020-11-26,Russia-Vizag,Panamax,3M,21.88
2020-11-26,Russia-Vizag,Panamax,6M,23.26
2020-11-26,Russia-Vizag,Panamax,1Y,22.98
2020-11-26,Russia-Vizag,Capesize,1M,18.47
2020-11-26,Russia-Vizag,Capesize,3M,18.98
2020-11-26,Russia-Vizag,Capesize,6M,19.45
2020-11-26,Russia-Vizag,Capesize,1Y,19.48
2020-11-26,Russia-Dhamra,Panamax,1M,22.75
2020-11-26,Russia-Dhamra,Panamax,3M,23.33
2020-11-26,Russia-Dhamra,Panamax,6M,23.97
2020-11-26,Russia-Dhamra,Panamax,1Y,24.29
2020-11-26,Russia-Dhamra,Capesize,1M,25.37
2020-11-26,Russia-Dhamra,Capesize,3M,25.28
2020-11-26,Russia-Dhamra,Capesize,6M,25.95
2020-11-26,Russia-Dhamra,Capesize,1Y,26.08
2020-11-26,Russia-Gangavaram,Panamax,1M,23.69
2020-11-26,Russia-Gangavaram,Panamax,3M,24.24
2020-11-26,Russia-Gangavaram,Panamax,6M,23.94
2020-11-26,Russia-Gangavaram,Panamax,1Y,25.25
2020-11-26,Russia-Gangavaram,Capesize,1M,23.39
2020-11-26,Russia-Gangavaram,Capesize,3M,23.23
2020-11-26,Russia-Gangavaram,Capesize,6M,23.38
2020-11-26,Russia-Gangavaram,Capesize,1Y,24.41
2020-11-26,Russia-Gopalpur,Panamax,1M,24.84
2020-11-26,Russia-Gopalpur,Panamax,3M,25.58
2020-11-26,Russia-Gopalpur,Panamax,6M,25.89
2020-11-26,Russia-Gopalpur,Panamax,1Y,25.74
2020-11-26,Russia-Gopalpur,Capesize,1M,20.4
2020-11-26,Russia-Gopalpur,Capesize,3M,20.33
2020-11-26,Russia-Gopalpur,Capesize,6M,20.36
2020-11-26,Russia-Gopalpur,Capesize,1Y,20.4
2020-11-26,Russia-Haldia,Panamax,1M,24.11
2020-11-26,Russia-Haldia,Panamax,3M,23.47
2020-11-26,Russia-Haldia,Panamax,6M,23.63
2020-11-26,Russia-Haldia,Panamax,1Y,24.34
2020-11-26,Russia-Haldia,Capesize,1M,19.56
2020-11-26,Russia-Haldia,Capesize,3M,20.87
2020-11-26,Russia-Haldia,Capesize,6M,20.81
2020-11-26,Russia-Haldia,Capesize,1Y,21.01
2020-11-26,Mozambique-Paradip,Panamax,1M,21.95
2020-11-26,Mozambique-Paradip,Panamax,3M,22.49
2020-11-26,Mozambique-Paradip,Panamax,6M,22.47
2020-11-26,Mozambique-Paradip,Panamax,1Y,22.04
2020-11-26,Mozambique-Paradip,Capesize,1M,19.08
2020-11-26,Mozambique-Paradip,Capesize,3M,20.13
2020-11-26,Mozambique-Paradip,Capesize,6M,19.71
2020-11-26,Mozambique-Paradip,Capesize,1Y,20.96
2020-11-26,Mozambique-Vizag,Panamax,1M,19.04
2020-11-26,Mozambique-Vizag,Panamax,3M,18.87
2020-11-26,Mozambique-Vizag,Panamax,6M,19.49
2020-11-26,Mozambique-Vizag,Panamax,1Y,19.64
2020-11-26,Mozambique-Vizag,Capesize,1M,20.53
2020-11-26,Mozambique-Vizag,Capesize,3M,21.12
2020-11-26,Mozambique-Vizag,Capesize,6M,20.88
2020-11-26,Mozambique-Vizag,Capesize,1Y,21.43
2020-11-26,Mozambique-Dhamra,Panamax,1M,19.62
2020-11-26,Mozambique-Dhamra,Panamax,3M,19.15
2020-11-26,Mozambique-Dhamra,Panamax,6M,19.03
2020-11-26,Mozambique-Dhamra,Panamax,1Y,19.61
2020-11-26,Mozambique-Dhamra,Capesize,1M,19.02
2020-11-26,Mozambique-Dhamra,Capesize,3M,19.61
2020-11-26,Mozambique-Dhamra,Capesize,6M,19.41
2020-11-26,Mozambique-Dhamra,Capesize,1Y,19.84
2020-11-26,Mozambique-Gangavaram,Panamax,1M,19.86
2020-11-26,Mozambique-Gangavaram,Panamax,3M,20.11
2020-11-26,Mozambique-Gangavaram,Panamax,6M,20.04
2020-11-26,Mozambique-Gangavaram,Panamax,1Y,21.23
2020-11-26,Mozambique-Gangavaram,Capesize,1M,24.53
2020-11-26,Mozambique-Gangavaram,Capesize,3M,23.78
2020-11-26,Mozambique-Gangavaram,Capesize,6M,24.71
2020-11-26,Mozambique-Gangavaram,Capesize,1Y,25.37
2020-11-26,Mozambique-Gopalpur,Panamax,1M,20.6
2020-11-26,Mozambique-Gopalpur,Panamax,3M,20.75
2020-11-26,Mozambique-Gopalpur,Panamax,6M,20.77
2020-11-26,Mozambique-Gopalpur,Panamax,1Y,21.78
2020-11-26,Mozambique-Gopalpur,Capesize,1M,24.12
2020-11-26,Mozambique-Gopalpur,Capesize,3M,23.68
2020-11-26,Mozambique-Gopalpur,Capesize,6M,24.27
2020-11-26,Mozambique-Gopalpur,Capesize,1Y,25.11
2020-11-26,Mozambique-Haldia,Panamax,1M,22.01
2020-11-26,Mozambique-Haldia,Panamax,3M,22.7
2020-11-26,Mozambique-Haldia,Panamax,6M,21.97
2020-11-26,Mozambique-Haldia,Panamax,1Y,22.48
2020-11-26,Mozambique-Haldia,Capesize,1M,19.74
2020-11-26,Mozambique-Haldia,Capesize,3M,20.05
2020-11-26,Mozambique-Haldia,Capesize,6M,19.46
2020-11-26,Mozambique-Haldia,Capesize,1Y,19.99
2020-11-26,USA-Paradip,Panamax,1M,35.0
2020-11-26,USA-Paradip,Panamax,3M,35.61
2020-11-26,USA-Paradip,Panamax,6M,35.35
2020-11-26,USA-Paradip,Panamax,1Y,35.96
2020-11-26,USA-Paradip,Capesize,1M,31.99
2020-11-26,USA-Paradip,Capesize,3M,31.06
2020-11-26,USA-Paradip,Capesize,6M,32.43
2020-11-26,USA-Paradip,Capesize,1Y,32.79
2020-11-26,USA-Vizag,Panamax,1M,32.27
2020-11-26,USA-Vizag,Panamax,3M,32.6
2020-11-26,USA-Vizag,Panamax,6M,33.09
2020-11-26,USA-Vizag,Panamax,1Y,33.0
2020-11-26,USA-Vizag,Capesize,1M,33.3
2020-11-26,USA-Vizag,Capesize,3M,34.51
2020-11-26,USA-Vizag,Capesize,6M,32.89
2020-11-26,USA-Vizag,Capesize,1Y,34.34
2020-11-26,USA-Dhamra,Panamax,1M,30.35
2020-11-26,USA-Dhamra,Panamax,3M,30.44
2020-11-26,USA-Dhamra,Panamax,6M,30.97
2020-11-26,USA-Dhamra,Panamax,1Y,31.7
2020-11-26,USA-Dhamra,Capesize,1M,34.27
2020-11-26,USA-Dhamra,Capesize,3M,35.59
2020-11-26,USA-Dhamra,Capesize,6M,36.03
2020-11-26,USA-Dhamra,Capesize,1Y,36.15
2020-11-26,USA-Gangavaram,Panamax,1M,34.56
2020-11-26,USA-Gangavaram,Panamax,3M,34.71
2020-11-26,USA-Gangavaram,Panamax,6M,35.06
2020-11-26,USA-Gangavaram,Panamax,1Y,35.11
2020-11-26,USA-Gangavaram,Capesize,1M,33.7
2020-11-26,USA-Gangavaram,Capesize,3M,34.37
2020-11-26,USA-Gangavaram,Capesize,6M,34.75
2020-11-26,USA-Gangavaram,Capesize,1Y,35.25
2020-11-26,USA-Gopalpur,Panamax,1M,30.56
2020-11-26,USA-Gopalpur,Panamax,3M,31.86
2020-11-26,USA-Gopalpur,Panamax,6M,31.11
2020-11-26,USA-Gopalpur,Panamax,1Y,31.68
2020-11-26,USA-Gopalpur,Capesize,1M,31.23
2020-11-26,USA-Gopalpur,Capesize,3M,30.52
2020-11-26,USA-Gopalpur,Capesize,6M,31.34
2020-11-26,USA-Gopalpur,Capesize,1Y,32.13
2020-11-26,USA-Haldia,Panamax,1M,37.78
2020-11-26,USA-Haldia,Panamax,3M,37.92
2020-11-26,USA-Haldia,Panamax,6M,37.27
2020-11-26,USA-Haldia,Panamax,1Y,38.92
2020-11-26,USA-Haldia,Capesize,1M,32.32
2020-11-26,USA-Haldia,Capesize,3M,33.45
2020-11-26,USA-Haldia,Capesize,6M,33.12
2020-11-26,USA-Haldia,Capesize,1Y,33.45
2020-12-26,Australia-Paradip,Panamax,1M,18.41
2020-12-26,Australia-Paradip,Panamax,3M,18.47
2020-12-26,Australia-Paradip,Panamax,6M,18.14
2020-12-26,Australia-Paradip,Panamax,1Y,18.28
2020-12-26,Australia-Paradip,Capesize,1M,16.87
2020-12-26,Australia-Paradip,Capesize,3M,17.16
2020-12-26,Australia-Paradip,Capesize,6M,16.95
2020-12-26,Australia-Paradip,Capesize,1Y,17.09
2020-12-26,Australia-Vizag,Panamax,1M,14.96
2020-12-26,Australia-Vizag,Panamax,3M,14.71
2020-12-26,Australia-Vizag,Panamax,6M,14.79
2020-12-26,Australia-Vizag,Panamax,1Y,14.99
2020-12-26,Australia-Vizag,Capesize,1M,17.81
2020-12-26,Australia-Vizag,Capesize,3M,18.17
2020-12-26,Australia-Vizag,Capesize,6M,18.14
2020-12-26,Australia-Vizag,Capesize,1Y,19.04
2020-12-26,Australia-Dhamra,Panamax,1M,15.4
2020-12-26,Australia-Dhamra,Panamax,3M,16.12
2020-12-26,Australia-Dhamra,Panamax,6M,16.02
2020-12-26,Australia-Dhamra,Panamax,1Y,16.0
2020-12-26,Australia-Dhamra,Capesize,1M,16.61
2020-12-26,Australia-Dhamra,Capesize,3M,16.6
2020-12-26,Australia-Dhamra,Capesize,6M,16.98
2020-12-26,Australia-Dhamra,Capesize,1Y,17.06
2020-12-26,Australia-Gangavaram,Panamax,1M,14.98
2020-12-26,Australia-Gangavaram,Panamax,3M,15.63
2020-12-26,Australia-Gangavaram,Panamax,6M,15.32
2020-12-26,Australia-Gangavaram,Panamax,1Y,16.13
2020-12-26,Australia-Gangavaram,Capesize,1M,17.81
2020-12-26,Australia-Gangavaram,Capesize,3M,17.19
2020-12-26,Australia-Gangavaram,Capesize,6M,17.64
2020-12-26,Australia-Gangavaram,Capesize,1Y,17.74
2020-12-26,Australia-Gopalpur,Panamax,1M,17.14
2020-12-26,Australia-Gopalpur,Panamax,3M,17.59
2020-12-26,Australia-Gopalpur,Panamax,6M,17.59
2020-12-26,Australia-Gopalpur,Panamax,1Y,17.7
2020-12-26,Australia-Gopalpur,Capesize,1M,16.11
2020-12-26,Australia-Gopalpur,Capesize,3M,16.34
2020-12-26,Australia-Gopalpur,Capesize,6M,16.25
2020-12-26,Australia-Gopalpur,Capesize,1Y,16.94
2020-12-26,Australia-Haldia,Panamax,1M,14.5
2020-12-26,Australia-Haldia,Panamax,3M,14.76
2020-12-26,Australia-Haldia,Panamax,6M,14.5
2020-12-26,Australia-Haldia,Panamax,1Y,14.96
2020-12-26,Australia-Haldia,Capesize,1M,17.03
2020-12-26,Australia-Haldia,Capesize,3M,17.71
2020-12-26,Australia-Haldia,Capesize,6M,17.9
2020-12-26,Australia-Haldia,Capesize,1Y,17.95
2020-12-26,Indonesia-Paradip,Panamax,1M,11.12
2020-12-26,Indonesia-Paradip,Panamax,3M,11.47
2020-12-26,Indonesia-Paradip,Panamax,6M,11.74
2020-12-26,Indonesia-Paradip,Panamax,1Y,11.75
2020-12-26,Indonesia-Paradip,Capesize,1M,10.34
2020-12-26,Indonesia-Paradip,Capesize,3M,10.79
2020-12-26,Indonesia-Paradip,Capesize,6M,10.58
2020-12-26,Indonesia-Paradip,Capesize,1Y,10.89
2020-12-26,Indonesia-Vizag,Panamax,1M,12.37
2020-12-26,Indonesia-Vizag,Panamax,3M,11.88
2020-12-26,Indonesia-Vizag,Panamax,6M,12.2
2020-12-26,Indonesia-Vizag,Panamax,1Y,12.99
2020-12-26,Indonesia-Vizag,Capesize,1M,11.97
2020-12-26,Indonesia-Vizag,Capesize,3M,12.05
2020-12-26,Indonesia-Vizag,Capesize,6M,12.04
2020-12-26,Indonesia-Vizag,Capesize,1Y,12.42
2020-12-26,Indonesia-Dhamra,Panamax,1M,10.58
2020-12-26,Indonesia-Dhamra,Panamax,3M,10.47
2020-12-26,Indonesia-Dhamra,Panamax,6M,10.5
2020-12-26,Indonesia-Dhamra,Panamax,1Y,10.88
2020-12-26,Indonesia-Dhamra,Capesize,1M,10.85
2020-12-26,Indonesia-Dhamra,Capesize,3M,10.91
2020-12-26,Indonesia-Dhamra,Capesize,6M,11.18
2020-12-26,Indonesia-Dhamra,Capesize,1Y,11.19
2020-12-26,Indonesia-Gangavaram,Panamax,1M,11.43
2020-12-26,Indonesia-Gangavaram,Panamax,3M,11.5
2020-12-26,Indonesia-Gangavaram,Panamax,6M,11.57
2020-12-26,Indonesia-Gangavaram,Panamax,1Y,11.4
2020-12-26,Indonesia-Gangavaram,Capesize,1M,11.31
2020-12-26,Indonesia-Gangavaram,Capesize,3M,11.04
2020-12-26,Indonesia-Gangavaram,Capesize,6M,11.36
2020-12-26,Indonesia-Gangavaram,Capesize,1Y,11.81
2020-12-26,Indonesia-Gopalpur,Panamax,1M,11.71
2020-12-26,Indonesia-Gopalpur,Panamax,3M,11.83
2020-12-26,Indonesia-Gopalpur,Panamax,6M,12.1
2020-12-26,Indonesia-Gopalpur,Panamax,1Y,12.02
2020-12-26,Indonesia-Gopalpur,Capesize,1M,10.17
2020-12-26,Indonesia-Gopalpur,Capesize,3M,10.23
2020-12-26,Indonesia-Gopalpur,Capesize,6M,10.3
2020-12-26,Indonesia-Gopalpur,Capesize,1Y,10.87
2020-12-26,Indonesia-Haldia,Panamax,1M,9.34
2020-12-26,Indonesia-Haldia,Panamax,3M,9.37
2020-12-26,Indonesia-Haldia,Panamax,6M,9.4
2020-12-26,Indonesia-Haldia,Panamax,1Y,9.65
2020-12-26,Indonesia-Haldia,Capesize,1M,9.86
2020-12-26,Indonesia-Haldia,Capesize,3M,9.98
2020-12-26,Indonesia-Haldia,Capesize,6M,9.76
2020-12-26,Indonesia-Haldia,Capesize,1Y,10.13
2020-12-26,Russia-Paradip,Panamax,1M,24.61
2020-12-26,Russia-Paradip,Panamax,3M,25.84
2020-12-26,Russia-Paradip,Panamax,6M,26.07
2020-12-26,Russia-Paradip,Panamax,1Y,26.73
2020-12-26,Russia-Paradip,Capesize,1M,25.94
2020-12-26,Russia-Paradip,Capesize,3M,26.68
2020-12-26,Russia-Paradip,Capesize,6M,27.07
2020-12-26,Russia-Paradip,Capesize,1Y,27.42
2020-12-26,Russia-Vizag,Panamax,1M,24.29
2020-12-26,Russia-Vizag,Panamax,3M,24.27
2020-12-26,Russia-Vizag,Panamax,6M,24.21
2020-12-26,Russia-Vizag,Panamax,1Y,25.08
2020-12-26,Russia-Vizag,Capesize,1M,22.84
2020-12-26,Russia-Vizag,Capesize,3M,22.31
2020-12-26,Russia-Vizag,Capesize,6M,22.77
2020-12-26,Russia-Vizag,Capesize,1Y,23.3
2020-12-26,Russia-Dhamra,Panamax,1M,22.11
2020-12-26,Russia-Dhamra,Panamax,3M,21.8
2020-12-26,Russia-Dhamra,Panamax,6M,22.65
2020-12-26,Russia-Dhamra,Panamax,1Y,23.08
2020-12-26,Russia-Dhamra,Capesize,1M,25.09
2020-12-26,Russia-Dhamra,Capesize,3M,24.5
2020-12-26,Russia-Dhamra,Capesize,6M,24.84
2020-12-26,Russia-Dhamra,Capesize,1Y,25.72
2020-12-26,Russia-Gangavaram,Panamax,1M,22.49
2020-12-26,Russia-Gangavaram,Panamax,3M,23.2
2020-12-26,Russia-Gangavaram,Panamax,6M,23.92
2020-12-26,Russia-Gangavaram,Panamax,1Y,24.63
2020-12-26,Russia-Gangavaram,Capesize,1M,21.82
2020-12-26,Russia-Gangavaram,Capesize,3M,22.59
2020-12-26,Russia-Gangavaram,Capesize,6M,22.58
2020-12-26,Russia-Gangavaram,Capesize,1Y,22.77
2020-12-26,Russia-Gopalpur,Panamax,1M,19.5
2020-12-26,Russia-Gopalpur,Panamax,3M,20.55
2020-12-26,Russia-Gopalpur,Panamax,6M,20.69
2020-12-26,Russia-Gopalpur,Panamax,1Y,21.35
2020-12-26,Russia-Gopalpur,Capesize,1M,20.84
2020-12-26,Russia-Gopalpur,Capesize,3M,20.76
2020-12-26,Russia-Gopalpur,Capesize,6M,21.76
2020-12-26,Russia-Gopalpur,Capesize,1Y,22.51
2020-12-26,Russia-Haldia,Panamax,1M,20.41
2020-12-26,Russia-Haldia,Panamax,3M,20.56
2020-12-26,Russia-Haldia,Panamax,6M,20.24
2020-12-26,Russia-Haldia,Panamax,1Y,21.2
2020-12-26,Russia-Haldia,Capesize,1M,21.02
2020-12-26,Russia-Haldia,Capesize,3M,21.28
2020-12-26,Russia-Haldia,Capesize,6M,21.93
2020-12-26,Russia-Haldia,Capesize,1Y,21.52
2020-12-26,Mozambique-Paradip,Panamax,1M,23.04
2020-12-26,Mozambique-Paradip,Panamax,3M,23.06
2020-12-26,Mozambique-Paradip,Panamax,6M,23.76
2020-12-26,Mozambique-Paradip,Panamax,1Y,24.16
2020-12-26,Mozambique-Paradip,Capesize,1M,18.8
2020-12-26,Mozambique-Paradip,Capesize,3M,19.42
2020-12-26,Mozambique-Paradip,Capesize,6M,18.59
2020-12-26,Mozambique-Paradip,Capesize,1Y,19.51
2020-12-26,Mozambique-Vizag,Panamax,1M,20.13
2020-12-26,Mozambique-Vizag,Panamax,3M,20.75
2020-12-26,Mozambique-Vizag,Panamax,6M,20.63
2020-12-26,Mozambique-Vizag,Panamax,1Y,20.89
2020-12-26,Mozambique-Vizag,Capesize,1M,18.71
2020-12-26,Mozambique-Vizag,Capesize,3M,18.44
2020-12-26,Mozambique-Vizag,Capesize,6M,18.18
2020-12-26,Mozambique-Vizag,Capesize,1Y,18.91
2020-12-26,Mozambique-Dhamra,Panamax,1M,20.73
2020-12-26,Mozambique-Dhamra,Panamax,3M,20.97
2020-12-26,Mozambique-Dhamra,Panamax,6M,21.1
2020-12-26,Mozambique-Dhamra,Panamax,1Y,21.65
2020-12-26,Mozambique-Dhamra,Capesize,1M,21.41
2020-12-26,Mozambique-Dhamra,Capesize,3M,21.91
2020-12-26,Mozambique-Dhamra,Capesize,6M,22.0
2020-12-26,Mozambique-Dhamra,Capesize,1Y,22.12
2020-12-26,Mozambique-Gangavaram,Panamax,1M,21.56
2020-12-26,Mozambique-Gangavaram,Panamax,3M,21.52
2020-12-26,Mozambique-Gangavaram,Panamax,6M,21.41
2020-12-26,Mozambique-Gangavaram,Panamax,1Y,22.18
2020-12-26,Mozambique-Gangavaram,Capesize,1M,22.1
2020-12-26,Mozambique-Gangavaram,Capesize,3M,21.94
2020-12-26,Mozambique-Gangavaram,Capesize,6M,22.39
2020-12-26,Mozambique-Gangavaram,Capesize,1Y,23.03
2020-12-26,Mozambique-Gopalpur,Panamax,1M,23.42
2020-12-26,Mozambique-Gopalpur,Panamax,3M,23.31
2020-12-26,Mozambique-Gopalpur,Panamax,6M,24.48
2020-12-26,Mozambique-Gopalpur,Panamax,1Y,23.53
2020-12-26,Mozambique-Gopalpur,Capesize,1M,22.82
2020-12-26,Mozambique-Gopalpur,Capesize,3M,23.09
2020-12-26,Mozambique-Gopalpur,Capesize,6M,23.57
2020-12-26,Mozambique-Gopalpur,Capesize,1Y,23.53
2020-12-26,Mozambique-Haldia,Panamax,1M,21.58
2020-12-26,Mozambique-Haldia,Panamax,3M,21.71
2020-12-26,Mozambique-Haldia,Panamax,6M,21.76
2020-12-26,Mozambique-Haldia,Panamax,1Y,22.41
2020-12-26,Mozambique-Haldia,Capesize,1M,22.18
2020-12-26,Mozambique-Haldia,Capesize,3M,21.85
2020-12-26,Mozambique-Haldia,Capesize,6M,22.06
2020-12-26,Mozambique-Haldia,Capesize,1Y,22.49
2020-12-26,USA-Paradip,Panamax,1M,29.52
2020-12-26,USA-Paradip,Panamax,3M,29.71
2020-12-26,USA-Paradip,Panamax,6M,29.8
2020-12-26,USA-Paradip,Panamax,1Y,30.62
2020-12-26,USA-Paradip,Capesize,1M,37.91
2020-12-26,USA-Paradip,Capesize,3M,37.39
2020-12-26,USA-Paradip,Capesize,6M,38.51
2020-12-26,USA-Paradip,Capesize,1Y,39.14
2020-12-26,USA-Vizag,Panamax,1M,34.16
2020-12-26,USA-Vizag,Panamax,3M,34.79
2020-12-26,USA-Vizag,Panamax,6M,34.76
2020-12-26,USA-Vizag,Panamax,1Y,35.88
2020-12-26,USA-Vizag,Capesize,1M,31.29
2020-12-26,USA-Vizag,Capesize,3M,31.83
2020-12-26,USA-Vizag,Capesize,6M,31.97
2020-12-26,USA-Vizag,Capesize,1Y,32.79
2020-12-26,USA-Dhamra,Panamax,1M,34.8
2020-12-26,USA-Dhamra,Panamax,3M,35.02
2020-12-26,USA-Dhamra,Panamax,6M,35.59
2020-12-26,USA-Dhamra,Panamax,1Y,36.13
2020-12-26,USA-Dhamra,Capesize,1M,32.31
2020-12-26,USA-Dhamra,Capesize,3M,31.54
2020-12-26,USA-Dhamra,Capesize,6M,33.0
2020-12-26,USA-Dhamra,Capesize,1Y,34.81
2020-12-26,USA-Gangavaram,Panamax,1M,29.71
2020-12-26,USA-Gangavaram,Panamax,3M,30.65
2020-12-26,USA-Gangavaram,Panamax,6M,30.77
2020-12-26,USA-Gangavaram,Panamax,1Y,31.03
2020-12-26,USA-Gangavaram,Capesize,1M,36.01
2020-12-26,USA-Gangavaram,Capesize,3M,34.45
2020-12-26,USA-Gangavaram,Capesize,6M,36.56
2020-12-26,USA-Gangavaram,Capesize,1Y,36.58
2020-12-26,USA-Gopalpur,Panamax,1M,30.04
2020-12-26,USA-Gopalpur,Panamax,3M,31.4
2020-12-26,USA-Gopalpur,Panamax,6M,31.55
2020-12-26,USA-Gopalpur,Panamax,1Y,31.89
2020-12-26,USA-Gopalpur,Capesize,1M,35.63
2020-12-26,USA-Gopalpur,Capesize,3M,36.73
2020-12-26,USA-Gopalpur,Capesize,6M,37.72
2020-12-26,USA-Gopalpur,Capesize,1Y,38.44
2020-12-26,USA-Haldia,Panamax,1M,29.45
2020-12-26,USA-Haldia,Panamax,3M,29.56
2020-12-26,USA-Haldia,Panamax,6M,31.31
2020-12-26,USA-Haldia,Panamax,1Y,30.19
2020-12-26,USA-Haldia,Capesize,1M,32.99
2020-12-26,USA-Haldia,Capesize,3M,33.14
2020-12-26,USA-Haldia,Capesize,6M,33.19
2020-12-26,USA-Haldia,Capesize,1Y,32.95
2021-01-25,Australia-Paradip,Panamax,1M,17.05
2021-01-25,Australia-Paradip,Panamax,3M,17.24
2021-01-25,Australia-Paradip,Panamax,6M,17.51
2021-01-25,Australia-Paradip,Panamax,1Y,18.08
2021-01-25,Australia-Paradip,Capesize,1M,18.19
2021-01-25,Australia-Paradip,Capesize,3M,18.52
2021-01-25,Australia-Paradip,Capesize,6M,18.62
2021-01-25,Australia-Paradip,Capesize,1Y,18.87
2021-01-25,Australia-Vizag,Panamax,1M,15.79
2021-01-25,Australia-Vizag,Panamax,3M,15.89
2021-01-25,Australia-Vizag,Panamax,6M,16.02
2021-01-25,Australia-Vizag,Panamax,1Y,16.91
2021-01-25,Australia-Vizag,Capesize,1M,19.14
2021-01-25,Australia-Vizag,Capesize,3M,19.02
2021-01-25,Australia-Vizag,Capesize,6M,18.76
2021-01-25,Australia-Vizag,Capesize,1Y,19.79
2021-01-25,Australia-Dhamra,Panamax,1M,15.94
2021-01-25,Australia-Dhamra,Panamax,3M,16.34
2021-01-25,Australia-Dhamra,Panamax,6M,16.46
2021-01-25,Australia-Dhamra,Panamax,1Y,17.08
2021-01-25,Australia-Dhamra,Capesize,1M,18.0
2021-01-25,Australia-Dhamra,Capesize,3M,17.48
2021-01-25,Australia-Dhamra,Capesize,6M,18.16
2021-01-25,Australia-Dhamra,Capesize,1Y,19.16
2021-01-25,Australia-Gangavaram,Panamax,1M,17.58
2021-01-25,Australia-Gangavaram,Panamax,3M,17.85
2021-01-25,Australia-Gangavaram,Panamax,6M,17.81
2021-01-25,Australia-Gangavaram,Panamax,1Y,18.75
2021-01-25,Australia-Gangavaram,Capesize,1M,17.04
2021-01-25,Australia-Gangavaram,Capesize,3M,17.06
2021-01-25,Australia-Gangavaram,Capesize,6M,17.73
2021-01-25,Australia-Gangavaram,Capesize,1Y,18.03
2021-01-25,Australia-Gopalpur,Panamax,1M,16.03
2021-01-25,Australia-Gopalpur,Panamax,3M,15.86
2021-01-25,Australia-Gopalpur,Panamax,6M,16.15
2021-01-25,Australia-Gopalpur,Panamax,1Y,16.63
2021-01-25,Australia-Gopalpur,Capesize,1M,15.62
2021-01-25,Australia-Gopalpur,Capesize,3M,16.4
2021-01-25,Australia-Gopalpur,Capesize,6M,15.78
2021-01-25,Australia-Gopalpur,Capesize,1Y,16.61
2021-01-25,Australia-Haldia,Panamax,1M,16.33
2021-01-25,Australia-Haldia,Panamax,3M,16.8
2021-01-25,Australia-Haldia,Panamax,6M,16.96
2021-01-25,Australia-Haldia,Panamax,1Y,17.02
2021-01-25,Australia-Haldia,Capesize,1M,19.05
2021-01-25,Australia-Haldia,Capesize,3M,18.95
2021-01-25,Australia-Haldia,Capesize,6M,19.32
2021-01-25,Australia-Haldia,Capesize,1Y,19.93
2021-01-25,Indonesia-Paradip,Panamax,1M,8.97
2021-01-25,Indonesia-Paradip,Panamax,3M,9.07
2021-01-25,Indonesia-Paradip,Panamax,6M,9.28
2021-01-25,Indonesia-Paradip,Panamax,1Y,9.12
2021-01-25,Indonesia-Paradip,Capesize,1M,11.3
2021-01-25,Indonesia-Paradip,Capesize,3M,10.99
2021-01-25,Indonesia-Paradip,Capesize,6M,11.29
2021-01-25,Indonesia-Paradip,Capesize,1Y,11.55
2021-01-25,Indonesia-Vizag,Panamax,1M,11.24
2021-01-25,Indonesia-Vizag,Panamax,3M,11.44
2021-01-25,Indonesia-Vizag,Panamax,6M,11.38
2021-01-25,Indonesia-Vizag,Panamax,1Y,11.54
2021-01-25,Indonesia-Vizag,Capesize,1M,10.48
2021-01-25,Indonesia-Vizag,Capesize,3M,10.39
2021-01-25,Indonesia-Vizag,Capesize,6M,10.62
2021-01-25,Indonesia-Vizag,Capesize,1Y,10.7
2021-01-25,Indonesia-Dhamra,Panamax,1M,12.4
2021-01-25,Indonesia-Dhamra,Panamax,3M,12.97
2021-01-25,Indonesia-Dhamra,Panamax,6M,12.83
2021-01-25,Indonesia-Dhamra,Panamax,1Y,13.21
2021-01-25,Indonesia-Dhamra,Capesize,1M,8.49
2021-01-25,Indonesia-Dhamra,Capesize,3M,8.53
2021-01-25,Indonesia-Dhamra,Capesize,6M,8.88
2021-01-25,Indonesia-Dhamra,Capesize,1Y,8.93
2021-01-25,Indonesia-Gangavaram,Panamax,1M,10.74
2021-01-25,Indonesia-Gangavaram,Panamax,3M,10.86
2021-01-25,Indonesia-Gangavaram,Panamax,6M,10.87
2021-01-25,Indonesia-Gangavaram,Panamax,1Y,11.03
2021-01-25,Indonesia-Gangavaram,Capesize,1M,11.19
2021-01-25,Indonesia-Gangavaram,Capesize,3M,11.3
2021-01-25,Indonesia-Gangavaram,Capesize,6M,11.25
2021-01-25,Indonesia-Gangavaram,Capesize,1Y,11.4
2021-01-25,Indonesia-Gopalpur,Panamax,1M,10.19
2021-01-25,Indonesia-Gopalpur,Panamax,3M,10.36
2021-01-25,Indonesia-Gopalpur,Panamax,6M,10.67
2021-01-25,Indonesia-Gopalpur,Panamax,1Y,11.17
2021-01-25,Indonesia-Gopalpur,Capesize,1M,10.92
2021-01-25,Indonesia-Gopalpur,Capesize,3M,10.37
2021-01-25,Indonesia-Gopalpur,Capesize,6M,10.77
2021-01-25,Indonesia-Gopalpur,Capesize,1Y,10.92
2021-01-25,Indonesia-Haldia,Panamax,1M,9.35
2021-01-25,Indonesia-Haldia,Panamax,3M,9.16
2021-01-25,Indonesia-Haldia,Panamax,6M,9.43
2021-01-25,Indonesia-Haldia,Panamax,1Y,9.5
2021-01-25,Indonesia-Haldia,Capesize,1M,10.2
2021-01-25,Indonesia-Haldia,Capesize,3M,10.33
2021-01-25,Indonesia-Haldia,Capesize,6M,10.3
2021-01-25,Indonesia-Haldia,Capesize,1Y,10.59
2021-01-25,Russia-Paradip,Panamax,1M,23.94
2021-01-25,Russia-Paradip,Panamax,3M,23.99
2021-01-25,Russia-Paradip,Panamax,6M,23.6
2021-01-25,Russia-Paradip,Panamax,1Y,24.89
2021-01-25,Russia-Paradip,Capesize,1M,20.91
2021-01-25,Russia-Paradip,Capesize,3M,21.68
2021-01-25,Russia-Paradip,Capesize,6M,21.84
2021-01-25,Russia-Paradip,Capesize,1Y,22.31
2021-01-25,Russia-Vizag,Panamax,1M,22.85
2021-01-25,Russia-Vizag,Panamax,3M,23.12
2021-01-25,Russia-Vizag,Panamax,6M,23.1
2021-01-25,Russia-Vizag,Panamax,1Y,23.33
2021-01-25,Russia-Vizag,Capesize,1M,22.8
2021-01-25,Russia-Vizag,Capesize,3M,22.87
2021-01-25,Russia-Vizag,Capesize,6M,22.82
2021-01-25,Russia-Vizag,Capesize,1Y,23.62
2021-01-25,Russia-Dhamra,Panamax,1M,24.9
2021-01-25,Russia-Dhamra,Panamax,3M,25.63
2021-01-25,Russia-Dhamra,Panamax,6M,25.44
2021-01-25,Russia-Dhamra,Panamax,1Y,25.77
2021-01-25,Russia-Dhamra,Capesize,1M,21.41
2021-01-25,Russia-Dhamra,Capesize,3M,22.1
2021-01-25,Russia-Dhamra,Capesize,6M,22.24
2021-01-25,Russia-Dhamra,Capesize,1Y,22.35
2021-01-25,Russia-Gangavaram,Panamax,1M,22.8
2021-01-25,Russia-Gangavaram,Panamax,3M,22.72
2021-01-25,Russia-Gangavaram,Panamax,6M,23.32
2021-01-25,Russia-Gangavaram,Panamax,1Y,23.58
2021-01-25,Russia-Gangavaram,Capesize,1M,20.18
2021-01-25,Russia-Gangavaram,Capesize,3M,19.97
2021-01-25,Russia-Gangavaram,Capesize,6M,19.82
2021-01-25,Russia-Gangavaram,Capesize,1Y,20.51
2021-01-25,Russia-Gopalpur,Panamax,1M,20.43
2021-01-25,Russia-Gopalpur,Panamax,3M,20.47
2021-01-25,Russia-Gopalpur,Panamax,6M,20.9
2021-01-25,Russia-Gopalpur,Panamax,1Y,20.82
2021-01-25,Russia-Gopalpur,Capesize,1M,21.11
2021-01-25,Russia-Gopalpur,Capesize,3M,21.12
2021-01-25,Russia-Gopalpur,Capesize,6M,21.34
2021-01-25,Russia-Gopalpur,Capesize,1Y,21.79
2021-01-25,Russia-Haldia,Panamax,1M,26.12
2021-01-25,Russia-Haldia,Panamax,3M,26.8
2021-01-25,Russia-Haldia,Panamax,6M,26.18
2021-01-25,Russia-Haldia,Panamax,1Y,26.97
2021-01-25,Russia-Haldia,Capesize,1M,25.63
2021-01-25,Russia-Haldia,Capesize,3M,25.63
2021-01-25,Russia-Haldia,Capesize,6M,25.53
2021-01-25,Russia-Haldia,Capesize,1Y,25.95
2021-01-25,Mozambique-Paradip,Panamax,1M,21.46
2021-01-25,Mozambique-Paradip,Panamax,3M,21.64
2021-01-25,Mozambique-Paradip,Panamax,6M,21.39
2021-01-25,Mozambique-Paradip,Panamax,1Y,21.87
2021-01-25,Mozambique-Paradip,Capesize,1M,20.6
2021-01-25,Mozambique-Paradip,Capesize,3M,21.4
2021-01-25,Mozambique-Paradip,Capesize,6M,20.94
2021-01-25,Mozambique-Paradip,Capesize,1Y,20.76
2021-01-25,Mozambique-Vizag,Panamax,1M,21.95
2021-01-25,Mozambique-Vizag,Panamax,3M,23.26
2021-01-25,Mozambique-Vizag,Panamax,6M,22.82
2021-01-25,Mozambique-Vizag,Panamax,1Y,24.17
2021-01-25,Mozambique-Vizag,Capesize,1M,22.79
2021-01-25,Mozambique-Vizag,Capesize,3M,22.45
2021-01-25,Mozambique-Vizag,Capesize,6M,23.11
2021-01-25,Mozambique-Vizag,Capesize,1Y,23.55
2021-01-25,Mozambique-Dhamra,Panamax,1M,21.97
2021-01-25,Mozambique-Dhamra,Panamax,3M,21.57
2021-01-25,Mozambique-Dhamra,Panamax,6M,21.9
2021-01-25,Mozambique-Dhamra,Panamax,1Y,21.72
2021-01-25,Mozambique-Dhamra,Capesize,1M,19.34
2021-01-25,Mozambique-Dhamra,Capesize,3M,19.15
2021-01-25,Mozambique-Dhamra,Capesize,6M,19.91
2021-01-25,Mozambique-Dhamra,Capesize,1Y,20.09
2021-01-25,Mozambique-Gangavaram,Panamax,1M,22.79
2021-01-25,Mozambique-Gangavaram,Panamax,3M,22.81
2021-01-25,Mozambique-Gangavaram,Panamax,6M,22.96
2021-01-25,Mozambique-Gangavaram,Panamax,1Y,23.49
2021-01-25,Mozambique-Gangavaram,Capesize,1M,21.56
2021-01-25,Mozambique-Gangavaram,Capesize,3M,21.77
2021-01-25,Mozambique-Gangavaram,Capesize,6M,21.32
2021-01-25,Mozambique-Gangavaram,Capesize,1Y,22.31
2021-01-25,Mozambique-Gopalpur,Panamax,1M,21.73
2021-01-25,Mozambique-Gopalpur,Panamax,3M,22.65
2021-01-25,Mozambique-Gopalpur,Panamax,6M,22.24
2021-01-25,Mozambique-Gopalpur,Panamax,1Y,22.26
2021-01-25,Mozambique-Gopalpur,Capesize,1M,19.15
2021-01-25,Mozambique-Gopalpur,Capesize,3M,19.82
2021-01-25,Mozambique-Gopalpur,Capesize,6M,19.6
2021-01-25,Mozambique-Gopalpur,Capesize,1Y,19.51
2021-01-25,Mozambique-Haldia,Panamax,1M,23.02
2021-01-25,Mozambique-Haldia,Panamax,3M,23.05
2021-01-25,Mozambique-Haldia,Panamax,6M,23.46
2021-01-25,Mozambique-Haldia,Panamax,1Y,24.19
2021-01-25,Mozambique-Haldia,Capesize,1M,20.9
2021-01-25,Mozambique-Haldia,Capesize,3M,20.45
2021-01-25,Mozambique-Haldia,Capesize,6M,20.88
2021-01-25,Mozambique-Haldia,Capesize,1Y,21.43
2021-01-25,USA-Paradip,Panamax,1M,33.76
2021-01-25,USA-Paradip,Panamax,3M,32.93
2021-01-25,USA-Paradip,Panamax,6M,34.27
2021-01-25,USA-Paradip,Panamax,1Y,33.23
2021-01-25,USA-Paradip,Capesize,1M,30.06
2021-01-25,USA-Paradip,Capesize,3M,30.92
2021-01-25,USA-Paradip,Capesize,6M,30.72
2021-01-25,USA-Paradip,Capesize,1Y,31.41
2021-01-25,USA-Vizag,Panamax,1M,34.05
2021-01-25,USA-Vizag,Panamax,3M,35.01
2021-01-25,USA-Vizag,Panamax,6M,35.04
2021-01-25,USA-Vizag,Panamax,1Y,35.15
2021-01-25,USA-Vizag,Capesize,1M,35.0
2021-01-25,USA-Vizag,Capesize,3M,36.01
2021-01-25,USA-Vizag,Capesize,6M,36.7
2021-01-25,USA-Vizag,Capesize,1Y,36.52
2021-01-25,USA-Dhamra,Panamax,1M,33.67
2021-01-25,USA-Dhamra,Panamax,3M,33.48
2021-01-25,USA-Dhamra,Panamax,6M,33.99
2021-01-25,USA-Dhamra,Panamax,1Y,35.1
2021-01-25,USA-Dhamra,Capesize,1M,35.52
2021-01-25,USA-Dhamra,Capesize,3M,36.88
2021-01-25,USA-Dhamra,Capesize,6M,37.06
2021-01-25,USA-Dhamra,Capesize,1Y,37.65
2021-01-25,USA-Gangavaram,Panamax,1M,32.26
2021-01-25,USA-Gangavaram,Panamax,3M,33.21
2021-01-25,USA-Gangavaram,Panamax,6M,33.59
2021-01-25,USA-Gangavaram,Panamax,1Y,34.47
2021-01-25,USA-Gangavaram,Capesize,1M,28.22
2021-01-25,USA-Gangavaram,Capesize,3M,28.58
2021-01-25,USA-Gangavaram,Capesize,6M,28.63
2021-01-25,USA-Gangavaram,Capesize,1Y,29.45
2021-01-25,USA-Gopalpur,Panamax,1M,33.01
2021-01-25,USA-Gopalpur,Panamax,3M,32.39
2021-01-25,USA-Gopalpur,Panamax,6M,33.15
2021-01-25,USA-Gopalpur,Panamax,1Y,32.53
2021-01-25,USA-Gopalpur,Capesize,1M,33.13
2021-01-25,USA-Gopalpur,Capesize,3M,32.69
2021-01-25,USA-Gopalpur,Capesize,6M,33.68
2021-01-25,USA-Gopalpur,Capesize,1Y,34.18
2021-01-25,USA-Haldia,Panamax,1M,33.17
2021-01-25,USA-Haldia,Panamax,3M,33.22
2021-01-25,USA-Haldia,Panamax,6M,33.72
2021-01-25,USA-Haldia,Panamax,1Y,34.45
2021-01-25,USA-Haldia,Capesize,1M,35.53
2021-01-25,USA-Haldia,Capesize,3M,35.38
2021-01-25,USA-Haldia,Capesize,6M,36.04
2021-01-25,USA-Haldia,Capesize,1Y,36.79
2021-02-24,Australia-Paradip,Panamax,1M,15.06
2021-02-24,Australia-Paradip,Panamax,3M,15.35
2021-02-24,Australia-Paradip,Panamax,6M,15.32
2021-02-24,Australia-Paradip,Panamax,1Y,15.99
2021-02-24,Australia-Paradip,Capesize,1M,16.54
2021-02-24,Australia-Paradip,Capesize,3M,16.31
2021-02-24,Australia-Paradip,Capesize,6M,16.52
2021-02-24,Australia-Paradip,Capesize,1Y,17.05
2021-02-24,Australia-Vizag,Panamax,1M,18.08
2021-02-24,Australia-Vizag,Panamax,3M,17.57
2021-02-24,Australia-Vizag,Panamax,6M,18.51
2021-02-24,Australia-Vizag,Panamax,1Y,18.44
2021-02-24,Australia-Vizag,Capesize,1M,16.24
2021-02-24,Australia-Vizag,Capesize,3M,16.13
2021-02-24,Australia-Vizag,Capesize,6M,16.54
2021-02-24,Australia-Vizag,Capesize,1Y,16.31
2021-02-24,Australia-Dhamra,Panamax,1M,14.99
2021-02-24,Australia-Dhamra,Panamax,3M,15.15
2021-02-24,Australia-Dhamra,Panamax,6M,15.61
2021-02-24,Australia-Dhamra,Panamax,1Y,15.27
2021-02-24,Australia-Dhamra,Capesize,1M,15.74
2021-02-24,Australia-Dhamra,Capesize,3M,16.11
2021-02-24,Australia-Dhamra,Capesize,6M,16.22
2021-02-24,Australia-Dhamra,Capesize,1Y,16.43
2021-02-24,Australia-Gangavaram,Panamax,1M,16.7
2021-02-24,Australia-Gangavaram,Panamax,3M,16.74
2021-02-24,Australia-Gangavaram,Panamax,6M,17.05
2021-02-24,Australia-Gangavaram,Panamax,1Y,17.61
2021-02-24,Australia-Gangavaram,Capesize,1M,14.16
2021-02-24,Australia-Gangavaram,Capesize,3M,14.65
2021-02-24,Australia-Gangavaram,Capesize,6M,14.3
2021-02-24,Australia-Gangavaram,Capesize,1Y,14.71
2021-02-24,Australia-Gopalpur,Panamax,1M,16.11
2021-02-24,Australia-Gopalpur,Panamax,3M,16.4
2021-02-24,Australia-Gopalpur,Panamax,6M,16.09
2021-02-24,Australia-Gopalpur,Panamax,1Y,16.37
2021-02-24,Australia-Gopalpur,Capesize,1M,14.9
2021-02-24,Australia-Gopalpur,Capesize,3M,15.53
2021-02-24,Australia-Gopalpur,Capesize,6M,15.47
2021-02-24,Australia-Gopalpur,Capesize,1Y,15.57
2021-02-24,Australia-Haldia,Panamax,1M,16.25
2021-02-24,Australia-Haldia,Panamax,3M,16.67
2021-02-24,Australia-Haldia,Panamax,6M,16.3
2021-02-24,Australia-Haldia,Panamax,1Y,17.26
2021-02-24,Australia-Haldia,Capesize,1M,15.44
2021-02-24,Australia-Haldia,Capesize,3M,15.61
2021-02-24,Australia-Haldia,Capesize,6M,15.66
2021-02-24,Australia-Haldia,Capesize,1Y,15.93
2021-02-24,Indonesia-Paradip,Panamax,1M,12.4
2021-02-24,Indonesia-Paradip,Panamax,3M,12.57
2021-02-24,Indonesia-Paradip,Panamax,6M,12.65
2021-02-24,Indonesia-Paradip,Panamax,1Y,12.71
2021-02-24,Indonesia-Paradip,Capesize,1M,10.77
2021-02-24,Indonesia-Paradip,Capesize,3M,10.88
2021-02-24,Indonesia-Paradip,Capesize,6M,11.24
2021-02-24,Indonesia-Paradip,Capesize,1Y,11.72
2021-02-24,Indonesia-Vizag,Panamax,1M,10.54
2021-02-24,Indonesia-Vizag,Panamax,3M,10.72
2021-02-24,Indonesia-Vizag,Panamax,6M,10.7
2021-02-24,Indonesia-Vizag,Panamax,1Y,10.91
2021-02-24,Indonesia-Vizag,Capesize,1M,9.83
2021-02-24,Indonesia-Vizag,Capesize,3M,9.81
2021-02-24,Indonesia-Vizag,Capesize,6M,10.23
2021-02-24,Indonesia-Vizag,Capesize,1Y,10.11
2021-02-24,Indonesia-Dhamra,Panamax,1M,11.89
2021-02-24,Indonesia-Dhamra,Panamax,3M,11.79
2021-02-24,Indonesia-Dhamra,Panamax,6M,11.48
2021-02-24,Indonesia-Dhamra,Panamax,1Y,11.98
2021-02-24,Indonesia-Dhamra,Capesize,1M,10.44
2021-02-24,Indonesia-Dhamra,Capesize,3M,10.69
2021-02-24,Indonesia-Dhamra,Capesize,6M,10.32
2021-02-24,Indonesia-Dhamra,Capesize,1Y,10.77
2021-02-24,Indonesia-Gangavaram,Panamax,1M,8.97
2021-02-24,Indonesia-Gangavaram,Panamax,3M,8.9
2021-02-24,Indonesia-Gangavaram,Panamax,6M,8.89
2021-02-24,Indonesia-Gangavaram,Panamax,1Y,9.21
2021-02-24,Indonesia-Gangavaram,Capesize,1M,10.24
2021-02-24,Indonesia-Gangavaram,Capesize,3M,10.44
2021-02-24,Indonesia-Gangavaram,Capesize,6M,10.24
2021-02-24,Indonesia-Gangavaram,Capesize,1Y,10.6
2021-02-24,Indonesia-Gopalpur,Panamax,1M,10.55
2021-02-24,Indonesia-Gopalpur,Panamax,3M,10.67
2021-02-24,Indonesia-Gopalpur,Panamax,6M,10.45
2021-02-24,Indonesia-Gopalpur,Panamax,1Y,10.8
2021-02-24,Indonesia-Gopalpur,Capesize,1M,11.89
2021-02-24,Indonesia-Gopalpur,Capesize,3M,11.88
2021-02-24,Indonesia-Gopalpur,Capesize,6M,11.65
2021-02-24,Indonesia-Gopalpur,Capesize,1Y,11.97
2021-02-24,Indonesia-Haldia,Panamax,1M,12.21
2021-02-24,Indonesia-Haldia,Panamax,3M,12.1
2021-02-24,Indonesia-Haldia,Panamax,6M,12.01
2021-02-24,Indonesia-Haldia,Panamax,1Y,12.12
2021-02-24,Indonesia-Haldia,Capesize,1M,10.86
2021-02-24,Indonesia-Haldia,Capesize,3M,10.87
2021-02-24,Indonesia-Haldia,Capesize,6M,10.63
2021-02-24,Indonesia-Haldia,Capesize,1Y,11.48
2021-02-24,Russia-Paradip,Panamax,1M,23.29
2021-02-24,Russia-Paradip,Panamax,3M,23.16
2021-02-24,Russia-Paradip,Panamax,6M,23.45
2021-02-24,Russia-Paradip,Panamax,1Y,23.64
2021-02-24,Russia-Paradip,Capesize,1M,21.33
2021-02-24,Russia-Paradip,Capesize,3M,22.2
2021-02-24,Russia-Paradip,Capesize,6M,22.35
2021-02-24,Russia-Paradip,Capesize,1Y,22.49
2021-02-24,Russia-Vizag,Panamax,1M,22.44
2021-02-24,Russia-Vizag,Panamax,3M,22.59
2021-02-24,Russia-Vizag,Panamax,6M,22.72
2021-02-24,Russia-Vizag,Panamax,1Y,23.71
2021-02-24,Russia-Vizag,Capesize,1M,23.07
2021-02-24,Russia-Vizag,Capesize,3M,23.64
2021-02-24,Russia-Vizag,Capesize,6M,23.33
2021-02-24,Russia-Vizag,Capesize,1Y,24.13
2021-02-24,Russia-Dhamra,Panamax,1M,26.32
2021-02-24,Russia-Dhamra,Panamax,3M,26.6
2021-02-24,Russia-Dhamra,Panamax,6M,27.43
2021-02-24,Russia-Dhamra,Panamax,1Y,27.18
2021-02-24,Russia-Dhamra,Capesize,1M,23.59
2021-02-24,Russia-Dhamra,Capesize,3M,23.57
2021-02-24,Russia-Dhamra,Capesize,6M,23.74
2021-02-24,Russia-Dhamra,Capesize,1Y,24.11
2021-02-24,Russia-Gangavaram,Panamax,1M,22.77
2021-02-24,Russia-Gangavaram,Panamax,3M,22.81
2021-02-24,Russia-Gangavaram,Panamax,6M,23.46
2021-02-24,Russia-Gangavaram,Panamax,1Y,23.96
2021-02-24,Russia-Gangavaram,Capesize,1M,21.27
2021-02-24,Russia-Gangavaram,Capesize,3M,20.77
2021-02-24,Russia-Gangavaram,Capesize,6M,21.32
2021-02-24,Russia-Gangavaram,Capesize,1Y,21.8
2021-02-24,Russia-Gopalpur,Panamax,1M,20.28
2021-02-24,Russia-Gopalpur,Panamax,3M,20.09
2021-02-24,Russia-Gopalpur,Panamax,6M,20.21
2021-02-24,Russia-Gopalpur,Panamax,1Y,21.12
2021-02-24,Russia-Gopalpur,Capesize,1M,22.52
2021-02-24,Russia-Gopalpur,Capesize,3M,22.85
2021-02-24,Russia-Gopalpur,Capesize,6M,23.43
2021-02-24,Russia-Gopalpur,Capesize,1Y,23.64
2021-02-24,Russia-Haldia,Panamax,1M,25.25
2021-02-24,Russia-Haldia,Panamax,3M,25.14
2021-02-24,Russia-Haldia,Panamax,6M,25.67
2021-02-24,Russia-Haldia,Panamax,1Y,26.42
2021-02-24,Russia-Haldia,Capesize,1M,22.95
2021-02-24,Russia-Haldia,Capesize,3M,22.02
2021-02-24,Russia-Haldia,Capesize,6M,23.16
2021-02-24,Russia-Haldia,Capesize,1Y,23.99
2021-02-24,Mozambique-Paradip,Panamax,1M,25.1
2021-02-24,Mozambique-Paradip,Panamax,3M,24.59
2021-02-24,Mozambique-Paradip,Panamax,6M,25.53
2021-02-24,Mozambique-Paradip,Panamax,1Y,25.54
2021-02-24,Mozambique-Paradip,Capesize,1M,19.41
2021-02-24,Mozambique-Paradip,Capesize,3M,19.7
2021-02-24,Mozambique-Paradip,Capesize,6M,20.15
2021-02-24,Mozambique-Paradip,Capesize,1Y,20.95
2021-02-24,Mozambique-Vizag,Panamax,1M,20.21
2021-02-24,Mozambique-Vizag,Panamax,3M,21.02
2021-02-24,Mozambique-Vizag,Panamax,6M,21.21
2021-02-24,Mozambique-Vizag,Panamax,1Y,21.06
2021-02-24,Mozambique-Vizag,Capesize,1M,20.23
2021-02-24,Mozambique-Vizag,Capesize,3M,21.34
2021-02-24,Mozambique-Vizag,Capesize,6M,21.15
2021-02-24,Mozambique-Vizag,Capesize,1Y,21.81
2021-02-24,Mozambique-Dhamra,Panamax,1M,21.24
2021-02-24,Mozambique-Dhamra,Panamax,3M,21.74
2021-02-24,Mozambique-Dhamra,Panamax,6M,22.08
2021-02-24,Mozambique-Dhamra,Panamax,1Y,22.37
2021-02-24,Mozambique-Dhamra,Capesize,1M,21.12
2021-02-24,Mozambique-Dhamra,Capesize,3M,21.47
2021-02-24,Mozambique-Dhamra,Capesize,6M,21.11
2021-02-24,Mozambique-Dhamra,Capesize,1Y,21.42
2021-02-24,Mozambique-Gangavaram,Panamax,1M,18.79
2021-02-24,Mozambique-Gangavaram,Panamax,3M,19.65
2021-02-24,Mozambique-Gangavaram,Panamax,6M,19.34
2021-02-24,Mozambique-Gangavaram,Panamax,1Y,20.21
2021-02-24,Mozambique-Gangavaram,Capesize,1M,21.44
2021-02-24,Mozambique-Gangavaram,Capesize,3M,22.05
2021-02-24,Mozambique-Gangavaram,Capesize,6M,22.05
2021-02-24,Mozambique-Gangavaram,Capesize,1Y,22.41
2021-02-24,Mozambique-Gopalpur,Panamax,1M,20.2
2021-02-24,Mozambique-Gopalpur,Panamax,3M,21.32
2021-02-24,Mozambique-Gopalpur,Panamax,6M,20.86
2021-02-24,Mozambique-Gopalpur,Panamax,1Y,21.12
2021-02-24,Mozambique-Gopalpur,Capesize,1M,18.79
2021-02-24,Mozambique-Gopalpur,Capesize,3M,18.83
2021-02-24,Mozambique-Gopalpur,Capesize,6M,19.09
2021-02-24,Mozambique-Gopalpur,Capesize,1Y,19.5
2021-02-24,Mozambique-Haldia,Panamax,1M,18.61
2021-02-24,Mozambique-Haldia,Panamax,3M,18.88
2021-02-24,Mozambique-Haldia,Panamax,6M,19.05
2021-02-24,Mozambique-Haldia,Panamax,1Y,19.12
2021-02-24,Mozambique-Haldia,Capesize,1M,21.74
2021-02-24,Mozambique-Haldia,Capesize,3M,22.31
2021-02-24,Mozambique-Haldia,Capesize,6M,22.07
2021-02-24,Mozambique-Haldia,Capesize,1Y,22.97
2021-02-24,USA-Paradip,Panamax,1M,31.86
2021-02-24,USA-Paradip,Panamax,3M,33.03
2021-02-24,USA-Paradip,Panamax,6M,31.71
2021-02-24,USA-Paradip,Panamax,1Y,32.96
2021-02-24,USA-Paradip,Capesize,1M,30.97
2021-02-24,USA-Paradip,Capesize,3M,32.11
2021-02-24,USA-Paradip,Capesize,6M,32.33
2021-02-24,USA-Paradip,Capesize,1Y,32.97
2021-02-24,USA-Vizag,Panamax,1M,32.78
2021-02-24,USA-Vizag,Panamax,3M,32.84
2021-02-24,USA-Vizag,Panamax,6M,33.04
2021-02-24,USA-Vizag,Panamax,1Y,34.06
2021-02-24,USA-Vizag,Capesize,1M,35.86
2021-02-24,USA-Vizag,Capesize,3M,36.78
2021-02-24,USA-Vizag,Capesize,6M,36.75
2021-02-24,USA-Vizag,Capesize,1Y,38.85
2021-02-24,USA-Dhamra,Panamax,1M,36.24
2021-02-24,USA-Dhamra,Panamax,3M,37.16
2021-02-24,USA-Dhamra,Panamax,6M,36.65
2021-02-24,USA-Dhamra,Panamax,1Y,38.5
2021-02-24,USA-Dhamra,Capesize,1M,33.58
2021-02-24,USA-Dhamra,Capesize,3M,34.35
2021-02-24,USA-Dhamra,Capesize,6M,34.75
2021-02-24,USA-Dhamra,Capesize,1Y,35.91
2021-02-24,USA-Gangavaram,Panamax,1M,33.62
2021-02-24,USA-Gangavaram,Panamax,3M,34.0
2021-02-24,USA-Gangavaram,Panamax,6M,34.3
2021-02-24,USA-Gangavaram,Panamax,1Y,34.41
2021-02-24,USA-Gangavaram,Capesize,1M,33.29
2021-02-24,USA-Gangavaram,Capesize,3M,33.56
2021-02-24,USA-Gangavaram,Capesize,6M,33.53
2021-02-24,USA-Gangavaram,Capesize,1Y,34.94
2021-02-24,USA-Gopalpur,Panamax,1M,33.08
2021-02-24,USA-Gopalpur,Panamax,3M,33.46
2021-02-24,USA-Gopalpur,Panamax,6M,33.64
2021-02-24,USA-Gopalpur,Panamax,1Y,33.98
2021-02-24,USA-Gopalpur,Capesize,1M,32.23
2021-02-24,USA-Gopalpur,Capesize,3M,32.24
2021-02-24,USA-Gopalpur,Capesize,6M,33.09
2021-02-24,USA-Gopalpur,Capesize,1Y,32.87
2021-02-24,USA-Haldia,Panamax,1M,33.2
2021-02-24,USA-Haldia,Panamax,3M,33.23
2021-02-24,USA-Haldia,Panamax,6M,33.31
2021-02-24,USA-Haldia,Panamax,1Y,33.88
2021-02-24,USA-Haldia,Capesize,1M,34.74
2021-02-24,USA-Haldia,Capesize,3M,34.49
2021-02-24,USA-Haldia,Capesize,6M,34.59
2021-02-24,USA-Haldia,Capesize,1Y,36.03
2021-03-26,Australia-Paradip,Panamax,1M,15.61
2021-03-26,Australia-Paradip,Panamax,3M,16.12
2021-03-26,Australia-Paradip,Panamax,6M,15.94
2021-03-26,Australia-Paradip,Panamax,1Y,15.99
2021-03-26,Australia-Paradip,Capesize,1M,17.79
2021-03-26,Australia-Paradip,Capesize,3M,17.92
2021-03-26,Australia-Paradip,Capesize,6M,17.69
2021-03-26,Australia-Paradip,Capesize,1Y,19.55
2021-03-26,Australia-Vizag,Panamax,1M,16.9
2021-03-26,Australia-Vizag,Panamax,3M,16.88
2021-03-26,Australia-Vizag,Panamax,6M,17.17
2021-03-26,Australia-Vizag,Panamax,1Y,17.59
2021-03-26,Australia-Vizag,Capesize,1M,14.29
2021-03-26,Australia-Vizag,Capesize,3M,14.32
2021-03-26,Australia-Vizag,Capesize,6M,14.5
2021-03-26,Australia-Vizag,Capesize,1Y,14.79
2021-03-26,Australia-Dhamra,Panamax,1M,14.44
2021-03-26,Australia-Dhamra,Panamax,3M,14.65
2021-03-26,Australia-Dhamra,Panamax,6M,15.17
2021-03-26,Australia-Dhamra,Panamax,1Y,15.63
2021-03-26,Australia-Dhamra,Capesize,1M,17.92
2021-03-26,Australia-Dhamra,Capesize,3M,17.26
2021-03-26,Australia-Dhamra,Capesize,6M,17.84
2021-03-26,Australia-Dhamra,Capesize,1Y,18.6
2021-03-26,Australia-Gangavaram,Panamax,1M,15.29
2021-03-26,Australia-Gangavaram,Panamax,3M,15.56
2021-03-26,Australia-Gangavaram,Panamax,6M,15.99
2021-03-26,Australia-Gangavaram,Panamax,1Y,16.45
2021-03-26,Australia-Gangavaram,Capesize,1M,17.54
2021-03-26,Australia-Gangavaram,Capesize,3M,17.45
2021-03-26,Australia-Gangavaram,Capesize,6M,17.52
2021-03-26,Australia-Gangavaram,Capesize,1Y,18.45
2021-03-26,Australia-Gopalpur,Panamax,1M,17.28
2021-03-26,Australia-Gopalpur,Panamax,3M,17.63
2021-03-26,Australia-Gopalpur,Panamax,6M,17.58
2021-03-26,Australia-Gopalpur,Panamax,1Y,18.66
2021-03-26,Australia-Gopalpur,Capesize,1M,16.19
2021-03-26,Australia-Gopalpur,Capesize,3M,16.03
2021-03-26,Australia-Gopalpur,Capesize,6M,16.31
2021-03-26,Australia-Gopalpur,Capesize,1Y,16.97
2021-03-26,Australia-Haldia,Panamax,1M,14.31
2021-03-26,Australia-Haldia,Panamax,3M,14.2
2021-03-26,Australia-Haldia,Panamax,6M,14.57
2021-03-26,Australia-Haldia,Panamax,1Y,15.01
2021-03-26,Australia-Haldia,Capesize,1M,16.48
2021-03-26,Australia-Haldia,Capesize,3M,16.81
2021-03-26,Australia-Haldia,Capesize,6M,17.26
2021-03-26,Australia-Haldia,Capesize,1Y,17.52
2021-03-26,Indonesia-Paradip,Panamax,1M,10.65
2021-03-26,Indonesia-Paradip,Panamax,3M,11.17
2021-03-26,Indonesia-Paradip,Panamax,6M,11.02
2021-03-26,Indonesia-Paradip,Panamax,1Y,11.57
2021-03-26,Indonesia-Paradip,Capesize,1M,9.98
2021-03-26,Indonesia-Paradip,Capesize,3M,10.14
2021-03-26,Indonesia-Paradip,Capesize,6M,10.13
2021-03-26,Indonesia-Paradip,Capesize,1Y,10.25
2021-03-26,Indonesia-Vizag,Panamax,1M,9.67
2021-03-26,Indonesia-Vizag,Panamax,3M,9.65
2021-03-26,Indonesia-Vizag,Panamax,6M,9.99
2021-03-26,Indonesia-Vizag,Panamax,1Y,10.19
2021-03-26,Indonesia-Vizag,Capesize,1M,11.89
2021-03-26,Indonesia-Vizag,Capesize,3M,11.61
2021-03-26,Indonesia-Vizag,Capesize,6M,11.77
2021-03-26,Indonesia-Vizag,Capesize,1Y,12.01
2021-03-26,Indonesia-Dhamra,Panamax,1M,11.51
2021-03-26,Indonesia-Dhamra,Panamax,3M,11.68
2021-03-26,Indonesia-Dhamra,Panamax,6M,11.88
2021-03-26,Indonesia-Dhamra,Panamax,1Y,12.13
2021-03-26,Indonesia-Dhamra,Capesize,1M,10.54
2021-03-26,Indonesia-Dhamra,Capesize,3M,10.57
2021-03-26,Indonesia-Dhamra,Capesize,6M,10.89
2021-03-26,Indonesia-Dhamra,Capesize,1Y,10.99
2021-03-26,Indonesia-Gangavaram,Panamax,1M,10.5
2021-03-26,Indonesia-Gangavaram,Panamax,3M,10.86
2021-03-26,Indonesia-Gangavaram,Panamax,6M,10.81
2021-03-26,Indonesia-Gangavaram,Panamax,1Y,11.27
2021-03-26,Indonesia-Gangavaram,Capesize,1M,9.19
2021-03-26,Indonesia-Gangavaram,Capesize,3M,8.87
2021-03-26,Indonesia-Gangavaram,Capesize,6M,9.3
2021-03-26,Indonesia-Gangavaram,Capesize,1Y,9.5
2021-03-26,Indonesia-Gopalpur,Panamax,1M,10.61
2021-03-26,Indonesia-Gopalpur,Panamax,3M,11.24
2021-03-26,Indonesia-Gopalpur,Panamax,6M,11.05
2021-03-26,Indonesia-Gopalpur,Panamax,1Y,11.49
2021-03-26,Indonesia-Gopalpur,Capesize,1M,9.69
2021-03-26,Indonesia-Gopalpur,Capesize,3M,9.67
2021-03-26,Indonesia-Gopalpur,Capesize,6M,9.62
2021-03-26,Indonesia-Gopalpur,Capesize,1Y,10.12
2021-03-26,Indonesia-Haldia,Panamax,1M,8.52
2021-03-26,Indonesia-Haldia,Panamax,3M,8.91
2021-03-26,Indonesia-Haldia,Panamax,6M,8.95
2021-03-26,Indonesia-Haldia,Panamax,1Y,8.87
2021-03-26,Indonesia-Haldia,Capesize,1M,12.33
2021-03-26,Indonesia-Haldia,Capesize,3M,12.33
2021-03-26,Indonesia-Haldia,Capesize,6M,12.57
2021-03-26,Indonesia-Haldia,Capesize,1Y,12.89
2021-03-26,Russia-Paradip,Panamax,1M,24.3
2021-03-26,Russia-Paradip,Panamax,3M,24.47
2021-03-26,Russia-Paradip,Panamax,6M,24.7
2021-03-26,Russia-Paradip,Panamax,1Y,26.04
2021-03-26,Russia-Paradip,Capesize,1M,23.43
2021-03-26,Russia-Paradip,Capesize,3M,24.05
2021-03-26,Russia-Paradip,Capesize,6M,23.62
2021-03-26,Russia-Paradip,Capesize,1Y,24.44
2021-03-26,Russia-Vizag,Panamax,1M,23.46
2021-03-26,Russia-Vizag,Panamax,3M,23.94
2021-03-26,Russia-Vizag,Panamax,6M,23.72
2021-03-26,Russia-Vizag,Panamax,1Y,24.75
2021-03-26,Russia-Vizag,Capesize,1M,19.69
2021-03-26,Russia-Vizag,Capesize,3M,19.03
2021-03-26,Russia-Vizag,Capesize,6M,19.52
2021-03-26,Russia-Vizag,Capesize,1Y,20.28
2021-03-26,Russia-Dhamra,Panamax,1M,21.18
2021-03-26,Russia-Dhamra,Panamax,3M,21.64
2021-03-26,Russia-Dhamra,Panamax,6M,21.6
2021-03-26,Russia-Dhamra,Panamax,1Y,22.16
2021-03-26,Russia-Dhamra,Capesize,1M,21.11
2021-03-26,Russia-Dhamra,Capesize,3M,21.38
2021-03-26,Russia-Dhamra,Capesize,6M,22.07
2021-03-26,Russia-Dhamra,Capesize,1Y,22.52
2021-03-26,Russia-Gangavaram,Panamax,1M,25.36
2021-03-26,Russia-Gangavaram,Panamax,3M,24.82
2021-03-26,Russia-Gangavaram,Panamax,6M,25.54
2021-03-26,Russia-Gangavaram,Panamax,1Y,26.03
2021-03-26,Russia-Gangavaram,Capesize,1M,26.21
2021-03-26,Russia-Gangavaram,Capesize,3M,26.66
2021-03-26,Russia-Gangavaram,Capesize,6M,26.32
2021-03-26,Russia-Gangavaram,Capesize,1Y,26.77
2021-03-26,Russia-Gopalpur,Panamax,1M,26.31
2021-03-26,Russia-Gopalpur,Panamax,3M,25.55
2021-03-26,Russia-Gopalpur,Panamax,6M,26.35
2021-03-26,Russia-Gopalpur,Panamax,1Y,27.03
2021-03-26,Russia-Gopalpur,Capesize,1M,24.1
2021-03-26,Russia-Gopalpur,Capesize,3M,24.78
2021-03-26,Russia-Gopalpur,Capesize,6M,24.59
2021-03-26,Russia-Gopalpur,Capesize,1Y,24.81
2021-03-26,Russia-Haldia,Panamax,1M,27.49
2021-03-26,Russia-Haldia,Panamax,3M,27.27
2021-03-26,Russia-Haldia,Panamax,6M,27.53
2021-03-26,Russia-Haldia,Panamax,1Y,28.75
2021-03-26,Russia-Haldia,Capesize,1M,18.87
2021-03-26,Russia-Haldia,Capesize,3M,18.76
2021-03-26,Russia-Haldia,Capesize,6M,19.47
2021-03-26,Russia-Haldia,Capesize,1Y,19.87
2021-03-26,Mozambique-Paradip,Panamax,1M,22.09
2021-03-26,Mozambique-Paradip,Panamax,3M,22.38
2021-03-26,Mozambique-Paradip,Panamax,6M,22.88
2021-03-26,Mozambique-Paradip,Panamax,1Y,23.12
2021-03-26,Mozambique-Paradip,Capesize,1M,21.21
2021-03-26,Mozambique-Paradip,Capesize,3M,22.09
2021-03-26,Mozambique-Paradip,Capesize,6M,22.16
2021-03-26,Mozambique-Paradip,Capesize,1Y,22.22
2021-03-26,Mozambique-Vizag,Panamax,1M,21.8
2021-03-26,Mozambique-Vizag,Panamax,3M,22.61
2021-03-26,Mozambique-Vizag,Panamax,6M,22.32
2021-03-26,Mozambique-Vizag,Panamax,1Y,23.02
2021-03-26,Mozambique-Vizag,Capesize,1M,20.28
2021-03-26,Mozambique-Vizag,Capesize,3M,20.51
2021-03-26,Mozambique-Vizag,Capesize,6M,20.16
2021-03-26,Mozambique-Vizag,Capesize,1Y,20.72
2021-03-26,Mozambique-Dhamra,Panamax,1M,19.75
2021-03-26,Mozambique-Dhamra,Panamax,3M,20.11
2021-03-26,Mozambique-Dhamra,Panamax,6M,20.49
2021-03-26,Mozambique-Dhamra,Panamax,1Y,21.16
2021-03-26,Mozambique-Dhamra,Capesize,1M,17.86
2021-03-26,Mozambique-Dhamra,Capesize,3M,18.22
2021-03-26,Mozambique-Dhamra,Capesize,6M,18.69
2021-03-26,Mozambique-Dhamra,Capesize,1Y,18.59
2021-03-26,Mozambique-Gangavaram,Panamax,1M,21.42
2021-03-26,Mozambique-Gangavaram,Panamax,3M,22.26
2021-03-26,Mozambique-Gangavaram,Panamax,6M,22.41
2021-03-26,Mozambique-Gangavaram,Panamax,1Y,22.88
2021-03-26,Mozambique-Gangavaram,Capesize,1M,23.12
2021-03-26,Mozambique-Gangavaram,Capesize,3M,22.89
2021-03-26,Mozambique-Gangavaram,Capesize,6M,22.98
2021-03-26,Mozambique-Gangavaram,Capesize,1Y,22.99
2021-03-26,Mozambique-Gopalpur,Panamax,1M,21.87
2021-03-26,Mozambique-Gopalpur,Panamax,3M,22.79
2021-03-26,Mozambique-Gopalpur,Panamax,6M,22.37
2021-03-26,Mozambique-Gopalpur,Panamax,1Y,23.03
2021-03-26,Mozambique-Gopalpur,Capesize,1M,23.67
2021-03-26,Mozambique-Gopalpur,Capesize,3M,23.67
2021-03-26,Mozambique-Gopalpur,Capesize,6M,24.15
2021-03-26,Mozambique-Gopalpur,Capesize,1Y,24.13
2021-03-26,Mozambique-Haldia,Panamax,1M,20.64
2021-03-26,Mozambique-Haldia,Panamax,3M,21.25
2021-03-26,Mozambique-Haldia,Panamax,6M,21.82
2021-03-26,Mozambique-Haldia,Panamax,1Y,22.3
2021-03-26,Mozambique-Haldia,Capesize,1M,19.87
2021-03-26,Mozambique-Haldia,Capesize,3M,20.71
2021-03-26,Mozambique-Haldia,Capesize,6M,20.58
2021-03-26,Mozambique-Haldia,Capesize,1Y,20.9
2021-03-26,USA-Paradip,Panamax,1M,29.64
2021-03-26,USA-Paradip,Panamax,3M,30.52
2021-03-26,USA-Paradip,Panamax,6M,30.98
2021-03-26,USA-Paradip,Panamax,1Y,31.4
2021-03-26,USA-Paradip,Capesize,1M,32.63
2021-03-26,USA-Paradip,Capesize,3M,33.88
2021-03-26,USA-Paradip,Capesize,6M,32.55
2021-03-26,USA-Paradip,Capesize,1Y,34.5
2021-03-26,USA-Vizag,Panamax,1M,33.87
2021-03-26,USA-Vizag,Panamax,3M,33.88
2021-03-26,USA-Vizag,Panamax,6M,33.6
2021-03-26,USA-Vizag,Panamax,1Y,33.82
2021-03-26,USA-Vizag,Capesize,1M,36.96
2021-03-26,USA-Vizag,Capesize,3M,36.77
2021-03-26,USA-Vizag,Capesize,6M,37.62
2021-03-26,USA-Vizag,Capesize,1Y,38.69
2021-03-26,USA-Dhamra,Panamax,1M,32.41
2021-03-26,USA-Dhamra,Panamax,3M,31.62
2021-03-26,USA-Dhamra,Panamax,6M,31.48
2021-03-26,USA-Dhamra,Panamax,1Y,32.51
2021-03-26,USA-Dhamra,Capesize,1M,34.15
2021-03-26,USA-Dhamra,Capesize,3M,33.52
2021-03-26,USA-Dhamra,Capesize,6M,35.47
2021-03-26,USA-Dhamra,Capesize,1Y,35.03
2021-03-26,USA-Gangavaram,Panamax,1M,36.75
2021-03-26,USA-Gangavaram,Panamax,3M,37.0
2021-03-26,USA-Gangavaram,Panamax,6M,35.44
2021-03-26,USA-Gangavaram,Panamax,1Y,37.75
2021-03-26,USA-Gangavaram,Capesize,1M,33.07
2021-03-26,USA-Gangavaram,Capesize,3M,33.79
2021-03-26,USA-Gangavaram,Capesize,6M,33.68
2021-03-26,USA-Gangavaram,Capesize,1Y,34.12
2021-03-26,USA-Gopalpur,Panamax,1M,30.1
2021-03-26,USA-Gopalpur,Panamax,3M,30.32
2021-03-26,USA-Gopalpur,Panamax,6M,30.89
2021-03-26,USA-Gopalpur,Panamax,1Y,31.03
2021-03-26,USA-Gopalpur,Capesize,1M,31.18
2021-03-26,USA-Gopalpur,Capesize,3M,32.1
2021-03-26,USA-Gopalpur,Capesize,6M,31.92
2021-03-26,USA-Gopalpur,Capesize,1Y,32.33
2021-03-26,USA-Haldia,Panamax,1M,35.57
2021-03-26,USA-Haldia,Panamax,3M,36.52
2021-03-26,USA-Haldia,Panamax,6M,34.69
2021-03-26,USA-Haldia,Panamax,1Y,37.23
2021-03-26,USA-Haldia,Capesize,1M,29.24
2021-03-26,USA-Haldia,Capesize,3M,29.82
2021-03-26,USA-Haldia,Capesize,6M,30.05
2021-03-26,USA-Haldia,Capesize,1Y,30.88
2021-04-25,Australia-Paradip,Panamax,1M,14.8
2021-04-25,Australia-Paradip,Panamax,3M,15.24
2021-04-25,Australia-Paradip,Panamax,6M,15.27
2021-04-25,Australia-Paradip,Panamax,1Y,15.97
2021-04-25,Australia-Paradip,Capesize,1M,14.93
2021-04-25,Australia-Paradip,Capesize,3M,15.14
2021-04-25,Australia-Paradip,Capesize,6M,15.19
2021-04-25,Australia-Paradip,Capesize,1Y,15.44
2021-04-25,Australia-Vizag,Panamax,1M,15.66
2021-04-25,Australia-Vizag,Panamax,3M,15.8
2021-04-25,Australia-Vizag,Panamax,6M,16.05
2021-04-25,Australia-Vizag,Panamax,1Y,16.3
2021-04-25,Australia-Vizag,Capesize,1M,17.97
2021-04-25,Australia-Vizag,Capesize,3M,18.22
2021-04-25,Australia-Vizag,Capesize,6M,18.44
2021-04-25,Australia-Vizag,Capesize,1Y,18.55
2021-04-25,Australia-Dhamra,Panamax,1M,14.61
2021-04-25,Australia-Dhamra,Panamax,3M,15.31
2021-04-25,Australia-Dhamra,Panamax,6M,15.54
2021-04-25,Australia-Dhamra,Panamax,1Y,16.29
2021-04-25,Australia-Dhamra,Capesize,1M,15.52
2021-04-25,Australia-Dhamra,Capesize,3M,15.92
2021-04-25,Australia-Dhamra,Capesize,6M,15.89
2021-04-25,Australia-Dhamra,Capesize,1Y,16.47
2021-04-25,Australia-Gangavaram,Panamax,1M,14.0
2021-04-25,Australia-Gangavaram,Panamax,3M,14.39
2021-04-25,Australia-Gangavaram,Panamax,6M,14.24
2021-04-25,Australia-Gangavaram,Panamax,1Y,14.76
2021-04-25,Australia-Gangavaram,Capesize,1M,15.73
2021-04-25,Australia-Gangavaram,Capesize,3M,15.68
2021-04-25,Australia-Gangavaram,Capesize,6M,16.22
2021-04-25,Australia-Gangavaram,Capesize,1Y,16.22
2021-04-25,Australia-Gopalpur,Panamax,1M,16.33
2021-04-25,Australia-Gopalpur,Panamax,3M,16.77
2021-04-25,Australia-Gopalpur,Panamax,6M,16.77
2021-04-25,Australia-Gopalpur,Panamax,1Y,17.22
2021-04-25,Australia-Gopalpur,Capesize,1M,16.75
2021-04-25,Australia-Gopalpur,Capesize,3M,16.6
2021-04-25,Australia-Gopalpur,Capesize,6M,16.69
2021-04-25,Australia-Gopalpur,Capesize,1Y,17.58
2021-04-25,Australia-Haldia,Panamax,1M,16.37
2021-04-25,Australia-Haldia,Panamax,3M,16.63
2021-04-25,Australia-Haldia,Panamax,6M,16.79
2021-04-25,Australia-Haldia,Panamax,1Y,17.16
2021-04-25,Australia-Haldia,Capesize,1M,19.06
2021-04-25,Australia-Haldia,Capesize,3M,19.59
2021-04-25,Australia-Haldia,Capesize,6M,19.48
2021-04-25,Australia-Haldia,Capesize,1Y,20.11
2021-04-25,Indonesia-Paradip,Panamax,1M,9.6
2021-04-25,Indonesia-Paradip,Panamax,3M,9.5
2021-04-25,Indonesia-Paradip,Panamax,6M,9.75
2021-04-25,Indonesia-Paradip,Panamax,1Y,9.63
2021-04-25,Indonesia-Paradip,Capesize,1M,12.45
2021-04-25,Indonesia-Paradip,Capesize,3M,13.04
2021-04-25,Indonesia-Paradip,Capesize,6M,13.28
2021-04-25,Indonesia-Paradip,Capesize,1Y,12.86
2021-04-25,Indonesia-Vizag,Panamax,1M,10.34
2021-04-25,Indonesia-Vizag,Panamax,3M,10.68
2021-04-25,Indonesia-Vizag,Panamax,6M,10.45
2021-04-25,Indonesia-Vizag,Panamax,1Y,10.9
2021-04-25,Indonesia-Vizag,Capesize,1M,9.84
2021-04-25,Indonesia-Vizag,Capesize,3M,9.78
2021-04-25,Indonesia-Vizag,Capesize,6M,10.1
2021-04-25,Indonesia-Vizag,Capesize,1Y,9.97
2021-04-25,Indonesia-Dhamra,Panamax,1M,9.55
2021-04-25,Indonesia-Dhamra,Panamax,3M,9.42
2021-04-25,Indonesia-Dhamra,Panamax,6M,9.59
2021-04-25,Indonesia-Dhamra,Panamax,1Y,9.93
2021-04-25,Indonesia-Dhamra,Capesize,1M,10.96
2021-04-25,Indonesia-Dhamra,Capesize,3M,11.02
2021-04-25,Indonesia-Dhamra,Capesize,6M,10.91
2021-04-25,Indonesia-Dhamra,Capesize,1Y,11.63
2021-04-25,Indonesia-Gangavaram,Panamax,1M,9.56
2021-04-25,Indonesia-Gangavaram,Panamax,3M,9.97
2021-04-25,Indonesia-Gangavaram,Panamax,6M,9.86
2021-04-25,Indonesia-Gangavaram,Panamax,1Y,10.27
2021-04-25,Indonesia-Gangavaram,Capesize,1M,11.75
2021-04-25,Indonesia-Gangavaram,Capesize,3M,12.28
2021-04-25,Indonesia-Gangavaram,Capesize,6M,12.45
2021-04-25,Indonesia-Gangavaram,Capesize,1Y,12.75
2021-04-25,Indonesia-Gopalpur,Panamax,1M,11.42
2021-04-25,Indonesia-Gopalpur,Panamax,3M,11.26
2021-04-25,Indonesia-Gopalpur,Panamax,6M,11.2
2021-04-25,Indonesia-Gopalpur,Panamax,1Y,11.57
2021-04-25,Indonesia-Gopalpur,Capesize,1M,9.81
2021-04-25,Indonesia-Gopalpur,Capesize,3M,9.88
2021-04-25,Indonesia-Gopalpur,Capesize,6M,9.86
2021-04-25,Indonesia-Gopalpur,Capesize,1Y,10.34
2021-04-25,Indonesia-Haldia,Panamax,1M,9.51
2021-04-25,Indonesia-Haldia,Panamax,3M,9.64
2021-04-25,Indonesia-Haldia,Panamax,6M,9.8
2021-04-25,Indonesia-Haldia,Panamax,1Y,10.26
2021-04-25,Indonesia-Haldia,Capesize,1M,9.99
2021-04-25,Indonesia-Haldia,Capesize,3M,9.89
2021-04-25,Indonesia-Haldia,Capesize,6M,10.23
2021-04-25,Indonesia-Haldia,Capesize,1Y,10.31
2021-04-25,Russia-Paradip,Panamax,1M,22.6
2021-04-25,Russia-Paradip,Panamax,3M,22.6
2021-04-25,Russia-Paradip,Panamax,6M,22.71
2021-04-25,Russia-Paradip,Panamax,1Y,23.4
2021-04-25,Russia-Paradip,Capesize,1M,19.93
2021-04-25,Russia-Paradip,Capesize,3M,20.58
2021-04-25,Russia-Paradip,Capesize,6M,20.55
2021-04-25,Russia-Paradip,Capesize,1Y,20.75
2021-04-25,Russia-Vizag,Panamax,1M,22.91
2021-04-25,Russia-Vizag,Panamax,3M,23.82
2021-04-25,Russia-Vizag,Panamax,6M,23.35
2021-04-25,Russia-Vizag,Panamax,1Y,24.43
2021-04-25,Russia-Vizag,Capesize,1M,20.72
2021-04-25,Russia-Vizag,Capesize,3M,20.78
2021-04-25,Russia-Vizag,Capesize,6M,20.82
2021-04-25,Russia-Vizag,Capesize,1Y,21.22
2021-04-25,Russia-Dhamra,Panamax,1M,24.58
2021-04-25,Russia-Dhamra,Panamax,3M,24.98
2021-04-25,Russia-Dhamra,Panamax,6M,25.38
2021-04-25,Russia-Dhamra,Panamax,1Y,26.1
2021-04-25,Russia-Dhamra,Capesize,1M,22.52
2021-04-25,Russia-Dhamra,Capesize,3M,22.4
2021-04-25,Russia-Dhamra,Capesize,6M,22.29
2021-04-25,Russia-Dhamra,Capesize,1Y,23.06
2021-04-25,Russia-Gangavaram,Panamax,1M,21.96
2021-04-25,Russia-Gangavaram,Panamax,3M,21.49
2021-04-25,Russia-Gangavaram,Panamax,6M,21.98
2021-04-25,Russia-Gangavaram,Panamax,1Y,21.91
2021-04-25,Russia-Gangavaram,Capesize,1M,26.27
2021-04-25,Russia-Gangavaram,Capesize,3M,25.89
2021-04-25,Russia-Gangavaram,Capesize,6M,26.2
2021-04-25,Russia-Gangavaram,Capesize,1Y,27.12
2021-04-25,Russia-Gopalpur,Panamax,1M,21.35
2021-04-25,Russia-Gopalpur,Panamax,3M,21.79
2021-04-25,Russia-Gopalpur,Panamax,6M,21.87
2021-04-25,Russia-Gopalpur,Panamax,1Y,22.58
2021-04-25,Russia-Gopalpur,Capesize,1M,23.76
2021-04-25,Russia-Gopalpur,Capesize,3M,24.28
2021-04-25,Russia-Gopalpur,Capesize,6M,24.85
2021-04-25,Russia-Gopalpur,Capesize,1Y,24.74
2021-04-25,Russia-Haldia,Panamax,1M,19.25
2021-04-25,Russia-Haldia,Panamax,3M,20.12
2021-04-25,Russia-Haldia,Panamax,6M,20.13
2021-04-25,Russia-Haldia,Panamax,1Y,21.23
2021-04-25,Russia-Haldia,Capesize,1M,20.94
2021-04-25,Russia-Haldia,Capesize,3M,20.86
2021-04-25,Russia-Haldia,Capesize,6M,21.53
2021-04-25,Russia-Haldia,Capesize,1Y,22.32
2021-04-25,Mozambique-Paradip,Panamax,1M,19.44
2021-04-25,Mozambique-Paradip,Panamax,3M,19.65
2021-04-25,Mozambique-Paradip,Panamax,6M,19.89
2021-04-25,Mozambique-Paradip,Panamax,1Y,20.2
2021-04-25,Mozambique-Paradip,Capesize,1M,22.79
2021-04-25,Mozambique-Paradip,Capesize,3M,22.84
2021-04-25,Mozambique-Paradip,Capesize,6M,22.65
2021-04-25,Mozambique-Paradip,Capesize,1Y,23.76
2021-04-25,Mozambique-Vizag,Panamax,1M,21.05
2021-04-25,Mozambique-Vizag,Panamax,3M,21.51
2021-04-25,Mozambique-Vizag,Panamax,6M,22.06
2021-04-25,Mozambique-Vizag,Panamax,1Y,22.55
2021-04-25,Mozambique-Vizag,Capesize,1M,20.92
2021-04-25,Mozambique-Vizag,Capesize,3M,21.01
2021-04-25,Mozambique-Vizag,Capesize,6M,21.17
2021-04-25,Mozambique-Vizag,Capesize,1Y,21.71
2021-04-25,Mozambique-Dhamra,Panamax,1M,21.61
2021-04-25,Mozambique-Dhamra,Panamax,3M,20.68
2021-04-25,Mozambique-Dhamra,Panamax,6M,20.77
2021-04-25,Mozambique-Dhamra,Panamax,1Y,21.75
2021-04-25,Mozambique-Dhamra,Capesize,1M,21.61
2021-04-25,Mozambique-Dhamra,Capesize,3M,21.99
2021-04-25,Mozambique-Dhamra,Capesize,6M,22.43
2021-04-25,Mozambique-Dhamra,Capesize,1Y,21.97
2021-04-25,Mozambique-Gangavaram,Panamax,1M,24.31
2021-04-25,Mozambique-Gangavaram,Panamax,3M,24.68
2021-04-25,Mozambique-Gangavaram,Panamax,6M,23.85
2021-04-25,Mozambique-Gangavaram,Panamax,1Y,25.43
2021-04-25,Mozambique-Gangavaram,Capesize,1M,19.69
2021-04-25,Mozambique-Gangavaram,Capesize,3M,20.32
2021-04-25,Mozambique-Gangavaram,Capesize,6M,20.86
2021-04-25,Mozambique-Gangavaram,Capesize,1Y,20.81
2021-04-25,Mozambique-Gopalpur,Panamax,1M,23.01
2021-04-25,Mozambique-Gopalpur,Panamax,3M,23.91
2021-04-25,Mozambique-Gopalpur,Panamax,6M,23.24
2021-04-25,Mozambique-Gopalpur,Panamax,1Y,23.75
2021-04-25,Mozambique-Gopalpur,Capesize,1M,17.59
2021-04-25,Mozambique-Gopalpur,Capesize,3M,17.39
2021-04-25,Mozambique-Gopalpur,Capesize,6M,17.78
2021-04-25,Mozambique-Gopalpur,Capesize,1Y,18.53
2021-04-25,Mozambique-Haldia,Panamax,1M,21.26
2021-04-25,Mozambique-Haldia,Panamax,3M,20.23
2021-04-25,Mozambique-Haldia,Panamax,6M,21.44
2021-04-25,Mozambique-Haldia,Panamax,1Y,21.93
2021-04-25,Mozambique-Haldia,Capesize,1M,20.02
2021-04-25,Mozambique-Haldia,Capesize,3M,19.98
2021-04-25,Mozambique-Haldia,Capesize,6M,19.54
2021-04-25,Mozambique-Haldia,Capesize,1Y,20.49
2021-04-25,USA-Paradip,Panamax,1M,32.1
2021-04-25,USA-Paradip,Panamax,3M,31.45
2021-04-25,USA-Paradip,Panamax,6M,32.54
2021-04-25,USA-Paradip,Panamax,1Y,33.82
2021-04-25,USA-Paradip,Capesize,1M,33.92
2021-04-25,USA-Paradip,Capesize,3M,33.97
2021-04-25,USA-Paradip,Capesize,6M,35.32
2021-04-25,USA-Paradip,Capesize,1Y,35.67
2021-04-25,USA-Vizag,Panamax,1M,32.51
2021-04-25,USA-Vizag,Panamax,3M,32.28
2021-04-25,USA-Vizag,Panamax,6M,32.62
2021-04-25,USA-Vizag,Panamax,1Y,33.26
2021-04-25,USA-Vizag,Capesize,1M,30.57
2021-04-25,USA-Vizag,Capesize,3M,31.39
2021-04-25,USA-Vizag,Capesize,6M,30.81
2021-04-25,USA-Vizag,Capesize,1Y,32.3
2021-04-25,USA-Dhamra,Panamax,1M,34.22
2021-04-25,USA-Dhamra,Panamax,3M,34.94
2021-04-25,USA-Dhamra,Panamax,6M,35.79
2021-04-25,USA-Dhamra,Panamax,1Y,37.13
2021-04-25,USA-Dhamra,Capesize,1M,31.22
2021-04-25,USA-Dhamra,Capesize,3M,31.84
2021-04-25,USA-Dhamra,Capesize,6M,32.0
2021-04-25,USA-Dhamra,Capesize,1Y,33.24
2021-04-25,USA-Gangavaram,Panamax,1M,36.9
2021-04-25,USA-Gangavaram,Panamax,3M,37.1
2021-04-25,USA-Gangavaram,Panamax,6M,38.34
2021-04-25,USA-Gangavaram,Panamax,1Y,38.59
2021-04-25,USA-Gangavaram,Capesize,1M,36.69
2021-04-25,USA-Gangavaram,Capesize,3M,38.13
2021-04-25,USA-Gangavaram,Capesize,6M,38.15
2021-04-25,USA-Gangavaram,Capesize,1Y,38.33
2021-04-25,USA-Gopalpur,Panamax,1M,33.22
2021-04-25,USA-Gopalpur,Panamax,3M,34.21
2021-04-25,USA-Gopalpur,Panamax,6M,35.11
2021-04-25,USA-Gopalpur,Panamax,1Y,36.18
2021-04-25,USA-Gopalpur,Capesize,1M,30.56
2021-04-25,USA-Gopalpur,Capesize,3M,30.84
2021-04-25,USA-Gopalpur,Capesize,6M,30.5
2021-04-25,USA-Gopalpur,Capesize,1Y,30.82
2021-04-25,USA-Haldia,Panamax,1M,32.96
2021-04-25,USA-Haldia,Panamax,3M,31.89
2021-04-25,USA-Haldia,Panamax,6M,31.98
2021-04-25,USA-Haldia,Panamax,1Y,33.75
2021-04-25,USA-Haldia,Capesize,1M,31.09
2021-04-25,USA-Haldia,Capesize,3M,31.91
2021-04-25,USA-Haldia,Capesize,6M,31.74
2021-04-25,USA-Haldia,Capesize,1Y,33.27
2021-05-25,Australia-Paradip,Panamax,1M,17.07
2021-05-25,Australia-Paradip,Panamax,3M,17.01
2021-05-25,Australia-Paradip,Panamax,6M,17.29
2021-05-25,Australia-Paradip,Panamax,1Y,17.78
2021-05-25,Australia-Paradip,Capesize,1M,16.64
2021-05-25,Australia-Paradip,Capesize,3M,16.7
2021-05-25,Australia-Paradip,Capesize,6M,16.88
2021-05-25,Australia-Paradip,Capesize,1Y,17.48
2021-05-25,Australia-Vizag,Panamax,1M,15.64
2021-05-25,Australia-Vizag,Panamax,3M,16.26
2021-05-25,Australia-Vizag,Panamax,6M,16.02
2021-05-25,Australia-Vizag,Panamax,1Y,16.86
2021-05-25,Australia-Vizag,Capesize,1M,17.88
2021-05-25,Australia-Vizag,Capesize,3M,18.16
2021-05-25,Australia-Vizag,Capesize,6M,18.01
2021-05-25,Australia-Vizag,Capesize,1Y,18.65
2021-05-25,Australia-Dhamra,Panamax,1M,16.99
2021-05-25,Australia-Dhamra,Panamax,3M,16.41
2021-05-25,Australia-Dhamra,Panamax,6M,17.04
2021-05-25,Australia-Dhamra,Panamax,1Y,16.71
2021-05-25,Australia-Dhamra,Capesize,1M,16.26
2021-05-25,Australia-Dhamra,Capesize,3M,16.28
2021-05-25,Australia-Dhamra,Capesize,6M,16.52
2021-05-25,Australia-Dhamra,Capesize,1Y,16.68
2021-05-25,Australia-Gangavaram,Panamax,1M,18.89
2021-05-25,Australia-Gangavaram,Panamax,3M,18.67
2021-05-25,Australia-Gangavaram,Panamax,6M,18.43
2021-05-25,Australia-Gangavaram,Panamax,1Y,19.96
2021-05-25,Australia-Gangavaram,Capesize,1M,14.85
2021-05-25,Australia-Gangavaram,Capesize,3M,15.39
2021-05-25,Australia-Gangavaram,Capesize,6M,15.43
2021-05-25,Australia-Gangavaram,Capesize,1Y,15.8
2021-05-25,Australia-Gopalpur,Panamax,1M,14.0
2021-05-25,Australia-Gopalpur,Panamax,3M,13.87
2021-05-25,Australia-Gopalpur,Panamax,6M,13.89
2021-05-25,Australia-Gopalpur,Panamax,1Y,14.9
2021-05-25,Australia-Gopalpur,Capesize,1M,19.05
2021-05-25,Australia-Gopalpur,Capesize,3M,18.59
2021-05-25,Australia-Gopalpur,Capesize,6M,19.54
2021-05-25,Australia-Gopalpur,Capesize,1Y,19.21
2021-05-25,Australia-Haldia,Panamax,1M,15.79
2021-05-25,Australia-Haldia,Panamax,3M,16.36
2021-05-25,Australia-Haldia,Panamax,6M,16.89
2021-05-25,Australia-Haldia,Panamax,1Y,17.47
2021-05-25,Australia-Haldia,Capesize,1M,17.28
2021-05-25,Australia-Haldia,Capesize,3M,16.74
2021-05-25,Australia-Haldia,Capesize,6M,16.92
2021-05-25,Australia-Haldia,Capesize,1Y,17.34
2021-05-25,Indonesia-Paradip,Panamax,1M,12.63
2021-05-25,Indonesia-Paradip,Panamax,3M,12.63
2021-05-25,Indonesia-Paradip,Panamax,6M,12.7
2021-05-25,Indonesia-Paradip,Panamax,1Y,12.89
2021-05-25,Indonesia-Paradip,Capesize,1M,9.56
2021-05-25,Indonesia-Paradip,Capesize,3M,9.43
2021-05-25,Indonesia-Paradip,Capesize,6M,9.41
2021-05-25,Indonesia-Paradip,Capesize,1Y,9.92
2021-05-25,Indonesia-Vizag,Panamax,1M,10.78
2021-05-25,Indonesia-Vizag,Panamax,3M,10.81
2021-05-25,Indonesia-Vizag,Panamax,6M,10.77
2021-05-25,Indonesia-Vizag,Panamax,1Y,11.15
2021-05-25,Indonesia-Vizag,Capesize,1M,9.28
2021-05-25,Indonesia-Vizag,Capesize,3M,9.41
2021-05-25,Indonesia-Vizag,Capesize,6M,9.49
2021-05-25,Indonesia-Vizag,Capesize,1Y,9.97
2021-05-25,Indonesia-Dhamra,Panamax,1M,8.93
2021-05-25,Indonesia-Dhamra,Panamax,3M,9.13
2021-05-25,Indonesia-Dhamra,Panamax,6M,9.6
2021-05-25,Indonesia-Dhamra,Panamax,1Y,9.77
2021-05-25,Indonesia-Dhamra,Capesize,1M,9.23
2021-05-25,Indonesia-Dhamra,Capesize,3M,9.28
2021-05-25,Indonesia-Dhamra,Capesize,6M,9.2
2021-05-25,Indonesia-Dhamra,Capesize,1Y,9.55
2021-05-25,Indonesia-Gangavaram,Panamax,1M,13.06
2021-05-25,Indonesia-Gangavaram,Panamax,3M,13.0
2021-05-25,Indonesia-Gangavaram,Panamax,6M,13.4
2021-05-25,Indonesia-Gangavaram,Panamax,1Y,13.59
2021-05-25,Indonesia-Gangavaram,Capesize,1M,10.68
2021-05-25,Indonesia-Gangavaram,Capesize,3M,10.94
2021-05-25,Indonesia-Gangavaram,Capesize,6M,10.97
2021-05-25,Indonesia-Gangavaram,Capesize,1Y,10.98
2021-05-25,Indonesia-Gopalpur,Panamax,1M,11.05
2021-05-25,Indonesia-Gopalpur,Panamax,3M,10.97
2021-05-25,Indonesia-Gopalpur,Panamax,6M,11.58
2021-05-25,Indonesia-Gopalpur,Panamax,1Y,11.32
2021-05-25,Indonesia-Gopalpur,Capesize,1M,9.09
2021-05-25,Indonesia-Gopalpur,Capesize,3M,9.39
2021-05-25,Indonesia-Gopalpur,Capesize,6M,9.69
2021-05-25,Indonesia-Gopalpur,Capesize,1Y,9.55
2021-05-25,Indonesia-Haldia,Panamax,1M,10.51
2021-05-25,Indonesia-Haldia,Panamax,3M,10.44
2021-05-25,Indonesia-Haldia,Panamax,6M,10.59
2021-05-25,Indonesia-Haldia,Panamax,1Y,10.48
2021-05-25,Indonesia-Haldia,Capesize,1M,10.52
2021-05-25,Indonesia-Haldia,Capesize,3M,10.52
2021-05-25,Indonesia-Haldia,Capesize,6M,10.59
2021-05-25,Indonesia-Haldia,Capesize,1Y,10.93
2021-05-25,Russia-Paradip,Panamax,1M,23.51
2021-05-25,Russia-Paradip,Panamax,3M,24.16
2021-05-25,Russia-Paradip,Panamax,6M,24.8
2021-05-25,Russia-Paradip,Panamax,1Y,24.8
2021-05-25,Russia-Paradip,Capesize,1M,22.05
2021-05-25,Russia-Paradip,Capesize,3M,22.33
2021-05-25,Russia-Paradip,Capesize,6M,23.11
2021-05-25,Russia-Paradip,Capesize,1Y,22.79
2021-05-25,Russia-Vizag,Panamax,1M,20.58
2021-05-25,Russia-Vizag,Panamax,3M,21.13
2021-05-25,Russia-Vizag,Panamax,6M,21.26
2021-05-25,Russia-Vizag,Panamax,1Y,21.33
2021-05-25,Russia-Vizag,Capesize,1M,19.27
2021-05-25,Russia-Vizag,Capesize,3M,19.18
2021-05-25,Russia-Vizag,Capesize,6M,19.84
2021-05-25,Russia-Vizag,Capesize,1Y,20.37
2021-05-25,Russia-Dhamra,Panamax,1M,21.61
2021-05-25,Russia-Dhamra,Panamax,3M,22.1
2021-05-25,Russia-Dhamra,Panamax,6M,22.08
2021-05-25,Russia-Dhamra,Panamax,1Y,22.19
2021-05-25,Russia-Dhamra,Capesize,1M,23.43
2021-05-25,Russia-Dhamra,Capesize,3M,24.36
2021-05-25,Russia-Dhamra,Capesize,6M,24.18
2021-05-25,Russia-Dhamra,Capesize,1Y,24.08
2021-05-25,Russia-Gangavaram,Panamax,1M,25.72
2021-05-25,Russia-Gangavaram,Panamax,3M,25.8
2021-05-25,Russia-Gangavaram,Panamax,6M,25.45
2021-05-25,Russia-Gangavaram,Panamax,1Y,25.94
2021-05-25,Russia-Gangavaram,Capesize,1M,18.43
2021-05-25,Russia-Gangavaram,Capesize,3M,18.72
2021-05-25,Russia-Gangavaram,Capesize,6M,19.17
2021-05-25,Russia-Gangavaram,Capesize,1Y,19.55
2021-05-25,Russia-Gopalpur,Panamax,1M,23.79
2021-05-25,Russia-Gopalpur,Panamax,3M,23.3
2021-05-25,Russia-Gopalpur,Panamax,6M,24.67
2021-05-25,Russia-Gopalpur,Panamax,1Y,24.15
2021-05-25,Russia-Gopalpur,Capesize,1M,21.85
2021-05-25,Russia-Gopalpur,Capesize,3M,22.16
2021-05-25,Russia-Gopalpur,Capesize,6M,22.31
2021-05-25,Russia-Gopalpur,Capesize,1Y,23.08
2021-05-25,Russia-Haldia,Panamax,1M,21.61
2021-05-25,Russia-Haldia,Panamax,3M,21.82
2021-05-25,Russia-Haldia,Panamax,6M,21.71
2021-05-25,Russia-Haldia,Panamax,1Y,22.74
2021-05-25,Russia-Haldia,Capesize,1M,21.59
2021-05-25,Russia-Haldia,Capesize,3M,21.84
2021-05-25,Russia-Haldia,Capesize,6M,22.28
2021-05-25,Russia-Haldia,Capesize,1Y,23.03
2021-05-25,Mozambique-Paradip,Panamax,1M,20.04
2021-05-25,Mozambique-Paradip,Panamax,3M,20.57
2021-05-25,Mozambique-Paradip,Panamax,6M,20.21
2021-05-25,Mozambique-Paradip,Panamax,1Y,20.51
2021-05-25,Mozambique-Paradip,Capesize,1M,22.28
2021-05-25,Mozambique-Paradip,Capesize,3M,22.92
2021-05-25,Mozambique-Paradip,Capesize,6M,22.3
2021-05-25,Mozambique-Paradip,Capesize,1Y,23.07
2021-05-25,Mozambique-Vizag,Panamax,1M,21.29
2021-05-25,Mozambique-Vizag,Panamax,3M,22.22
2021-05-25,Mozambique-Vizag,Panamax,6M,22.02
2021-05-25,Mozambique-Vizag,Panamax,1Y,23.18
2021-05-25,Mozambique-Vizag,Capesize,1M,18.89
2021-05-25,Mozambique-Vizag,Capesize,3M,19.43
2021-05-25,Mozambique-Vizag,Capesize,6M,19.31
2021-05-25,Mozambique-Vizag,Capesize,1Y,20.37
2021-05-25,Mozambique-Dhamra,Panamax,1M,22.09
2021-05-25,Mozambique-Dhamra,Panamax,3M,22.67
2021-05-25,Mozambique-Dhamra,Panamax,6M,21.72
2021-05-25,Mozambique-Dhamra,Panamax,1Y,22.74
2021-05-25,Mozambique-Dhamra,Capesize,1M,18.43
2021-05-25,Mozambique-Dhamra,Capesize,3M,18.27
2021-05-25,Mozambique-Dhamra,Capesize,6M,18.51
2021-05-25,Mozambique-Dhamra,Capesize,1Y,19.25
2021-05-25,Mozambique-Gangavaram,Panamax,1M,20.69
2021-05-25,Mozambique-Gangavaram,Panamax,3M,20.59
2021-05-25,Mozambique-Gangavaram,Panamax,6M,20.93
2021-05-25,Mozambique-Gangavaram,Panamax,1Y,21.53
2021-05-25,Mozambique-Gangavaram,Capesize,1M,21.05
2021-05-25,Mozambique-Gangavaram,Capesize,3M,20.96
2021-05-25,Mozambique-Gangavaram,Capesize,6M,21.42
2021-05-25,Mozambique-Gangavaram,Capesize,1Y,21.75
2021-05-25,Mozambique-Gopalpur,Panamax,1M,22.44
2021-05-25,Mozambique-Gopalpur,Panamax,3M,22.35
2021-05-25,Mozambique-Gopalpur,Panamax,6M,22.32
2021-05-25,Mozambique-Gopalpur,Panamax,1Y,23.77
2021-05-25,Mozambique-Gopalpur,Capesize,1M,23.78
2021-05-25,Mozambique-Gopalpur,Capesize,3M,24.95
2021-05-25,Mozambique-Gopalpur,Capesize,6M,24.89
2021-05-25,Mozambique-Gopalpur,Capesize,1Y,24.65
2021-05-25,Mozambique-Haldia,Panamax,1M,19.47
2021-05-25,Mozambique-Haldia,Panamax,3M,19.42
2021-05-25,Mozambique-Haldia,Panamax,6M,19.95
2021-05-25,Mozambique-Haldia,Panamax,1Y,20.17
2021-05-25,Mozambique-Haldia,Capesize,1M,20.96
2021-05-25,Mozambique-Haldia,Capesize,3M,20.9
2021-05-25,Mozambique-Haldia,Capesize,6M,20.8
2021-05-25,Mozambique-Haldia,Capesize,1Y,22.06
2021-05-25,USA-Paradip,Panamax,1M,33.18
2021-05-25,USA-Paradip,Panamax,3M,33.3
2021-05-25,USA-Paradip,Panamax,6M,33.64
2021-05-25,USA-Paradip,Panamax,1Y,34.16
2021-05-25,USA-Paradip,Capesize,1M,30.71
2021-05-25,USA-Paradip,Capesize,3M,31.09
2021-05-25,USA-Paradip,Capesize,6M,31.41
2021-05-25,USA-Paradip,Capesize,1Y,31.81
2021-05-25,USA-Vizag,Panamax,1M,34.64
2021-05-25,USA-Vizag,Panamax,3M,33.34
2021-05-25,USA-Vizag,Panamax,6M,34.24
2021-05-25,USA-Vizag,Panamax,1Y,34.29
2021-05-25,USA-Vizag,Capesize,1M,30.89
2021-05-25,USA-Vizag,Capesize,3M,31.34
2021-05-25,USA-Vizag,Capesize,6M,31.73
2021-05-25,USA-Vizag,Capesize,1Y,32.61
2021-05-25,USA-Dhamra,Panamax,1M,31.01
2021-05-25,USA-Dhamra,Panamax,3M,30.6
2021-05-25,USA-Dhamra,Panamax,6M,31.68
2021-05-25,USA-Dhamra,Panamax,1Y,32.54
2021-05-25,USA-Dhamra,Capesize,1M,30.24
2021-05-25,USA-Dhamra,Capesize,3M,29.48
2021-05-25,USA-Dhamra,Capesize,6M,31.45
2021-05-25,USA-Dhamra,Capesize,1Y,31.17
2021-05-25,USA-Gangavaram,Panamax,1M,35.88
2021-05-25,USA-Gangavaram,Panamax,3M,37.15
2021-05-25,USA-Gangavaram,Panamax,6M,37.35
2021-05-25,USA-Gangavaram,Panamax,1Y,37.66
2021-05-25,USA-Gangavaram,Capesize,1M,33.19
2021-05-25,USA-Gangavaram,Capesize,3M,33.85
2021-05-25,USA-Gangavaram,Capesize,6M,33.08
2021-05-25,USA-Gangavaram,Capesize,1Y,32.81
2021-05-25,USA-Gopalpur,Panamax,1M,31.35
2021-05-25,USA-Gopalpur,Panamax,3M,31.39
2021-05-25,USA-Gopalpur,Panamax,6M,32.72
2021-05-25,USA-Gopalpur,Panamax,1Y,32.53
2021-05-25,USA-Gopalpur,Capesize,1M,27.65
2021-05-25,USA-Gopalpur,Capesize,3M,28.5
2021-05-25,USA-Gopalpur,Capesize,6M,27.88
2021-05-25,USA-Gopalpur,Capesize,1Y,30.42
2021-05-25,USA-Haldia,Panamax,1M,31.75
2021-05-25,USA-Haldia,Panamax,3M,31.63
2021-05-25,USA-Haldia,Panamax,6M,32.21
2021-05-25,USA-Haldia,Panamax,1Y,33.15
2021-05-25,USA-Haldia,Capesize,1M,28.06
2021-05-25,USA-Haldia,Capesize,3M,29.76
2021-05-25,USA-Haldia,Capesize,6M,28.62
2021-05-25,USA-Haldia,Capesize,1Y,29.81
2021-06-24,Australia-Paradip,Panamax,1M,16.62
2021-06-24,Australia-Paradip,Panamax,3M,16.92
2021-06-24,Australia-Paradip,Panamax,6M,17.22
2021-06-24,Australia-Paradip,Panamax,1Y,17.33
2021-06-24,Australia-Paradip,Capesize,1M,17.74
2021-06-24,Australia-Paradip,Capesize,3M,17.77
2021-06-24,Australia-Paradip,Capesize,6M,18.65
2021-06-24,Australia-Paradip,Capesize,1Y,18.8
2021-06-24,Australia-Vizag,Panamax,1M,17.8
2021-06-24,Australia-Vizag,Panamax,3M,17.63
2021-06-24,Australia-Vizag,Panamax,6M,18.23
2021-06-24,Australia-Vizag,Panamax,1Y,18.72
2021-06-24,Australia-Vizag,Capesize,1M,15.19
2021-06-24,Australia-Vizag,Capesize,3M,15.0
2021-06-24,Australia-Vizag,Capesize,6M,15.43
2021-06-24,Australia-Vizag,Capesize,1Y,15.46
2021-06-24,Australia-Dhamra,Panamax,1M,16.19
2021-06-24,Australia-Dhamra,Panamax,3M,16.46
2021-06-24,Australia-Dhamra,Panamax,6M,16.52
2021-06-24,Australia-Dhamra,Panamax,1Y,16.18
2021-06-24,Australia-Dhamra,Capesize,1M,16.24
2021-06-24,Australia-Dhamra,Capesize,3M,16.8
2021-06-24,Australia-Dhamra,Capesize,6M,16.43
2021-06-24,Australia-Dhamra,Capesize,1Y,17.27
2021-06-24,Australia-Gangavaram,Panamax,1M,15.54
2021-06-24,Australia-Gangavaram,Panamax,3M,15.66
2021-06-24,Australia-Gangavaram,Panamax,6M,15.47
2021-06-24,Australia-Gangavaram,Panamax,1Y,15.47
2021-06-24,Australia-Gangavaram,Capesize,1M,18.11
2021-06-24,Australia-Gangavaram,Capesize,3M,18.02
2021-06-24,Australia-Gangavaram,Capesize,6M,18.36
2021-06-24,Australia-Gangavaram,Capesize,1Y,18.8
2021-06-24,Australia-Gopalpur,Panamax,1M,18.95
2021-06-24,Australia-Gopalpur,Panamax,3M,19.13
2021-06-24,Australia-Gopalpur,Panamax,6M,19.84
2021-06-24,Australia-Gopalpur,Panamax,1Y,19.31
2021-06-24,Australia-Gopalpur,Capesize,1M,18.29
2021-06-24,Australia-Gopalpur,Capesize,3M,17.45
2021-06-24,Australia-Gopalpur,Capesize,6M,17.74
2021-06-24,Australia-Gopalpur,Capesize,1Y,18.52
2021-06-24,Australia-Haldia,Panamax,1M,14.05
2021-06-24,Australia-Haldia,Panamax,3M,14.27
2021-06-24,Australia-Haldia,Panamax,6M,14.92
2021-06-24,Australia-Haldia,Panamax,1Y,14.76
2021-06-24,Australia-Haldia,Capesize,1M,14.38
2021-06-24,Australia-Haldia,Capesize,3M,14.44
2021-06-24,Australia-Haldia,Capesize,6M,14.76
2021-06-24,Australia-Haldia,Capesize,1Y,14.73
2021-06-24,Indonesia-Paradip,Panamax,1M,9.85
2021-06-24,Indonesia-Paradip,Panamax,3M,9.99
2021-06-24,Indonesia-Paradip,Panamax,6M,10.21
2021-06-24,Indonesia-Paradip,Panamax,1Y,10.08
2021-06-24,Indonesia-Paradip,Capesize,1M,12.13
2021-06-24,Indonesia-Paradip,Capesize,3M,12.47
2021-06-24,Indonesia-Paradip,Capesize,6M,12.77
2021-06-24,Indonesia-Paradip,Capesize,1Y,12.8
2021-06-24,Indonesia-Vizag,Panamax,1M,9.19
2021-06-24,Indonesia-Vizag,Panamax,3M,9.5
2021-06-24,Indonesia-Vizag,Panamax,6M,9.23
2021-06-24,Indonesia-Vizag,Panamax,1Y,9.65
2021-06-24,Indonesia-Vizag,Capesize,1M,10.33
2021-06-24,Indonesia-Vizag,Capesize,3M,10.53
2021-06-24,Indonesia-Vizag,Capesize,6M,10.64
2021-06-24,Indonesia-Vizag,Capesize,1Y,10.94
2021-06-24,Indonesia-Dhamra,Panamax,1M,10.51
2021-06-24,Indonesia-Dhamra,Panamax,3M,10.3
2021-06-24,Indonesia-Dhamra,Panamax,6M,10.63
2021-06-24,Indonesia-Dhamra,Panamax,1Y,10.86
2021-06-24,Indonesia-Dhamra,Capesize,1M,10.53
2021-06-24,Indonesia-Dhamra,Capesize,3M,10.62
2021-06-24,Indonesia-Dhamra,Capesize,6M,10.74
2021-06-24,Indonesia-Dhamra,Capesize,1Y,11.01
2021-06-24,Indonesia-Gangavaram,Panamax,1M,10.5
2021-06-24,Indonesia-Gangavaram,Panamax,3M,11.06
2021-06-24,Indonesia-Gangavaram,Panamax,6M,10.98
2021-06-24,Indonesia-Gangavaram,Panamax,1Y,11.08
2021-06-24,Indonesia-Gangavaram,Capesize,1M,9.95
2021-06-24,Indonesia-Gangavaram,Capesize,3M,9.7
2021-06-24,Indonesia-Gangavaram,Capesize,6M,10.07
2021-06-24,Indonesia-Gangavaram,Capesize,1Y,10.46
2021-06-24,Indonesia-Gopalpur,Panamax,1M,11.08
2021-06-24,Indonesia-Gopalpur,Panamax,3M,11.52
2021-06-24,Indonesia-Gopalpur,Panamax,6M,11.77
2021-06-24,Indonesia-Gopalpur,Panamax,1Y,11.88
2021-06-24,Indonesia-Gopalpur,Capesize,1M,10.72
2021-06-24,Indonesia-Gopalpur,Capesize,3M,10.87
2021-06-24,Indonesia-Gopalpur,Capesize,6M,11.1
2021-06-24,Indonesia-Gopalpur,Capesize,1Y,11.38
2021-06-24,Indonesia-Haldia,Panamax,1M,11.32
2021-06-24,Indonesia-Haldia,Panamax,3M,11.49
2021-06-24,Indonesia-Haldia,Panamax,6M,11.81
2021-06-24,Indonesia-Haldia,Panamax,1Y,12.1
2021-06-24,Indonesia-Haldia,Capesize,1M,12.46
2021-06-24,Indonesia-Haldia,Capesize,3M,12.61
2021-06-24,Indonesia-Haldia,Capesize,6M,12.98
2021-06-24,Indonesia-Haldia,Capesize,1Y,12.79
2021-06-24,Russia-Paradip,Panamax,1M,22.93
2021-06-24,Russia-Paradip,Panamax,3M,22.88
2021-06-24,Russia-Paradip,Panamax,6M,23.28
2021-06-24,Russia-Paradip,Panamax,1Y,23.51
2021-06-24,Russia-Paradip,Capesize,1M,23.22
2021-06-24,Russia-Paradip,Capesize,3M,24.12
2021-06-24,Russia-Paradip,Capesize,6M,24.36
2021-06-24,Russia-Paradip,Capesize,1Y,24.57
2021-06-24,Russia-Vizag,Panamax,1M,24.04
2021-06-24,Russia-Vizag,Panamax,3M,24.81
2021-06-24,Russia-Vizag,Panamax,6M,24.96
2021-06-24,Russia-Vizag,Panamax,1Y,24.99
2021-06-24,Russia-Vizag,Capesize,1M,23.1
2021-06-24,Russia-Vizag,Capesize,3M,23.76
2021-06-24,Russia-Vizag,Capesize,6M,23.58
2021-06-24,Russia-Vizag,Capesize,1Y,24.08
2021-06-24,Russia-Dhamra,Panamax,1M,25.86
2021-06-24,Russia-Dhamra,Panamax,3M,25.83
2021-06-24,Russia-Dhamra,Panamax,6M,26.91
2021-06-24,Russia-Dhamra,Panamax,1Y,27.67
2021-06-24,Russia-Dhamra,Capesize,1M,19.94
2021-06-24,Russia-Dhamra,Capesize,3M,19.75
2021-06-24,Russia-Dhamra,Capesize,6M,20.08
2021-06-24,Russia-Dhamra,Capesize,1Y,19.92
2021-06-24,Russia-Gangavaram,Panamax,1M,18.99
2021-06-24,Russia-Gangavaram,Panamax,3M,18.4
2021-06-24,Russia-Gangavaram,Panamax,6M,19.59
2021-06-24,Russia-Gangavaram,Panamax,1Y,19.56
2021-06-24,Russia-Gangavaram,Capesize,1M,22.51
2021-06-24,Russia-Gangavaram,Capesize,3M,22.91
2021-06-24,Russia-Gangavaram,Capesize,6M,22.83
2021-06-24,Russia-Gangavaram,Capesize,1Y,23.78
2021-06-24,Russia-Gopalpur,Panamax,1M,24.61
2021-06-24,Russia-Gopalpur,Panamax,3M,25.19
2021-06-24,Russia-Gopalpur,Panamax,6M,24.53
2021-06-24,Russia-Gopalpur,Panamax,1Y,25.71
2021-06-24,Russia-Gopalpur,Capesize,1M,25.93
2021-06-24,Russia-Gopalpur,Capesize,3M,26.53
2021-06-24,Russia-Gopalpur,Capesize,6M,25.81
2021-06-24,Russia-Gopalpur,Capesize,1Y,26.59
2021-06-24,Russia-Haldia,Panamax,1M,22.33
2021-06-24,Russia-Haldia,Panamax,3M,22.16
2021-06-24,Russia-Haldia,Panamax,6M,22.37
2021-06-24,Russia-Haldia,Panamax,1Y,23.12
2021-06-24,Russia-Haldia,Capesize,1M,22.12
2021-06-24,Russia-Haldia,Capesize,3M,22.47
2021-06-24,Russia-Haldia,Capesize,6M,22.38
2021-06-24,Russia-Haldia,Capesize,1Y,23.27
2021-06-24,Mozambique-Paradip,Panamax,1M,22.81
2021-06-24,Mozambique-Paradip,Panamax,3M,22.74
2021-06-24,Mozambique-Paradip,Panamax,6M,23.13
2021-06-24,Mozambique-Paradip,Panamax,1Y,23.48
2021-06-24,Mozambique-Paradip,Capesize,1M,18.22
2021-06-24,Mozambique-Paradip,Capesize,3M,18.75
2021-06-24,Mozambique-Paradip,Capesize,6M,18.5
2021-06-24,Mozambique-Paradip,Capesize,1Y,19.2
2021-06-24,Mozambique-Vizag,Panamax,1M,21.22
2021-06-24,Mozambique-Vizag,Panamax,3M,21.53
2021-06-24,Mozambique-Vizag,Panamax,6M,21.61
2021-06-24,Mozambique-Vizag,Panamax,1Y,21.99
2021-06-24,Mozambique-Vizag,Capesize,1M,22.12
2021-06-24,Mozambique-Vizag,Capesize,3M,22.79
2021-06-24,Mozambique-Vizag,Capesize,6M,22.79
2021-06-24,Mozambique-Vizag,Capesize,1Y,23.4
2021-06-24,Mozambique-Dhamra,Panamax,1M,20.5
2021-06-24,Mozambique-Dhamra,Panamax,3M,21.17
2021-06-24,Mozambique-Dhamra,Panamax,6M,21.05
2021-06-24,Mozambique-Dhamra,Panamax,1Y,21.39
2021-06-24,Mozambique-Dhamra,Capesize,1M,18.9
2021-06-24,Mozambique-Dhamra,Capesize,3M,19.37
2021-06-24,Mozambique-Dhamra,Capesize,6M,19.14
2021-06-24,Mozambique-Dhamra,Capesize,1Y,19.69
2021-06-24,Mozambique-Gangavaram,Panamax,1M,20.9
2021-06-24,Mozambique-Gangavaram,Panamax,3M,20.91
2021-06-24,Mozambique-Gangavaram,Panamax,6M,21.42
2021-06-24,Mozambique-Gangavaram,Panamax,1Y,22.04
2021-06-24,Mozambique-Gangavaram,Capesize,1M,24.32
2021-06-24,Mozambique-Gangavaram,Capesize,3M,23.42
2021-06-24,Mozambique-Gangavaram,Capesize,6M,23.69
2021-06-24,Mozambique-Gangavaram,Capesize,1Y,25.28
2021-06-24,Mozambique-Gopalpur,Panamax,1M,19.24
2021-06-24,Mozambique-Gopalpur,Panamax,3M,19.62
2021-06-24,Mozambique-Gopalpur,Panamax,6M,20.36
2021-06-24,Mozambique-Gopalpur,Panamax,1Y,19.69
2021-06-24,Mozambique-Gopalpur,Capesize,1M,19.77
2021-06-24,Mozambique-Gopalpur,Capesize,3M,20.48
2021-06-24,Mozambique-Gopalpur,Capesize,6M,20.83
2021-06-24,Mozambique-Gopalpur,Capesize,1Y,20.93
2021-06-24,Mozambique-Haldia,Panamax,1M,21.59
2021-06-24,Mozambique-Haldia,Panamax,3M,22.03
2021-06-24,Mozambique-Haldia,Panamax,6M,22.06
2021-06-24,Mozambique-Haldia,Panamax,1Y,22.58
2021-06-24,Mozambique-Haldia,Capesize,1M,21.5
2021-06-24,Mozambique-Haldia,Capesize,3M,21.43
2021-06-24,Mozambique-Haldia,Capesize,6M,21.8
2021-06-24,Mozambique-Haldia,Capesize,1Y,21.93
2021-06-24,USA-Paradip,Panamax,1M,31.53
2021-06-24,USA-Paradip,Panamax,3M,31.7
2021-06-24,USA-Paradip,Panamax,6M,31.95
2021-06-24,USA-Paradip,Panamax,1Y,33.21
2021-06-24,USA-Paradip,Capesize,1M,35.22
2021-06-24,USA-Paradip,Capesize,3M,35.51
2021-06-24,USA-Paradip,Capesize,6M,35.57
2021-06-24,USA-Paradip,Capesize,1Y,36.99
2021-06-24,USA-Vizag,Panamax,1M,34.84
2021-06-24,USA-Vizag,Panamax,3M,34.55
2021-06-24,USA-Vizag,Panamax,6M,35.53
2021-06-24,USA-Vizag,Panamax,1Y,35.92
2021-06-24,USA-Vizag,Capesize,1M,30.96
2021-06-24,USA-Vizag,Capesize,3M,30.47
2021-06-24,USA-Vizag,Capesize,6M,31.08
2021-06-24,USA-Vizag,Capesize,1Y,30.75
2021-06-24,USA-Dhamra,Panamax,1M,35.44
2021-06-24,USA-Dhamra,Panamax,3M,34.96
2021-06-24,USA-Dhamra,Panamax,6M,36.25
2021-06-24,USA-Dhamra,Panamax,1Y,37.31
2021-06-24,USA-Dhamra,Capesize,1M,32.68
2021-06-24,USA-Dhamra,Capesize,3M,32.37
2021-06-24,USA-Dhamra,Capesize,6M,32.96
2021-06-24,USA-Dhamra,Capesize,1Y,32.97
2021-06-24,USA-Gangavaram,Panamax,1M,30.82
2021-06-24,USA-Gangavaram,Panamax,3M,31.25
2021-06-24,USA-Gangavaram,Panamax,6M,30.99
2021-06-24,USA-Gangavaram,Panamax,1Y,31.23
2021-06-24,USA-Gangavaram,Capesize,1M,35.18
2021-06-24,USA-Gangavaram,Capesize,3M,35.64
2021-06-24,USA-Gangavaram,Capesize,6M,36.79
2021-06-24,USA-Gangavaram,Capesize,1Y,37.19
2021-06-24,USA-Gopalpur,Panamax,1M,30.73
2021-06-24,USA-Gopalpur,Panamax,3M,30.54
2021-06-24,USA-Gopalpur,Panamax,6M,31.36
2021-06-24,USA-Gopalpur,Panamax,1Y,32.86
2021-06-24,USA-Gopalpur,Capesize,1M,29.78
2021-06-24,USA-Gopalpur,Capesize,3M,31.02
2021-06-24,USA-Gopalpur,Capesize,6M,30.53
2021-06-24,USA-Gopalpur,Capesize,1Y,31.19
2021-06-24,USA-Haldia,Panamax,1M,30.18
2021-06-24,USA-Haldia,Panamax,3M,29.17
2021-06-24,USA-Haldia,Panamax,6M,30.03
2021-06-24,USA-Haldia,Panamax,1Y,29.89
2021-06-24,USA-Haldia,Capesize,1M,32.37
2021-06-24,USA-Haldia,Capesize,3M,31.95
2021-06-24,USA-Haldia,Capesize,6M,32.7
2021-06-24,USA-Haldia,Capesize,1Y,32.42
2021-07-24,Australia-Paradip,Panamax,1M,15.62
2021-07-24,Australia-Paradip,Panamax,3M,15.89
2021-07-24,Australia-Paradip,Panamax,6M,15.6
2021-07-24,Australia-Paradip,Panamax,1Y,15.85
2021-07-24,Australia-Paradip,Capesize,1M,16.01
2021-07-24,Australia-Paradip,Capesize,3M,15.9
2021-07-24,Australia-Paradip,Capesize,6M,16.31
2021-07-24,Australia-Paradip,Capesize,1Y,16.41
2021-07-24,Australia-Vizag,Panamax,1M,17.65
2021-07-24,Australia-Vizag,Panamax,3M,18.54
2021-07-24,Australia-Vizag,Panamax,6M,19.11
2021-07-24,Australia-Vizag,Panamax,1Y,19.36
2021-07-24,Australia-Vizag,Capesize,1M,14.27
2021-07-24,Australia-Vizag,Capesize,3M,14.58
2021-07-24,Australia-Vizag,Capesize,6M,14.8
2021-07-24,Australia-Vizag,Capesize,1Y,15.47
2021-07-24,Australia-Dhamra,Panamax,1M,14.85
2021-07-24,Australia-Dhamra,Panamax,3M,15.21
2021-07-24,Australia-Dhamra,Panamax,6M,15.01
2021-07-24,Australia-Dhamra,Panamax,1Y,14.99
2021-07-24,Australia-Dhamra,Capesize,1M,14.81
2021-07-24,Australia-Dhamra,Capesize,3M,15.68
2021-07-24,Australia-Dhamra,Capesize,6M,15.67
2021-07-24,Australia-Dhamra,Capesize,1Y,15.81
2021-07-24,Australia-Gangavaram,Panamax,1M,15.05
2021-07-24,Australia-Gangavaram,Panamax,3M,15.29
2021-07-24,Australia-Gangavaram,Panamax,6M,15.0
2021-07-24,Australia-Gangavaram,Panamax,1Y,15.54
2021-07-24,Australia-Gangavaram,Capesize,1M,17.02
2021-07-24,Australia-Gangavaram,Capesize,3M,17.12
2021-07-24,Australia-Gangavaram,Capesize,6M,17.86
2021-07-24,Australia-Gangavaram,Capesize,1Y,17.74
2021-07-24,Australia-Gopalpur,Panamax,1M,17.15
2021-07-24,Australia-Gopalpur,Panamax,3M,17.16
2021-07-24,Australia-Gopalpur,Panamax,6M,17.7
2021-07-24,Australia-Gopalpur,Panamax,1Y,17.87
2021-07-24,Australia-Gopalpur,Capesize,1M,16.39
2021-07-24,Australia-Gopalpur,Capesize,3M,16.39
2021-07-24,Australia-Gopalpur,Capesize,6M,17.08
2021-07-24,Australia-Gopalpur,Capesize,1Y,17.38
2021-07-24,Australia-Haldia,Panamax,1M,14.82
2021-07-24,Australia-Haldia,Panamax,3M,14.81
2021-07-24,Australia-Haldia,Panamax,6M,14.69
2021-07-24,Australia-Haldia,Panamax,1Y,15.27
2021-07-24,Australia-Haldia,Capesize,1M,16.62
2021-07-24,Australia-Haldia,Capesize,3M,16.21
2021-07-24,Australia-Haldia,Capesize,6M,16.4
2021-07-24,Australia-Haldia,Capesize,1Y,16.93
2021-07-24,Indonesia-Paradip,Panamax,1M,11.99
2021-07-24,Indonesia-Paradip,Panamax,3M,12.09
2021-07-24,Indonesia-Paradip,Panamax,6M,12.26
2021-07-24,Indonesia-Paradip,Panamax,1Y,12.55
2021-07-24,Indonesia-Paradip,Capesize,1M,11.68
2021-07-24,Indonesia-Paradip,Capesize,3M,11.37
2021-07-24,Indonesia-Paradip,Capesize,6M,11.68
2021-07-24,Indonesia-Paradip,Capesize,1Y,11.89
2021-07-24,Indonesia-Vizag,Panamax,1M,9.04
2021-07-24,Indonesia-Vizag,Panamax,3M,9.26
2021-07-24,Indonesia-Vizag,Panamax,6M,9.43
2021-07-24,Indonesia-Vizag,Panamax,1Y,10.02
2021-07-24,Indonesia-Vizag,Capesize,1M,11.32
2021-07-24,Indonesia-Vizag,Capesize,3M,11.1
2021-07-24,Indonesia-Vizag,Capesize,6M,11.51
2021-07-24,Indonesia-Vizag,Capesize,1Y,11.59
2021-07-24,Indonesia-Dhamra,Panamax,1M,10.27
2021-07-24,Indonesia-Dhamra,Panamax,3M,10.29
2021-07-24,Indonesia-Dhamra,Panamax,6M,10.06
2021-07-24,Indonesia-Dhamra,Panamax,1Y,10.53
2021-07-24,Indonesia-Dhamra,Capesize,1M,10.81
2021-07-24,Indonesia-Dhamra,Capesize,3M,10.94
2021-07-24,Indonesia-Dhamra,Capesize,6M,11.04
2021-07-24,Indonesia-Dhamra,Capesize,1Y,11.66
2021-07-24,Indonesia-Gangavaram,Panamax,1M,10.09
2021-07-24,Indonesia-Gangavaram,Panamax,3M,10.38
2021-07-24,Indonesia-Gangavaram,Panamax,6M,10.52
2021-07-24,Indonesia-Gangavaram,Panamax,1Y,11.05
2021-07-24,Indonesia-Gangavaram,Capesize,1M,10.72
2021-07-24,Indonesia-Gangavaram,Capesize,3M,11.31
2021-07-24,Indonesia-Gangavaram,Capesize,6M,11.23
2021-07-24,Indonesia-Gangavaram,Capesize,1Y,11.1
2021-07-24,Indonesia-Gopalpur,Panamax,1M,8.47
2021-07-24,Indonesia-Gopalpur,Panamax,3M,8.49
2021-07-24,Indonesia-Gopalpur,Panamax,6M,8.77
2021-07-24,Indonesia-Gopalpur,Panamax,1Y,8.79
2021-07-24,Indonesia-Gopalpur,Capesize,1M,9.75
2021-07-24,Indonesia-Gopalpur,Capesize,3M,9.81
2021-07-24,Indonesia-Gopalpur,Capesize,6M,10.01
2021-07-24,Indonesia-Gopalpur,Capesize,1Y,10.28
2021-07-24,Indonesia-Haldia,Panamax,1M,10.41
2021-07-24,Indonesia-Haldia,Panamax,3M,10.53
2021-07-24,Indonesia-Haldia,Panamax,6M,10.47
2021-07-24,Indonesia-Haldia,Panamax,1Y,11.24
2021-07-24,Indonesia-Haldia,Capesize,1M,10.97
2021-07-24,Indonesia-Haldia,Capesize,3M,11.2
2021-07-24,Indonesia-Haldia,Capesize,6M,10.89
2021-07-24,Indonesia-Haldia,Capesize,1Y,11.43
2021-07-24,Russia-Paradip,Panamax,1M,22.88
2021-07-24,Russia-Paradip,Panamax,3M,22.42
2021-07-24,Russia-Paradip,Panamax,6M,23.13
2021-07-24,Russia-Paradip,Panamax,1Y,23.15
2021-07-24,Russia-Paradip,Capesize,1M,19.84
2021-07-24,Russia-Paradip,Capesize,3M,19.9
2021-07-24,Russia-Paradip,Capesize,6M,20.26
2021-07-24,Russia-Paradip,Capesize,1Y,20.75
2021-07-24,Russia-Vizag,Panamax,1M,20.0
2021-07-24,Russia-Vizag,Panamax,3M,20.17
2021-07-24,Russia-Vizag,Panamax,6M,21.02
2021-07-24,Russia-Vizag,Panamax,1Y,21.43
2021-07-24,Russia-Vizag,Capesize,1M,21.98
2021-07-24,Russia-Vizag,Capesize,3M,22.89
2021-07-24,Russia-Vizag,Capesize,6M,22.27
2021-07-24,Russia-Vizag,Capesize,1Y,22.56
2021-07-24,Russia-Dhamra,Panamax,1M,22.06
2021-07-24,Russia-Dhamra,Panamax,3M,22.85
2021-07-24,Russia-Dhamra,Panamax,6M,22.75
2021-07-24,Russia-Dhamra,Panamax,1Y,22.97
2021-07-24,Russia-Dhamra,Capesize,1M,20.36
2021-07-24,Russia-Dhamra,Capesize,3M,20.39
2021-07-24,Russia-Dhamra,Capesize,6M,20.46
2021-07-24,Russia-Dhamra,Capesize,1Y,21.44
2021-07-24,Russia-Gangavaram,Panamax,1M,22.97
2021-07-24,Russia-Gangavaram,Panamax,3M,23.3
2021-07-24,Russia-Gangavaram,Panamax,6M,24.05
2021-07-24,Russia-Gangavaram,Panamax,1Y,23.57
2021-07-24,Russia-Gangavaram,Capesize,1M,20.87
2021-07-24,Russia-Gangavaram,Capesize,3M,21.14
2021-07-24,Russia-Gangavaram,Capesize,6M,21.68
2021-07-24,Russia-Gangavaram,Capesize,1Y,21.67
2021-07-24,Russia-Gopalpur,Panamax,1M,23.62
2021-07-24,Russia-Gopalpur,Panamax,3M,23.73
2021-07-24,Russia-Gopalpur,Panamax,6M,24.88
2021-07-24,Russia-Gopalpur,Panamax,1Y,24.94
2021-07-24,Russia-Gopalpur,Capesize,1M,21.79
2021-07-24,Russia-Gopalpur,Capesize,3M,21.94
2021-07-24,Russia-Gopalpur,Capesize,6M,22.19
2021-07-24,Russia-Gopalpur,Capesize,1Y,22.69
2021-07-24,Russia-Haldia,Panamax,1M,21.24
2021-07-24,Russia-Haldia,Panamax,3M,21.99
2021-07-24,Russia-Haldia,Panamax,6M,21.98
2021-07-24,Russia-Haldia,Panamax,1Y,22.28
2021-07-24,Russia-Haldia,Capesize,1M,22.7
2021-07-24,Russia-Haldia,Capesize,3M,23.1
2021-07-24,Russia-Haldia,Capesize,6M,23.54
2021-07-24,Russia-Haldia,Capesize,1Y,24.19
2021-07-24,Mozambique-Paradip,Panamax,1M,21.56
2021-07-24,Mozambique-Paradip,Panamax,3M,22.26
2021-07-24,Mozambique-Paradip,Panamax,6M,22.37
2021-07-24,Mozambique-Paradip,Panamax,1Y,22.28
2021-07-24,Mozambique-Paradip,Capesize,1M,20.88
2021-07-24,Mozambique-Paradip,Capesize,3M,21.88
2021-07-24,Mozambique-Paradip,Capesize,6M,22.26
2021-07-24,Mozambique-Paradip,Capesize,1Y,22.95
2021-07-24,Mozambique-Vizag,Panamax,1M,20.95
2021-07-24,Mozambique-Vizag,Panamax,3M,21.33
2021-07-24,Mozambique-Vizag,Panamax,6M,21.74
2021-07-24,Mozambique-Vizag,Panamax,1Y,22.29
2021-07-24,Mozambique-Vizag,Capesize,1M,23.02
2021-07-24,Mozambique-Vizag,Capesize,3M,23.4
2021-07-24,Mozambique-Vizag,Capesize,6M,24.85
2021-07-24,Mozambique-Vizag,Capesize,1Y,24.3
2021-07-24,Mozambique-Dhamra,Panamax,1M,18.89
2021-07-24,Mozambique-Dhamra,Panamax,3M,18.4
2021-07-24,Mozambique-Dhamra,Panamax,6M,18.78
2021-07-24,Mozambique-Dhamra,Panamax,1Y,19.59
2021-07-24,Mozambique-Dhamra,Capesize,1M,20.7
2021-07-24,Mozambique-Dhamra,Capesize,3M,20.53
2021-07-24,Mozambique-Dhamra,Capesize,6M,21.2
2021-07-24,Mozambique-Dhamra,Capesize,1Y,21.51
2021-07-24,Mozambique-Gangavaram,Panamax,1M,21.69
2021-07-24,Mozambique-Gangavaram,Panamax,3M,22.24
2021-07-24,Mozambique-Gangavaram,Panamax,6M,22.04
2021-07-24,Mozambique-Gangavaram,Panamax,1Y,23.31
2021-07-24,Mozambique-Gangavaram,Capesize,1M,19.54
2021-07-24,Mozambique-Gangavaram,Capesize,3M,19.6
2021-07-24,Mozambique-Gangavaram,Capesize,6M,19.83
2021-07-24,Mozambique-Gangavaram,Capesize,1Y,20.35
2021-07-24,Mozambique-Gopalpur,Panamax,1M,18.41
2021-07-24,Mozambique-Gopalpur,Panamax,3M,18.03
2021-07-24,Mozambique-Gopalpur,Panamax,6M,18.08
2021-07-24,Mozambique-Gopalpur,Panamax,1Y,18.87
2021-07-24,Mozambique-Gopalpur,Capesize,1M,20.33
2021-07-24,Mozambique-Gopalpur,Capesize,3M,21.15
2021-07-24,Mozambique-Gopalpur,Capesize,6M,21.45
2021-07-24,Mozambique-Gopalpur,Capesize,1Y,21.35
2021-07-24,Mozambique-Haldia,Panamax,1M,18.77
2021-07-24,Mozambique-Haldia,Panamax,3M,18.96
2021-07-24,Mozambique-Haldia,Panamax,6M,19.47
2021-07-24,Mozambique-Haldia,Panamax,1Y,19.02
2021-07-24,Mozambique-Haldia,Capesize,1M,19.83
2021-07-24,Mozambique-Haldia,Capesize,3M,21.03
2021-07-24,Mozambique-Haldia,Capesize,6M,20.61
2021-07-24,Mozambique-Haldia,Capesize,1Y,21.33
2021-07-24,USA-Paradip,Panamax,1M,33.35
2021-07-24,USA-Paradip,Panamax,3M,33.55
2021-07-24,USA-Paradip,Panamax,6M,34.22
2021-07-24,USA-Paradip,Panamax,1Y,34.46
2021-07-24,USA-Paradip,Capesize,1M,30.35
2021-07-24,USA-Paradip,Capesize,3M,30.61
2021-07-24,USA-Paradip,Capesize,6M,31.1
2021-07-24,USA-Paradip,Capesize,1Y,31.43
2021-07-24,USA-Vizag,Panamax,1M,37.22
2021-07-24,USA-Vizag,Panamax,3M,36.57
2021-07-24,USA-Vizag,Panamax,6M,37.27
2021-07-24,USA-Vizag,Panamax,1Y,37.65
2021-07-24,USA-Vizag,Capesize,1M,31.65
2021-07-24,USA-Vizag,Capesize,3M,31.26
2021-07-24,USA-Vizag,Capesize,6M,31.38
2021-07-24,USA-Vizag,Capesize,1Y,32.31
2021-07-24,USA-Dhamra,Panamax,1M,33.05
2021-07-24,USA-Dhamra,Panamax,3M,34.96
2021-07-24,USA-Dhamra,Panamax,6M,35.02
2021-07-24,USA-Dhamra,Panamax,1Y,34.09
2021-07-24,USA-Dhamra,Capesize,1M,32.46
2021-07-24,USA-Dhamra,Capesize,3M,32.69
2021-07-24,USA-Dhamra,Capesize,6M,34.13
2021-07-24,USA-Dhamra,Capesize,1Y,34.6
2021-07-24,USA-Gangavaram,Panamax,1M,34.74
2021-07-24,USA-Gangavaram,Panamax,3M,34.65
2021-07-24,USA-Gangavaram,Panamax,6M,34.92
2021-07-24,USA-Gangavaram,Panamax,1Y,34.78
2021-07-24,USA-Gangavaram,Capesize,1M,35.08
2021-07-24,USA-Gangavaram,Capesize,3M,34.63
2021-07-24,USA-Gangavaram,Capesize,6M,36.16
2021-07-24,USA-Gangavaram,Capesize,1Y,36.38
2021-07-24,USA-Gopalpur,Panamax,1M,36.52
2021-07-24,USA-Gopalpur,Panamax,3M,34.75
2021-07-24,USA-Gopalpur,Panamax,6M,35.86
2021-07-24,USA-Gopalpur,Panamax,1Y,35.69
2021-07-24,USA-Gopalpur,Capesize,1M,28.44
2021-07-24,USA-Gopalpur,Capesize,3M,28.84
2021-07-24,USA-Gopalpur,Capesize,6M,28.8
2021-07-24,USA-Gopalpur,Capesize,1Y,30.68
2021-07-24,USA-Haldia,Panamax,1M,34.39
2021-07-24,USA-Haldia,Panamax,3M,34.61
2021-07-24,USA-Haldia,Panamax,6M,34.86
2021-07-24,USA-Haldia,Panamax,1Y,35.55
2021-07-24,USA-Haldia,Capesize,1M,33.0
2021-07-24,USA-Haldia,Capesize,3M,33.99
2021-07-24,USA-Haldia,Capesize,6M,34.13
2021-07-24,USA-Haldia,Capesize,1Y,34.12
2021-08-23,Australia-Paradip,Panamax,1M,18.55
2021-08-23,Australia-Paradip,Panamax,3M,18.37
2021-08-23,Australia-Paradip,Panamax,6M,18.64
2021-08-23,Australia-Paradip,Panamax,1Y,19.45
2021-08-23,Australia-Paradip,Capesize,1M,15.15
2021-08-23,Australia-Paradip,Capesize,3M,14.83
2021-08-23,Australia-Paradip,Capesize,6M,15.54
2021-08-23,Australia-Paradip,Capesize,1Y,15.58
2021-08-23,Australia-Vizag,Panamax,1M,14.16
2021-08-23,Australia-Vizag,Panamax,3M,14.51
2021-08-23,Australia-Vizag,Panamax,6M,14.45
2021-08-23,Australia-Vizag,Panamax,1Y,14.76
2021-08-23,Australia-Vizag,Capesize,1M,15.9
2021-08-23,Australia-Vizag,Capesize,3M,15.9
2021-08-23,Australia-Vizag,Capesize,6M,16.31
2021-08-23,Australia-Vizag,Capesize,1Y,16.96
2021-08-23,Australia-Dhamra,Panamax,1M,17.95
2021-08-23,Australia-Dhamra,Panamax,3M,18.72
2021-08-23,Australia-Dhamra,Panamax,6M,18.85
2021-08-23,Australia-Dhamra,Panamax,1Y,19.22
2021-08-23,Australia-Dhamra,Capesize,1M,13.79
2021-08-23,Australia-Dhamra,Capesize,3M,13.9
2021-08-23,Australia-Dhamra,Capesize,6M,14.53
2021-08-23,Australia-Dhamra,Capesize,1Y,14.46
2021-08-23,Australia-Gangavaram,Panamax,1M,17.19
2021-08-23,Australia-Gangavaram,Panamax,3M,17.59
2021-08-23,Australia-Gangavaram,Panamax,6M,17.66
2021-08-23,Australia-Gangavaram,Panamax,1Y,18.23
2021-08-23,Australia-Gangavaram,Capesize,1M,16.77
2021-08-23,Australia-Gangavaram,Capesize,3M,16.66
2021-08-23,Australia-Gangavaram,Capesize,6M,16.47
2021-08-23,Australia-Gangavaram,Capesize,1Y,16.79
2021-08-23,Australia-Gopalpur,Panamax,1M,15.81
2021-08-23,Australia-Gopalpur,Panamax,3M,15.4
2021-08-23,Australia-Gopalpur,Panamax,6M,16.08
2021-08-23,Australia-Gopalpur,Panamax,1Y,16.13
2021-08-23,Australia-Gopalpur,Capesize,1M,17.2
2021-08-23,Australia-Gopalpur,Capesize,3M,17.11
2021-08-23,Australia-Gopalpur,Capesize,6M,17.34
2021-08-23,Australia-Gopalpur,Capesize,1Y,17.7
2021-08-23,Australia-Haldia,Panamax,1M,16.33
2021-08-23,Australia-Haldia,Panamax,3M,16.18
2021-08-23,Australia-Haldia,Panamax,6M,16.32
2021-08-23,Australia-Haldia,Panamax,1Y,17.06
2021-08-23,Australia-Haldia,Capesize,1M,18.12
2021-08-23,Australia-Haldia,Capesize,3M,18.07
2021-08-23,Australia-Haldia,Capesize,6M,18.09
2021-08-23,Australia-Haldia,Capesize,1Y,19.03
2021-08-23,Indonesia-Paradip,Panamax,1M,11.19
2021-08-23,Indonesia-Paradip,Panamax,3M,11.21
2021-08-23,Indonesia-Paradip,Panamax,6M,11.25
2021-08-23,Indonesia-Paradip,Panamax,1Y,11.74
2021-08-23,Indonesia-Paradip,Capesize,1M,11.58
2021-08-23,Indonesia-Paradip,Capesize,3M,11.54
2021-08-23,Indonesia-Paradip,Capesize,6M,11.53
2021-08-23,Indonesia-Paradip,Capesize,1Y,11.68
2021-08-23,Indonesia-Vizag,Panamax,1M,10.09
2021-08-23,Indonesia-Vizag,Panamax,3M,10.23
2021-08-23,Indonesia-Vizag,Panamax,6M,10.14
2021-08-23,Indonesia-Vizag,Panamax,1Y,10.68
2021-08-23,Indonesia-Vizag,Capesize,1M,9.48
2021-08-23,Indonesia-Vizag,Capesize,3M,9.43
2021-08-23,Indonesia-Vizag,Capesize,6M,9.38
2021-08-23,Indonesia-Vizag,Capesize,1Y,9.56
2021-08-23,Indonesia-Dhamra,Panamax,1M,12.6
2021-08-23,Indonesia-Dhamra,Panamax,3M,12.56
2021-08-23,Indonesia-Dhamra,Panamax,6M,13.08
2021-08-23,Indonesia-Dhamra,Panamax,1Y,13.41
2021-08-23,Indonesia-Dhamra,Capesize,1M,10.39
2021-08-23,Indonesia-Dhamra,Capesize,3M,10.58
2021-08-23,Indonesia-Dhamra,Capesize,6M,10.75
2021-08-23,Indonesia-Dhamra,Capesize,1Y,10.9
2021-08-23,Indonesia-Gangavaram,Panamax,1M,9.99
2021-08-23,Indonesia-Gangavaram,Panamax,3M,10.15
2021-08-23,Indonesia-Gangavaram,Panamax,6M,10.15
2021-08-23,Indonesia-Gangavaram,Panamax,1Y,10.49
2021-08-23,Indonesia-Gangavaram,Capesize,1M,10.15
2021-08-23,Indonesia-Gangavaram,Capesize,3M,9.79
2021-08-23,Indonesia-Gangavaram,Capesize,6M,9.98
2021-08-23,Indonesia-Gangavaram,Capesize,1Y,10.2
2021-08-23,Indonesia-Gopalpur,Panamax,1M,9.89
2021-08-23,Indonesia-Gopalpur,Panamax,3M,9.85
2021-08-23,Indonesia-Gopalpur,Panamax,6M,10.13
2021-08-23,Indonesia-Gopalpur,Panamax,1Y,10.28
2021-08-23,Indonesia-Gopalpur,Capesize,1M,11.99
2021-08-23,Indonesia-Gopalpur,Capesize,3M,11.83
2021-08-23,Indonesia-Gopalpur,Capesize,6M,11.93
2021-08-23,Indonesia-Gopalpur,Capesize,1Y,12.46
2021-08-23,Indonesia-Haldia,Panamax,1M,9.23
2021-08-23,Indonesia-Haldia,Panamax,3M,9.84
2021-08-23,Indonesia-Haldia,Panamax,6M,9.78
2021-08-23,Indonesia-Haldia,Panamax,1Y,9.85
2021-08-23,Indonesia-Haldia,Capesize,1M,9.67
2021-08-23,Indonesia-Haldia,Capesize,3M,10.09
2021-08-23,Indonesia-Haldia,Capesize,6M,9.78
2021-08-23,Indonesia-Haldia,Capesize,1Y,10.02
2021-08-23,Russia-Paradip,Panamax,1M,23.38
2021-08-23,Russia-Paradip,Panamax,3M,23.97
2021-08-23,Russia-Paradip,Panamax,6M,24.29
2021-08-23,Russia-Paradip,Panamax,1Y,24.9
2021-08-23,Russia-Paradip,Capesize,1M,21.45
2021-08-23,Russia-Paradip,Capesize,3M,21.83
2021-08-23,Russia-Paradip,Capesize,6M,21.66
2021-08-23,Russia-Paradip,Capesize,1Y,22.66
2021-08-23,Russia-Vizag,Panamax,1M,20.0
2021-08-23,Russia-Vizag,Panamax,3M,20.11
2021-08-23,Russia-Vizag,Panamax,6M,20.68
2021-08-23,Russia-Vizag,Panamax,1Y,21.18
2021-08-23,Russia-Vizag,Capesize,1M,25.21
2021-08-23,Russia-Vizag,Capesize,3M,24.76
2021-08-23,Russia-Vizag,Capesize,6M,25.64
2021-08-23,Russia-Vizag,Capesize,1Y,26.19
2021-08-23,Russia-Dhamra,Panamax,1M,26.36
2021-08-23,Russia-Dhamra,Panamax,3M,26.78
2021-08-23,Russia-Dhamra,Panamax,6M,26.93
2021-08-23,Russia-Dhamra,Panamax,1Y,27.47
2021-08-23,Russia-Dhamra,Capesize,1M,19.36
2021-08-23,Russia-Dhamra,Capesize,3M,20.57
2021-08-23,Russia-Dhamra,Capesize,6M,19.82
2021-08-23,Russia-Dhamra,Capesize,1Y,20.6
2021-08-23,Russia-Gangavaram,Panamax,1M,22.98
2021-08-23,Russia-Gangavaram,Panamax,3M,22.1
2021-08-23,Russia-Gangavaram,Panamax,6M,23.09
2021-08-23,Russia-Gangavaram,Panamax,1Y,23.81
2021-08-23,Russia-Gangavaram,Capesize,1M,23.31
2021-08-23,Russia-Gangavaram,Capesize,3M,23.7
2021-08-23,Russia-Gangavaram,Capesize,6M,23.66
2021-08-23,Russia-Gangavaram,Capesize,1Y,24.41
2021-08-23,Russia-Gopalpur,Panamax,1M,20.56
2021-08-23,Russia-Gopalpur,Panamax,3M,21.06
2021-08-23,Russia-Gopalpur,Panamax,6M,21.05
2021-08-23,Russia-Gopalpur,Panamax,1Y,22.03
2021-08-23,Russia-Gopalpur,Capesize,1M,20.42
2021-08-23,Russia-Gopalpur,Capesize,3M,21.46
2021-08-23,Russia-Gopalpur,Capesize,6M,21.01
2021-08-23,Russia-Gopalpur,Capesize,1Y,21.88
2021-08-23,Russia-Haldia,Panamax,1M,24.94
2021-08-23,Russia-Haldia,Panamax,3M,25.82
2021-08-23,Russia-Haldia,Panamax,6M,25.48
2021-08-23,Russia-Haldia,Panamax,1Y,25.58
2021-08-23,Russia-Haldia,Capesize,1M,21.8
2021-08-23,Russia-Haldia,Capesize,3M,21.4
2021-08-23,Russia-Haldia,Capesize,6M,22.11
2021-08-23,Russia-Haldia,Capesize,1Y,22.52
2021-08-23,Mozambique-Paradip,Panamax,1M,21.53
2021-08-23,Mozambique-Paradip,Panamax,3M,21.31
2021-08-23,Mozambique-Paradip,Panamax,6M,22.14
2021-08-23,Mozambique-Paradip,Panamax,1Y,22.52
2021-08-23,Mozambique-Paradip,Capesize,1M,22.07
2021-08-23,Mozambique-Paradip,Capesize,3M,21.97
2021-08-23,Mozambique-Paradip,Capesize,6M,22.04
2021-08-23,Mozambique-Paradip,Capesize,1Y,22.72
2021-08-23,Mozambique-Vizag,Panamax,1M,19.81
2021-08-23,Mozambique-Vizag,Panamax,3M,19.49
2021-08-23,Mozambique-Vizag,Panamax,6M,20.24
2021-08-23,Mozambique-Vizag,Panamax,1Y,20.42
2021-08-23,Mozambique-Vizag,Capesize,1M,19.94
2021-08-23,Mozambique-Vizag,Capesize,3M,20.02
2021-08-23,Mozambique-Vizag,Capesize,6M,20.24
2021-08-23,Mozambique-Vizag,Capesize,1Y,21.14
2021-08-23,Mozambique-Dhamra,Panamax,1M,22.34
2021-08-23,Mozambique-Dhamra,Panamax,3M,22.84
2021-08-23,Mozambique-Dhamra,Panamax,6M,23.4
2021-08-23,Mozambique-Dhamra,Panamax,1Y,24.22
2021-08-23,Mozambique-Dhamra,Capesize,1M,22.03
2021-08-23,Mozambique-Dhamra,Capesize,3M,22.41
2021-08-23,Mozambique-Dhamra,Capesize,6M,22.8
2021-08-23,Mozambique-Dhamra,Capesize,1Y,23.3
2021-08-23,Mozambique-Gangavaram,Panamax,1M,20.16
2021-08-23,Mozambique-Gangavaram,Panamax,3M,20.01
2021-08-23,Mozambique-Gangavaram,Panamax,6M,20.18
2021-08-23,Mozambique-Gangavaram,Panamax,1Y,21.06
2021-08-23,Mozambique-Gangavaram,Capesize,1M,21.68
2021-08-23,Mozambique-Gangavaram,Capesize,3M,21.92
2021-08-23,Mozambique-Gangavaram,Capesize,6M,21.91
2021-08-23,Mozambique-Gangavaram,Capesize,1Y,22.09
2021-08-23,Mozambique-Gopalpur,Panamax,1M,21.86
2021-08-23,Mozambique-Gopalpur,Panamax,3M,21.32
2021-08-23,Mozambique-Gopalpur,Panamax,6M,22.25
2021-08-23,Mozambique-Gopalpur,Panamax,1Y,22.0
2021-08-23,Mozambique-Gopalpur,Capesize,1M,23.12
2021-08-23,Mozambique-Gopalpur,Capesize,3M,23.33
2021-08-23,Mozambique-Gopalpur,Capesize,6M,23.54
2021-08-23,Mozambique-Gopalpur,Capesize,1Y,23.37
2021-08-23,Mozambique-Haldia,Panamax,1M,23.58
2021-08-23,Mozambique-Haldia,Panamax,3M,23.52
2021-08-23,Mozambique-Haldia,Panamax,6M,23.98
2021-08-23,Mozambique-Haldia,Panamax,1Y,23.54
2021-08-23,Mozambique-Haldia,Capesize,1M,19.82
2021-08-23,Mozambique-Haldia,Capesize,3M,20.09
2021-08-23,Mozambique-Haldia,Capesize,6M,20.38
2021-08-23,Mozambique-Haldia,Capesize,1Y,20.64
2021-08-23,USA-Paradip,Panamax,1M,37.17
2021-08-23,USA-Paradip,Panamax,3M,36.38
2021-08-23,USA-Paradip,Panamax,6M,36.68
2021-08-23,USA-Paradip,Panamax,1Y,37.61
2021-08-23,USA-Paradip,Capesize,1M,28.4
2021-08-23,USA-Paradip,Capesize,3M,27.37
2021-08-23,USA-Paradip,Capesize,6M,28.14
2021-08-23,USA-Paradip,Capesize,1Y,28.78
2021-08-23,USA-Vizag,Panamax,1M,30.88
2021-08-23,USA-Vizag,Panamax,3M,30.97
2021-08-23,USA-Vizag,Panamax,6M,32.69
2021-08-23,USA-Vizag,Panamax,1Y,32.82
2021-08-23,USA-Vizag,Capesize,1M,33.63
2021-08-23,USA-Vizag,Capesize,3M,35.16
2021-08-23,USA-Vizag,Capesize,6M,34.38
2021-08-23,USA-Vizag,Capesize,1Y,34.3
2021-08-23,USA-Dhamra,Panamax,1M,36.06
2021-08-23,USA-Dhamra,Panamax,3M,36.25
2021-08-23,USA-Dhamra,Panamax,6M,37.44
2021-08-23,USA-Dhamra,Panamax,1Y,36.72
2021-08-23,USA-Dhamra,Capesize,1M,29.63
2021-08-23,USA-Dhamra,Capesize,3M,29.45
2021-08-23,USA-Dhamra,Capesize,6M,30.63
2021-08-23,USA-Dhamra,Capesize,1Y,31.73
2021-08-23,USA-Gangavaram,Panamax,1M,31.65
2021-08-23,USA-Gangavaram,Panamax,3M,33.94
2021-08-23,USA-Gangavaram,Panamax,6M,33.78
2021-08-23,USA-Gangavaram,Panamax,1Y,34.77
2021-08-23,USA-Gangavaram,Capesize,1M,32.17
2021-08-23,USA-Gangavaram,Capesize,3M,32.32
2021-08-23,USA-Gangavaram,Capesize,6M,31.83
2021-08-23,USA-Gangavaram,Capesize,1Y,32.62
2021-08-23,USA-Gopalpur,Panamax,1M,37.64
2021-08-23,USA-Gopalpur,Panamax,3M,37.03
2021-08-23,USA-Gopalpur,Panamax,6M,37.89
2021-08-23,USA-Gopalpur,Panamax,1Y,38.74
2021-08-23,USA-Gopalpur,Capesize,1M,28.02
2021-08-23,USA-Gopalpur,Capesize,3M,29.12
2021-08-23,USA-Gopalpur,Capesize,6M,28.87
2021-08-23,USA-Gopalpur,Capesize,1Y,30.07
2021-08-23,USA-Haldia,Panamax,1M,27.64
2021-08-23,USA-Haldia,Panamax,3M,28.45
2021-08-23,USA-Haldia,Panamax,6M,27.87
2021-08-23,USA-Haldia,Panamax,1Y,28.46
2021-08-23,USA-Haldia,Capesize,1M,31.61
2021-08-23,USA-Haldia,Capesize,3M,31.61
2021-08-23,USA-Haldia,Capesize,6M,32.36
2021-08-23,USA-Haldia,Capesize,1Y,32.43
2021-09-22,Australia-Paradip,Panamax,1M,15.6
2021-09-22,Australia-Paradip,Panamax,3M,16.09
2021-09-22,Australia-Paradip,Panamax,6M,16.08
2021-09-22,Australia-Paradip,Panamax,1Y,16.13
2021-09-22,Australia-Paradip,Capesize,1M,14.31
2021-09-22,Australia-Paradip,Capesize,3M,14.65
2021-09-22,Australia-Paradip,Capesize,6M,14.44
2021-09-22,Australia-Paradip,Capesize,1Y,14.89
2021-09-22,Australia-Vizag,Panamax,1M,17.07
2021-09-22,Australia-Vizag,Panamax,3M,16.92
2021-09-22,Australia-Vizag,Panamax,6M,17.79
2021-09-22,Australia-Vizag,Panamax,1Y,17.33
2021-09-22,Australia-Vizag,Capesize,1M,14.7
2021-09-22,Australia-Vizag,Capesize,3M,14.85
2021-09-22,Australia-Vizag,Capesize,6M,14.95
2021-09-22,Australia-Vizag,Capesize,1Y,15.69
2021-09-22,Australia-Dhamra,Panamax,1M,17.09
2021-09-22,Australia-Dhamra,Panamax,3M,16.84
2021-09-22,Australia-Dhamra,Panamax,6M,17.28
2021-09-22,Australia-Dhamra,Panamax,1Y,18.04
2021-09-22,Australia-Dhamra,Capesize,1M,15.32
2021-09-22,Australia-Dhamra,Capesize,3M,15.97
2021-09-22,Australia-Dhamra,Capesize,6M,16.23
2021-09-22,Australia-Dhamra,Capesize,1Y,16.23
2021-09-22,Australia-Gangavaram,Panamax,1M,17.04
2021-09-22,Australia-Gangavaram,Panamax,3M,17.92
2021-09-22,Australia-Gangavaram,Panamax,6M,17.89
2021-09-22,Australia-Gangavaram,Panamax,1Y,17.69
2021-09-22,Australia-Gangavaram,Capesize,1M,18.73
2021-09-22,Australia-Gangavaram,Capesize,3M,18.06
2021-09-22,Australia-Gangavaram,Capesize,6M,18.49
2021-09-22,Australia-Gangavaram,Capesize,1Y,19.63
2021-09-22,Australia-Gopalpur,Panamax,1M,15.21
2021-09-22,Australia-Gopalpur,Panamax,3M,15.36
2021-09-22,Australia-Gopalpur,Panamax,6M,15.39
2021-09-22,Australia-Gopalpur,Panamax,1Y,16.14
2021-09-22,Australia-Gopalpur,Capesize,1M,15.95
2021-09-22,Australia-Gopalpur,Capesize,3M,16.55
2021-09-22,Australia-Gopalpur,Capesize,6M,15.75
2021-09-22,Australia-Gopalpur,Capesize,1Y,17.07
2021-09-22,Australia-Haldia,Panamax,1M,16.97
2021-09-22,Australia-Haldia,Panamax,3M,16.95
2021-09-22,Australia-Haldia,Panamax,6M,16.86
2021-09-22,Australia-Haldia,Panamax,1Y,17.37
2021-09-22,Australia-Haldia,Capesize,1M,17.45
2021-09-22,Australia-Haldia,Capesize,3M,17.44
2021-09-22,Australia-Haldia,Capesize,6M,17.74
2021-09-22,Australia-Haldia,Capesize,1Y,17.88
2021-09-22,Indonesia-Paradip,Panamax,1M,12.33
2021-09-22,Indonesia-Paradip,Panamax,3M,12.24
2021-09-22,Indonesia-Paradip,Panamax,6M,12.31
2021-09-22,Indonesia-Paradip,Panamax,1Y,12.12
2021-09-22,Indonesia-Paradip,Capesize,1M,11.68
2021-09-22,Indonesia-Paradip,Capesize,3M,11.93
2021-09-22,Indonesia-Paradip,Capesize,6M,11.62
2021-09-22,Indonesia-Paradip,Capesize,1Y,11.71
2021-09-22,Indonesia-Vizag,Panamax,1M,10.92
2021-09-22,Indonesia-Vizag,Panamax,3M,11.11
2021-09-22,Indonesia-Vizag,Panamax,6M,11.06
2021-09-22,Indonesia-Vizag,Panamax,1Y,11.49
2021-09-22,Indonesia-Vizag,Capesize,1M,11.06
2021-09-22,Indonesia-Vizag,Capesize,3M,11.15
2021-09-22,Indonesia-Vizag,Capesize,6M,11.33
2021-09-22,Indonesia-Vizag,Capesize,1Y,11.67
2021-09-22,Indonesia-Dhamra,Panamax,1M,11.91
2021-09-22,Indonesia-Dhamra,Panamax,3M,11.82
2021-09-22,Indonesia-Dhamra,Panamax,6M,11.82
2021-09-22,Indonesia-Dhamra,Panamax,1Y,12.2
2021-09-22,Indonesia-Dhamra,Capesize,1M,11.53
2021-09-22,Indonesia-Dhamra,Capesize,3M,11.97
2021-09-22,Indonesia-Dhamra,Capesize,6M,11.79
2021-09-22,Indonesia-Dhamra,Capesize,1Y,12.31
2021-09-22,Indonesia-Gangavaram,Panamax,1M,11.3
2021-09-22,Indonesia-Gangavaram,Panamax,3M,11.27
2021-09-22,Indonesia-Gangavaram,Panamax,6M,11.03
2021-09-22,Indonesia-Gangavaram,Panamax,1Y,11.81
2021-09-22,Indonesia-Gangavaram,Capesize,1M,9.99
2021-09-22,Indonesia-Gangavaram,Capesize,3M,9.97
2021-09-22,Indonesia-Gangavaram,Capesize,6M,10.14
2021-09-22,Indonesia-Gangavaram,Capesize,1Y,10.4
2021-09-22,Indonesia-Gopalpur,Panamax,1M,12.12
2021-09-22,Indonesia-Gopalpur,Panamax,3M,12.1
2021-09-22,Indonesia-Gopalpur,Panamax,6M,12.28
2021-09-22,Indonesia-Gopalpur,Panamax,1Y,12.5
2021-09-22,Indonesia-Gopalpur,Capesize,1M,9.43
2021-09-22,Indonesia-Gopalpur,Capesize,3M,9.6
2021-09-22,Indonesia-Gopalpur,Capesize,6M,9.93
2021-09-22,Indonesia-Gopalpur,Capesize,1Y,10.05
2021-09-22,Indonesia-Haldia,Panamax,1M,10.05
2021-09-22,Indonesia-Haldia,Panamax,3M,10.21
2021-09-22,Indonesia-Haldia,Panamax,6M,10.02
2021-09-22,Indonesia-Haldia,Panamax,1Y,10.68
2021-09-22,Indonesia-Haldia,Capesize,1M,9.94
2021-09-22,Indonesia-Haldia,Capesize,3M,9.86
2021-09-22,Indonesia-Haldia,Capesize,6M,9.96
2021-09-22,Indonesia-Haldia,Capesize,1Y,10.27
2021-09-22,Russia-Paradip,Panamax,1M,21.66
2021-09-22,Russia-Paradip,Panamax,3M,22.48
2021-09-22,Russia-Paradip,Panamax,6M,22.76
2021-09-22,Russia-Paradip,Panamax,1Y,23.44
2021-09-22,Russia-Paradip,Capesize,1M,20.47
2021-09-22,Russia-Paradip,Capesize,3M,21.5
2021-09-22,Russia-Paradip,Capesize,6M,20.98
2021-09-22,Russia-Paradip,Capesize,1Y,21.93
2021-09-22,Russia-Vizag,Panamax,1M,22.22
2021-09-22,Russia-Vizag,Panamax,3M,21.69
2021-09-22,Russia-Vizag,Panamax,6M,22.93
2021-09-22,Russia-Vizag,Panamax,1Y,22.42
2021-09-22,Russia-Vizag,Capesize,1M,23.41
2021-09-22,Russia-Vizag,Capesize,3M,23.42
2021-09-22,Russia-Vizag,Capesize,6M,23.5
2021-09-22,Russia-Vizag,Capesize,1Y,24.03
2021-09-22,Russia-Dhamra,Panamax,1M,21.96
2021-09-22,Russia-Dhamra,Panamax,3M,22.29
2021-09-22,Russia-Dhamra,Panamax,6M,22.71
2021-09-22,Russia-Dhamra,Panamax,1Y,22.87
2021-09-22,Russia-Dhamra,Capesize,1M,25.74
2021-09-22,Russia-Dhamra,Capesize,3M,26.65
2021-09-22,Russia-Dhamra,Capesize,6M,27.14
2021-09-22,Russia-Dhamra,Capesize,1Y,27.07
2021-09-22,Russia-Gangavaram,Panamax,1M,23.74
2021-09-22,Russia-Gangavaram,Panamax,3M,23.2
2021-09-22,Russia-Gangavaram,Panamax,6M,23.0
2021-09-22,Russia-Gangavaram,Panamax,1Y,23.19
2021-09-22,Russia-Gangavaram,Capesize,1M,24.34
2021-09-22,Russia-Gangavaram,Capesize,3M,24.75
2021-09-22,Russia-Gangavaram,Capesize,6M,25.26
2021-09-22,Russia-Gangavaram,Capesize,1Y,25.59
2021-09-22,Russia-Gopalpur,Panamax,1M,25.67
2021-09-22,Russia-Gopalpur,Panamax,3M,26.68
2021-09-22,Russia-Gopalpur,Panamax,6M,27.14
2021-09-22,Russia-Gopalpur,Panamax,1Y,27.42
2021-09-22,Russia-Gopalpur,Capesize,1M,21.06
2021-09-22,Russia-Gopalpur,Capesize,3M,21.34
2021-09-22,Russia-Gopalpur,Capesize,6M,21.11
2021-09-22,Russia-Gopalpur,Capesize,1Y,21.32
2021-09-22,Russia-Haldia,Panamax,1M,21.7
2021-09-22,Russia-Haldia,Panamax,3M,22.41
2021-09-22,Russia-Haldia,Panamax,6M,22.87
2021-09-22,Russia-Haldia,Panamax,1Y,22.73
2021-09-22,Russia-Haldia,Capesize,1M,23.51
2021-09-22,Russia-Haldia,Capesize,3M,23.67
2021-09-22,Russia-Haldia,Capesize,6M,24.17
2021-09-22,Russia-Haldia,Capesize,1Y,24.73
2021-09-22,Mozambique-Paradip,Panamax,1M,25.15
2021-09-22,Mozambique-Paradip,Panamax,3M,24.65
2021-09-22,Mozambique-Paradip,Panamax,6M,25.04
2021-09-22,Mozambique-Paradip,Panamax,1Y,26.02
2021-09-22,Mozambique-Paradip,Capesize,1M,19.63
2021-09-22,Mozambique-Paradip,Capesize,3M,18.88
2021-09-22,Mozambique-Paradip,Capesize,6M,19.78
2021-09-22,Mozambique-Paradip,Capesize,1Y,20.61
2021-09-22,Mozambique-Vizag,Panamax,1M,21.62
2021-09-22,Mozambique-Vizag,Panamax,3M,21.64
2021-09-22,Mozambique-Vizag,Panamax,6M,21.93
2021-09-22,Mozambique-Vizag,Panamax,1Y,22.72
2021-09-22,Mozambique-Vizag,Capesize,1M,21.62
2021-09-22,Mozambique-Vizag,Capesize,3M,22.6
2021-09-22,Mozambique-Vizag,Capesize,6M,22.65
2021-09-22,Mozambique-Vizag,Capesize,1Y,22.86
2021-09-22,Mozambique-Dhamra,Panamax,1M,19.67
2021-09-22,Mozambique-Dhamra,Panamax,3M,19.99
2021-09-22,Mozambique-Dhamra,Panamax,6M,20.37
2021-09-22,Mozambique-Dhamra,Panamax,1Y,20.85
2021-09-22,Mozambique-Dhamra,Capesize,1M,21.75
2021-09-22,Mozambique-Dhamra,Capesize,3M,22.19
2021-09-22,Mozambique-Dhamra,Capesize,6M,22.24
2021-09-22,Mozambique-Dhamra,Capesize,1Y,22.51
2021-09-22,Mozambique-Gangavaram,Panamax,1M,19.99
2021-09-22,Mozambique-Gangavaram,Panamax,3M,20.76
2021-09-22,Mozambique-Gangavaram,Panamax,6M,20.38
2021-09-22,Mozambique-Gangavaram,Panamax,1Y,20.57
2021-09-22,Mozambique-Gangavaram,Capesize,1M,22.89
2021-09-22,Mozambique-Gangavaram,Capesize,3M,23.1
2021-09-22,Mozambique-Gangavaram,Capesize,6M,23.84
2021-09-22,Mozambique-Gangavaram,Capesize,1Y,24.02
2021-09-22,Mozambique-Gopalpur,Panamax,1M,23.06
2021-09-22,Mozambique-Gopalpur,Panamax,3M,23.08
2021-09-22,Mozambique-Gopalpur,Panamax,6M,22.69
2021-09-22,Mozambique-Gopalpur,Panamax,1Y,23.67
2021-09-22,Mozambique-Gopalpur,Capesize,1M,22.28
2021-09-22,Mozambique-Gopalpur,Capesize,3M,22.4
2021-09-22,Mozambique-Gopalpur,Capesize,6M,22.44
2021-09-22,Mozambique-Gopalpur,Capesize,1Y,23.78
2021-09-22,Mozambique-Haldia,Panamax,1M,18.92
2021-09-22,Mozambique-Haldia,Panamax,3M,19.26
2021-09-22,Mozambique-Haldia,Panamax,6M,19.5
2021-09-22,Mozambique-Haldia,Panamax,1Y,19.96
2021-09-22,Mozambique-Haldia,Capesize,1M,21.86
2021-09-22,Mozambique-Haldia,Capesize,3M,21.77
2021-09-22,Mozambique-Haldia,Capesize,6M,22.28
2021-09-22,Mozambique-Haldia,Capesize,1Y,23.2
2021-09-22,USA-Paradip,Panamax,1M,30.15
2021-09-22,USA-Paradip,Panamax,3M,30.17
2021-09-22,USA-Paradip,Panamax,6M,30.51
2021-09-22,USA-Paradip,Panamax,1Y,29.47
2021-09-22,USA-Paradip,Capesize,1M,34.38
2021-09-22,USA-Paradip,Capesize,3M,34.43
2021-09-22,USA-Paradip,Capesize,6M,35.31
2021-09-22,USA-Paradip,Capesize,1Y,36.32
2021-09-22,USA-Vizag,Panamax,1M,32.98
2021-09-22,USA-Vizag,Panamax,3M,33.1
2021-09-22,USA-Vizag,Panamax,6M,34.7
2021-09-22,USA-Vizag,Panamax,1Y,33.71
2021-09-22,USA-Vizag,Capesize,1M,29.66
2021-09-22,USA-Vizag,Capesize,3M,30.92
2021-09-22,USA-Vizag,Capesize,6M,31.62
2021-09-22,USA-Vizag,Capesize,1Y,32.14
2021-09-22,USA-Dhamra,Panamax,1M,34.32
2021-09-22,USA-Dhamra,Panamax,3M,34.65
2021-09-22,USA-Dhamra,Panamax,6M,34.4
2021-09-22,USA-Dhamra,Panamax,1Y,35.76
2021-09-22,USA-Dhamra,Capesize,1M,33.6
2021-09-22,USA-Dhamra,Capesize,3M,32.79
2021-09-22,USA-Dhamra,Capesize,6M,33.4
2021-09-22,USA-Dhamra,Capesize,1Y,34.05
2021-09-22,USA-Gangavaram,Panamax,1M,36.2
2021-09-22,USA-Gangavaram,Panamax,3M,35.41
2021-09-22,USA-Gangavaram,Panamax,6M,36.02
2021-09-22,USA-Gangavaram,Panamax,1Y,36.99
2021-09-22,USA-Gangavaram,Capesize,1M,32.34
2021-09-22,USA-Gangavaram,Capesize,3M,32.65
2021-09-22,USA-Gangavaram,Capesize,6M,33.73
2021-09-22,USA-Gangavaram,Capesize,1Y,33.75
2021-09-22,USA-Gopalpur,Panamax,1M,29.83
2021-09-22,USA-Gopalpur,Panamax,3M,30.62
2021-09-22,USA-Gopalpur,Panamax,6M,30.71
2021-09-22,USA-Gopalpur,Panamax,1Y,30.9
2021-09-22,USA-Gopalpur,Capesize,1M,29.71
2021-09-22,USA-Gopalpur,Capesize,3M,30.08
2021-09-22,USA-Gopalpur,Capesize,6M,29.4
2021-09-22,USA-Gopalpur,Capesize,1Y,31.1
2021-09-22,USA-Haldia,Panamax,1M,37.07
2021-09-22,USA-Haldia,Panamax,3M,38.33
2021-09-22,USA-Haldia,Panamax,6M,38.82
2021-09-22,USA-Haldia,Panamax,1Y,38.78
2021-09-22,USA-Haldia,Capesize,1M,30.5
2021-09-22,USA-Haldia,Capesize,3M,31.47
2021-09-22,USA-Haldia,Capesize,6M,30.92
2021-09-22,USA-Haldia,Capesize,1Y,32.48
2021-10-22,Australia-Paradip,Panamax,1M,16.01
2021-10-22,Australia-Paradip,Panamax,3M,16.3
2021-10-22,Australia-Paradip,Panamax,6M,16.88
2021-10-22,Australia-Paradip,Panamax,1Y,16.56
2021-10-22,Australia-Paradip,Capesize,1M,19.08
2021-10-22,Australia-Paradip,Capesize,3M,19.64
2021-10-22,Australia-Paradip,Capesize,6M,19.71
2021-10-22,Australia-Paradip,Capesize,1Y,20.52
2021-10-22,Australia-Vizag,Panamax,1M,15.06
2021-10-22,Australia-Vizag,Panamax,3M,15.23
2021-10-22,Australia-Vizag,Panamax,6M,15.63
2021-10-22,Australia-Vizag,Panamax,1Y,15.55
2021-10-22,Australia-Vizag,Capesize,1M,17.79
2021-10-22,Australia-Vizag,Capesize,3M,18.34
2021-10-22,Australia-Vizag,Capesize,6M,17.59
2021-10-22,Australia-Vizag,Capesize,1Y,18.65
2021-10-22,Australia-Dhamra,Panamax,1M,17.28
2021-10-22,Australia-Dhamra,Panamax,3M,18.11
2021-10-22,Australia-Dhamra,Panamax,6M,17.3
2021-10-22,Australia-Dhamra,Panamax,1Y,17.89
2021-10-22,Australia-Dhamra,Capesize,1M,14.39
2021-10-22,Australia-Dhamra,Capesize,3M,14.7
2021-10-22,Australia-Dhamra,Capesize,6M,14.92
2021-10-22,Australia-Dhamra,Capesize,1Y,15.03
2021-10-22,Australia-Gangavaram,Panamax,1M,16.86
2021-10-22,Australia-Gangavaram,Panamax,3M,16.58
2021-10-22,Australia-Gangavaram,Panamax,6M,16.95
2021-10-22,Australia-Gangavaram,Panamax,1Y,17.21
2021-10-22,Australia-Gangavaram,Capesize,1M,16.21
2021-10-22,Australia-Gangavaram,Capesize,3M,15.66
2021-10-22,Australia-Gangavaram,Capesize,6M,16.02
2021-10-22,Australia-Gangavaram,Capesize,1Y,16.5
2021-10-22,Australia-Gopalpur,Panamax,1M,18.2
2021-10-22,Australia-Gopalpur,Panamax,3M,18.22
2021-10-22,Australia-Gopalpur,Panamax,6M,18.28
2021-10-22,Australia-Gopalpur,Panamax,1Y,18.62
2021-10-22,Australia-Gopalpur,Capesize,1M,15.86
2021-10-22,Australia-Gopalpur,Capesize,3M,16.29
2021-10-22,Australia-Gopalpur,Capesize,6M,16.37
2021-10-22,Australia-Gopalpur,Capesize,1Y,16.53
2021-10-22,Australia-Haldia,Panamax,1M,16.44
2021-10-22,Australia-Haldia,Panamax,3M,16.45
2021-10-22,Australia-Haldia,Panamax,6M,16.32
2021-10-22,Australia-Haldia,Panamax,1Y,17.23
2021-10-22,Australia-Haldia,Capesize,1M,14.73
2021-10-22,Australia-Haldia,Capesize,3M,14.87
2021-10-22,Australia-Haldia,Capesize,6M,14.9
2021-10-22,Australia-Haldia,Capesize,1Y,15.42
2021-10-22,Indonesia-Paradip,Panamax,1M,11.1
2021-10-22,Indonesia-Paradip,Panamax,3M,11.39
2021-10-22,Indonesia-Paradip,Panamax,6M,11.42
2021-10-22,Indonesia-Paradip,Panamax,1Y,11.78
2021-10-22,Indonesia-Paradip,Capesize,1M,10.62
2021-10-22,Indonesia-Paradip,Capesize,3M,10.46
2021-10-22,Indonesia-Paradip,Capesize,6M,10.97
2021-10-22,Indonesia-Paradip,Capesize,1Y,10.51
2021-10-22,Indonesia-Vizag,Panamax,1M,9.61
2021-10-22,Indonesia-Vizag,Panamax,3M,9.4
2021-10-22,Indonesia-Vizag,Panamax,6M,9.52
2021-10-22,Indonesia-Vizag,Panamax,1Y,9.92
2021-10-22,Indonesia-Vizag,Capesize,1M,12.49
2021-10-22,Indonesia-Vizag,Capesize,3M,12.92
2021-10-22,Indonesia-Vizag,Capesize,6M,13.16
2021-10-22,Indonesia-Vizag,Capesize,1Y,13.03
2021-10-22,Indonesia-Dhamra,Panamax,1M,9.24
2021-10-22,Indonesia-Dhamra,Panamax,3M,9.24
2021-10-22,Indonesia-Dhamra,Panamax,6M,9.33
2021-10-22,Indonesia-Dhamra,Panamax,1Y,9.83
2021-10-22,Indonesia-Dhamra,Capesize,1M,8.56
2021-10-22,Indonesia-Dhamra,Capesize,3M,8.73
2021-10-22,Indonesia-Dhamra,Capesize,6M,8.71
2021-10-22,Indonesia-Dhamra,Capesize,1Y,8.98
2021-10-22,Indonesia-Gangavaram,Panamax,1M,9.27
2021-10-22,Indonesia-Gangavaram,Panamax,3M,9.53
2021-10-22,Indonesia-Gangavaram,Panamax,6M,9.72
2021-10-22,Indonesia-Gangavaram,Panamax,1Y,9.87
2021-10-22,Indonesia-Gangavaram,Capesize,1M,9.34
2021-10-22,Indonesia-Gangavaram,Capesize,3M,9.2
2021-10-22,Indonesia-Gangavaram,Capesize,6M,9.44
2021-10-22,Indonesia-Gangavaram,Capesize,1Y,9.9
2021-10-22,Indonesia-Gopalpur,Panamax,1M,11.61
2021-10-22,Indonesia-Gopalpur,Panamax,3M,11.9
2021-10-22,Indonesia-Gopalpur,Panamax,6M,11.31
2021-10-22,Indonesia-Gopalpur,Panamax,1Y,12.01
2021-10-22,Indonesia-Gopalpur,Capesize,1M,8.62
2021-10-22,Indonesia-Gopalpur,Capesize,3M,8.81
2021-10-22,Indonesia-Gopalpur,Capesize,6M,9.15
2021-10-22,Indonesia-Gopalpur,Capesize,1Y,9.29
2021-10-22,Indonesia-Haldia,Panamax,1M,10.59
2021-10-22,Indonesia-Haldia,Panamax,3M,10.55
2021-10-22,Indonesia-Haldia,Panamax,6M,10.92
2021-10-22,Indonesia-Haldia,Panamax,1Y,10.86
2021-10-22,Indonesia-Haldia,Capesize,1M,11.02
2021-10-22,Indonesia-Haldia,Capesize,3M,11.08
2021-10-22,Indonesia-Haldia,Capesize,6M,11.09
2021-10-22,Indonesia-Haldia,Capesize,1Y,11.39
2021-10-22,Russia-Paradip,Panamax,1M,23.1
2021-10-22,Russia-Paradip,Panamax,3M,23.75
2021-10-22,Russia-Paradip,Panamax,6M,23.61
2021-10-22,Russia-Paradip,Panamax,1Y,24.52
2021-10-22,Russia-Paradip,Capesize,1M,24.82
2021-10-22,Russia-Paradip,Capesize,3M,25.8
2021-10-22,Russia-Paradip,Capesize,6M,24.87
2021-10-22,Russia-Paradip,Capesize,1Y,24.99
2021-10-22,Russia-Vizag,Panamax,1M,22.0
2021-10-22,Russia-Vizag,Panamax,3M,21.77
2021-10-22,Russia-Vizag,Panamax,6M,22.21
2021-10-22,Russia-Vizag,Panamax,1Y,22.69
2021-10-22,Russia-Vizag,Capesize,1M,18.97
2021-10-22,Russia-Vizag,Capesize,3M,19.4
2021-10-22,Russia-Vizag,Capesize,6M,18.83
2021-10-22,Russia-Vizag,Capesize,1Y,20.46
2021-10-22,Russia-Dhamra,Panamax,1M,22.25
2021-10-22,Russia-Dhamra,Panamax,3M,21.8
2021-10-22,Russia-Dhamra,Panamax,6M,22.32
2021-10-22,Russia-Dhamra,Panamax,1Y,22.43
2021-10-22,Russia-Dhamra,Capesize,1M,24.1
2021-10-22,Russia-Dhamra,Capesize,3M,25.02
2021-10-22,Russia-Dhamra,Capesize,6M,24.59
2021-10-22,Russia-Dhamra,Capesize,1Y,25.23
2021-10-22,Russia-Gangavaram,Panamax,1M,23.62
2021-10-22,Russia-Gangavaram,Panamax,3M,24.25
2021-10-22,Russia-Gangavaram,Panamax,6M,24.24
2021-10-22,Russia-Gangavaram,Panamax,1Y,24.63
2021-10-22,Russia-Gangavaram,Capesize,1M,24.13
2021-10-22,Russia-Gangavaram,Capesize,3M,24.69
2021-10-22,Russia-Gangavaram,Capesize,6M,25.15
2021-10-22,Russia-Gangavaram,Capesize,1Y,25.5
2021-10-22,Russia-Gopalpur,Panamax,1M,22.64
2021-10-22,Russia-Gopalpur,Panamax,3M,23.29
2021-10-22,Russia-Gopalpur,Panamax,6M,23.97
2021-10-22,Russia-Gopalpur,Panamax,1Y,24.37
2021-10-22,Russia-Gopalpur,Capesize,1M,24.5
2021-10-22,Russia-Gopalpur,Capesize,3M,25.13
2021-10-22,Russia-Gopalpur,Capesize,6M,24.55
2021-10-22,Russia-Gopalpur,Capesize,1Y,25.21
2021-10-22,Russia-Haldia,Panamax,1M,19.21
2021-10-22,Russia-Haldia,Panamax,3M,19.91
2021-10-22,Russia-Haldia,Panamax,6M,20.12
2021-10-22,Russia-Haldia,Panamax,1Y,20.84
2021-10-22,Russia-Haldia,Capesize,1M,23.08
2021-10-22,Russia-Haldia,Capesize,3M,23.73
2021-10-22,Russia-Haldia,Capesize,6M,23.19
2021-10-22,Russia-Haldia,Capesize,1Y,23.63
2021-10-22,Mozambique-Paradip,Panamax,1M,20.93
2021-10-22,Mozambique-Paradip,Panamax,3M,20.82
2021-10-22,Mozambique-Paradip,Panamax,6M,20.84
2021-10-22,Mozambique-Paradip,Panamax,1Y,21.03
2021-10-22,Mozambique-Paradip,Capesize,1M,22.75
2021-10-22,Mozambique-Paradip,Capesize,3M,23.1
2021-10-22,Mozambique-Paradip,Capesize,6M,23.9
2021-10-22,Mozambique-Paradip,Capesize,1Y,24.44
2021-10-22,Mozambique-Vizag,Panamax,1M,24.1
2021-10-22,Mozambique-Vizag,Panamax,3M,23.38
2021-10-22,Mozambique-Vizag,Panamax,6M,24.09
2021-10-22,Mozambique-Vizag,Panamax,1Y,24.67
2021-10-22,Mozambique-Vizag,Capesize,1M,20.66
2021-10-22,Mozambique-Vizag,Capesize,3M,20.31
2021-10-22,Mozambique-Vizag,Capesize,6M,20.57
2021-10-22,Mozambique-Vizag,Capesize,1Y,21.46
2021-10-22,Mozambique-Dhamra,Panamax,1M,19.01
2021-10-22,Mozambique-Dhamra,Panamax,3M,18.51
2021-10-22,Mozambique-Dhamra,Panamax,6M,18.22
2021-10-22,Mozambique-Dhamra,Panamax,1Y,19.27
2021-10-22,Mozambique-Dhamra,Capesize,1M,20.84
2021-10-22,Mozambique-Dhamra,Capesize,3M,20.94
2021-10-22,Mozambique-Dhamra,Capesize,6M,21.27
2021-10-22,Mozambique-Dhamra,Capesize,1Y,21.89
2021-10-22,Mozambique-Gangavaram,Panamax,1M,21.32
2021-10-22,Mozambique-Gangavaram,Panamax,3M,21.26
2021-10-22,Mozambique-Gangavaram,Panamax,6M,22.04
2021-10-22,Mozambique-Gangavaram,Panamax,1Y,21.63
2021-10-22,Mozambique-Gangavaram,Capesize,1M,23.48
2021-10-22,Mozambique-Gangavaram,Capesize,3M,23.71
2021-10-22,Mozambique-Gangavaram,Capesize,6M,23.92
2021-10-22,Mozambique-Gangavaram,Capesize,1Y,24.41
2021-10-22,Mozambique-Gopalpur,Panamax,1M,21.22
2021-10-22,Mozambique-Gopalpur,Panamax,3M,22.33
2021-10-22,Mozambique-Gopalpur,Panamax,6M,22.23
2021-10-22,Mozambique-Gopalpur,Panamax,1Y,22.33
2021-10-22,Mozambique-Gopalpur,Capesize,1M,20.37
2021-10-22,Mozambique-Gopalpur,Capesize,3M,20.17
2021-10-22,Mozambique-Gopalpur,Capesize,6M,20.83
2021-10-22,Mozambique-Gopalpur,Capesize,1Y,21.35
2021-10-22,Mozambique-Haldia,Panamax,1M,23.23
2021-10-22,Mozambique-Haldia,Panamax,3M,23.82
2021-10-22,Mozambique-Haldia,Panamax,6M,23.31
2021-10-22,Mozambique-Haldia,Panamax,1Y,24.66
2021-10-22,Mozambique-Haldia,Capesize,1M,22.81
2021-10-22,Mozambique-Haldia,Capesize,3M,22.41
2021-10-22,Mozambique-Haldia,Capesize,6M,22.77
2021-10-22,Mozambique-Haldia,Capesize,1Y,23.16
2021-10-22,USA-Paradip,Panamax,1M,28.76
2021-10-22,USA-Paradip,Panamax,3M,29.71
2021-10-22,USA-Paradip,Panamax,6M,29.79
2021-10-22,USA-Paradip,Panamax,1Y,30.99
2021-10-22,USA-Paradip,Capesize,1M,29.65
2021-10-22,USA-Paradip,Capesize,3M,29.13
2021-10-22,USA-Paradip,Capesize,6M,29.35
2021-10-22,USA-Paradip,Capesize,1Y,30.51
2021-10-22,USA-Vizag,Panamax,1M,32.03
2021-10-22,USA-Vizag,Panamax,3M,33.06
2021-10-22,USA-Vizag,Panamax,6M,33.99
2021-10-22,USA-Vizag,Panamax,1Y,32.8
2021-10-22,USA-Vizag,Capesize,1M,30.27
2021-10-22,USA-Vizag,Capesize,3M,30.37
2021-10-22,USA-Vizag,Capesize,6M,31.58
2021-10-22,USA-Vizag,Capesize,1Y,31.56
2021-10-22,USA-Dhamra,Panamax,1M,34.37
2021-10-22,USA-Dhamra,Panamax,3M,34.69
2021-10-22,USA-Dhamra,Panamax,6M,34.37
2021-10-22,USA-Dhamra,Panamax,1Y,36.24
2021-10-22,USA-Dhamra,Capesize,1M,33.04
2021-10-22,USA-Dhamra,Capesize,3M,33.74
2021-10-22,USA-Dhamra,Capesize,6M,32.61
2021-10-22,USA-Dhamra,Capesize,1Y,34.61
2021-10-22,USA-Gangavaram,Panamax,1M,29.6
2021-10-22,USA-Gangavaram,Panamax,3M,29.49
2021-10-22,USA-Gangavaram,Panamax,6M,30.39
2021-10-22,USA-Gangavaram,Panamax,1Y,30.52
2021-10-22,USA-Gangavaram,Capesize,1M,32.54
2021-10-22,USA-Gangavaram,Capesize,3M,32.04
2021-10-22,USA-Gangavaram,Capesize,6M,32.16
2021-10-22,USA-Gangavaram,Capesize,1Y,32.51
2021-10-22,USA-Gopalpur,Panamax,1M,33.42
2021-10-22,USA-Gopalpur,Panamax,3M,34.03
2021-10-22,USA-Gopalpur,Panamax,6M,33.75
2021-10-22,USA-Gopalpur,Panamax,1Y,34.84
2021-10-22,USA-Gopalpur,Capesize,1M,30.08
2021-10-22,USA-Gopalpur,Capesize,3M,30.67
2021-10-22,USA-Gopalpur,Capesize,6M,31.76
2021-10-22,USA-Gopalpur,Capesize,1Y,32.63
2021-10-22,USA-Haldia,Panamax,1M,30.3
2021-10-22,USA-Haldia,Panamax,3M,31.19
2021-10-22,USA-Haldia,Panamax,6M,30.73
2021-10-22,USA-Haldia,Panamax,1Y,31.94
2021-10-22,USA-Haldia,Capesize,1M,31.09
2021-10-22,USA-Haldia,Capesize,3M,31.31
2021-10-22,USA-Haldia,Capesize,6M,32.18
2021-10-22,USA-Haldia,Capesize,1Y,33.14
2021-11-21,Australia-Paradip,Panamax,1M,16.77
2021-11-21,Australia-Paradip,Panamax,3M,17.21
2021-11-21,Australia-Paradip,Panamax,6M,17.13
2021-11-21,Australia-Paradip,Panamax,1Y,17.52
2021-11-21,Australia-Paradip,Capesize,1M,15.52
2021-11-21,Australia-Paradip,Capesize,3M,15.21
2021-11-21,Australia-Paradip,Capesize,6M,15.36
2021-11-21,Australia-Paradip,Capesize,1Y,15.74
2021-11-21,Australia-Vizag,Panamax,1M,15.01
2021-11-21,Australia-Vizag,Panamax,3M,15.11
2021-11-21,Australia-Vizag,Panamax,6M,14.6
2021-11-21,Australia-Vizag,Panamax,1Y,15.51
2021-11-21,Australia-Vizag,Capesize,1M,19.19
2021-11-21,Australia-Vizag,Capesize,3M,18.28
2021-11-21,Australia-Vizag,Capesize,6M,18.48
2021-11-21,Australia-Vizag,Capesize,1Y,19.12
2021-11-21,Australia-Dhamra,Panamax,1M,15.9
2021-11-21,Australia-Dhamra,Panamax,3M,16.0
2021-11-21,Australia-Dhamra,Panamax,6M,16.06
2021-11-21,Australia-Dhamra,Panamax,1Y,16.47
2021-11-21,Australia-Dhamra,Capesize,1M,17.1
2021-11-21,Australia-Dhamra,Capesize,3M,17.0
2021-11-21,Australia-Dhamra,Capesize,6M,17.55
2021-11-21,Australia-Dhamra,Capesize,1Y,17.74
2021-11-21,Australia-Gangavaram,Panamax,1M,17.02
2021-11-21,Australia-Gangavaram,Panamax,3M,17.08
2021-11-21,Australia-Gangavaram,Panamax,6M,17.3
2021-11-21,Australia-Gangavaram,Panamax,1Y,17.85
2021-11-21,Australia-Gangavaram,Capesize,1M,16.17
2021-11-21,Australia-Gangavaram,Capesize,3M,16.24
2021-11-21,Australia-Gangavaram,Capesize,6M,16.47
2021-11-21,Australia-Gangavaram,Capesize,1Y,16.8
2021-11-21,Australia-Gopalpur,Panamax,1M,15.71
2021-11-21,Australia-Gopalpur,Panamax,3M,15.92
2021-11-21,Australia-Gopalpur,Panamax,6M,16.17
2021-11-21,Australia-Gopalpur,Panamax,1Y,16.23
2021-11-21,Australia-Gopalpur,Capesize,1M,17.62
2021-11-21,Australia-Gopalpur,Capesize,3M,17.45
2021-11-21,Australia-Gopalpur,Capesize,6M,16.89
2021-11-21,Australia-Gopalpur,Capesize,1Y,18.1
2021-11-21,Australia-Haldia,Panamax,1M,16.7
2021-11-21,Australia-Haldia,Panamax,3M,16.61
2021-11-21,Australia-Haldia,Panamax,6M,16.79
2021-11-21,Australia-Haldia,Panamax,1Y,16.6
2021-11-21,Australia-Haldia,Capesize,1M,16.71
2021-11-21,Australia-Haldia,Capesize,3M,16.82
2021-11-21,Australia-Haldia,Capesize,6M,17.31
2021-11-21,Australia-Haldia,Capesize,1Y,17.5
2021-11-21,Indonesia-Paradip,Panamax,1M,9.54
2021-11-21,Indonesia-Paradip,Panamax,3M,9.51
2021-11-21,Indonesia-Paradip,Panamax,6M,9.39
2021-11-21,Indonesia-Paradip,Panamax,1Y,9.26
2021-11-21,Indonesia-Paradip,Capesize,1M,10.94
2021-11-21,Indonesia-Paradip,Capesize,3M,11.08
2021-11-21,Indonesia-Paradip,Capesize,6M,10.85
2021-11-21,Indonesia-Paradip,Capesize,1Y,11.35
2021-11-21,Indonesia-Vizag,Panamax,1M,10.62
2021-11-21,Indonesia-Vizag,Panamax,3M,10.75
2021-11-21,Indonesia-Vizag,Panamax,6M,10.98
2021-11-21,Indonesia-Vizag,Panamax,1Y,11.53
2021-11-21,Indonesia-Vizag,Capesize,1M,9.73
2021-11-21,Indonesia-Vizag,Capesize,3M,9.51
2021-11-21,Indonesia-Vizag,Capesize,6M,9.9
2021-11-21,Indonesia-Vizag,Capesize,1Y,9.81
2021-11-21,Indonesia-Dhamra,Panamax,1M,9.74
2021-11-21,Indonesia-Dhamra,Panamax,3M,9.78
2021-11-21,Indonesia-Dhamra,Panamax,6M,10.01
2021-11-21,Indonesia-Dhamra,Panamax,1Y,10.21
2021-11-21,Indonesia-Dhamra,Capesize,1M,10.41
2021-11-21,Indonesia-Dhamra,Capesize,3M,10.36
2021-11-21,Indonesia-Dhamra,Capesize,6M,10.48
2021-11-21,Indonesia-Dhamra,Capesize,1Y,10.58
2021-11-21,Indonesia-Gangavaram,Panamax,1M,12.41
2021-11-21,Indonesia-Gangavaram,Panamax,3M,12.41
2021-11-21,Indonesia-Gangavaram,Panamax,6M,12.41
2021-11-21,Indonesia-Gangavaram,Panamax,1Y,13.0
2021-11-21,Indonesia-Gangavaram,Capesize,1M,10.62
2021-11-21,Indonesia-Gangavaram,Capesize,3M,10.72
2021-11-21,Indonesia-Gangavaram,Capesize,6M,10.92
2021-11-21,Indonesia-Gangavaram,Capesize,1Y,10.99
2021-11-21,Indonesia-Gopalpur,Panamax,1M,9.03
2021-11-21,Indonesia-Gopalpur,Panamax,3M,9.03
2021-11-21,Indonesia-Gopalpur,Panamax,6M,9.19
2021-11-21,Indonesia-Gopalpur,Panamax,1Y,9.16
2021-11-21,Indonesia-Gopalpur,Capesize,1M,10.43
2021-11-21,Indonesia-Gopalpur,Capesize,3M,10.8
2021-11-21,Indonesia-Gopalpur,Capesize,6M,11.01
2021-11-21,Indonesia-Gopalpur,Capesize,1Y,11.19
2021-11-21,Indonesia-Haldia,Panamax,1M,8.86
2021-11-21,Indonesia-Haldia,Panamax,3M,8.99
2021-11-21,Indonesia-Haldia,Panamax,6M,9.21
2021-11-21,Indonesia-Haldia,Panamax,1Y,9.31
2021-11-21,Indonesia-Haldia,Capesize,1M,11.62
2021-11-21,Indonesia-Haldia,Capesize,3M,12.04
2021-11-21,Indonesia-Haldia,Capesize,6M,11.81
2021-11-21,Indonesia-Haldia,Capesize,1Y,12.31
2021-11-21,Russia-Paradip,Panamax,1M,26.59
2021-11-21,Russia-Paradip,Panamax,3M,27.65
2021-11-21,Russia-Paradip,Panamax,6M,27.62
2021-11-21,Russia-Paradip,Panamax,1Y,27.45
2021-11-21,Russia-Paradip,Capesize,1M,24.14
2021-11-21,Russia-Paradip,Capesize,3M,24.28
2021-11-21,Russia-Paradip,Capesize,6M,24.02
2021-11-21,Russia-Paradip,Capesize,1Y,25.02
2021-11-21,Russia-Vizag,Panamax,1M,22.96
2021-11-21,Russia-Vizag,Panamax,3M,22.59
2021-11-21,Russia-Vizag,Panamax,6M,22.99
2021-11-21,Russia-Vizag,Panamax,1Y,22.66
2021-11-21,Russia-Vizag,Capesize,1M,22.5
2021-11-21,Russia-Vizag,Capesize,3M,22.54
2021-11-21,Russia-Vizag,Capesize,6M,22.18
2021-11-21,Russia-Vizag,Capesize,1Y,22.83
2021-11-21,Russia-Dhamra,Panamax,1M,23.16
2021-11-21,Russia-Dhamra,Panamax,3M,23.87
2021-11-21,Russia-Dhamra,Panamax,6M,24.35
2021-11-21,Russia-Dhamra,Panamax,1Y,24.33
2021-11-21,Russia-Dhamra,Capesize,1M,21.15
2021-11-21,Russia-Dhamra,Capesize,3M,21.56
2021-11-21,Russia-Dhamra,Capesize,6M,21.8
2021-11-21,Russia-Dhamra,Capesize,1Y,22.11
2021-11-21,Russia-Gangavaram,Panamax,1M,23.75
2021-11-21,Russia-Gangavaram,Panamax,3M,23.84
2021-11-21,Russia-Gangavaram,Panamax,6M,24.23
2021-11-21,Russia-Gangavaram,Panamax,1Y,24.31
2021-11-21,Russia-Gangavaram,Capesize,1M,27.73
2021-11-21,Russia-Gangavaram,Capesize,3M,27.24
2021-11-21,Russia-Gangavaram,Capesize,6M,27.33
2021-11-21,Russia-Gangavaram,Capesize,1Y,28.46
2021-11-21,Russia-Gopalpur,Panamax,1M,21.26
2021-11-21,Russia-Gopalpur,Panamax,3M,23.14
2021-11-21,Russia-Gopalpur,Panamax,6M,22.64
2021-11-21,Russia-Gopalpur,Panamax,1Y,22.79
2021-11-21,Russia-Gopalpur,Capesize,1M,23.33
2021-11-21,Russia-Gopalpur,Capesize,3M,24.14
2021-11-21,Russia-Gopalpur,Capesize,6M,24.62
2021-11-21,Russia-Gopalpur,Capesize,1Y,24.85
2021-11-21,Russia-Haldia,Panamax,1M,25.63
2021-11-21,Russia-Haldia,Panamax,3M,25.68
2021-11-21,Russia-Haldia,Panamax,6M,25.62
2021-11-21,Russia-Haldia,Panamax,1Y,26.34
2021-11-21,Russia-Haldia,Capesize,1M,24.05
2021-11-21,Russia-Haldia,Capesize,3M,24.96
2021-11-21,Russia-Haldia,Capesize,6M,25.38
2021-11-21,Russia-Haldia,Capesize,1Y,24.74
2021-11-21,Mozambique-Paradip,Panamax,1M,24.21
2021-11-21,Mozambique-Paradip,Panamax,3M,25.04
2021-11-21,Mozambique-Paradip,Panamax,6M,24.48
2021-11-21,Mozambique-Paradip,Panamax,1Y,25.55
2021-11-21,Mozambique-Paradip,Capesize,1M,20.92
2021-11-21,Mozambique-Paradip,Capesize,3M,20.42
2021-11-21,Mozambique-Paradip,Capesize,6M,20.83
2021-11-21,Mozambique-Paradip,Capesize,1Y,20.84
2021-11-21,Mozambique-Vizag,Panamax,1M,22.18
2021-11-21,Mozambique-Vizag,Panamax,3M,21.53
2021-11-21,Mozambique-Vizag,Panamax,6M,22.68
2021-11-21,Mozambique-Vizag,Panamax,1Y,21.9
2021-11-21,Mozambique-Vizag,Capesize,1M,20.8
2021-11-21,Mozambique-Vizag,Capesize,3M,21.12
2021-11-21,Mozambique-Vizag,Capesize,6M,21.43
2021-11-21,Mozambique-Vizag,Capesize,1Y,22.03
2021-11-21,Mozambique-Dhamra,Panamax,1M,19.82
2021-11-21,Mozambique-Dhamra,Panamax,3M,19.88
2021-11-21,Mozambique-Dhamra,Panamax,6M,20.56
2021-11-21,Mozambique-Dhamra,Panamax,1Y,20.53
2021-11-21,Mozambique-Dhamra,Capesize,1M,19.11
2021-11-21,Mozambique-Dhamra,Capesize,3M,18.86
2021-11-21,Mozambique-Dhamra,Capesize,6M,18.98
2021-11-21,Mozambique-Dhamra,Capesize,1Y,20.22
2021-11-21,Mozambique-Gangavaram,Panamax,1M,20.52
2021-11-21,Mozambique-Gangavaram,Panamax,3M,20.54
2021-11-21,Mozambique-Gangavaram,Panamax,6M,21.04
2021-11-21,Mozambique-Gangavaram,Panamax,1Y,20.58
2021-11-21,Mozambique-Gangavaram,Capesize,1M,20.92
2021-11-21,Mozambique-Gangavaram,Capesize,3M,21.48
2021-11-21,Mozambique-Gangavaram,Capesize,6M,22.12
2021-11-21,Mozambique-Gangavaram,Capesize,1Y,21.93
2021-11-21,Mozambique-Gopalpur,Panamax,1M,22.47
2021-11-21,Mozambique-Gopalpur,Panamax,3M,22.14
2021-11-21,Mozambique-Gopalpur,Panamax,6M,22.79
2021-11-21,Mozambique-Gopalpur,Panamax,1Y,23.24
2021-11-21,Mozambique-Gopalpur,Capesize,1M,21.83
2021-11-21,Mozambique-Gopalpur,Capesize,3M,21.67
2021-11-21,Mozambique-Gopalpur,Capesize,6M,22.0
2021-11-21,Mozambique-Gopalpur,Capesize,1Y,22.36
2021-11-21,Mozambique-Haldia,Panamax,1M,17.35
2021-11-21,Mozambique-Haldia,Panamax,3M,17.62
2021-11-21,Mozambique-Haldia,Panamax,6M,17.67
2021-11-21,Mozambique-Haldia,Panamax,1Y,17.86
2021-11-21,Mozambique-Haldia,Capesize,1M,22.0
2021-11-21,Mozambique-Haldia,Capesize,3M,22.6
2021-11-21,Mozambique-Haldia,Capesize,6M,22.17
2021-11-21,Mozambique-Haldia,Capesize,1Y,23.04
2021-11-21,USA-Paradip,Panamax,1M,35.13
2021-11-21,USA-Paradip,Panamax,3M,34.85
2021-11-21,USA-Paradip,Panamax,6M,35.1
2021-11-21,USA-Paradip,Panamax,1Y,36.03
2021-11-21,USA-Paradip,Capesize,1M,34.7
2021-11-21,USA-Paradip,Capesize,3M,37.05
2021-11-21,USA-Paradip,Capesize,6M,36.26
2021-11-21,USA-Paradip,Capesize,1Y,37.52
2021-11-21,USA-Vizag,Panamax,1M,32.63
2021-11-21,USA-Vizag,Panamax,3M,32.99
2021-11-21,USA-Vizag,Panamax,6M,35.1
2021-11-21,USA-Vizag,Panamax,1Y,34.47
2021-11-21,USA-Vizag,Capesize,1M,31.38
2021-11-21,USA-Vizag,Capesize,3M,31.88
2021-11-21,USA-Vizag,Capesize,6M,31.48
2021-11-21,USA-Vizag,Capesize,1Y,32.26
2021-11-21,USA-Dhamra,Panamax,1M,34.63
2021-11-21,USA-Dhamra,Panamax,3M,35.0
2021-11-21,USA-Dhamra,Panamax,6M,35.64
2021-11-21,USA-Dhamra,Panamax,1Y,35.67
2021-11-21,USA-Dhamra,Capesize,1M,31.34
2021-11-21,USA-Dhamra,Capesize,3M,31.19
2021-11-21,USA-Dhamra,Capesize,6M,32.35
2021-11-21,USA-Dhamra,Capesize,1Y,33.19
2021-11-21,USA-Gangavaram,Panamax,1M,33.45
2021-11-21,USA-Gangavaram,Panamax,3M,33.55
2021-11-21,USA-Gangavaram,Panamax,6M,33.96
2021-11-21,USA-Gangavaram,Panamax,1Y,35.36
2021-11-21,USA-Gangavaram,Capesize,1M,30.72
2021-11-21,USA-Gangavaram,Capesize,3M,29.92
2021-11-21,USA-Gangavaram,Capesize,6M,30.23
2021-11-21,USA-Gangavaram,Capesize,1Y,30.43
2021-11-21,USA-Gopalpur,Panamax,1M,28.87
2021-11-21,USA-Gopalpur,Panamax,3M,29.88
2021-11-21,USA-Gopalpur,Panamax,6M,30.05
2021-11-21,USA-Gopalpur,Panamax,1Y,31.03
2021-11-21,USA-Gopalpur,Capesize,1M,31.36
2021-11-21,USA-Gopalpur,Capesize,3M,32.14
2021-11-21,USA-Gopalpur,Capesize,6M,32.52
2021-11-21,USA-Gopalpur,Capesize,1Y,32.65
2021-11-21,USA-Haldia,Panamax,1M,38.08
2021-11-21,USA-Haldia,Panamax,3M,37.86
2021-11-21,USA-Haldia,Panamax,6M,38.0
2021-11-21,USA-Haldia,Panamax,1Y,39.6
2021-11-21,USA-Haldia,Capesize,1M,34.54
2021-11-21,USA-Haldia,Capesize,3M,34.89
2021-11-21,USA-Haldia,Capesize,6M,35.44
2021-11-21,USA-Haldia,Capesize,1Y,34.97
2021-12-21,Australia-Paradip,Panamax,1M,16.67
2021-12-21,Australia-Paradip,Panamax,3M,16.97
2021-12-21,Australia-Paradip,Panamax,6M,16.88
2021-12-21,Australia-Paradip,Panamax,1Y,17.28
2021-12-21,Australia-Paradip,Capesize,1M,16.76
2021-12-21,Australia-Paradip,Capesize,3M,16.46
2021-12-21,Australia-Paradip,Capesize,6M,17.12
2021-12-21,Australia-Paradip,Capesize,1Y,17.3
2021-12-21,Australia-Vizag,Panamax,1M,18.23
2021-12-21,Australia-Vizag,Panamax,3M,18.11
2021-12-21,Australia-Vizag,Panamax,6M,18.02
2021-12-21,Australia-Vizag,Panamax,1Y,19.07
2021-12-21,Australia-Vizag,Capesize,1M,18.12
2021-12-21,Australia-Vizag,Capesize,3M,18.2
2021-12-21,Australia-Vizag,Capesize,6M,18.98
2021-12-21,Australia-Vizag,Capesize,1Y,19.26
2021-12-21,Australia-Dhamra,Panamax,1M,16.8
2021-12-21,Australia-Dhamra,Panamax,3M,16.92
2021-12-21,Australia-Dhamra,Panamax,6M,16.79
2021-12-21,Australia-Dhamra,Panamax,1Y,17.86
2021-12-21,Australia-Dhamra,Capesize,1M,17.19
2021-12-21,Australia-Dhamra,Capesize,3M,17.43
2021-12-21,Australia-Dhamra,Capesize,6M,17.77
2021-12-21,Australia-Dhamra,Capesize,1Y,18.08
2021-12-21,Australia-Gangavaram,Panamax,1M,16.65
2021-12-21,Australia-Gangavaram,Panamax,3M,16.68
2021-12-21,Australia-Gangavaram,Panamax,6M,16.88
2021-12-21,Australia-Gangavaram,Panamax,1Y,17.08
2021-12-21,Australia-Gangavaram,Capesize,1M,18.82
2021-12-21,Australia-Gangavaram,Capesize,3M,19.35
2021-12-21,Australia-Gangavaram,Capesize,6M,19.31
2021-12-21,Australia-Gangavaram,Capesize,1Y,19.72
2021-12-21,Australia-Gopalpur,Panamax,1M,18.4
2021-12-21,Australia-Gopalpur,Panamax,3M,17.7
2021-12-21,Australia-Gopalpur,Panamax,6M,18.42
2021-12-21,Australia-Gopalpur,Panamax,1Y,19.13
2021-12-21,Australia-Gopalpur,Capesize,1M,16.72
2021-12-21,Australia-Gopalpur,Capesize,3M,16.9
2021-12-21,Australia-Gopalpur,Capesize,6M,16.99
2021-12-21,Australia-Gopalpur,Capesize,1Y,17.32
2021-12-21,Australia-Haldia,Panamax,1M,17.06
2021-12-21,Australia-Haldia,Panamax,3M,16.73
2021-12-21,Australia-Haldia,Panamax,6M,16.73
2021-12-21,Australia-Haldia,Panamax,1Y,17.35
2021-12-21,Australia-Haldia,Capesize,1M,14.45
2021-12-21,Australia-Haldia,Capesize,3M,14.57
2021-12-21,Australia-Haldia,Capesize,6M,15.02
2021-12-21,Australia-Haldia,Capesize,1Y,14.99
2021-12-21,Indonesia-Paradip,Panamax,1M,9.34
2021-12-21,Indonesia-Paradip,Panamax,3M,9.49
2021-12-21,Indonesia-Paradip,Panamax,6M,9.61
2021-12-21,Indonesia-Paradip,Panamax,1Y,9.74
2021-12-21,Indonesia-Paradip,Capesize,1M,9.7
2021-12-21,Indonesia-Paradip,Capesize,3M,9.63
2021-12-21,Indonesia-Paradip,Capesize,6M,10.03
2021-12-21,Indonesia-Paradip,Capesize,1Y,10.13
2021-12-21,Indonesia-Vizag,Panamax,1M,11.44
2021-12-21,Indonesia-Vizag,Panamax,3M,11.63
2021-12-21,Indonesia-Vizag,Panamax,6M,11.61
2021-12-21,Indonesia-Vizag,Panamax,1Y,11.99
2021-12-21,Indonesia-Vizag,Capesize,1M,10.75
2021-12-21,Indonesia-Vizag,Capesize,3M,11.0
2021-12-21,Indonesia-Vizag,Capesize,6M,10.96
2021-12-21,Indonesia-Vizag,Capesize,1Y,10.86
2021-12-21,Indonesia-Dhamra,Panamax,1M,10.2
2021-12-21,Indonesia-Dhamra,Panamax,3M,10.76
2021-12-21,Indonesia-Dhamra,Panamax,6M,10.48
2021-12-21,Indonesia-Dhamra,Panamax,1Y,10.66
2021-12-21,Indonesia-Dhamra,Capesize,1M,10.72
2021-12-21,Indonesia-Dhamra,Capesize,3M,10.91
2021-12-21,Indonesia-Dhamra,Capesize,6M,10.97
2021-12-21,Indonesia-Dhamra,Capesize,1Y,10.97
2021-12-21,Indonesia-Gangavaram,Panamax,1M,13.08
2021-12-21,Indonesia-Gangavaram,Panamax,3M,12.83
2021-12-21,Indonesia-Gangavaram,Panamax,6M,13.21
2021-12-21,Indonesia-Gangavaram,Panamax,1Y,13.0
2021-12-21,Indonesia-Gangavaram,Capesize,1M,8.8
2021-12-21,Indonesia-Gangavaram,Capesize,3M,8.88
2021-12-21,Indonesia-Gangavaram,Capesize,6M,8.9
2021-12-21,Indonesia-Gangavaram,Capesize,1Y,8.66
2021-12-21,Indonesia-Gopalpur,Panamax,1M,10.49
2021-12-21,Indonesia-Gopalpur,Panamax,3M,10.69
2021-12-21,Indonesia-Gopalpur,Panamax,6M,10.49
2021-12-21,Indonesia-Gopalpur,Panamax,1Y,10.62
2021-12-21,Indonesia-Gopalpur,Capesize,1M,12.64
2021-12-21,Indonesia-Gopalpur,Capesize,3M,12.49
2021-12-21,Indonesia-Gopalpur,Capesize,6M,12.34
2021-12-21,Indonesia-Gopalpur,Capesize,1Y,13.16
2021-12-21,Indonesia-Haldia,Panamax,1M,8.81
2021-12-21,Indonesia-Haldia,Panamax,3M,9.05
2021-12-21,Indonesia-Haldia,Panamax,6M,8.84
2021-12-21,Indonesia-Haldia,Panamax,1Y,8.95
2021-12-21,Indonesia-Haldia,Capesize,1M,11.51
2021-12-21,Indonesia-Haldia,Capesize,3M,11.57
2021-12-21,Indonesia-Haldia,Capesize,6M,11.96
2021-12-21,Indonesia-Haldia,Capesize,1Y,12.36
2021-12-21,Russia-Paradip,Panamax,1M,23.12
2021-12-21,Russia-Paradip,Panamax,3M,23.67
2021-12-21,Russia-Paradip,Panamax,6M,23.75
2021-12-21,Russia-Paradip,Panamax,1Y,23.86
2021-12-21,Russia-Paradip,Capesize,1M,22.25
2021-12-21,Russia-Paradip,Capesize,3M,22.26
2021-12-21,Russia-Paradip,Capesize,6M,22.14
2021-12-21,Russia-Paradip,Capesize,1Y,22.7
2021-12-21,Russia-Vizag,Panamax,1M,24.19
2021-12-21,Russia-Vizag,Panamax,3M,24.81
2021-12-21,Russia-Vizag,Panamax,6M,25.62
2021-12-21,Russia-Vizag,Panamax,1Y,26.12
2021-12-21,Russia-Vizag,Capesize,1M,20.81
2021-12-21,Russia-Vizag,Capesize,3M,21.71
2021-12-21,Russia-Vizag,Capesize,6M,21.63
2021-12-21,Russia-Vizag,Capesize,1Y,21.51
2021-12-21,Russia-Dhamra,Panamax,1M,21.5
2021-12-21,Russia-Dhamra,Panamax,3M,21.27
2021-12-21,Russia-Dhamra,Panamax,6M,22.33
2021-12-21,Russia-Dhamra,Panamax,1Y,22.5
2021-12-21,Russia-Dhamra,Capesize,1M,21.17
2021-12-21,Russia-Dhamra,Capesize,3M,20.94
2021-12-21,Russia-Dhamra,Capesize,6M,21.71
2021-12-21,Russia-Dhamra,Capesize,1Y,21.84
2021-12-21,Russia-Gangavaram,Panamax,1M,20.51
2021-12-21,Russia-Gangavaram,Panamax,3M,21.26
2021-12-21,Russia-Gangavaram,Panamax,6M,21.53
2021-12-21,Russia-Gangavaram,Panamax,1Y,21.91
2021-12-21,Russia-Gangavaram,Capesize,1M,22.73
2021-12-21,Russia-Gangavaram,Capesize,3M,22.48
2021-12-21,Russia-Gangavaram,Capesize,6M,23.26
2021-12-21,Russia-Gangavaram,Capesize,1Y,23.74
2021-12-21,Russia-Gopalpur,Panamax,1M,19.87
2021-12-21,Russia-Gopalpur,Panamax,3M,20.41
2021-12-21,Russia-Gopalpur,Panamax,6M,20.3
2021-12-21,Russia-Gopalpur,Panamax,1Y,20.9
2021-12-21,Russia-Gopalpur,Capesize,1M,24.54
2021-12-21,Russia-Gopalpur,Capesize,3M,24.67
2021-12-21,Russia-Gopalpur,Capesize,6M,24.68
2021-12-21,Russia-Gopalpur,Capesize,1Y,25.28
2021-12-21,Russia-Haldia,Panamax,1M,20.8
2021-12-21,Russia-Haldia,Panamax,3M,21.42
2021-12-21,Russia-Haldia,Panamax,6M,21.06
2021-12-21,Russia-Haldia,Panamax,1Y,21.89
2021-12-21,Russia-Haldia,Capesize,1M,23.14
2021-12-21,Russia-Haldia,Capesize,3M,23.01
2021-12-21,Russia-Haldia,Capesize,6M,22.62
2021-12-21,Russia-Haldia,Capesize,1Y,23.58
2021-12-21,Mozambique-Paradip,Panamax,1M,20.34
2021-12-21,Mozambique-Paradip,Panamax,3M,20.63
2021-12-21,Mozambique-Paradip,Panamax,6M,21.35
2021-12-21,Mozambique-Paradip,Panamax,1Y,21.36
2021-12-21,Mozambique-Paradip,Capesize,1M,17.24
2021-12-21,Mozambique-Paradip,Capesize,3M,17.78
2021-12-21,Mozambique-Paradip,Capesize,6M,17.67
2021-12-21,Mozambique-Paradip,Capesize,1Y,17.96
2021-12-21,Mozambique-Vizag,Panamax,1M,19.75
2021-12-21,Mozambique-Vizag,Panamax,3M,19.59
2021-12-21,Mozambique-Vizag,Panamax,6M,20.21
2021-12-21,Mozambique-Vizag,Panamax,1Y,20.68
2021-12-21,Mozambique-Vizag,Capesize,1M,21.67
2021-12-21,Mozambique-Vizag,Capesize,3M,22.94
2021-12-21,Mozambique-Vizag,Capesize,6M,22.79
2021-12-21,Mozambique-Vizag,Capesize,1Y,22.5
2021-12-21,Mozambique-Dhamra,Panamax,1M,19.28
2021-12-21,Mozambique-Dhamra,Panamax,3M,19.51
2021-12-21,Mozambique-Dhamra,Panamax,6M,19.28
2021-12-21,Mozambique-Dhamra,Panamax,1Y,19.56
2021-12-21,Mozambique-Dhamra,Capesize,1M,20.56
2021-12-21,Mozambique-Dhamra,Capesize,3M,20.61
2021-12-21,Mozambique-Dhamra,Capesize,6M,20.57
2021-12-21,Mozambique-Dhamra,Capesize,1Y,21.46
2021-12-21,Mozambique-Gangavaram,Panamax,1M,18.45
2021-12-21,Mozambique-Gangavaram,Panamax,3M,18.64
2021-12-21,Mozambique-Gangavaram,Panamax,6M,18.68
2021-12-21,Mozambique-Gangavaram,Panamax,1Y,18.89
2021-12-21,Mozambique-Gangavaram,Capesize,1M,19.71
2021-12-21,Mozambique-Gangavaram,Capesize,3M,21.38
2021-12-21,Mozambique-Gangavaram,Capesize,6M,21.2
2021-12-21,Mozambique-Gangavaram,Capesize,1Y,21.93
2021-12-21,Mozambique-Gopalpur,Panamax,1M,20.75
2021-12-21,Mozambique-Gopalpur,Panamax,3M,20.68
2021-12-21,Mozambique-Gopalpur,Panamax,6M,20.97
2021-12-21,Mozambique-Gopalpur,Panamax,1Y,21.37
2021-12-21,Mozambique-Gopalpur,Capesize,1M,23.68
2021-12-21,Mozambique-Gopalpur,Capesize,3M,24.19
2021-12-21,Mozambique-Gopalpur,Capesize,6M,23.97
2021-12-21,Mozambique-Gopalpur,Capesize,1Y,24.31
2021-12-21,Mozambique-Haldia,Panamax,1M,21.04
2021-12-21,Mozambique-Haldia,Panamax,3M,21.03
2021-12-21,Mozambique-Haldia,Panamax,6M,21.5
2021-12-21,Mozambique-Haldia,Panamax,1Y,22.23
2021-12-21,Mozambique-Haldia,Capesize,1M,20.21
2021-12-21,Mozambique-Haldia,Capesize,3M,20.8
2021-12-21,Mozambique-Haldia,Capesize,6M,20.37
2021-12-21,Mozambique-Haldia,Capesize,1Y,21.12
2021-12-21,USA-Paradip,Panamax,1M,32.43
2021-12-21,USA-Paradip,Panamax,3M,33.57
2021-12-21,USA-Paradip,Panamax,6M,33.17
2021-12-21,USA-Paradip,Panamax,1Y,33.32
2021-12-21,USA-Paradip,Capesize,1M,34.03
2021-12-21,USA-Paradip,Capesize,3M,34.69
2021-12-21,USA-Paradip,Capesize,6M,34.5
2021-12-21,USA-Paradip,Capesize,1Y,36.1
2021-12-21,USA-Vizag,Panamax,1M,32.17
2021-12-21,USA-Vizag,Panamax,3M,33.02
2021-12-21,USA-Vizag,Panamax,6M,33.06
2021-12-21,USA-Vizag,Panamax,1Y,33.36
2021-12-21,USA-Vizag,Capesize,1M,32.76
2021-12-21,USA-Vizag,Capesize,3M,32.54
2021-12-21,USA-Vizag,Capesize,6M,32.68
2021-12-21,USA-Vizag,Capesize,1Y,33.59
2021-12-21,USA-Dhamra,Panamax,1M,35.53
2021-12-21,USA-Dhamra,Panamax,3M,36.54
2021-12-21,USA-Dhamra,Panamax,6M,37.1
2021-12-21,USA-Dhamra,Panamax,1Y,37.09
2021-12-21,USA-Dhamra,Capesize,1M,29.02
2021-12-21,USA-Dhamra,Capesize,3M,29.47
2021-12-21,USA-Dhamra,Capesize,6M,29.45
2021-12-21,USA-Dhamra,Capesize,1Y,29.54
2021-12-21,USA-Gangavaram,Panamax,1M,29.32
2021-12-21,USA-Gangavaram,Panamax,3M,28.77
2021-12-21,USA-Gangavaram,Panamax,6M,29.88
2021-12-21,USA-Gangavaram,Panamax,1Y,30.65
2021-12-21,USA-Gangavaram,Capesize,1M,27.44
2021-12-21,USA-Gangavaram,Capesize,3M,28.03
2021-12-21,USA-Gangavaram,Capesize,6M,27.91
2021-12-21,USA-Gangavaram,Capesize,1Y,28.68
2021-12-21,USA-Gopalpur,Panamax,1M,30.64
2021-12-21,USA-Gopalpur,Panamax,3M,29.77
2021-12-21,USA-Gopalpur,Panamax,6M,30.92
2021-12-21,USA-Gopalpur,Panamax,1Y,31.06
2021-12-21,USA-Gopalpur,Capesize,1M,30.16
2021-12-21,USA-Gopalpur,Capesize,3M,30.74
2021-12-21,USA-Gopalpur,Capesize,6M,31.12
2021-12-21,USA-Gopalpur,Capesize,1Y,30.8
2021-12-21,USA-Haldia,Panamax,1M,33.91
2021-12-21,USA-Haldia,Panamax,3M,34.94
2021-12-21,USA-Haldia,Panamax,6M,34.72
2021-12-21,USA-Haldia,Panamax,1Y,35.71
2021-12-21,USA-Haldia,Capesize,1M,29.79
2021-12-21,USA-Haldia,Capesize,3M,30.56
2021-12-21,USA-Haldia,Capesize,6M,30.04
2021-12-21,USA-Haldia,Capesize,1Y,30.78
2022-01-20,Australia-Paradip,Panamax,1M,14.41
2022-01-20,Australia-Paradip,Panamax,3M,14.44
2022-01-20,Australia-Paradip,Panamax,6M,14.71
2022-01-20,Australia-Paradip,Panamax,1Y,14.98
2022-01-20,Australia-Paradip,Capesize,1M,15.45
2022-01-20,Australia-Paradip,Capesize,3M,15.23
2022-01-20,Australia-Paradip,Capesize,6M,15.72
2022-01-20,Australia-Paradip,Capesize,1Y,15.89
2022-01-20,Australia-Vizag,Panamax,1M,16.21
2022-01-20,Australia-Vizag,Panamax,3M,16.6
2022-01-20,Australia-Vizag,Panamax,6M,16.38
2022-01-20,Australia-Vizag,Panamax,1Y,17.03
2022-01-20,Australia-Vizag,Capesize,1M,14.5
2022-01-20,Australia-Vizag,Capesize,3M,14.67
2022-01-20,Australia-Vizag,Capesize,6M,14.65
2022-01-20,Australia-Vizag,Capesize,1Y,15.0
2022-01-20,Australia-Dhamra,Panamax,1M,17.32
2022-01-20,Australia-Dhamra,Panamax,3M,17.52
2022-01-20,Australia-Dhamra,Panamax,6M,17.58
2022-01-20,Australia-Dhamra,Panamax,1Y,17.68
2022-01-20,Australia-Dhamra,Capesize,1M,16.69
2022-01-20,Australia-Dhamra,Capesize,3M,16.74
2022-01-20,Australia-Dhamra,Capesize,6M,16.63
2022-01-20,Australia-Dhamra,Capesize,1Y,17.81
2022-01-20,Australia-Gangavaram,Panamax,1M,17.52
2022-01-20,Australia-Gangavaram,Panamax,3M,17.12
2022-01-20,Australia-Gangavaram,Panamax,6M,17.84
2022-01-20,Australia-Gangavaram,Panamax,1Y,17.88
2022-01-20,Australia-Gangavaram,Capesize,1M,14.25
2022-01-20,Australia-Gangavaram,Capesize,3M,14.75
2022-01-20,Australia-Gangavaram,Capesize,6M,14.54
2022-01-20,Australia-Gangavaram,Capesize,1Y,14.69
2022-01-20,Australia-Gopalpur,Panamax,1M,16.09
2022-01-20,Australia-Gopalpur,Panamax,3M,16.63
2022-01-20,Australia-Gopalpur,Panamax,6M,16.87
2022-01-20,Australia-Gopalpur,Panamax,1Y,17.62
2022-01-20,Australia-Gopalpur,Capesize,1M,15.87
2022-01-20,Australia-Gopalpur,Capesize,3M,15.5
2022-01-20,Australia-Gopalpur,Capesize,6M,16.09
2022-01-20,Australia-Gopalpur,Capesize,1Y,16.48
2022-01-20,Australia-Haldia,Panamax,1M,18.32
2022-01-20,Australia-Haldia,Panamax,3M,18.25
2022-01-20,Australia-Haldia,Panamax,6M,18.2
2022-01-20,Australia-Haldia,Panamax,1Y,19.21
2022-01-20,Australia-Haldia,Capesize,1M,17.41
2022-01-20,Australia-Haldia,Capesize,3M,16.84
2022-01-20,Australia-Haldia,Capesize,6M,18.33
2022-01-20,Australia-Haldia,Capesize,1Y,18.35
2022-01-20,Indonesia-Paradip,Panamax,1M,8.85
2022-01-20,Indonesia-Paradip,Panamax,3M,9.06
2022-01-20,Indonesia-Paradip,Panamax,6M,9.03
2022-01-20,Indonesia-Paradip,Panamax,1Y,9.48
2022-01-20,Indonesia-Paradip,Capesize,1M,9.94
2022-01-20,Indonesia-Paradip,Capesize,3M,10.36
2022-01-20,Indonesia-Paradip,Capesize,6M,10.17
2022-01-20,Indonesia-Paradip,Capesize,1Y,10.29
2022-01-20,Indonesia-Vizag,Panamax,1M,8.37
2022-01-20,Indonesia-Vizag,Panamax,3M,8.8
2022-01-20,Indonesia-Vizag,Panamax,6M,8.73
2022-01-20,Indonesia-Vizag,Panamax,1Y,8.85
2022-01-20,Indonesia-Vizag,Capesize,1M,10.52
2022-01-20,Indonesia-Vizag,Capesize,3M,10.56
2022-01-20,Indonesia-Vizag,Capesize,6M,10.51
2022-01-20,Indonesia-Vizag,Capesize,1Y,10.97
2022-01-20,Indonesia-Dhamra,Panamax,1M,12.54
2022-01-20,Indonesia-Dhamra,Panamax,3M,13.01
2022-01-20,Indonesia-Dhamra,Panamax,6M,12.73
2022-01-20,Indonesia-Dhamra,Panamax,1Y,13.18
2022-01-20,Indonesia-Dhamra,Capesize,1M,10.97
2022-01-20,Indonesia-Dhamra,Capesize,3M,11.24
2022-01-20,Indonesia-Dhamra,Capesize,6M,11.28
2022-01-20,Indonesia-Dhamra,Capesize,1Y,11.86
2022-01-20,Indonesia-Gangavaram,Panamax,1M,9.45
2022-01-20,Indonesia-Gangavaram,Panamax,3M,9.45
2022-01-20,Indonesia-Gangavaram,Panamax,6M,9.96
2022-01-20,Indonesia-Gangavaram,Panamax,1Y,10.09
2022-01-20,Indonesia-Gangavaram,Capesize,1M,8.66
2022-01-20,Indonesia-Gangavaram,Capesize,3M,8.68
2022-01-20,Indonesia-Gangavaram,Capesize,6M,8.66
2022-01-20,Indonesia-Gangavaram,Capesize,1Y,9.06
2022-01-20,Indonesia-Gopalpur,Panamax,1M,9.98
2022-01-20,Indonesia-Gopalpur,Panamax,3M,10.3
2022-01-20,Indonesia-Gopalpur,Panamax,6M,10.32
2022-01-20,Indonesia-Gopalpur,Panamax,1Y,10.22
2022-01-20,Indonesia-Gopalpur,Capesize,1M,9.9
2022-01-20,Indonesia-Gopalpur,Capesize,3M,9.68
2022-01-20,Indonesia-Gopalpur,Capesize,6M,10.02
2022-01-20,Indonesia-Gopalpur,Capesize,1Y,10.23
2022-01-20,Indonesia-Haldia,Panamax,1M,9.56
2022-01-20,Indonesia-Haldia,Panamax,3M,9.22
2022-01-20,Indonesia-Haldia,Panamax,6M,9.56
2022-01-20,Indonesia-Haldia,Panamax,1Y,9.6
2022-01-20,Indonesia-Haldia,Capesize,1M,9.02
2022-01-20,Indonesia-Haldia,Capesize,3M,9.18
2022-01-20,Indonesia-Haldia,Capesize,6M,9.33
2022-01-20,Indonesia-Haldia,Capesize,1Y,9.39
2022-01-20,Russia-Paradip,Panamax,1M,23.04
2022-01-20,Russia-Paradip,Panamax,3M,22.94
2022-01-20,Russia-Paradip,Panamax,6M,23.24
2022-01-20,Russia-Paradip,Panamax,1Y,24.02
2022-01-20,Russia-Paradip,Capesize,1M,24.91
2022-01-20,Russia-Paradip,Capesize,3M,25.0
2022-01-20,Russia-Paradip,Capesize,6M,24.9
2022-01-20,Russia-Paradip,Capesize,1Y,25.44
2022-01-20,Russia-Vizag,Panamax,1M,22.67
2022-01-20,Russia-Vizag,Panamax,3M,22.31
2022-01-20,Russia-Vizag,Panamax,6M,22.71
2022-01-20,Russia-Vizag,Panamax,1Y,23.52
2022-01-20,Russia-Vizag,Capesize,1M,25.72
2022-01-20,Russia-Vizag,Capesize,3M,25.82
2022-01-20,Russia-Vizag,Capesize,6M,25.5
2022-01-20,Russia-Vizag,Capesize,1Y,26.76
2022-01-20,Russia-Dhamra,Panamax,1M,20.97
2022-01-20,Russia-Dhamra,Panamax,3M,21.7
2022-01-20,Russia-Dhamra,Panamax,6M,21.05
2022-01-20,Russia-Dhamra,Panamax,1Y,21.49
2022-01-20,Russia-Dhamra,Capesize,1M,23.98
2022-01-20,Russia-Dhamra,Capesize,3M,24.56
2022-01-20,Russia-Dhamra,Capesize,6M,24.57
2022-01-20,Russia-Dhamra,Capesize,1Y,24.8
2022-01-20,Russia-Gangavaram,Panamax,1M,21.71
2022-01-20,Russia-Gangavaram,Panamax,3M,21.5
2022-01-20,Russia-Gangavaram,Panamax,6M,22.39
2022-01-20,Russia-Gangavaram,Panamax,1Y,23.27
2022-01-20,Russia-Gangavaram,Capesize,1M,22.8
2022-01-20,Russia-Gangavaram,Capesize,3M,22.59
2022-01-20,Russia-Gangavaram,Capesize,6M,23.49
2022-01-20,Russia-Gangavaram,Capesize,1Y,23.91
2022-01-20,Russia-Gopalpur,Panamax,1M,21.22
2022-01-20,Russia-Gopalpur,Panamax,3M,22.08
2022-01-20,Russia-Gopalpur,Panamax,6M,21.57
2022-01-20,Russia-Gopalpur,Panamax,1Y,21.54
2022-01-20,Russia-Gopalpur,Capesize,1M,19.76
2022-01-20,Russia-Gopalpur,Capesize,3M,19.1
2022-01-20,Russia-Gopalpur,Capesize,6M,19.92
2022-01-20,Russia-Gopalpur,Capesize,1Y,19.99
2022-01-20,Russia-Haldia,Panamax,1M,24.3
2022-01-20,Russia-Haldia,Panamax,3M,24.41
2022-01-20,Russia-Haldia,Panamax,6M,24.17
2022-01-20,Russia-Haldia,Panamax,1Y,24.05
2022-01-20,Russia-Haldia,Capesize,1M,24.9
2022-01-20,Russia-Haldia,Capesize,3M,24.88
2022-01-20,Russia-Haldia,Capesize,6M,24.18
2022-01-20,Russia-Haldia,Capesize,1Y,25.4
2022-01-20,Mozambique-Paradip,Panamax,1M,22.5
2022-01-20,Mozambique-Paradip,Panamax,3M,23.41
2022-01-20,Mozambique-Paradip,Panamax,6M,23.92
2022-01-20,Mozambique-Paradip,Panamax,1Y,23.99
2022-01-20,Mozambique-Paradip,Capesize,1M,20.78
2022-01-20,Mozambique-Paradip,Capesize,3M,20.48
2022-01-20,Mozambique-Paradip,Capesize,6M,21.48
2022-01-20,Mozambique-Paradip,Capesize,1Y,21.63
2022-01-20,Mozambique-Vizag,Panamax,1M,20.51
2022-01-20,Mozambique-Vizag,Panamax,3M,21.04
2022-01-20,Mozambique-Vizag,Panamax,6M,21.23
2022-01-20,Mozambique-Vizag,Panamax,1Y,21.69
2022-01-20,Mozambique-Vizag,Capesize,1M,18.88
2022-01-20,Mozambique-Vizag,Capesize,3M,18.64
2022-01-20,Mozambique-Vizag,Capesize,6M,18.53
2022-01-20,Mozambique-Vizag,Capesize,1Y,18.73
2022-01-20,Mozambique-Dhamra,Panamax,1M,19.98
2022-01-20,Mozambique-Dhamra,Panamax,3M,19.85
2022-01-20,Mozambique-Dhamra,Panamax,6M,20.07
2022-01-20,Mozambique-Dhamra,Panamax,1Y,20.84
2022-01-20,Mozambique-Dhamra,Capesize,1M,18.91
2022-01-20,Mozambique-Dhamra,Capesize,3M,18.92
2022-01-20,Mozambique-Dhamra,Capesize,6M,19.68
2022-01-20,Mozambique-Dhamra,Capesize,1Y,20.16
2022-01-20,Mozambique-Gangavaram,Panamax,1M,19.11
2022-01-20,Mozambique-Gangavaram,Panamax,3M,19.69
2022-01-20,Mozambique-Gangavaram,Panamax,6M,19.72
2022-01-20,Mozambique-Gangavaram,Panamax,1Y,20.22
2022-01-20,Mozambique-Gangavaram,Capesize,1M,23.66
2022-01-20,Mozambique-Gangavaram,Capesize,3M,23.85
2022-01-20,Mozambique-Gangavaram,Capesize,6M,23.71
2022-01-20,Mozambique-Gangavaram,Capesize,1Y,23.34
2022-01-20,Mozambique-Gopalpur,Panamax,1M,21.41
2022-01-20,Mozambique-Gopalpur,Panamax,3M,21.95
2022-01-20,Mozambique-Gopalpur,Panamax,6M,21.62
2022-01-20,Mozambique-Gopalpur,Panamax,1Y,22.52
2022-01-20,Mozambique-Gopalpur,Capesize,1M,20.29
2022-01-20,Mozambique-Gopalpur,Capesize,3M,20.92
2022-01-20,Mozambique-Gopalpur,Capesize,6M,20.85
2022-01-20,Mozambique-Gopalpur,Capesize,1Y,20.85
2022-01-20,Mozambique-Haldia,Panamax,1M,18.67
2022-01-20,Mozambique-Haldia,Panamax,3M,19.02
2022-01-20,Mozambique-Haldia,Panamax,6M,18.89
2022-01-20,Mozambique-Haldia,Panamax,1Y,19.3
2022-01-20,Mozambique-Haldia,Capesize,1M,21.23
2022-01-20,Mozambique-Haldia,Capesize,3M,21.91
2022-01-20,Mozambique-Haldia,Capesize,6M,22.77
2022-01-20,Mozambique-Haldia,Capesize,1Y,22.81
2022-01-20,USA-Paradip,Panamax,1M,36.85
2022-01-20,USA-Paradip,Panamax,3M,37.78
2022-01-20,USA-Paradip,Panamax,6M,36.82
2022-01-20,USA-Paradip,Panamax,1Y,38.42
2022-01-20,USA-Paradip,Capesize,1M,31.4
2022-01-20,USA-Paradip,Capesize,3M,31.51
2022-01-20,USA-Paradip,Capesize,6M,31.59
2022-01-20,USA-Paradip,Capesize,1Y,32.06
2022-01-20,USA-Vizag,Panamax,1M,32.56
2022-01-20,USA-Vizag,Panamax,3M,32.52
2022-01-20,USA-Vizag,Panamax,6M,33.17
2022-01-20,USA-Vizag,Panamax,1Y,33.37
2022-01-20,USA-Vizag,Capesize,1M,38.63
2022-01-20,USA-Vizag,Capesize,3M,38.39
2022-01-20,USA-Vizag,Capesize,6M,38.93
2022-01-20,USA-Vizag,Capesize,1Y,39.76
2022-01-20,USA-Dhamra,Panamax,1M,34.21
2022-01-20,USA-Dhamra,Panamax,3M,34.01
2022-01-20,USA-Dhamra,Panamax,6M,34.81
2022-01-20,USA-Dhamra,Panamax,1Y,35.28
2022-01-20,USA-Dhamra,Capesize,1M,28.85
2022-01-20,USA-Dhamra,Capesize,3M,28.66
2022-01-20,USA-Dhamra,Capesize,6M,29.73
2022-01-20,USA-Dhamra,Capesize,1Y,29.54
2022-01-20,USA-Gangavaram,Panamax,1M,34.4
2022-01-20,USA-Gangavaram,Panamax,3M,33.21
2022-01-20,USA-Gangavaram,Panamax,6M,33.93
2022-01-20,USA-Gangavaram,Panamax,1Y,34.66
2022-01-20,USA-Gangavaram,Capesize,1M,34.02
2022-01-20,USA-Gangavaram,Capesize,3M,34.65
2022-01-20,USA-Gangavaram,Capesize,6M,34.75
2022-01-20,USA-Gangavaram,Capesize,1Y,34.99
2022-01-20,USA-Gopalpur,Panamax,1M,28.44
2022-01-20,USA-Gopalpur,Panamax,3M,28.67
2022-01-20,USA-Gopalpur,Panamax,6M,29.72
2022-01-20,USA-Gopalpur,Panamax,1Y,30.13
2022-01-20,USA-Gopalpur,Capesize,1M,31.52
2022-01-20,USA-Gopalpur,Capesize,3M,32.18
2022-01-20,USA-Gopalpur,Capesize,6M,33.59
2022-01-20,USA-Gopalpur,Capesize,1Y,32.99
2022-01-20,USA-Haldia,Panamax,1M,34.81
2022-01-20,USA-Haldia,Panamax,3M,35.01
2022-01-20,USA-Haldia,Panamax,6M,34.32
2022-01-20,USA-Haldia,Panamax,1Y,35.75
2022-01-20,USA-Haldia,Capesize,1M,31.97
2022-01-20,USA-Haldia,Capesize,3M,32.52
2022-01-20,USA-Haldia,Capesize,6M,33.12
2022-01-20,USA-Haldia,Capesize,1Y,34.08
2022-02-19,Australia-Paradip,Panamax,1M,16.02
2022-02-19,Australia-Paradip,Panamax,3M,16.18
2022-02-19,Australia-Paradip,Panamax,6M,16.6
2022-02-19,Australia-Paradip,Panamax,1Y,16.66
2022-02-19,Australia-Paradip,Capesize,1M,17.64
2022-02-19,Australia-Paradip,Capesize,3M,17.61
2022-02-19,Australia-Paradip,Capesize,6M,17.5
2022-02-19,Australia-Paradip,Capesize,1Y,18.2
2022-02-19,Australia-Vizag,Panamax,1M,18.63
2022-02-19,Australia-Vizag,Panamax,3M,18.53
2022-02-19,Australia-Vizag,Panamax,6M,19.19
2022-02-19,Australia-Vizag,Panamax,1Y,19.01
2022-02-19,Australia-Vizag,Capesize,1M,15.1
2022-02-19,Australia-Vizag,Capesize,3M,15.3
2022-02-19,Australia-Vizag,Capesize,6M,14.96
2022-02-19,Australia-Vizag,Capesize,1Y,16.06
2022-02-19,Australia-Dhamra,Panamax,1M,14.62
2022-02-19,Australia-Dhamra,Panamax,3M,15.69
2022-02-19,Australia-Dhamra,Panamax,6M,15.43
2022-02-19,Australia-Dhamra,Panamax,1Y,16.5
2022-02-19,Australia-Dhamra,Capesize,1M,15.84
2022-02-19,Australia-Dhamra,Capesize,3M,16.25
2022-02-19,Australia-Dhamra,Capesize,6M,16.49
2022-02-19,Australia-Dhamra,Capesize,1Y,16.69
2022-02-19,Australia-Gangavaram,Panamax,1M,15.62
2022-02-19,Australia-Gangavaram,Panamax,3M,15.9
2022-02-19,Australia-Gangavaram,Panamax,6M,15.71
2022-02-19,Australia-Gangavaram,Panamax,1Y,16.19
2022-02-19,Australia-Gangavaram,Capesize,1M,14.04
2022-02-19,Australia-Gangavaram,Capesize,3M,14.75
2022-02-19,Australia-Gangavaram,Capesize,6M,14.87
2022-02-19,Australia-Gangavaram,Capesize,1Y,14.88
2022-02-19,Australia-Gopalpur,Panamax,1M,17.19
2022-02-19,Australia-Gopalpur,Panamax,3M,16.94
2022-02-19,Australia-Gopalpur,Panamax,6M,17.23
2022-02-19,Australia-Gopalpur,Panamax,1Y,17.65
2022-02-19,Australia-Gopalpur,Capesize,1M,17.79
2022-02-19,Australia-Gopalpur,Capesize,3M,17.62
2022-02-19,Australia-Gopalpur,Capesize,6M,18.23
2022-02-19,Australia-Gopalpur,Capesize,1Y,18.24
2022-02-19,Australia-Haldia,Panamax,1M,15.6
2022-02-19,Australia-Haldia,Panamax,3M,16.25
2022-02-19,Australia-Haldia,Panamax,6M,16.07
2022-02-19,Australia-Haldia,Panamax,1Y,16.49
2022-02-19,Australia-Haldia,Capesize,1M,14.62
2022-02-19,Australia-Haldia,Capesize,3M,15.02
2022-02-19,Australia-Haldia,Capesize,6M,14.98
2022-02-19,Australia-Haldia,Capesize,1Y,15.0
2022-02-19,Indonesia-Paradip,Panamax,1M,11.05
2022-02-19,Indonesia-Paradip,Panamax,3M,11.47
2022-02-19,Indonesia-Paradip,Panamax,6M,11.47
2022-02-19,Indonesia-Paradip,Panamax,1Y,11.78
2022-02-19,Indonesia-Paradip,Capesize,1M,9.92
2022-02-19,Indonesia-Paradip,Capesize,3M,9.96
2022-02-19,Indonesia-Paradip,Capesize,6M,10.1
2022-02-19,Indonesia-Paradip,Capesize,1Y,10.5
2022-02-19,Indonesia-Vizag,Panamax,1M,9.28
2022-02-19,Indonesia-Vizag,Panamax,3M,9.27
2022-02-19,Indonesia-Vizag,Panamax,6M,9.46
2022-02-19,Indonesia-Vizag,Panamax,1Y,9.67
2022-02-19,Indonesia-Vizag,Capesize,1M,9.35
2022-02-19,Indonesia-Vizag,Capesize,3M,9.45
2022-02-19,Indonesia-Vizag,Capesize,6M,9.58
2022-02-19,Indonesia-Vizag,Capesize,1Y,9.66
2022-02-19,Indonesia-Dhamra,Panamax,1M,8.84
2022-02-19,Indonesia-Dhamra,Panamax,3M,8.72
2022-02-19,Indonesia-Dhamra,Panamax,6M,8.93
2022-02-19,Indonesia-Dhamra,Panamax,1Y,9.12
2022-02-19,Indonesia-Dhamra,Capesize,1M,9.1
2022-02-19,Indonesia-Dhamra,Capesize,3M,9.41
2022-02-19,Indonesia-Dhamra,Capesize,6M,9.79
2022-02-19,Indonesia-Dhamra,Capesize,1Y,9.88
2022-02-19,Indonesia-Gangavaram,Panamax,1M,10.69
2022-02-19,Indonesia-Gangavaram,Panamax,3M,11.32
2022-02-19,Indonesia-Gangavaram,Panamax,6M,11.19
2022-02-19,Indonesia-Gangavaram,Panamax,1Y,11.55
2022-02-19,Indonesia-Gangavaram,Capesize,1M,11.05
2022-02-19,Indonesia-Gangavaram,Capesize,3M,10.98
2022-02-19,Indonesia-Gangavaram,Capesize,6M,11.17
2022-02-19,Indonesia-Gangavaram,Capesize,1Y,11.03
2022-02-19,Indonesia-Gopalpur,Panamax,1M,12.35
2022-02-19,Indonesia-Gopalpur,Panamax,3M,12.46
2022-02-19,Indonesia-Gopalpur,Panamax,6M,12.19
2022-02-19,Indonesia-Gopalpur,Panamax,1Y,12.41
2022-02-19,Indonesia-Gopalpur,Capesize,1M,10.77
2022-02-19,Indonesia-Gopalpur,Capesize,3M,10.86
2022-02-19,Indonesia-Gopalpur,Capesize,6M,11.01
2022-02-19,Indonesia-Gopalpur,Capesize,1Y,11.52
2022-02-19,Indonesia-Haldia,Panamax,1M,11.14
2022-02-19,Indonesia-Haldia,Panamax,3M,11.49
2022-02-19,Indonesia-Haldia,Panamax,6M,11.53
2022-02-19,Indonesia-Haldia,Panamax,1Y,11.93
2022-02-19,Indonesia-Haldia,Capesize,1M,9.77
2022-02-19,Indonesia-Haldia,Capesize,3M,9.94
2022-02-19,Indonesia-Haldia,Capesize,6M,9.93
2022-02-19,Indonesia-Haldia,Capesize,1Y,10.23
2022-02-19,Russia-Paradip,Panamax,1M,23.53
2022-02-19,Russia-Paradip,Panamax,3M,23.74
2022-02-19,Russia-Paradip,Panamax,6M,23.96
2022-02-19,Russia-Paradip,Panamax,1Y,24.74
2022-02-19,Russia-Paradip,Capesize,1M,22.66
2022-02-19,Russia-Paradip,Capesize,3M,22.56
2022-02-19,Russia-Paradip,Capesize,6M,22.03
2022-02-19,Russia-Paradip,Capesize,1Y,23.56
2022-02-19,Russia-Vizag,Panamax,1M,20.15
2022-02-19,Russia-Vizag,Panamax,3M,21.02
2022-02-19,Russia-Vizag,Panamax,6M,21.07
2022-02-19,Russia-Vizag,Panamax,1Y,20.89
2022-02-19,Russia-Vizag,Capesize,1M,20.44
2022-02-19,Russia-Vizag,Capesize,3M,21.1
2022-02-19,Russia-Vizag,Capesize,6M,20.6
2022-02-19,Russia-Vizag,Capesize,1Y,21.63
2022-02-19,Russia-Dhamra,Panamax,1M,21.23
2022-02-19,Russia-Dhamra,Panamax,3M,21.12
2022-02-19,Russia-Dhamra,Panamax,6M,21.62
2022-02-19,Russia-Dhamra,Panamax,1Y,22.03
2022-02-19,Russia-Dhamra,Capesize,1M,22.85
2022-02-19,Russia-Dhamra,Capesize,3M,23.08
2022-02-19,Russia-Dhamra,Capesize,6M,23.73
2022-02-19,Russia-Dhamra,Capesize,1Y,24.16
2022-02-19,Russia-Gangavaram,Panamax,1M,25.03
2022-02-19,Russia-Gangavaram,Panamax,3M,25.76
2022-02-19,Russia-Gangavaram,Panamax,6M,25.43
2022-02-19,Russia-Gangavaram,Panamax,1Y,26.04
2022-02-19,Russia-Gangavaram,Capesize,1M,19.0
2022-02-19,Russia-Gangavaram,Capesize,3M,19.25
2022-02-19,Russia-Gangavaram,Capesize,6M,19.61
2022-02-19,Russia-Gangavaram,Capesize,1Y,19.88
2022-02-19,Russia-Gopalpur,Panamax,1M,20.2
2022-02-19,Russia-Gopalpur,Panamax,3M,20.02
2022-02-19,Russia-Gopalpur,Panamax,6M,20.13
2022-02-19,Russia-Gopalpur,Panamax,1Y,20.67
2022-02-19,Russia-Gopalpur,Capesize,1M,25.92
2022-02-19,Russia-Gopalpur,Capesize,3M,26.02
2022-02-19,Russia-Gopalpur,Capesize,6M,26.22
2022-02-19,Russia-Gopalpur,Capesize,1Y,26.98
2022-02-19,Russia-Haldia,Panamax,1M,21.43
2022-02-19,Russia-Haldia,Panamax,3M,21.52
2022-02-19,Russia-Haldia,Panamax,6M,22.4
2022-02-19,Russia-Haldia,Panamax,1Y,22.06
2022-02-19,Russia-Haldia,Capesize,1M,20.99
2022-02-19,Russia-Haldia,Capesize,3M,20.81
2022-02-19,Russia-Haldia,Capesize,6M,21.2
2022-02-19,Russia-Haldia,Capesize,1Y,22.03
2022-02-19,Mozambique-Paradip,Panamax,1M,21.79
2022-02-19,Mozambique-Paradip,Panamax,3M,22.26
2022-02-19,Mozambique-Paradip,Panamax,6M,22.19
2022-02-19,Mozambique-Paradip,Panamax,1Y,22.88
2022-02-19,Mozambique-Paradip,Capesize,1M,18.37
2022-02-19,Mozambique-Paradip,Capesize,3M,18.75
2022-02-19,Mozambique-Paradip,Capesize,6M,18.75
2022-02-19,Mozambique-Paradip,Capesize,1Y,19.24
2022-02-19,Mozambique-Vizag,Panamax,1M,18.36
2022-02-19,Mozambique-Vizag,Panamax,3M,18.97
2022-02-19,Mozambique-Vizag,Panamax,6M,19.24
2022-02-19,Mozambique-Vizag,Panamax,1Y,19.41
2022-02-19,Mozambique-Vizag,Capesize,1M,22.79
2022-02-19,Mozambique-Vizag,Capesize,3M,22.55
2022-02-19,Mozambique-Vizag,Capesize,6M,23.17
2022-02-19,Mozambique-Vizag,Capesize,1Y,23.12
2022-02-19,Mozambique-Dhamra,Panamax,1M,19.82
2022-02-19,Mozambique-Dhamra,Panamax,3M,19.37
2022-02-19,Mozambique-Dhamra,Panamax,6M,19.63
2022-02-19,Mozambique-Dhamra,Panamax,1Y,20.26
2022-02-19,Mozambique-Dhamra,Capesize,1M,20.58
2022-02-19,Mozambique-Dhamra,Capesize,3M,20.91
2022-02-19,Mozambique-Dhamra,Capesize,6M,21.72
2022-02-19,Mozambique-Dhamra,Capesize,1Y,22.08
2022-02-19,Mozambique-Gangavaram,Panamax,1M,21.1
2022-02-19,Mozambique-Gangavaram,Panamax,3M,21.16
2022-02-19,Mozambique-Gangavaram,Panamax,6M,20.98
2022-02-19,Mozambique-Gangavaram,Panamax,1Y,21.36
2022-02-19,Mozambique-Gangavaram,Capesize,1M,22.12
2022-02-19,Mozambique-Gangavaram,Capesize,3M,22.31
2022-02-19,Mozambique-Gangavaram,Capesize,6M,22.25
2022-02-19,Mozambique-Gangavaram,Capesize,1Y,22.89
2022-02-19,Mozambique-Gopalpur,Panamax,1M,20.38
2022-02-19,Mozambique-Gopalpur,Panamax,3M,20.52
2022-02-19,Mozambique-Gopalpur,Panamax,6M,20.06
2022-02-19,Mozambique-Gopalpur,Panamax,1Y,20.7
2022-02-19,Mozambique-Gopalpur,Capesize,1M,23.21
2022-02-19,Mozambique-Gopalpur,Capesize,3M,23.92
2022-02-19,Mozambique-Gopalpur,Capesize,6M,23.85
2022-02-19,Mozambique-Gopalpur,Capesize,1Y,24.17
2022-02-19,Mozambique-Haldia,Panamax,1M,23.14
2022-02-19,Mozambique-Haldia,Panamax,3M,23.84
2022-02-19,Mozambique-Haldia,Panamax,6M,23.79
2022-02-19,Mozambique-Haldia,Panamax,1Y,24.68
2022-02-19,Mozambique-Haldia,Capesize,1M,19.52
2022-02-19,Mozambique-Haldia,Capesize,3M,20.01
2022-02-19,Mozambique-Haldia,Capesize,6M,20.22
2022-02-19,Mozambique-Haldia,Capesize,1Y,20.5
2022-02-19,USA-Paradip,Panamax,1M,32.17
2022-02-19,USA-Paradip,Panamax,3M,31.85
2022-02-19,USA-Paradip,Panamax,6M,32.86
2022-02-19,USA-Paradip,Panamax,1Y,33.25
2022-02-19,USA-Paradip,Capesize,1M,31.11
2022-02-19,USA-Paradip,Capesize,3M,31.68
2022-02-19,USA-Paradip,Capesize,6M,31.72
2022-02-19,USA-Paradip,Capesize,1Y,32.77
2022-02-19,USA-Vizag,Panamax,1M,31.52
2022-02-19,USA-Vizag,Panamax,3M,31.18
2022-02-19,USA-Vizag,Panamax,6M,32.13
2022-02-19,USA-Vizag,Panamax,1Y,32.17
2022-02-19,USA-Vizag,Capesize,1M,33.62
2022-02-19,USA-Vizag,Capesize,3M,34.8
2022-02-19,USA-Vizag,Capesize,6M,34.43
2022-02-19,USA-Vizag,Capesize,1Y,35.1
2022-02-19,USA-Dhamra,Panamax,1M,33.57
2022-02-19,USA-Dhamra,Panamax,3M,32.8
2022-02-19,USA-Dhamra,Panamax,6M,32.98
2022-02-19,USA-Dhamra,Panamax,1Y,33.67
2022-02-19,USA-Dhamra,Capesize,1M,31.55
2022-02-19,USA-Dhamra,Capesize,3M,32.23
2022-02-19,USA-Dhamra,Capesize,6M,31.95
2022-02-19,USA-Dhamra,Capesize,1Y,33.59
2022-02-19,USA-Gangavaram,Panamax,1M,30.46
2022-02-19,USA-Gangavaram,Panamax,3M,30.7
2022-02-19,USA-Gangavaram,Panamax,6M,30.99
2022-02-19,USA-Gangavaram,Panamax,1Y,31.38
2022-02-19,USA-Gangavaram,Capesize,1M,35.14
2022-02-19,USA-Gangavaram,Capesize,3M,34.58
2022-02-19,USA-Gangavaram,Capesize,6M,34.51
2022-02-19,USA-Gangavaram,Capesize,1Y,35.06
2022-02-19,USA-Gopalpur,Panamax,1M,32.91
2022-02-19,USA-Gopalpur,Panamax,3M,33.45
2022-02-19,USA-Gopalpur,Panamax,6M,33.23
2022-02-19,USA-Gopalpur,Panamax,1Y,33.91
2022-02-19,USA-Gopalpur,Capesize,1M,36.48
2022-02-19,USA-Gopalpur,Capesize,3M,35.95
2022-02-19,USA-Gopalpur,Capesize,6M,36.28
2022-02-19,USA-Gopalpur,Capesize,1Y,37.34
2022-02-19,USA-Haldia,Panamax,1M,31.41
2022-02-19,USA-Haldia,Panamax,3M,31.5
2022-02-19,USA-Haldia,Panamax,6M,32.02
2022-02-19,USA-Haldia,Panamax,1Y,32.87
2022-02-19,USA-Haldia,Capesize,1M,32.67
2022-02-19,USA-Haldia,Capesize,3M,33.37
2022-02-19,USA-Haldia,Capesize,6M,34.45
2022-02-19,USA-Haldia,Capesize,1Y,33.9
2022-03-21,Australia-Paradip,Panamax,1M,16.11
2022-03-21,Australia-Paradip,Panamax,3M,16.65
2022-03-21,Australia-Paradip,Panamax,6M,16.08
2022-03-21,Australia-Paradip,Panamax,1Y,17.05
2022-03-21,Australia-Paradip,Capesize,1M,17.29
2022-03-21,Australia-Paradip,Capesize,3M,17.66
2022-03-21,Australia-Paradip,Capesize,6M,17.5
2022-03-21,Australia-Paradip,Capesize,1Y,17.77
2022-03-21,Australia-Vizag,Panamax,1M,16.14
2022-03-21,Australia-Vizag,Panamax,3M,16.76
2022-03-21,Australia-Vizag,Panamax,6M,16.61
2022-03-21,Australia-Vizag,Panamax,1Y,17.26
2022-03-21,Australia-Vizag,Capesize,1M,14.66
2022-03-21,Australia-Vizag,Capesize,3M,14.44
2022-03-21,Australia-Vizag,Capesize,6M,14.77
2022-03-21,Australia-Vizag,Capesize,1Y,14.83
2022-03-21,Australia-Dhamra,Panamax,1M,17.87
2022-03-21,Australia-Dhamra,Panamax,3M,18.97
2022-03-21,Australia-Dhamra,Panamax,6M,18.86
2022-03-21,Australia-Dhamra,Panamax,1Y,19.3
2022-03-21,Australia-Dhamra,Capesize,1M,17.29
2022-03-21,Australia-Dhamra,Capesize,3M,17.75
2022-03-21,Australia-Dhamra,Capesize,6M,17.11
2022-03-21,Australia-Dhamra,Capesize,1Y,17.73
2022-03-21,Australia-Gangavaram,Panamax,1M,17.36
2022-03-21,Australia-Gangavaram,Panamax,3M,17.32
2022-03-21,Australia-Gangavaram,Panamax,6M,17.7
2022-03-21,Australia-Gangavaram,Panamax,1Y,18.59
2022-03-21,Australia-Gangavaram,Capesize,1M,15.09
2022-03-21,Australia-Gangavaram,Capesize,3M,15.09
2022-03-21,Australia-Gangavaram,Capesize,6M,15.43
2022-03-21,Australia-Gangavaram,Capesize,1Y,15.85
2022-03-21,Australia-Gopalpur,Panamax,1M,18.64
2022-03-21,Australia-Gopalpur,Panamax,3M,19.08
2022-03-21,Australia-Gopalpur,Panamax,6M,18.92
2022-03-21,Australia-Gopalpur,Panamax,1Y,19.12
2022-03-21,Australia-Gopalpur,Capesize,1M,16.68
2022-03-21,Australia-Gopalpur,Capesize,3M,17.61
2022-03-21,Australia-Gopalpur,Capesize,6M,17.14
2022-03-21,Australia-Gopalpur,Capesize,1Y,17.76
2022-03-21,Australia-Haldia,Panamax,1M,15.15
2022-03-21,Australia-Haldia,Panamax,3M,15.16
2022-03-21,Australia-Haldia,Panamax,6M,15.55
2022-03-21,Australia-Haldia,Panamax,1Y,15.7
2022-03-21,Australia-Haldia,Capesize,1M,16.55
2022-03-21,Australia-Haldia,Capesize,3M,16.46
2022-03-21,Australia-Haldia,Capesize,6M,16.6
2022-03-21,Australia-Haldia,Capesize,1Y,17.15
2022-03-21,Indonesia-Paradip,Panamax,1M,9.73
2022-03-21,Indonesia-Paradip,Panamax,3M,9.59
2022-03-21,Indonesia-Paradip,Panamax,6M,9.84
2022-03-21,Indonesia-Paradip,Panamax,1Y,10.13
2022-03-21,Indonesia-Paradip,Capesize,1M,12.21
2022-03-21,Indonesia-Paradip,Capesize,3M,12.42
2022-03-21,Indonesia-Paradip,Capesize,6M,12.93
2022-03-21,Indonesia-Paradip,Capesize,1Y,12.82
2022-03-21,Indonesia-Vizag,Panamax,1M,11.52
2022-03-21,Indonesia-Vizag,Panamax,3M,12.3
2022-03-21,Indonesia-Vizag,Panamax,6M,12.12
2022-03-21,Indonesia-Vizag,Panamax,1Y,12.03
2022-03-21,Indonesia-Vizag,Capesize,1M,10.82
2022-03-21,Indonesia-Vizag,Capesize,3M,11.1
2022-03-21,Indonesia-Vizag,Capesize,6M,11.51
2022-03-21,Indonesia-Vizag,Capesize,1Y,11.16
2022-03-21,Indonesia-Dhamra,Panamax,1M,10.39
2022-03-21,Indonesia-Dhamra,Panamax,3M,10.52
2022-03-21,Indonesia-Dhamra,Panamax,6M,10.7
2022-03-21,Indonesia-Dhamra,Panamax,1Y,11.19
2022-03-21,Indonesia-Dhamra,Capesize,1M,10.1
2022-03-21,Indonesia-Dhamra,Capesize,3M,10.4
2022-03-21,Indonesia-Dhamra,Capesize,6M,10.36
2022-03-21,Indonesia-Dhamra,Capesize,1Y,10.66
2022-03-21,Indonesia-Gangavaram,Panamax,1M,10.93
2022-03-21,Indonesia-Gangavaram,Panamax,3M,11.08
2022-03-21,Indonesia-Gangavaram,Panamax,6M,11.14
2022-03-21,Indonesia-Gangavaram,Panamax,1Y,11.35
2022-03-21,Indonesia-Gangavaram,Capesize,1M,10.02
2022-03-21,Indonesia-Gangavaram,Capesize,3M,10.41
2022-03-21,Indonesia-Gangavaram,Capesize,6M,10.2
2022-03-21,Indonesia-Gangavaram,Capesize,1Y,10.61
2022-03-21,Indonesia-Gopalpur,Panamax,1M,10.36
2022-03-21,Indonesia-Gopalpur,Panamax,3M,10.76
2022-03-21,Indonesia-Gopalpur,Panamax,6M,10.59
2022-03-21,Indonesia-Gopalpur,Panamax,1Y,11.13
2022-03-21,Indonesia-Gopalpur,Capesize,1M,11.25
2022-03-21,Indonesia-Gopalpur,Capesize,3M,11.67
2022-03-21,Indonesia-Gopalpur,Capesize,6M,11.73
2022-03-21,Indonesia-Gopalpur,Capesize,1Y,11.94
2022-03-21,Indonesia-Haldia,Panamax,1M,10.65
2022-03-21,Indonesia-Haldia,Panamax,3M,10.81
2022-03-21,Indonesia-Haldia,Panamax,6M,10.77
2022-03-21,Indonesia-Haldia,Panamax,1Y,11.04
2022-03-21,Indonesia-Haldia,Capesize,1M,9.6
2022-03-21,Indonesia-Haldia,Capesize,3M,9.61
2022-03-21,Indonesia-Haldia,Capesize,6M,9.57
2022-03-21,Indonesia-Haldia,Capesize,1Y,10.02
2022-03-21,Russia-Paradip,Panamax,1M,23.54
2022-03-21,Russia-Paradip,Panamax,3M,24.61
2022-03-21,Russia-Paradip,Panamax,6M,24.22
2022-03-21,Russia-Paradip,Panamax,1Y,24.41
2022-03-21,Russia-Paradip,Capesize,1M,20.59
2022-03-21,Russia-Paradip,Capesize,3M,20.82
2022-03-21,Russia-Paradip,Capesize,6M,20.79
2022-03-21,Russia-Paradip,Capesize,1Y,22.1
2022-03-21,Russia-Vizag,Panamax,1M,21.12
2022-03-21,Russia-Vizag,Panamax,3M,21.7
2022-03-21,Russia-Vizag,Panamax,6M,21.64
2022-03-21,Russia-Vizag,Panamax,1Y,22.58
2022-03-21,Russia-Vizag,Capesize,1M,23.9
2022-03-21,Russia-Vizag,Capesize,3M,24.86
2022-03-21,Russia-Vizag,Capesize,6M,24.65
2022-03-21,Russia-Vizag,Capesize,1Y,25.68
2022-03-21,Russia-Dhamra,Panamax,1M,20.46
2022-03-21,Russia-Dhamra,Panamax,3M,20.89
2022-03-21,Russia-Dhamra,Panamax,6M,21.06
2022-03-21,Russia-Dhamra,Panamax,1Y,20.9
2022-03-21,Russia-Dhamra,Capesize,1M,20.78
2022-03-21,Russia-Dhamra,Capesize,3M,21.02
2022-03-21,Russia-Dhamra,Capesize,6M,21.08
2022-03-21,Russia-Dhamra,Capesize,1Y,21.85
2022-03-21,Russia-Gangavaram,Panamax,1M,22.01
2022-03-21,Russia-Gangavaram,Panamax,3M,21.76
2022-03-21,Russia-Gangavaram,Panamax,6M,22.72
2022-03-21,Russia-Gangavaram,Panamax,1Y,22.67
2022-03-21,Russia-Gangavaram,Capesize,1M,20.73
2022-03-21,Russia-Gangavaram,Capesize,3M,21.07
2022-03-21,Russia-Gangavaram,Capesize,6M,21.27
2022-03-21,Russia-Gangavaram,Capesize,1Y,22.08
2022-03-21,Russia-Gopalpur,Panamax,1M,24.82
2022-03-21,Russia-Gopalpur,Panamax,3M,24.21
2022-03-21,Russia-Gopalpur,Panamax,6M,24.84
2022-03-21,Russia-Gopalpur,Panamax,1Y,24.95
2022-03-21,Russia-Gopalpur,Capesize,1M,21.22
2022-03-21,Russia-Gopalpur,Capesize,3M,20.88
2022-03-21,Russia-Gopalpur,Capesize,6M,21.23
2022-03-21,Russia-Gopalpur,Capesize,1Y,21.19
2022-03-21,Russia-Haldia,Panamax,1M,25.41
2022-03-21,Russia-Haldia,Panamax,3M,26.24
2022-03-21,Russia-Haldia,Panamax,6M,25.94
2022-03-21,Russia-Haldia,Panamax,1Y,26.39
2022-03-21,Russia-Haldia,Capesize,1M,21.96
2022-03-21,Russia-Haldia,Capesize,3M,21.97
2022-03-21,Russia-Haldia,Capesize,6M,22.38
2022-03-21,Russia-Haldia,Capesize,1Y,22.42
2022-03-21,Mozambique-Paradip,Panamax,1M,19.7
2022-03-21,Mozambique-Paradip,Panamax,3M,19.11
2022-03-21,Mozambique-Paradip,Panamax,6M,19.64
2022-03-21,Mozambique-Paradip,Panamax,1Y,20.05
2022-03-21,Mozambique-Paradip,Capesize,1M,18.0
2022-03-21,Mozambique-Paradip,Capesize,3M,17.92
2022-03-21,Mozambique-Paradip,Capesize,6M,18.51
2022-03-21,Mozambique-Paradip,Capesize,1Y,19.24
2022-03-21,Mozambique-Vizag,Panamax,1M,19.71
2022-03-21,Mozambique-Vizag,Panamax,3M,20.08
2022-03-21,Mozambique-Vizag,Panamax,6M,20.14
2022-03-21,Mozambique-Vizag,Panamax,1Y,20.79
2022-03-21,Mozambique-Vizag,Capesize,1M,19.78
2022-03-21,Mozambique-Vizag,Capesize,3M,19.29
2022-03-21,Mozambique-Vizag,Capesize,6M,20.13
2022-03-21,Mozambique-Vizag,Capesize,1Y,20.51
2022-03-21,Mozambique-Dhamra,Panamax,1M,20.38
2022-03-21,Mozambique-Dhamra,Panamax,3M,20.57
2022-03-21,Mozambique-Dhamra,Panamax,6M,20.38
2022-03-21,Mozambique-Dhamra,Panamax,1Y,20.72
2022-03-21,Mozambique-Dhamra,Capesize,1M,18.06
2022-03-21,Mozambique-Dhamra,Capesize,3M,18.01
2022-03-21,Mozambique-Dhamra,Capesize,6M,17.88
2022-03-21,Mozambique-Dhamra,Capesize,1Y,18.95
2022-03-21,Mozambique-Gangavaram,Panamax,1M,22.15
2022-03-21,Mozambique-Gangavaram,Panamax,3M,21.76
2022-03-21,Mozambique-Gangavaram,Panamax,6M,22.77
2022-03-21,Mozambique-Gangavaram,Panamax,1Y,23.36
2022-03-21,Mozambique-Gangavaram,Capesize,1M,20.93
2022-03-21,Mozambique-Gangavaram,Capesize,3M,21.67
2022-03-21,Mozambique-Gangavaram,Capesize,6M,21.62
2022-03-21,Mozambique-Gangavaram,Capesize,1Y,22.71
2022-03-21,Mozambique-Gopalpur,Panamax,1M,23.17
2022-03-21,Mozambique-Gopalpur,Panamax,3M,23.48
2022-03-21,Mozambique-Gopalpur,Panamax,6M,23.25
2022-03-21,Mozambique-Gopalpur,Panamax,1Y,23.3
2022-03-21,Mozambique-Gopalpur,Capesize,1M,22.08
2022-03-21,Mozambique-Gopalpur,Capesize,3M,22.05
2022-03-21,Mozambique-Gopalpur,Capesize,6M,22.61
2022-03-21,Mozambique-Gopalpur,Capesize,1Y,23.55
2022-03-21,Mozambique-Haldia,Panamax,1M,21.22
2022-03-21,Mozambique-Haldia,Panamax,3M,20.82
2022-03-21,Mozambique-Haldia,Panamax,6M,21.07
2022-03-21,Mozambique-Haldia,Panamax,1Y,22.05
2022-03-21,Mozambique-Haldia,Capesize,1M,18.87
2022-03-21,Mozambique-Haldia,Capesize,3M,19.32
2022-03-21,Mozambique-Haldia,Capesize,6M,19.65
2022-03-21,Mozambique-Haldia,Capesize,1Y,19.69
2022-03-21,USA-Paradip,Panamax,1M,30.09
2022-03-21,USA-Paradip,Panamax,3M,31.02
2022-03-21,USA-Paradip,Panamax,6M,29.93
2022-03-21,USA-Paradip,Panamax,1Y,31.48
2022-03-21,USA-Paradip,Capesize,1M,27.7
2022-03-21,USA-Paradip,Capesize,3M,30.17
2022-03-21,USA-Paradip,Capesize,6M,29.32
2022-03-21,USA-Paradip,Capesize,1Y,29.6
2022-03-21,USA-Vizag,Panamax,1M,33.04
2022-03-21,USA-Vizag,Panamax,3M,32.5
2022-03-21,USA-Vizag,Panamax,6M,34.07
2022-03-21,USA-Vizag,Panamax,1Y,34.84
2022-03-21,USA-Vizag,Capesize,1M,28.82
2022-03-21,USA-Vizag,Capesize,3M,28.6
2022-03-21,USA-Vizag,Capesize,6M,28.67
2022-03-21,USA-Vizag,Capesize,1Y,29.73
2022-03-21,USA-Dhamra,Panamax,1M,31.29
2022-03-21,USA-Dhamra,Panamax,3M,31.05
2022-03-21,USA-Dhamra,Panamax,6M,32.35
2022-03-21,USA-Dhamra,Panamax,1Y,32.1
2022-03-21,USA-Dhamra,Capesize,1M,34.46
2022-03-21,USA-Dhamra,Capesize,3M,34.85
2022-03-21,USA-Dhamra,Capesize,6M,33.86
2022-03-21,USA-Dhamra,Capesize,1Y,34.49
2022-03-21,USA-Gangavaram,Panamax,1M,32.85
2022-03-21,USA-Gangavaram,Panamax,3M,33.3
2022-03-21,USA-Gangavaram,Panamax,6M,33.68
2022-03-21,USA-Gangavaram,Panamax,1Y,34.05
2022-03-21,USA-Gangavaram,Capesize,1M,31.7
2022-03-21,USA-Gangavaram,Capesize,3M,31.72
2022-03-21,USA-Gangavaram,Capesize,6M,32.79
2022-03-21,USA-Gangavaram,Capesize,1Y,32.45
2022-03-21,USA-Gopalpur,Panamax,1M,33.84
2022-03-21,USA-Gopalpur,Panamax,3M,34.62
2022-03-21,USA-Gopalpur,Panamax,6M,34.76
2022-03-21,USA-Gopalpur,Panamax,1Y,36.56
2022-03-21,USA-Gopalpur,Capesize,1M,33.15
2022-03-21,USA-Gopalpur,Capesize,3M,33.43
2022-03-21,USA-Gopalpur,Capesize,6M,34.24
2022-03-21,USA-Gopalpur,Capesize,1Y,34.6
2022-03-21,USA-Haldia,Panamax,1M,31.76
2022-03-21,USA-Haldia,Panamax,3M,32.15
2022-03-21,USA-Haldia,Panamax,6M,31.39
2022-03-21,USA-Haldia,Panamax,1Y,32.51
2022-03-21,USA-Haldia,Capesize,1M,36.53
2022-03-21,USA-Haldia,Capesize,3M,35.32
2022-03-21,USA-Haldia,Capesize,6M,36.29
2022-03-21,USA-Haldia,Capesize,1Y,36.08
2022-04-20,Australia-Paradip,Panamax,1M,16.55
2022-04-20,Australia-Paradip,Panamax,3M,17.23
2022-04-20,Australia-Paradip,Panamax,6M,16.86
2022-04-20,Australia-Paradip,Panamax,1Y,17.41
2022-04-20,Australia-Paradip,Capesize,1M,16.05
2022-04-20,Australia-Paradip,Capesize,3M,16.22
2022-04-20,Australia-Paradip,Capesize,6M,16.34
2022-04-20,Australia-Paradip,Capesize,1Y,16.49
2022-04-20,Australia-Vizag,Panamax,1M,19.34
2022-04-20,Australia-Vizag,Panamax,3M,19.1
2022-04-20,Australia-Vizag,Panamax,6M,20.45
2022-04-20,Australia-Vizag,Panamax,1Y,20.06
2022-04-20,Australia-Vizag,Capesize,1M,16.33
2022-04-20,Australia-Vizag,Capesize,3M,16.71
2022-04-20,Australia-Vizag,Capesize,6M,16.97
2022-04-20,Australia-Vizag,Capesize,1Y,17.36
2022-04-20,Australia-Dhamra,Panamax,1M,15.97
2022-04-20,Australia-Dhamra,Panamax,3M,16.15
2022-04-20,Australia-Dhamra,Panamax,6M,16.68
2022-04-20,Australia-Dhamra,Panamax,1Y,16.99
2022-04-20,Australia-Dhamra,Capesize,1M,13.91
2022-04-20,Australia-Dhamra,Capesize,3M,14.31
2022-04-20,Australia-Dhamra,Capesize,6M,14.58
2022-04-20,Australia-Dhamra,Capesize,1Y,15.23
2022-04-20,Australia-Gangavaram,Panamax,1M,17.83
2022-04-20,Australia-Gangavaram,Panamax,3M,17.57
2022-04-20,Australia-Gangavaram,Panamax,6M,17.59
2022-04-20,Australia-Gangavaram,Panamax,1Y,17.92
2022-04-20,Australia-Gangavaram,Capesize,1M,16.08
2022-04-20,Australia-Gangavaram,Capesize,3M,16.17
2022-04-20,Australia-Gangavaram,Capesize,6M,16.46
2022-04-20,Australia-Gangavaram,Capesize,1Y,16.57
2022-04-20,Australia-Gopalpur,Panamax,1M,14.6
2022-04-20,Australia-Gopalpur,Panamax,3M,14.84
2022-04-20,Australia-Gopalpur,Panamax,6M,14.96
2022-04-20,Australia-Gopalpur,Panamax,1Y,15.35
2022-04-20,Australia-Gopalpur,Capesize,1M,15.86
2022-04-20,Australia-Gopalpur,Capesize,3M,16.12
2022-04-20,Australia-Gopalpur,Capesize,6M,16.37
2022-04-20,Australia-Gopalpur,Capesize,1Y,16.36
2022-04-20,Australia-Haldia,Panamax,1M,15.51
2022-04-20,Australia-Haldia,Panamax,3M,15.39
2022-04-20,Australia-Haldia,Panamax,6M,15.45
2022-04-20,Australia-Haldia,Panamax,1Y,15.76
2022-04-20,Australia-Haldia,Capesize,1M,15.51
2022-04-20,Australia-Haldia,Capesize,3M,15.43
2022-04-20,Australia-Haldia,Capesize,6M,15.98
2022-04-20,Australia-Haldia,Capesize,1Y,16.24
2022-04-20,Indonesia-Paradip,Panamax,1M,8.85
2022-04-20,Indonesia-Paradip,Panamax,3M,8.93
2022-04-20,Indonesia-Paradip,Panamax,6M,9.06
2022-04-20,Indonesia-Paradip,Panamax,1Y,9.1
2022-04-20,Indonesia-Paradip,Capesize,1M,9.09
2022-04-20,Indonesia-Paradip,Capesize,3M,9.28
2022-04-20,Indonesia-Paradip,Capesize,6M,9.15
2022-04-20,Indonesia-Paradip,Capesize,1Y,9.4
2022-04-20,Indonesia-Vizag,Panamax,1M,8.9
2022-04-20,Indonesia-Vizag,Panamax,3M,9.02
2022-04-20,Indonesia-Vizag,Panamax,6M,9.21
2022-04-20,Indonesia-Vizag,Panamax,1Y,9.32
2022-04-20,Indonesia-Vizag,Capesize,1M,10.4
2022-04-20,Indonesia-Vizag,Capesize,3M,10.71
2022-04-20,Indonesia-Vizag,Capesize,6M,10.7
2022-04-20,Indonesia-Vizag,Capesize,1Y,11.11
2022-04-20,Indonesia-Dhamra,Panamax,1M,12.04
2022-04-20,Indonesia-Dhamra,Panamax,3M,11.9
2022-04-20,Indonesia-Dhamra,Panamax,6M,12.09
2022-04-20,Indonesia-Dhamra,Panamax,1Y,12.48
2022-04-20,Indonesia-Dhamra,Capesize,1M,11.63
2022-04-20,Indonesia-Dhamra,Capesize,3M,11.53
2022-04-20,Indonesia-Dhamra,Capesize,6M,11.69
2022-04-20,Indonesia-Dhamra,Capesize,1Y,11.94
2022-04-20,Indonesia-Gangavaram,Panamax,1M,12.09
2022-04-20,Indonesia-Gangavaram,Panamax,3M,12.37
2022-04-20,Indonesia-Gangavaram,Panamax,6M,13.01
2022-04-20,Indonesia-Gangavaram,Panamax,1Y,12.94
2022-04-20,Indonesia-Gangavaram,Capesize,1M,12.08
2022-04-20,Indonesia-Gangavaram,Capesize,3M,12.34
2022-04-20,Indonesia-Gangavaram,Capesize,6M,12.44
2022-04-20,Indonesia-Gangavaram,Capesize,1Y,12.98
2022-04-20,Indonesia-Gopalpur,Panamax,1M,12.18
2022-04-20,Indonesia-Gopalpur,Panamax,3M,12.21
2022-04-20,Indonesia-Gopalpur,Panamax,6M,12.45
2022-04-20,Indonesia-Gopalpur,Panamax,1Y,12.87
2022-04-20,Indonesia-Gopalpur,Capesize,1M,11.34
2022-04-20,Indonesia-Gopalpur,Capesize,3M,11.45
2022-04-20,Indonesia-Gopalpur,Capesize,6M,11.54
2022-04-20,Indonesia-Gopalpur,Capesize,1Y,11.5
2022-04-20,Indonesia-Haldia,Panamax,1M,10.15
2022-04-20,Indonesia-Haldia,Panamax,3M,10.52
2022-04-20,Indonesia-Haldia,Panamax,6M,10.41
2022-04-20,Indonesia-Haldia,Panamax,1Y,10.58
2022-04-20,Indonesia-Haldia,Capesize,1M,8.56
2022-04-20,Indonesia-Haldia,Capesize,3M,8.76
2022-04-20,Indonesia-Haldia,Capesize,6M,8.7
2022-04-20,Indonesia-Haldia,Capesize,1Y,9.0
2022-04-20,Russia-Paradip,Panamax,1M,24.18
2022-04-20,Russia-Paradip,Panamax,3M,24.27
2022-04-20,Russia-Paradip,Panamax,6M,24.63
2022-04-20,Russia-Paradip,Panamax,1Y,25.0
2022-04-20,Russia-Paradip,Capesize,1M,20.73
2022-04-20,Russia-Paradip,Capesize,3M,21.37
2022-04-20,Russia-Paradip,Capesize,6M,21.27
2022-04-20,Russia-Paradip,Capesize,1Y,22.21
2022-04-20,Russia-Vizag,Panamax,1M,18.41
2022-04-20,Russia-Vizag,Panamax,3M,18.23
2022-04-20,Russia-Vizag,Panamax,6M,19.04
2022-04-20,Russia-Vizag,Panamax,1Y,19.27
2022-04-20,Russia-Vizag,Capesize,1M,20.98
2022-04-20,Russia-Vizag,Capesize,3M,20.51
2022-04-20,Russia-Vizag,Capesize,6M,20.7
2022-04-20,Russia-Vizag,Capesize,1Y,21.79
2022-04-20,Russia-Dhamra,Panamax,1M,18.7
2022-04-20,Russia-Dhamra,Panamax,3M,19.16
2022-04-20,Russia-Dhamra,Panamax,6M,18.95
2022-04-20,Russia-Dhamra,Panamax,1Y,19.85
2022-04-20,Russia-Dhamra,Capesize,1M,22.75
2022-04-20,Russia-Dhamra,Capesize,3M,23.17
2022-04-20,Russia-Dhamra,Capesize,6M,23.12
2022-04-20,Russia-Dhamra,Capesize,1Y,23.55
2022-04-20,Russia-Gangavaram,Panamax,1M,22.31
2022-04-20,Russia-Gangavaram,Panamax,3M,23.31
2022-04-20,Russia-Gangavaram,Panamax,6M,23.24
2022-04-20,Russia-Gangavaram,Panamax,1Y,23.66
2022-04-20,Russia-Gangavaram,Capesize,1M,23.17
2022-04-20,Russia-Gangavaram,Capesize,3M,23.78
2022-04-20,Russia-Gangavaram,Capesize,6M,24.54
2022-04-20,Russia-Gangavaram,Capesize,1Y,24.44
2022-04-20,Russia-Gopalpur,Panamax,1M,21.37
2022-04-20,Russia-Gopalpur,Panamax,3M,21.81
2022-04-20,Russia-Gopalpur,Panamax,6M,22.42
2022-04-20,Russia-Gopalpur,Panamax,1Y,22.74
2022-04-20,Russia-Gopalpur,Capesize,1M,23.14
2022-04-20,Russia-Gopalpur,Capesize,3M,23.89
2022-04-20,Russia-Gopalpur,Capesize,6M,23.73
2022-04-20,Russia-Gopalpur,Capesize,1Y,24.15
2022-04-20,Russia-Haldia,Panamax,1M,25.87
2022-04-20,Russia-Haldia,Panamax,3M,25.42
2022-04-20,Russia-Haldia,Panamax,6M,26.0
2022-04-20,Russia-Haldia,Panamax,1Y,26.9
2022-04-20,Russia-Haldia,Capesize,1M,20.51
2022-04-20,Russia-Haldia,Capesize,3M,20.06
2022-04-20,Russia-Haldia,Capesize,6M,21.04
2022-04-20,Russia-Haldia,Capesize,1Y,20.81
2022-04-20,Mozambique-Paradip,Panamax,1M,18.79
2022-04-20,Mozambique-Paradip,Panamax,3M,19.39
2022-04-20,Mozambique-Paradip,Panamax,6M,19.32
2022-04-20,Mozambique-Paradip,Panamax,1Y,19.03
2022-04-20,Mozambique-Paradip,Capesize,1M,18.12
2022-04-20,Mozambique-Paradip,Capesize,3M,18.15
2022-04-20,Mozambique-Paradip,Capesize,6M,18.43
2022-04-20,Mozambique-Paradip,Capesize,1Y,18.9
2022-04-20,Mozambique-Vizag,Panamax,1M,18.71
2022-04-20,Mozambique-Vizag,Panamax,3M,19.47
2022-04-20,Mozambique-Vizag,Panamax,6M,19.03
2022-04-20,Mozambique-Vizag,Panamax,1Y,19.67
2022-04-20,Mozambique-Vizag,Capesize,1M,18.09
2022-04-20,Mozambique-Vizag,Capesize,3M,18.27
2022-04-20,Mozambique-Vizag,Capesize,6M,18.42
2022-04-20,Mozambique-Vizag,Capesize,1Y,18.71
2022-04-20,Mozambique-Dhamra,Panamax,1M,19.59
2022-04-20,Mozambique-Dhamra,Panamax,3M,19.9
2022-04-20,Mozambique-Dhamra,Panamax,6M,20.25
2022-04-20,Mozambique-Dhamra,Panamax,1Y,20.36
2022-04-20,Mozambique-Dhamra,Capesize,1M,21.62
2022-04-20,Mozambique-Dhamra,Capesize,3M,20.85
2022-04-20,Mozambique-Dhamra,Capesize,6M,21.47
2022-04-20,Mozambique-Dhamra,Capesize,1Y,21.62
2022-04-20,Mozambique-Gangavaram,Panamax,1M,21.77
2022-04-20,Mozambique-Gangavaram,Panamax,3M,22.07
2022-04-20,Mozambique-Gangavaram,Panamax,6M,22.36
2022-04-20,Mozambique-Gangavaram,Panamax,1Y,22.0
2022-04-20,Mozambique-Gangavaram,Capesize,1M,18.25
2022-04-20,Mozambique-Gangavaram,Capesize,3M,18.88
2022-04-20,Mozambique-Gangavaram,Capesize,6M,18.54
2022-04-20,Mozambique-Gangavaram,Capesize,1Y,18.73
2022-04-20,Mozambique-Gopalpur,Panamax,1M,20.01
2022-04-20,Mozambique-Gopalpur,Panamax,3M,20.5
2022-04-20,Mozambique-Gopalpur,Panamax,6M,20.41
2022-04-20,Mozambique-Gopalpur,Panamax,1Y,21.51
2022-04-20,Mozambique-Gopalpur,Capesize,1M,18.04
2022-04-20,Mozambique-Gopalpur,Capesize,3M,18.49
2022-04-20,Mozambique-Gopalpur,Capesize,6M,19.29
2022-04-20,Mozambique-Gopalpur,Capesize,1Y,19.25
2022-04-20,Mozambique-Haldia,Panamax,1M,19.29
2022-04-20,Mozambique-Haldia,Panamax,3M,19.45
2022-04-20,Mozambique-Haldia,Panamax,6M,19.73
2022-04-20,Mozambique-Haldia,Panamax,1Y,20.1
2022-04-20,Mozambique-Haldia,Capesize,1M,21.26
2022-04-20,Mozambique-Haldia,Capesize,3M,21.04
2022-04-20,Mozambique-Haldia,Capesize,6M,21.47
2022-04-20,Mozambique-Haldia,Capesize,1Y,21.86
2022-04-20,USA-Paradip,Panamax,1M,30.47
2022-04-20,USA-Paradip,Panamax,3M,31.06
2022-04-20,USA-Paradip,Panamax,6M,30.92
2022-04-20,USA-Paradip,Panamax,1Y,31.1
2022-04-20,USA-Paradip,Capesize,1M,32.97
2022-04-20,USA-Paradip,Capesize,3M,32.48
2022-04-20,USA-Paradip,Capesize,6M,32.35
2022-04-20,USA-Paradip,Capesize,1Y,33.43
2022-04-20,USA-Vizag,Panamax,1M,33.07
2022-04-20,USA-Vizag,Panamax,3M,32.83
2022-04-20,USA-Vizag,Panamax,6M,33.74
2022-04-20,USA-Vizag,Panamax,1Y,34.13
2022-04-20,USA-Vizag,Capesize,1M,28.63
2022-04-20,USA-Vizag,Capesize,3M,28.17
2022-04-20,USA-Vizag,Capesize,6M,28.84
2022-04-20,USA-Vizag,Capesize,1Y,29.32
2022-04-20,USA-Dhamra,Panamax,1M,34.93
2022-04-20,USA-Dhamra,Panamax,3M,34.78
2022-04-20,USA-Dhamra,Panamax,6M,34.95
2022-04-20,USA-Dhamra,Panamax,1Y,35.61
2022-04-20,USA-Dhamra,Capesize,1M,38.08
2022-04-20,USA-Dhamra,Capesize,3M,37.06
2022-04-20,USA-Dhamra,Capesize,6M,38.48
2022-04-20,USA-Dhamra,Capesize,1Y,38.98
2022-04-20,USA-Gangavaram,Panamax,1M,27.9
2022-04-20,USA-Gangavaram,Panamax,3M,26.93
2022-04-20,USA-Gangavaram,Panamax,6M,27.96
2022-04-20,USA-Gangavaram,Panamax,1Y,28.51
2022-04-20,USA-Gangavaram,Capesize,1M,33.7
2022-04-20,USA-Gangavaram,Capesize,3M,33.93
2022-04-20,USA-Gangavaram,Capesize,6M,33.4
2022-04-20,USA-Gangavaram,Capesize,1Y,34.47
2022-04-20,USA-Gopalpur,Panamax,1M,34.58
2022-04-20,USA-Gopalpur,Panamax,3M,35.41
2022-04-20,USA-Gopalpur,Panamax,6M,36.15
2022-04-20,USA-Gopalpur,Panamax,1Y,37.36
2022-04-20,USA-Gopalpur,Capesize,1M,33.81
2022-04-20,USA-Gopalpur,Capesize,3M,35.56
2022-04-20,USA-Gopalpur,Capesize,6M,34.56
2022-04-20,USA-Gopalpur,Capesize,1Y,35.08
2022-04-20,USA-Haldia,Panamax,1M,34.33
2022-04-20,USA-Haldia,Panamax,3M,35.31
2022-04-20,USA-Haldia,Panamax,6M,34.58
2022-04-20,USA-Haldia,Panamax,1Y,35.07
2022-04-20,USA-Haldia,Capesize,1M,31.26
2022-04-20,USA-Haldia,Capesize,3M,31.69
2022-04-20,USA-Haldia,Capesize,6M,31.75
2022-04-20,USA-Haldia,Capesize,1Y,32.38
2022-05-20,Australia-Paradip,Panamax,1M,15.41
2022-05-20,Australia-Paradip,Panamax,3M,15.48
2022-05-20,Australia-Paradip,Panamax,6M,16.1
2022-05-20,Australia-Paradip,Panamax,1Y,15.82
2022-05-20,Australia-Paradip,Capesize,1M,18.77
2022-05-20,Australia-Paradip,Capesize,3M,18.86
2022-05-20,Australia-Paradip,Capesize,6M,18.83
2022-05-20,Australia-Paradip,Capesize,1Y,19.41
2022-05-20,Australia-Vizag,Panamax,1M,18.47
2022-05-20,Australia-Vizag,Panamax,3M,18.9
2022-05-20,Australia-Vizag,Panamax,6M,18.51
2022-05-20,Australia-Vizag,Panamax,1Y,19.48
2022-05-20,Australia-Vizag,Capesize,1M,14.34
2022-05-20,Australia-Vizag,Capesize,3M,14.46
2022-05-20,Australia-Vizag,Capesize,6M,15.14
2022-05-20,Australia-Vizag,Capesize,1Y,14.9
2022-05-20,Australia-Dhamra,Panamax,1M,17.37
2022-05-20,Australia-Dhamra,Panamax,3M,17.51
2022-05-20,Australia-Dhamra,Panamax,6M,18.18
2022-05-20,Australia-Dhamra,Panamax,1Y,18.44
2022-05-20,Australia-Dhamra,Capesize,1M,15.81
2022-05-20,Australia-Dhamra,Capesize,3M,15.69
2022-05-20,Australia-Dhamra,Capesize,6M,15.89
2022-05-20,Australia-Dhamra,Capesize,1Y,16.08
2022-05-20,Australia-Gangavaram,Panamax,1M,16.57
2022-05-20,Australia-Gangavaram,Panamax,3M,16.83
2022-05-20,Australia-Gangavaram,Panamax,6M,16.44
2022-05-20,Australia-Gangavaram,Panamax,1Y,16.78
2022-05-20,Australia-Gangavaram,Capesize,1M,16.75
2022-05-20,Australia-Gangavaram,Capesize,3M,17.06
2022-05-20,Australia-Gangavaram,Capesize,6M,16.91
2022-05-20,Australia-Gangavaram,Capesize,1Y,17.66
2022-05-20,Australia-Gopalpur,Panamax,1M,15.99
2022-05-20,Australia-Gopalpur,Panamax,3M,15.36
2022-05-20,Australia-Gopalpur,Panamax,6M,16.17
2022-05-20,Australia-Gopalpur,Panamax,1Y,16.53
2022-05-20,Australia-Gopalpur,Capesize,1M,18.16
2022-05-20,Australia-Gopalpur,Capesize,3M,18.08
2022-05-20,Australia-Gopalpur,Capesize,6M,19.01
2022-05-20,Australia-Gopalpur,Capesize,1Y,19.15
2022-05-20,Australia-Haldia,Panamax,1M,18.02
2022-05-20,Australia-Haldia,Panamax,3M,18.58
2022-05-20,Australia-Haldia,Panamax,6M,18.32
2022-05-20,Australia-Haldia,Panamax,1Y,18.81
2022-05-20,Australia-Haldia,Capesize,1M,16.45
2022-05-20,Australia-Haldia,Capesize,3M,16.26
2022-05-20,Australia-Haldia,Capesize,6M,17.12
2022-05-20,Australia-Haldia,Capesize,1Y,17.37
2022-05-20,Indonesia-Paradip,Panamax,1M,11.75
2022-05-20,Indonesia-Paradip,Panamax,3M,11.88
2022-05-20,Indonesia-Paradip,Panamax,6M,12.2
2022-05-20,Indonesia-Paradip,Panamax,1Y,12.25
2022-05-20,Indonesia-Paradip,Capesize,1M,9.2
2022-05-20,Indonesia-Paradip,Capesize,3M,9.55
2022-05-20,Indonesia-Paradip,Capesize,6M,9.24
2022-05-20,Indonesia-Paradip,Capesize,1Y,9.62
2022-05-20,Indonesia-Vizag,Panamax,1M,9.71
2022-05-20,Indonesia-Vizag,Panamax,3M,10.07
2022-05-20,Indonesia-Vizag,Panamax,6M,10.07
2022-05-20,Indonesia-Vizag,Panamax,1Y,10.32
2022-05-20,Indonesia-Vizag,Capesize,1M,8.93
2022-05-20,Indonesia-Vizag,Capesize,3M,9.07
2022-05-20,Indonesia-Vizag,Capesize,6M,9.19
2022-05-20,Indonesia-Vizag,Capesize,1Y,9.48
2022-05-20,Indonesia-Dhamra,Panamax,1M,9.84
2022-05-20,Indonesia-Dhamra,Panamax,3M,9.8
2022-05-20,Indonesia-Dhamra,Panamax,6M,9.96
2022-05-20,Indonesia-Dhamra,Panamax,1Y,10.39
2022-05-20,Indonesia-Dhamra,Capesize,1M,9.05
2022-05-20,Indonesia-Dhamra,Capesize,3M,9.23
2022-05-20,Indonesia-Dhamra,Capesize,6M,9.05
2022-05-20,Indonesia-Dhamra,Capesize,1Y,9.58
2022-05-20,Indonesia-Gangavaram,Panamax,1M,9.09
2022-05-20,Indonesia-Gangavaram,Panamax,3M,9.38
2022-05-20,Indonesia-Gangavaram,Panamax,6M,9.12
2022-05-20,Indonesia-Gangavaram,Panamax,1Y,9.35
2022-05-20,Indonesia-Gangavaram,Capesize,1M,9.09
2022-05-20,Indonesia-Gangavaram,Capesize,3M,9.56
2022-05-20,Indonesia-Gangavaram,Capesize,6M,9.61
2022-05-20,Indonesia-Gangavaram,Capesize,1Y,9.81
2022-05-20,Indonesia-Gopalpur,Panamax,1M,12.72
2022-05-20,Indonesia-Gopalpur,Panamax,3M,12.92
2022-05-20,Indonesia-Gopalpur,Panamax,6M,12.96
2022-05-20,Indonesia-Gopalpur,Panamax,1Y,13.28
2022-05-20,Indonesia-Gopalpur,Capesize,1M,9.76
2022-05-20,Indonesia-Gopalpur,Capesize,3M,9.94
2022-05-20,Indonesia-Gopalpur,Capesize,6M,10.29
2022-05-20,Indonesia-Gopalpur,Capesize,1Y,10.22
2022-05-20,Indonesia-Haldia,Panamax,1M,11.53
2022-05-20,Indonesia-Haldia,Panamax,3M,11.27
2022-05-20,Indonesia-Haldia,Panamax,6M,11.17
2022-05-20,Indonesia-Haldia,Panamax,1Y,11.58
2022-05-20,Indonesia-Haldia,Capesize,1M,9.18
2022-05-20,Indonesia-Haldia,Capesize,3M,9.19
2022-05-20,Indonesia-Haldia,Capesize,6M,9.38
2022-05-20,Indonesia-Haldia,Capesize,1Y,9.56
2022-05-20,Russia-Paradip,Panamax,1M,22.63
2022-05-20,Russia-Paradip,Panamax,3M,21.87
2022-05-20,Russia-Paradip,Panamax,6M,23.02
2022-05-20,Russia-Paradip,Panamax,1Y,22.72
2022-05-20,Russia-Paradip,Capesize,1M,22.91
2022-05-20,Russia-Paradip,Capesize,3M,22.92
2022-05-20,Russia-Paradip,Capesize,6M,23.45
2022-05-20,Russia-Paradip,Capesize,1Y,23.54
2022-05-20,Russia-Vizag,Panamax,1M,25.28
2022-05-20,Russia-Vizag,Panamax,3M,25.17
2022-05-20,Russia-Vizag,Panamax,6M,25.96
2022-05-20,Russia-Vizag,Panamax,1Y,26.28
2022-05-20,Russia-Vizag,Capesize,1M,26.22
2022-05-20,Russia-Vizag,Capesize,3M,27.31
2022-05-20,Russia-Vizag,Capesize,6M,27.03
2022-05-20,Russia-Vizag,Capesize,1Y,27.83
2022-05-20,Russia-Dhamra,Panamax,1M,24.93
2022-05-20,Russia-Dhamra,Panamax,3M,25.78
2022-05-20,Russia-Dhamra,Panamax,6M,26.02
2022-05-20,Russia-Dhamra,Panamax,1Y,26.57
2022-05-20,Russia-Dhamra,Capesize,1M,22.71
2022-05-20,Russia-Dhamra,Capesize,3M,22.4
2022-05-20,Russia-Dhamra,Capesize,6M,22.96
2022-05-20,Russia-Dhamra,Capesize,1Y,23.36
2022-05-20,Russia-Gangavaram,Panamax,1M,23.63
2022-05-20,Russia-Gangavaram,Panamax,3M,23.42
2022-05-20,Russia-Gangavaram,Panamax,6M,24.16
2022-05-20,Russia-Gangavaram,Panamax,1Y,24.49
2022-05-20,Russia-Gangavaram,Capesize,1M,23.48
2022-05-20,Russia-Gangavaram,Capesize,3M,24.33
2022-05-20,Russia-Gangavaram,Capesize,6M,24.17
2022-05-20,Russia-Gangavaram,Capesize,1Y,25.02
2022-05-20,Russia-Gopalpur,Panamax,1M,23.74
2022-05-20,Russia-Gopalpur,Panamax,3M,23.82
2022-05-20,Russia-Gopalpur,Panamax,6M,24.19
2022-05-20,Russia-Gopalpur,Panamax,1Y,23.92
2022-05-20,Russia-Gopalpur,Capesize,1M,20.16
2022-05-20,Russia-Gopalpur,Capesize,3M,19.75
2022-05-20,Russia-Gopalpur,Capesize,6M,20.83
2022-05-20,Russia-Gopalpur,Capesize,1Y,21.01
2022-05-20,Russia-Haldia,Panamax,1M,21.1
2022-05-20,Russia-Haldia,Panamax,3M,21.47
2022-05-20,Russia-Haldia,Panamax,6M,22.33
2022-05-20,Russia-Haldia,Panamax,1Y,22.35
2022-05-20,Russia-Haldia,Capesize,1M,21.87
2022-05-20,Russia-Haldia,Capesize,3M,22.81
2022-05-20,Russia-Haldia,Capesize,6M,22.8
2022-05-20,Russia-Haldia,Capesize,1Y,23.26
2022-05-20,Mozambique-Paradip,Panamax,1M,22.74
2022-05-20,Mozambique-Paradip,Panamax,3M,22.79
2022-05-20,Mozambique-Paradip,Panamax,6M,23.02
2022-05-20,Mozambique-Paradip,Panamax,1Y,23.21
2022-05-20,Mozambique-Paradip,Capesize,1M,22.78
2022-05-20,Mozambique-Paradip,Capesize,3M,23.23
2022-05-20,Mozambique-Paradip,Capesize,6M,23.35
2022-05-20,Mozambique-Paradip,Capesize,1Y,23.61
2022-05-20,Mozambique-Vizag,Panamax,1M,21.32
2022-05-20,Mozambique-Vizag,Panamax,3M,21.92
2022-05-20,Mozambique-Vizag,Panamax,6M,22.12
2022-05-20,Mozambique-Vizag,Panamax,1Y,22.51
2022-05-20,Mozambique-Vizag,Capesize,1M,21.05
2022-05-20,Mozambique-Vizag,Capesize,3M,21.92
2022-05-20,Mozambique-Vizag,Capesize,6M,21.96
2022-05-20,Mozambique-Vizag,Capesize,1Y,22.54
2022-05-20,Mozambique-Dhamra,Panamax,1M,17.95
2022-05-20,Mozambique-Dhamra,Panamax,3M,18.33
2022-05-20,Mozambique-Dhamra,Panamax,6M,19.51
2022-05-20,Mozambique-Dhamra,Panamax,1Y,19.37
2022-05-20,Mozambique-Dhamra,Capesize,1M,22.1
2022-05-20,Mozambique-Dhamra,Capesize,3M,22.86
2022-05-20,Mozambique-Dhamra,Capesize,6M,22.58
2022-05-20,Mozambique-Dhamra,Capesize,1Y,23.44
2022-05-20,Mozambique-Gangavaram,Panamax,1M,18.9
2022-05-20,Mozambique-Gangavaram,Panamax,3M,19.11
2022-05-20,Mozambique-Gangavaram,Panamax,6M,19.21
2022-05-20,Mozambique-Gangavaram,Panamax,1Y,19.41
2022-05-20,Mozambique-Gangavaram,Capesize,1M,21.01
2022-05-20,Mozambique-Gangavaram,Capesize,3M,21.64
2022-05-20,Mozambique-Gangavaram,Capesize,6M,21.72
2022-05-20,Mozambique-Gangavaram,Capesize,1Y,20.8
2022-05-20,Mozambique-Gopalpur,Panamax,1M,18.96
2022-05-20,Mozambique-Gopalpur,Panamax,3M,19.75
2022-05-20,Mozambique-Gopalpur,Panamax,6M,19.87
2022-05-20,Mozambique-Gopalpur,Panamax,1Y,19.5
2022-05-20,Mozambique-Gopalpur,Capesize,1M,20.28
2022-05-20,Mozambique-Gopalpur,Capesize,3M,20.4
2022-05-20,Mozambique-Gopalpur,Capesize,6M,20.68
2022-05-20,Mozambique-Gopalpur,Capesize,1Y,21.32
2022-05-20,Mozambique-Haldia,Panamax,1M,19.46
2022-05-20,Mozambique-Haldia,Panamax,3M,18.85
2022-05-20,Mozambique-Haldia,Panamax,6M,19.4
2022-05-20,Mozambique-Haldia,Panamax,1Y,19.83
2022-05-20,Mozambique-Haldia,Capesize,1M,20.35
2022-05-20,Mozambique-Haldia,Capesize,3M,19.61
2022-05-20,Mozambique-Haldia,Capesize,6M,20.64
2022-05-20,Mozambique-Haldia,Capesize,1Y,21.15
2022-05-20,USA-Paradip,Panamax,1M,29.84
2022-05-20,USA-Paradip,Panamax,3M,30.66
2022-05-20,USA-Paradip,Panamax,6M,29.74
2022-05-20,USA-Paradip,Panamax,1Y,31.07
2022-05-20,USA-Paradip,Capesize,1M,31.36
2022-05-20,USA-Paradip,Capesize,3M,31.4
2022-05-20,USA-Paradip,Capesize,6M,31.22
2022-05-20,USA-Paradip,Capesize,1Y,32.69
2022-05-20,USA-Vizag,Panamax,1M,34.75
2022-05-20,USA-Vizag,Panamax,3M,35.57
2022-05-20,USA-Vizag,Panamax,6M,34.44
2022-05-20,USA-Vizag,Panamax,1Y,36.99
2022-05-20,USA-Vizag,Capesize,1M,33.5
2022-05-20,USA-Vizag,Capesize,3M,33.45
2022-05-20,USA-Vizag,Capesize,6M,33.68
2022-05-20,USA-Vizag,Capesize,1Y,33.65
2022-05-20,USA-Dhamra,Panamax,1M,32.69
2022-05-20,USA-Dhamra,Panamax,3M,35.39
2022-05-20,USA-Dhamra,Panamax,6M,35.35
2022-05-20,USA-Dhamra,Panamax,1Y,35.21
2022-05-20,USA-Dhamra,Capesize,1M,34.36
2022-05-20,USA-Dhamra,Capesize,3M,34.49
2022-05-20,USA-Dhamra,Capesize,6M,35.82
2022-05-20,USA-Dhamra,Capesize,1Y,35.0
2022-05-20,USA-Gangavaram,Panamax,1M,36.47
2022-05-20,USA-Gangavaram,Panamax,3M,37.92
2022-05-20,USA-Gangavaram,Panamax,6M,37.68
2022-05-20,USA-Gangavaram,Panamax,1Y,38.72
2022-05-20,USA-Gangavaram,Capesize,1M,29.87
2022-05-20,USA-Gangavaram,Capesize,3M,30.32
2022-05-20,USA-Gangavaram,Capesize,6M,30.67
2022-05-20,USA-Gangavaram,Capesize,1Y,31.36
2022-05-20,USA-Gopalpur,Panamax,1M,38.18
2022-05-20,USA-Gopalpur,Panamax,3M,38.38
2022-05-20,USA-Gopalpur,Panamax,6M,38.26
2022-05-20,USA-Gopalpur,Panamax,1Y,38.97
2022-05-20,USA-Gopalpur,Capesize,1M,32.81
2022-05-20,USA-Gopalpur,Capesize,3M,32.74
2022-05-20,USA-Gopalpur,Capesize,6M,34.89
2022-05-20,USA-Gopalpur,Capesize,1Y,33.58
2022-05-20,USA-Haldia,Panamax,1M,33.16
2022-05-20,USA-Haldia,Panamax,3M,33.31
2022-05-20,USA-Haldia,Panamax,6M,33.82
2022-05-20,USA-Haldia,Panamax,1Y,34.2
2022-05-20,USA-Haldia,Capesize,1M,36.34
2022-05-20,USA-Haldia,Capesize,3M,35.94
2022-05-20,USA-Haldia,Capesize,6M,35.16
2022-05-20,USA-Haldia,Capesize,1Y,37.37
2022-06-19,Australia-Paradip,Panamax,1M,17.27
2022-06-19,Australia-Paradip,Panamax,3M,16.94
2022-06-19,Australia-Paradip,Panamax,6M,17.15
2022-06-19,Australia-Paradip,Panamax,1Y,18.02
2022-06-19,Australia-Paradip,Capesize,1M,15.76
2022-06-19,Australia-Paradip,Capesize,3M,15.71
2022-06-19,Australia-Paradip,Capesize,6M,16.25
2022-06-19,Australia-Paradip,Capesize,1Y,16.27
2022-06-19,Australia-Vizag,Panamax,1M,16.18
2022-06-19,Australia-Vizag,Panamax,3M,15.81
2022-06-19,Australia-Vizag,Panamax,6M,15.74
2022-06-19,Australia-Vizag,Panamax,1Y,16.28
2022-06-19,Australia-Vizag,Capesize,1M,14.97
2022-06-19,Australia-Vizag,Capesize,3M,14.23
2022-06-19,Australia-Vizag,Capesize,6M,14.91
2022-06-19,Australia-Vizag,Capesize,1Y,15.02
2022-06-19,Australia-Dhamra,Panamax,1M,14.12
2022-06-19,Australia-Dhamra,Panamax,3M,14.71
2022-06-19,Australia-Dhamra,Panamax,6M,14.54
2022-06-19,Australia-Dhamra,Panamax,1Y,15.09
2022-06-19,Australia-Dhamra,Capesize,1M,15.66
2022-06-19,Australia-Dhamra,Capesize,3M,16.02
2022-06-19,Australia-Dhamra,Capesize,6M,16.16
2022-06-19,Australia-Dhamra,Capesize,1Y,16.24
2022-06-19,Australia-Gangavaram,Panamax,1M,17.15
2022-06-19,Australia-Gangavaram,Panamax,3M,17.41
2022-06-19,Australia-Gangavaram,Panamax,6M,17.31
2022-06-19,Australia-Gangavaram,Panamax,1Y,18.02
2022-06-19,Australia-Gangavaram,Capesize,1M,18.47
2022-06-19,Australia-Gangavaram,Capesize,3M,18.52
2022-06-19,Australia-Gangavaram,Capesize,6M,18.6
2022-06-19,Australia-Gangavaram,Capesize,1Y,19.07
2022-06-19,Australia-Gopalpur,Panamax,1M,15.68
2022-06-19,Australia-Gopalpur,Panamax,3M,15.82
2022-06-19,Australia-Gopalpur,Panamax,6M,15.86
2022-06-19,Australia-Gopalpur,Panamax,1Y,16.49
2022-06-19,Australia-Gopalpur,Capesize,1M,16.02
2022-06-19,Australia-Gopalpur,Capesize,3M,15.75
2022-06-19,Australia-Gopalpur,Capesize,6M,16.3
2022-06-19,Australia-Gopalpur,Capesize,1Y,16.42
2022-06-19,Australia-Haldia,Panamax,1M,16.19
2022-06-19,Australia-Haldia,Panamax,3M,16.25
2022-06-19,Australia-Haldia,Panamax,6M,16.29
2022-06-19,Australia-Haldia,Panamax,1Y,16.38
2022-06-19,Australia-Haldia,Capesize,1M,15.92
2022-06-19,Australia-Haldia,Capesize,3M,16.04
2022-06-19,Australia-Haldia,Capesize,6M,16.36
2022-06-19,Australia-Haldia,Capesize,1Y,17.03
2022-06-19,Indonesia-Paradip,Panamax,1M,9.76
2022-06-19,Indonesia-Paradip,Panamax,3M,9.73
2022-06-19,Indonesia-Paradip,Panamax,6M,9.74
2022-06-19,Indonesia-Paradip,Panamax,1Y,9.99
2022-06-19,Indonesia-Paradip,Capesize,1M,11.55
2022-06-19,Indonesia-Paradip,Capesize,3M,11.79
2022-06-19,Indonesia-Paradip,Capesize,6M,12.24
2022-06-19,Indonesia-Paradip,Capesize,1Y,12.43
2022-06-19,Indonesia-Vizag,Panamax,1M,10.35
2022-06-19,Indonesia-Vizag,Panamax,3M,10.07
2022-06-19,Indonesia-Vizag,Panamax,6M,10.38
2022-06-19,Indonesia-Vizag,Panamax,1Y,10.7
2022-06-19,Indonesia-Vizag,Capesize,1M,8.83
2022-06-19,Indonesia-Vizag,Capesize,3M,9.12
2022-06-19,Indonesia-Vizag,Capesize,6M,9.11
2022-06-19,Indonesia-Vizag,Capesize,1Y,9.17
2022-06-19,Indonesia-Dhamra,Panamax,1M,12.22
2022-06-19,Indonesia-Dhamra,Panamax,3M,12.01
2022-06-19,Indonesia-Dhamra,Panamax,6M,12.41
2022-06-19,Indonesia-Dhamra,Panamax,1Y,12.42
2022-06-19,Indonesia-Dhamra,Capesize,1M,9.88
2022-06-19,Indonesia-Dhamra,Capesize,3M,9.98
2022-06-19,Indonesia-Dhamra,Capesize,6M,9.87
2022-06-19,Indonesia-Dhamra,Capesize,1Y,9.91
2022-06-19,Indonesia-Gangavaram,Panamax,1M,8.0
2022-06-19,Indonesia-Gangavaram,Panamax,3M,8.41
2022-06-19,Indonesia-Gangavaram,Panamax,6M,8.3
2022-06-19,Indonesia-Gangavaram,Panamax,1Y,8.82
2022-06-19,Indonesia-Gangavaram,Capesize,1M,10.31
2022-06-19,Indonesia-Gangavaram,Capesize,3M,10.27
2022-06-19,Indonesia-Gangavaram,Capesize,6M,10.46
2022-06-19,Indonesia-Gangavaram,Capesize,1Y,10.76
2022-06-19,Indonesia-Gopalpur,Panamax,1M,12.57
2022-06-19,Indonesia-Gopalpur,Panamax,3M,12.85
2022-06-19,Indonesia-Gopalpur,Panamax,6M,13.15
2022-06-19,Indonesia-Gopalpur,Panamax,1Y,12.92
2022-06-19,Indonesia-Gopalpur,Capesize,1M,10.42
2022-06-19,Indonesia-Gopalpur,Capesize,3M,10.94
2022-06-19,Indonesia-Gopalpur,Capesize,6M,10.62
2022-06-19,Indonesia-Gopalpur,Capesize,1Y,10.92
2022-06-19,Indonesia-Haldia,Panamax,1M,9.87
2022-06-19,Indonesia-Haldia,Panamax,3M,9.71
2022-06-19,Indonesia-Haldia,Panamax,6M,10.1
2022-06-19,Indonesia-Haldia,Panamax,1Y,9.98
2022-06-19,Indonesia-Haldia,Capesize,1M,9.47
2022-06-19,Indonesia-Haldia,Capesize,3M,9.64
2022-06-19,Indonesia-Haldia,Capesize,6M,9.92
2022-06-19,Indonesia-Haldia,Capesize,1Y,10.19
2022-06-19,Russia-Paradip,Panamax,1M,24.64
2022-06-19,Russia-Paradip,Panamax,3M,23.78
2022-06-19,Russia-Paradip,Panamax,6M,25.59
2022-06-19,Russia-Paradip,Panamax,1Y,25.64
2022-06-19,Russia-Paradip,Capesize,1M,23.06
2022-06-19,Russia-Paradip,Capesize,3M,23.2
2022-06-19,Russia-Paradip,Capesize,6M,23.52
2022-06-19,Russia-Paradip,Capesize,1Y,24.12
2022-06-19,Russia-Vizag,Panamax,1M,19.38
2022-06-19,Russia-Vizag,Panamax,3M,19.92
2022-06-19,Russia-Vizag,Panamax,6M,20.22
2022-06-19,Russia-Vizag,Panamax,1Y,20.87
2022-06-19,Russia-Vizag,Capesize,1M,24.49
2022-06-19,Russia-Vizag,Capesize,3M,25.18
2022-06-19,Russia-Vizag,Capesize,6M,25.96
2022-06-19,Russia-Vizag,Capesize,1Y,25.46
2022-06-19,Russia-Dhamra,Panamax,1M,20.14
2022-06-19,Russia-Dhamra,Panamax,3M,20.89
2022-06-19,Russia-Dhamra,Panamax,6M,20.97
2022-06-19,Russia-Dhamra,Panamax,1Y,21.21
2022-06-19,Russia-Dhamra,Capesize,1M,22.3
2022-06-19,Russia-Dhamra,Capesize,3M,21.92
2022-06-19,Russia-Dhamra,Capesize,6M,22.8
2022-06-19,Russia-Dhamra,Capesize,1Y,23.4
2022-06-19,Russia-Gangavaram,Panamax,1M,21.07
2022-06-19,Russia-Gangavaram,Panamax,3M,22.02
2022-06-19,Russia-Gangavaram,Panamax,6M,21.4
2022-06-19,Russia-Gangavaram,Panamax,1Y,21.82
2022-06-19,Russia-Gangavaram,Capesize,1M,23.04
2022-06-19,Russia-Gangavaram,Capesize,3M,22.47
2022-06-19,Russia-Gangavaram,Capesize,6M,23.27
2022-06-19,Russia-Gangavaram,Capesize,1Y,23.14
2022-06-19,Russia-Gopalpur,Panamax,1M,19.29
2022-06-19,Russia-Gopalpur,Panamax,3M,19.5
2022-06-19,Russia-Gopalpur,Panamax,6M,20.43
2022-06-19,Russia-Gopalpur,Panamax,1Y,20.2
2022-06-19,Russia-Gopalpur,Capesize,1M,21.32
2022-06-19,Russia-Gopalpur,Capesize,3M,21.47
2022-06-19,Russia-Gopalpur,Capesize,6M,21.7
2022-06-19,Russia-Gopalpur,Capesize,1Y,22.68
2022-06-19,Russia-Haldia,Panamax,1M,21.01
2022-06-19,Russia-Haldia,Panamax,3M,21.29
2022-06-19,Russia-Haldia,Panamax,6M,21.4
2022-06-19,Russia-Haldia,Panamax,1Y,21.9
2022-06-19,Russia-Haldia,Capesize,1M,18.85
2022-06-19,Russia-Haldia,Capesize,3M,19.56
2022-06-19,Russia-Haldia,Capesize,6M,19.34
2022-06-19,Russia-Haldia,Capesize,1Y,19.86
2022-06-19,Mozambique-Paradip,Panamax,1M,23.23
2022-06-19,Mozambique-Paradip,Panamax,3M,23.33
2022-06-19,Mozambique-Paradip,Panamax,6M,22.84
2022-06-19,Mozambique-Paradip,Panamax,1Y,23.5
2022-06-19,Mozambique-Paradip,Capesize,1M,23.8
2022-06-19,Mozambique-Paradip,Capesize,3M,23.37
2022-06-19,Mozambique-Paradip,Capesize,6M,24.17
2022-06-19,Mozambique-Paradip,Capesize,1Y,23.83
2022-06-19,Mozambique-Vizag,Panamax,1M,20.88
2022-06-19,Mozambique-Vizag,Panamax,3M,20.45
2022-06-19,Mozambique-Vizag,Panamax,6M,21.14
2022-06-19,Mozambique-Vizag,Panamax,1Y,22.13
2022-06-19,Mozambique-Vizag,Capesize,1M,17.66
2022-06-19,Mozambique-Vizag,Capesize,3M,18.17
2022-06-19,Mozambique-Vizag,Capesize,6M,18.44
2022-06-19,Mozambique-Vizag,Capesize,1Y,18.91
2022-06-19,Mozambique-Dhamra,Panamax,1M,21.86
2022-06-19,Mozambique-Dhamra,Panamax,3M,21.51
2022-06-19,Mozambique-Dhamra,Panamax,6M,23.06
2022-06-19,Mozambique-Dhamra,Panamax,1Y,22.93
2022-06-19,Mozambique-Dhamra,Capesize,1M,18.55
2022-06-19,Mozambique-Dhamra,Capesize,3M,18.37
2022-06-19,Mozambique-Dhamra,Capesize,6M,18.17
2022-06-19,Mozambique-Dhamra,Capesize,1Y,18.58
2022-06-19,Mozambique-Gangavaram,Panamax,1M,17.49
2022-06-19,Mozambique-Gangavaram,Panamax,3M,17.43
2022-06-19,Mozambique-Gangavaram,Panamax,6M,19.0
2022-06-19,Mozambique-Gangavaram,Panamax,1Y,18.26
2022-06-19,Mozambique-Gangavaram,Capesize,1M,23.07
2022-06-19,Mozambique-Gangavaram,Capesize,3M,23.76
2022-06-19,Mozambique-Gangavaram,Capesize,6M,23.38
2022-06-19,Mozambique-Gangavaram,Capesize,1Y,24.07
2022-06-19,Mozambique-Gopalpur,Panamax,1M,19.99
2022-06-19,Mozambique-Gopalpur,Panamax,3M,19.98
2022-06-19,Mozambique-Gopalpur,Panamax,6M,20.57
2022-06-19,Mozambique-Gopalpur,Panamax,1Y,20.5
2022-06-19,Mozambique-Gopalpur,Capesize,1M,20.97
2022-06-19,Mozambique-Gopalpur,Capesize,3M,21.09
2022-06-19,Mozambique-Gopalpur,Capesize,6M,21.77
2022-06-19,Mozambique-Gopalpur,Capesize,1Y,22.43
2022-06-19,Mozambique-Haldia,Panamax,1M,20.74
2022-06-19,Mozambique-Haldia,Panamax,3M,21.05
2022-06-19,Mozambique-Haldia,Panamax,6M,22.1
2022-06-19,Mozambique-Haldia,Panamax,1Y,21.43
2022-06-19,Mozambique-Haldia,Capesize,1M,20.39
2022-06-19,Mozambique-Haldia,Capesize,3M,20.32
2022-06-19,Mozambique-Haldia,Capesize,6M,20.37
2022-06-19,Mozambique-Haldia,Capesize,1Y,20.85
2022-06-19,USA-Paradip,Panamax,1M,33.5
2022-06-19,USA-Paradip,Panamax,3M,33.63
2022-06-19,USA-Paradip,Panamax,6M,34.24
2022-06-19,USA-Paradip,Panamax,1Y,34.7
2022-06-19,USA-Paradip,Capesize,1M,29.92
2022-06-19,USA-Paradip,Capesize,3M,29.53
2022-06-19,USA-Paradip,Capesize,6M,30.17
2022-06-19,USA-Paradip,Capesize,1Y,30.28
2022-06-19,USA-Vizag,Panamax,1M,35.18
2022-06-19,USA-Vizag,Panamax,3M,36.68
2022-06-19,USA-Vizag,Panamax,6M,36.12
2022-06-19,USA-Vizag,Panamax,1Y,37.28
2022-06-19,USA-Vizag,Capesize,1M,32.82
2022-06-19,USA-Vizag,Capesize,3M,32.74
2022-06-19,USA-Vizag,Capesize,6M,32.62
2022-06-19,USA-Vizag,Capesize,1Y,34.95
2022-06-19,USA-Dhamra,Panamax,1M,32.42
2022-06-19,USA-Dhamra,Panamax,3M,32.53
2022-06-19,USA-Dhamra,Panamax,6M,32.61
2022-06-19,USA-Dhamra,Panamax,1Y,33.29
2022-06-19,USA-Dhamra,Capesize,1M,30.12
2022-06-19,USA-Dhamra,Capesize,3M,29.92
2022-06-19,USA-Dhamra,Capesize,6M,30.57
2022-06-19,USA-Dhamra,Capesize,1Y,31.1
2022-06-19,USA-Gangavaram,Panamax,1M,33.08
2022-06-19,USA-Gangavaram,Panamax,3M,33.4
2022-06-19,USA-Gangavaram,Panamax,6M,33.91
2022-06-19,USA-Gangavaram,Panamax,1Y,34.07
2022-06-19,USA-Gangavaram,Capesize,1M,31.5
2022-06-19,USA-Gangavaram,Capesize,3M,31.82
2022-06-19,USA-Gangavaram,Capesize,6M,32.13
2022-06-19,USA-Gangavaram,Capesize,1Y,32.69
2022-06-19,USA-Gopalpur,Panamax,1M,29.67
2022-06-19,USA-Gopalpur,Panamax,3M,30.77
2022-06-19,USA-Gopalpur,Panamax,6M,31.55
2022-06-19,USA-Gopalpur,Panamax,1Y,31.0
2022-06-19,USA-Gopalpur,Capesize,1M,33.52
2022-06-19,USA-Gopalpur,Capesize,3M,34.66
2022-06-19,USA-Gopalpur,Capesize,6M,33.03
2022-06-19,USA-Gopalpur,Capesize,1Y,34.94
2022-06-19,USA-Haldia,Panamax,1M,30.71
2022-06-19,USA-Haldia,Panamax,3M,31.49
2022-06-19,USA-Haldia,Panamax,6M,31.95
2022-06-19,USA-Haldia,Panamax,1Y,31.98
2022-06-19,USA-Haldia,Capesize,1M,32.7
2022-06-19,USA-Haldia,Capesize,3M,32.22
2022-06-19,USA-Haldia,Capesize,6M,32.4
2022-06-19,USA-Haldia,Capesize,1Y,34.16
2022-07-19,Australia-Paradip,Panamax,1M,18.77
2022-07-19,Australia-Paradip,Panamax,3M,19.13
2022-07-19,Australia-Paradip,Panamax,6M,18.82
2022-07-19,Australia-Paradip,Panamax,1Y,19.44
2022-07-19,Australia-Paradip,Capesize,1M,16.19
2022-07-19,Australia-Paradip,Capesize,3M,17.28
2022-07-19,Australia-Paradip,Capesize,6M,16.98
2022-07-19,Australia-Paradip,Capesize,1Y,17.53
2022-07-19,Australia-Vizag,Panamax,1M,17.76
2022-07-19,Australia-Vizag,Panamax,3M,18.0
2022-07-19,Australia-Vizag,Panamax,6M,18.23
2022-07-19,Australia-Vizag,Panamax,1Y,18.76
2022-07-19,Australia-Vizag,Capesize,1M,18.46
2022-07-19,Australia-Vizag,Capesize,3M,18.18
2022-07-19,Australia-Vizag,Capesize,6M,18.34
2022-07-19,Australia-Vizag,Capesize,1Y,19.33
2022-07-19,Australia-Dhamra,Panamax,1M,16.53
2022-07-19,Australia-Dhamra,Panamax,3M,16.82
2022-07-19,Australia-Dhamra,Panamax,6M,16.83
2022-07-19,Australia-Dhamra,Panamax,1Y,16.76
2022-07-19,Australia-Dhamra,Capesize,1M,16.19
2022-07-19,Australia-Dhamra,Capesize,3M,15.91
2022-07-19,Australia-Dhamra,Capesize,6M,16.72
2022-07-19,Australia-Dhamra,Capesize,1Y,16.74
2022-07-19,Australia-Gangavaram,Panamax,1M,15.32
2022-07-19,Australia-Gangavaram,Panamax,3M,15.11
2022-07-19,Australia-Gangavaram,Panamax,6M,15.78
2022-07-19,Australia-Gangavaram,Panamax,1Y,15.78
2022-07-19,Australia-Gangavaram,Capesize,1M,15.26
2022-07-19,Australia-Gangavaram,Capesize,3M,15.65
2022-07-19,Australia-Gangavaram,Capesize,6M,15.94
2022-07-19,Australia-Gangavaram,Capesize,1Y,16.05
2022-07-19,Australia-Gopalpur,Panamax,1M,15.96
2022-07-19,Australia-Gopalpur,Panamax,3M,16.15
2022-07-19,Australia-Gopalpur,Panamax,6M,16.2
2022-07-19,Australia-Gopalpur,Panamax,1Y,16.53
2022-07-19,Australia-Gopalpur,Capesize,1M,13.81
2022-07-19,Australia-Gopalpur,Capesize,3M,14.4
2022-07-19,Australia-Gopalpur,Capesize,6M,14.73
2022-07-19,Australia-Gopalpur,Capesize,1Y,14.75
2022-07-19,Australia-Haldia,Panamax,1M,14.71
2022-07-19,Australia-Haldia,Panamax,3M,15.06
2022-07-19,Australia-Haldia,Panamax,6M,15.23
2022-07-19,Australia-Haldia,Panamax,1Y,15.16
2022-07-19,Australia-Haldia,Capesize,1M,18.73
2022-07-19,Australia-Haldia,Capesize,3M,18.62
2022-07-19,Australia-Haldia,Capesize,6M,19.34
2022-07-19,Australia-Haldia,Capesize,1Y,19.75
2022-07-19,Indonesia-Paradip,Panamax,1M,9.85
2022-07-19,Indonesia-Paradip,Panamax,3M,10.03
2022-07-19,Indonesia-Paradip,Panamax,6M,10.13
2022-07-19,Indonesia-Paradip,Panamax,1Y,10.36
2022-07-19,Indonesia-Paradip,Capesize,1M,12.03
2022-07-19,Indonesia-Paradip,Capesize,3M,12.19
2022-07-19,Indonesia-Paradip,Capesize,6M,12.57
2022-07-19,Indonesia-Paradip,Capesize,1Y,12.48
2022-07-19,Indonesia-Vizag,Panamax,1M,11.35
2022-07-19,Indonesia-Vizag,Panamax,3M,11.15
2022-07-19,Indonesia-Vizag,Panamax,6M,11.66
2022-07-19,Indonesia-Vizag,Panamax,1Y,11.76
2022-07-19,Indonesia-Vizag,Capesize,1M,11.06
2022-07-19,Indonesia-Vizag,Capesize,3M,11.34
2022-07-19,Indonesia-Vizag,Capesize,6M,11.23
2022-07-19,Indonesia-Vizag,Capesize,1Y,11.64
2022-07-19,Indonesia-Dhamra,Panamax,1M,9.3
2022-07-19,Indonesia-Dhamra,Panamax,3M,9.52
2022-07-19,Indonesia-Dhamra,Panamax,6M,9.72
2022-07-19,Indonesia-Dhamra,Panamax,1Y,10.08
2022-07-19,Indonesia-Dhamra,Capesize,1M,11.2
2022-07-19,Indonesia-Dhamra,Capesize,3M,10.8
2022-07-19,Indonesia-Dhamra,Capesize,6M,11.2
2022-07-19,Indonesia-Dhamra,Capesize,1Y,11.24
2022-07-19,Indonesia-Gangavaram,Panamax,1M,10.92
2022-07-19,Indonesia-Gangavaram,Panamax,3M,11.22
2022-07-19,Indonesia-Gangavaram,Panamax,6M,10.93
2022-07-19,Indonesia-Gangavaram,Panamax,1Y,11.42
2022-07-19,Indonesia-Gangavaram,Capesize,1M,11.63
2022-07-19,Indonesia-Gangavaram,Capesize,3M,11.34
2022-07-19,Indonesia-Gangavaram,Capesize,6M,11.77
2022-07-19,Indonesia-Gangavaram,Capesize,1Y,11.54
2022-07-19,Indonesia-Gopalpur,Panamax,1M,10.53
2022-07-19,Indonesia-Gopalpur,Panamax,3M,10.22
2022-07-19,Indonesia-Gopalpur,Panamax,6M,10.73
2022-07-19,Indonesia-Gopalpur,Panamax,1Y,10.74
2022-07-19,Indonesia-Gopalpur,Capesize,1M,9.97
2022-07-19,Indonesia-Gopalpur,Capesize,3M,10.0
2022-07-19,Indonesia-Gopalpur,Capesize,6M,10.59
2022-07-19,Indonesia-Gopalpur,Capesize,1Y,10.19
2022-07-19,Indonesia-Haldia,Panamax,1M,8.3
2022-07-19,Indonesia-Haldia,Panamax,3M,8.16
2022-07-19,Indonesia-Haldia,Panamax,6M,8.24
2022-07-19,Indonesia-Haldia,Panamax,1Y,8.29
2022-07-19,Indonesia-Haldia,Capesize,1M,9.79
2022-07-19,Indonesia-Haldia,Capesize,3M,9.9
2022-07-19,Indonesia-Haldia,Capesize,6M,9.68
2022-07-19,Indonesia-Haldia,Capesize,1Y,10.36
2022-07-19,Russia-Paradip,Panamax,1M,23.02
2022-07-19,Russia-Paradip,Panamax,3M,23.46
2022-07-19,Russia-Paradip,Panamax,6M,23.84
2022-07-19,Russia-Paradip,Panamax,1Y,24.04
2022-07-19,Russia-Paradip,Capesize,1M,25.33
2022-07-19,Russia-Paradip,Capesize,3M,26.09
2022-07-19,Russia-Paradip,Capesize,6M,26.12
2022-07-19,Russia-Paradip,Capesize,1Y,26.0
2022-07-19,Russia-Vizag,Panamax,1M,20.1
2022-07-19,Russia-Vizag,Panamax,3M,20.71
2022-07-19,Russia-Vizag,Panamax,6M,20.78
2022-07-19,Russia-Vizag,Panamax,1Y,20.72
2022-07-19,Russia-Vizag,Capesize,1M,24.13
2022-07-19,Russia-Vizag,Capesize,3M,24.46
2022-07-19,Russia-Vizag,Capesize,6M,24.43
2022-07-19,Russia-Vizag,Capesize,1Y,25.0
2022-07-19,Russia-Dhamra,Panamax,1M,22.87
2022-07-19,Russia-Dhamra,Panamax,3M,22.85
2022-07-19,Russia-Dhamra,Panamax,6M,22.71
2022-07-19,Russia-Dhamra,Panamax,1Y,23.87
2022-07-19,Russia-Dhamra,Capesize,1M,19.22
2022-07-19,Russia-Dhamra,Capesize,3M,19.52
2022-07-19,Russia-Dhamra,Capesize,6M,19.9
2022-07-19,Russia-Dhamra,Capesize,1Y,20.05
2022-07-19,Russia-Gangavaram,Panamax,1M,24.55
2022-07-19,Russia-Gangavaram,Panamax,3M,24.38
2022-07-19,Russia-Gangavaram,Panamax,6M,24.6
2022-07-19,Russia-Gangavaram,Panamax,1Y,25.63
2022-07-19,Russia-Gangavaram,Capesize,1M,24.29
2022-07-19,Russia-Gangavaram,Capesize,3M,25.27
2022-07-19,Russia-Gangavaram,Capesize,6M,25.09
2022-07-19,Russia-Gangavaram,Capesize,1Y,25.7
2022-07-19,Russia-Gopalpur,Panamax,1M,25.03
2022-07-19,Russia-Gopalpur,Panamax,3M,25.33
2022-07-19,Russia-Gopalpur,Panamax,6M,24.62
2022-07-19,Russia-Gopalpur,Panamax,1Y,25.95
2022-07-19,Russia-Gopalpur,Capesize,1M,21.32
2022-07-19,Russia-Gopalpur,Capesize,3M,21.26
2022-07-19,Russia-Gopalpur,Capesize,6M,21.58
2022-07-19,Russia-Gopalpur,Capesize,1Y,21.67
2022-07-19,Russia-Haldia,Panamax,1M,21.93
2022-07-19,Russia-Haldia,Panamax,3M,21.55
2022-07-19,Russia-Haldia,Panamax,6M,22.37
2022-07-19,Russia-Haldia,Panamax,1Y,23.13
2022-07-19,Russia-Haldia,Capesize,1M,23.85
2022-07-19,Russia-Haldia,Capesize,3M,23.76
2022-07-19,Russia-Haldia,Capesize,6M,24.33
2022-07-19,Russia-Haldia,Capesize,1Y,23.83
2022-07-19,Mozambique-Paradip,Panamax,1M,20.12
2022-07-19,Mozambique-Paradip,Panamax,3M,20.04
2022-07-19,Mozambique-Paradip,Panamax,6M,20.3
2022-07-19,Mozambique-Paradip,Panamax,1Y,21.06
2022-07-19,Mozambique-Paradip,Capesize,1M,20.18
2022-07-19,Mozambique-Paradip,Capesize,3M,20.5
2022-07-19,Mozambique-Paradip,Capesize,6M,20.05
2022-07-19,Mozambique-Paradip,Capesize,1Y,20.73
2022-07-19,Mozambique-Vizag,Panamax,1M,21.79
2022-07-19,Mozambique-Vizag,Panamax,3M,22.24
2022-07-19,Mozambique-Vizag,Panamax,6M,22.16
2022-07-19,Mozambique-Vizag,Panamax,1Y,22.54
2022-07-19,Mozambique-Vizag,Capesize,1M,19.45
2022-07-19,Mozambique-Vizag,Capesize,3M,19.68
2022-07-19,Mozambique-Vizag,Capesize,6M,20.36
2022-07-19,Mozambique-Vizag,Capesize,1Y,20.52
2022-07-19,Mozambique-Dhamra,Panamax,1M,22.99
2022-07-19,Mozambique-Dhamra,Panamax,3M,22.54
2022-07-19,Mozambique-Dhamra,Panamax,6M,24.07
2022-07-19,Mozambique-Dhamra,Panamax,1Y,24.26
2022-07-19,Mozambique-Dhamra,Capesize,1M,24.17
2022-07-19,Mozambique-Dhamra,Capesize,3M,24.13
2022-07-19,Mozambique-Dhamra,Capesize,6M,23.87
2022-07-19,Mozambique-Dhamra,Capesize,1Y,25.45
2022-07-19,Mozambique-Gangavaram,Panamax,1M,21.01
2022-07-19,Mozambique-Gangavaram,Panamax,3M,21.59
2022-07-19,Mozambique-Gangavaram,Panamax,6M,22.14
2022-07-19,Mozambique-Gangavaram,Panamax,1Y,22.59
2022-07-19,Mozambique-Gangavaram,Capesize,1M,19.23
2022-07-19,Mozambique-Gangavaram,Capesize,3M,20.12
2022-07-19,Mozambique-Gangavaram,Capesize,6M,19.63
2022-07-19,Mozambique-Gangavaram,Capesize,1Y,19.68
2022-07-19,Mozambique-Gopalpur,Panamax,1M,22.98
2022-07-19,Mozambique-Gopalpur,Panamax,3M,23.14
2022-07-19,Mozambique-Gopalpur,Panamax,6M,23.65
2022-07-19,Mozambique-Gopalpur,Panamax,1Y,24.62
2022-07-19,Mozambique-Gopalpur,Capesize,1M,18.87
2022-07-19,Mozambique-Gopalpur,Capesize,3M,17.95
2022-07-19,Mozambique-Gopalpur,Capesize,6M,18.29
2022-07-19,Mozambique-Gopalpur,Capesize,1Y,18.7
2022-07-19,Mozambique-Haldia,Panamax,1M,20.35
2022-07-19,Mozambique-Haldia,Panamax,3M,21.5
2022-07-19,Mozambique-Haldia,Panamax,6M,21.61
2022-07-19,Mozambique-Haldia,Panamax,1Y,21.94
2022-07-19,Mozambique-Haldia,Capesize,1M,23.71
2022-07-19,Mozambique-Haldia,Capesize,3M,24.01
2022-07-19,Mozambique-Haldia,Capesize,6M,24.63
2022-07-19,Mozambique-Haldia,Capesize,1Y,24.51
2022-07-19,USA-Paradip,Panamax,1M,28.82
2022-07-19,USA-Paradip,Panamax,3M,27.9
2022-07-19,USA-Paradip,Panamax,6M,28.58
2022-07-19,USA-Paradip,Panamax,1Y,28.48
2022-07-19,USA-Paradip,Capesize,1M,30.3
2022-07-19,USA-Paradip,Capesize,3M,29.66
2022-07-19,USA-Paradip,Capesize,6M,30.42
2022-07-19,USA-Paradip,Capesize,1Y,30.26
2022-07-19,USA-Vizag,Panamax,1M,32.97
2022-07-19,USA-Vizag,Panamax,3M,33.65
2022-07-19,USA-Vizag,Panamax,6M,33.33
2022-07-19,USA-Vizag,Panamax,1Y,33.39
2022-07-19,USA-Vizag,Capesize,1M,28.03
2022-07-19,USA-Vizag,Capesize,3M,28.22
2022-07-19,USA-Vizag,Capesize,6M,28.36
2022-07-19,USA-Vizag,Capesize,1Y,29.85
2022-07-19,USA-Dhamra,Panamax,1M,31.91
2022-07-19,USA-Dhamra,Panamax,3M,32.12
2022-07-19,USA-Dhamra,Panamax,6M,31.0
2022-07-19,USA-Dhamra,Panamax,1Y,33.03
2022-07-19,USA-Dhamra,Capesize,1M,30.47
2022-07-19,USA-Dhamra,Capesize,3M,29.77
2022-07-19,USA-Dhamra,Capesize,6M,30.91
2022-07-19,USA-Dhamra,Capesize,1Y,31.04
2022-07-19,USA-Gangavaram,Panamax,1M,32.22
2022-07-19,USA-Gangavaram,Panamax,3M,32.9
2022-07-19,USA-Gangavaram,Panamax,6M,32.77
2022-07-19,USA-Gangavaram,Panamax,1Y,33.65
2022-07-19,USA-Gangavaram,Capesize,1M,31.76
2022-07-19,USA-Gangavaram,Capesize,3M,31.69
2022-07-19,USA-Gangavaram,Capesize,6M,33.24
2022-07-19,USA-Gangavaram,Capesize,1Y,32.94
2022-07-19,USA-Gopalpur,Panamax,1M,35.86
2022-07-19,USA-Gopalpur,Panamax,3M,36.6
2022-07-19,USA-Gopalpur,Panamax,6M,36.77
2022-07-19,USA-Gopalpur,Panamax,1Y,37.67
2022-07-19,USA-Gopalpur,Capesize,1M,30.56
2022-07-19,USA-Gopalpur,Capesize,3M,30.03
2022-07-19,USA-Gopalpur,Capesize,6M,30.55
2022-07-19,USA-Gopalpur,Capesize,1Y,31.62
2022-07-19,USA-Haldia,Panamax,1M,29.67
2022-07-19,USA-Haldia,Panamax,3M,30.23
2022-07-19,USA-Haldia,Panamax,6M,31.08
2022-07-19,USA-Haldia,Panamax,1Y,31.68
2022-07-19,USA-Haldia,Capesize,1M,30.35
2022-07-19,USA-Haldia,Capesize,3M,31.59
2022-07-19,USA-Haldia,Capesize,6M,31.56
2022-07-19,USA-Haldia,Capesize,1Y,32.78
2022-08-18,Australia-Paradip,Panamax,1M,16.62
2022-08-18,Australia-Paradip,Panamax,3M,15.63
2022-08-18,Australia-Paradip,Panamax,6M,16.8
2022-08-18,Australia-Paradip,Panamax,1Y,16.93
2022-08-18,Australia-Paradip,Capesize,1M,16.99
2022-08-18,Australia-Paradip,Capesize,3M,17.13
2022-08-18,Australia-Paradip,Capesize,6M,16.96
2022-08-18,Australia-Paradip,Capesize,1Y,17.7
2022-08-18,Australia-Vizag,Panamax,1M,16.66
2022-08-18,Australia-Vizag,Panamax,3M,16.98
2022-08-18,Australia-Vizag,Panamax,6M,17.13
2022-08-18,Australia-Vizag,Panamax,1Y,17.26
2022-08-18,Australia-Vizag,Capesize,1M,14.1
2022-08-18,Australia-Vizag,Capesize,3M,13.8
2022-08-18,Australia-Vizag,Capesize,6M,14.27
2022-08-18,Australia-Vizag,Capesize,1Y,14.2
2022-08-18,Australia-Dhamra,Panamax,1M,14.43
2022-08-18,Australia-Dhamra,Panamax,3M,14.49
2022-08-18,Australia-Dhamra,Panamax,6M,14.88
2022-08-18,Australia-Dhamra,Panamax,1Y,15.19
2022-08-18,Australia-Dhamra,Capesize,1M,14.98
2022-08-18,Australia-Dhamra,Capesize,3M,15.61
2022-08-18,Australia-Dhamra,Capesize,6M,15.58
2022-08-18,Australia-Dhamra,Capesize,1Y,15.6
2022-08-18,Australia-Gangavaram,Panamax,1M,18.18
2022-08-18,Australia-Gangavaram,Panamax,3M,18.36
2022-08-18,Australia-Gangavaram,Panamax,6M,18.15
2022-08-18,Australia-Gangavaram,Panamax,1Y,18.36
2022-08-18,Australia-Gangavaram,Capesize,1M,16.49
2022-08-18,Australia-Gangavaram,Capesize,3M,16.76
2022-08-18,Australia-Gangavaram,Capesize,6M,16.85
2022-08-18,Australia-Gangavaram,Capesize,1Y,17.34
2022-08-18,Australia-Gopalpur,Panamax,1M,15.22
2022-08-18,Australia-Gopalpur,Panamax,3M,15.73
2022-08-18,Australia-Gopalpur,Panamax,6M,15.61
2022-08-18,Australia-Gopalpur,Panamax,1Y,15.78
2022-08-18,Australia-Gopalpur,Capesize,1M,16.2
2022-08-18,Australia-Gopalpur,Capesize,3M,16.41
2022-08-18,Australia-Gopalpur,Capesize,6M,16.53
2022-08-18,Australia-Gopalpur,Capesize,1Y,16.79
2022-08-18,Australia-Haldia,Panamax,1M,15.67
2022-08-18,Australia-Haldia,Panamax,3M,15.98
2022-08-18,Australia-Haldia,Panamax,6M,16.17
2022-08-18,Australia-Haldia,Panamax,1Y,16.02
2022-08-18,Australia-Haldia,Capesize,1M,16.54
2022-08-18,Australia-Haldia,Capesize,3M,17.19
2022-08-18,Australia-Haldia,Capesize,6M,17.27
2022-08-18,Australia-Haldia,Capesize,1Y,17.63
2022-08-18,Indonesia-Paradip,Panamax,1M,10.27
2022-08-18,Indonesia-Paradip,Panamax,3M,10.52
2022-08-18,Indonesia-Paradip,Panamax,6M,10.77
2022-08-18,Indonesia-Paradip,Panamax,1Y,10.83
2022-08-18,Indonesia-Paradip,Capesize,1M,8.46
2022-08-18,Indonesia-Paradip,Capesize,3M,8.4
2022-08-18,Indonesia-Paradip,Capesize,6M,8.95
2022-08-18,Indonesia-Paradip,Capesize,1Y,9.13
2022-08-18,Indonesia-Vizag,Panamax,1M,11.97
2022-08-18,Indonesia-Vizag,Panamax,3M,12.47
2022-08-18,Indonesia-Vizag,Panamax,6M,12.5
2022-08-18,Indonesia-Vizag,Panamax,1Y,12.85
2022-08-18,Indonesia-Vizag,Capesize,1M,8.79
2022-08-18,Indonesia-Vizag,Capesize,3M,9.04
2022-08-18,Indonesia-Vizag,Capesize,6M,9.0
2022-08-18,Indonesia-Vizag,Capesize,1Y,9.21
2022-08-18,Indonesia-Dhamra,Panamax,1M,9.06
2022-08-18,Indonesia-Dhamra,Panamax,3M,9.14
2022-08-18,Indonesia-Dhamra,Panamax,6M,9.18
2022-08-18,Indonesia-Dhamra,Panamax,1Y,9.2
2022-08-18,Indonesia-Dhamra,Capesize,1M,9.06
2022-08-18,Indonesia-Dhamra,Capesize,3M,9.36
2022-08-18,Indonesia-Dhamra,Capesize,6M,9.47
2022-08-18,Indonesia-Dhamra,Capesize,1Y,9.44
2022-08-18,Indonesia-Gangavaram,Panamax,1M,10.35
2022-08-18,Indonesia-Gangavaram,Panamax,3M,10.62
2022-08-18,Indonesia-Gangavaram,Panamax,6M,10.96
2022-08-18,Indonesia-Gangavaram,Panamax,1Y,10.85
2022-08-18,Indonesia-Gangavaram,Capesize,1M,10.14
2022-08-18,Indonesia-Gangavaram,Capesize,3M,9.94
2022-08-18,Indonesia-Gangavaram,Capesize,6M,10.08
2022-08-18,Indonesia-Gangavaram,Capesize,1Y,10.32
2022-08-18,Indonesia-Gopalpur,Panamax,1M,9.23
2022-08-18,Indonesia-Gopalpur,Panamax,3M,9.2
2022-08-18,Indonesia-Gopalpur,Panamax,6M,9.51
2022-08-18,Indonesia-Gopalpur,Panamax,1Y,9.5
2022-08-18,Indonesia-Gopalpur,Capesize,1M,9.78
2022-08-18,Indonesia-Gopalpur,Capesize,3M,9.84
2022-08-18,Indonesia-Gopalpur,Capesize,6M,9.98
2022-08-18,Indonesia-Gopalpur,Capesize,1Y,10.18
2022-08-18,Indonesia-Haldia,Panamax,1M,9.74
2022-08-18,Indonesia-Haldia,Panamax,3M,10.18
2022-08-18,Indonesia-Haldia,Panamax,6M,10.21
2022-08-18,Indonesia-Haldia,Panamax,1Y,10.21
2022-08-18,Indonesia-Haldia,Capesize,1M,9.23
2022-08-18,Indonesia-Haldia,Capesize,3M,9.4
2022-08-18,Indonesia-Haldia,Capesize,6M,9.71
2022-08-18,Indonesia-Haldia,Capesize,1Y,9.82
2022-08-18,Russia-Paradip,Panamax,1M,22.65
2022-08-18,Russia-Paradip,Panamax,3M,22.8
2022-08-18,Russia-Paradip,Panamax,6M,23.53
2022-08-18,Russia-Paradip,Panamax,1Y,24.09
2022-08-18,Russia-Paradip,Capesize,1M,21.7
2022-08-18,Russia-Paradip,Capesize,3M,21.85
2022-08-18,Russia-Paradip,Capesize,6M,21.21
2022-08-18,Russia-Paradip,Capesize,1Y,21.58
2022-08-18,Russia-Vizag,Panamax,1M,20.11
2022-08-18,Russia-Vizag,Panamax,3M,20.67
2022-08-18,Russia-Vizag,Panamax,6M,20.72
2022-08-18,Russia-Vizag,Panamax,1Y,21.24
2022-08-18,Russia-Vizag,Capesize,1M,21.66
2022-08-18,Russia-Vizag,Capesize,3M,21.91
2022-08-18,Russia-Vizag,Capesize,6M,22.02
2022-08-18,Russia-Vizag,Capesize,1Y,22.89
2022-08-18,Russia-Dhamra,Panamax,1M,25.89
2022-08-18,Russia-Dhamra,Panamax,3M,25.18
2022-08-18,Russia-Dhamra,Panamax,6M,25.95
2022-08-18,Russia-Dhamra,Panamax,1Y,26.2
2022-08-18,Russia-Dhamra,Capesize,1M,25.32
2022-08-18,Russia-Dhamra,Capesize,3M,25.15
2022-08-18,Russia-Dhamra,Capesize,6M,25.78
2022-08-18,Russia-Dhamra,Capesize,1Y,26.27
2022-08-18,Russia-Gangavaram,Panamax,1M,23.21
2022-08-18,Russia-Gangavaram,Panamax,3M,23.44
2022-08-18,Russia-Gangavaram,Panamax,6M,23.11
2022-08-18,Russia-Gangavaram,Panamax,1Y,24.46
2022-08-18,Russia-Gangavaram,Capesize,1M,24.07
2022-08-18,Russia-Gangavaram,Capesize,3M,24.29
2022-08-18,Russia-Gangavaram,Capesize,6M,24.92
2022-08-18,Russia-Gangavaram,Capesize,1Y,25.86
2022-08-18,Russia-Gopalpur,Panamax,1M,21.76
2022-08-18,Russia-Gopalpur,Panamax,3M,22.06
2022-08-18,Russia-Gopalpur,Panamax,6M,22.99
2022-08-18,Russia-Gopalpur,Panamax,1Y,23.21
2022-08-18,Russia-Gopalpur,Capesize,1M,19.35
2022-08-18,Russia-Gopalpur,Capesize,3M,19.58
2022-08-18,Russia-Gopalpur,Capesize,6M,19.34
2022-08-18,Russia-Gopalpur,Capesize,1Y,20.17
2022-08-18,Russia-Haldia,Panamax,1M,20.96
2022-08-18,Russia-Haldia,Panamax,3M,21.0
2022-08-18,Russia-Haldia,Panamax,6M,20.85
2022-08-18,Russia-Haldia,Panamax,1Y,21.86
2022-08-18,Russia-Haldia,Capesize,1M,22.39
2022-08-18,Russia-Haldia,Capesize,3M,22.64
2022-08-18,Russia-Haldia,Capesize,6M,22.9
2022-08-18,Russia-Haldia,Capesize,1Y,22.93
2022-08-18,Mozambique-Paradip,Panamax,1M,20.93
2022-08-18,Mozambique-Paradip,Panamax,3M,20.85
2022-08-18,Mozambique-Paradip,Panamax,6M,22.21
2022-08-18,Mozambique-Paradip,Panamax,1Y,21.63
2022-08-18,Mozambique-Paradip,Capesize,1M,20.84
2022-08-18,Mozambique-Paradip,Capesize,3M,21.87
2022-08-18,Mozambique-Paradip,Capesize,6M,21.93
2022-08-18,Mozambique-Paradip,Capesize,1Y,22.51
2022-08-18,Mozambique-Vizag,Panamax,1M,22.02
2022-08-18,Mozambique-Vizag,Panamax,3M,22.5
2022-08-18,Mozambique-Vizag,Panamax,6M,21.87
2022-08-18,Mozambique-Vizag,Panamax,1Y,22.89
2022-08-18,Mozambique-Vizag,Capesize,1M,21.46
2022-08-18,Mozambique-Vizag,Capesize,3M,21.42
2022-08-18,Mozambique-Vizag,Capesize,6M,21.55
2022-08-18,Mozambique-Vizag,Capesize,1Y,21.62
2022-08-18,Mozambique-Dhamra,Panamax,1M,21.63
2022-08-18,Mozambique-Dhamra,Panamax,3M,22.22
2022-08-18,Mozambique-Dhamra,Panamax,6M,22.12
2022-08-18,Mozambique-Dhamra,Panamax,1Y,23.55
2022-08-18,Mozambique-Dhamra,Capesize,1M,20.56
2022-08-18,Mozambique-Dhamra,Capesize,3M,20.79
2022-08-18,Mozambique-Dhamra,Capesize,6M,20.97
2022-08-18,Mozambique-Dhamra,Capesize,1Y,20.7
2022-08-18,Mozambique-Gangavaram,Panamax,1M,21.27
2022-08-18,Mozambique-Gangavaram,Panamax,3M,21.64
2022-08-18,Mozambique-Gangavaram,Panamax,6M,22.23
2022-08-18,Mozambique-Gangavaram,Panamax,1Y,22.21
2022-08-18,Mozambique-Gangavaram,Capesize,1M,23.38
2022-08-18,Mozambique-Gangavaram,Capesize,3M,23.31
2022-08-18,Mozambique-Gangavaram,Capesize,6M,23.69
2022-08-18,Mozambique-Gangavaram,Capesize,1Y,24.28
2022-08-18,Mozambique-Gopalpur,Panamax,1M,20.37
2022-08-18,Mozambique-Gopalpur,Panamax,3M,20.79
2022-08-18,Mozambique-Gopalpur,Panamax,6M,20.66
2022-08-18,Mozambique-Gopalpur,Panamax,1Y,21.68
2022-08-18,Mozambique-Gopalpur,Capesize,1M,22.08
2022-08-18,Mozambique-Gopalpur,Capesize,3M,21.67
2022-08-18,Mozambique-Gopalpur,Capesize,6M,21.73
2022-08-18,Mozambique-Gopalpur,Capesize,1Y,22.22
2022-08-18,Mozambique-Haldia,Panamax,1M,17.92
2022-08-18,Mozambique-Haldia,Panamax,3M,17.81
2022-08-18,Mozambique-Haldia,Panamax,6M,18.56
2022-08-18,Mozambique-Haldia,Panamax,1Y,18.43
2022-08-18,Mozambique-Haldia,Capesize,1M,21.27
2022-08-18,Mozambique-Haldia,Capesize,3M,21.32
2022-08-18,Mozambique-Haldia,Capesize,6M,21.92
2022-08-18,Mozambique-Haldia,Capesize,1Y,22.31
2022-08-18,USA-Paradip,Panamax,1M,31.16
2022-08-18,USA-Paradip,Panamax,3M,30.6
2022-08-18,USA-Paradip,Panamax,6M,31.14
2022-08-18,USA-Paradip,Panamax,1Y,32.42
2022-08-18,USA-Paradip,Capesize,1M,32.65
2022-08-18,USA-Paradip,Capesize,3M,32.72
2022-08-18,USA-Paradip,Capesize,6M,32.65
2022-08-18,USA-Paradip,Capesize,1Y,33.51
2022-08-18,USA-Vizag,Panamax,1M,32.93
2022-08-18,USA-Vizag,Panamax,3M,34.32
2022-08-18,USA-Vizag,Panamax,6M,34.73
2022-08-18,USA-Vizag,Panamax,1Y,35.27
2022-08-18,USA-Vizag,Capesize,1M,32.8
2022-08-18,USA-Vizag,Capesize,3M,33.68
2022-08-18,USA-Vizag,Capesize,6M,34.0
2022-08-18,USA-Vizag,Capesize,1Y,34.94
2022-08-18,USA-Dhamra,Panamax,1M,32.92
2022-08-18,USA-Dhamra,Panamax,3M,33.9
2022-08-18,USA-Dhamra,Panamax,6M,33.69
2022-08-18,USA-Dhamra,Panamax,1Y,34.49
2022-08-18,USA-Dhamra,Capesize,1M,33.07
2022-08-18,USA-Dhamra,Capesize,3M,33.92
2022-08-18,USA-Dhamra,Capesize,6M,34.53
2022-08-18,USA-Dhamra,Capesize,1Y,34.82
2022-08-18,USA-Gangavaram,Panamax,1M,30.41
2022-08-18,USA-Gangavaram,Panamax,3M,31.21
2022-08-18,USA-Gangavaram,Panamax,6M,31.2
2022-08-18,USA-Gangavaram,Panamax,1Y,32.01
2022-08-18,USA-Gangavaram,Capesize,1M,29.56
2022-08-18,USA-Gangavaram,Capesize,3M,29.31
2022-08-18,USA-Gangavaram,Capesize,6M,29.45
2022-08-18,USA-Gangavaram,Capesize,1Y,30.19
2022-08-18,USA-Gopalpur,Panamax,1M,36.63
2022-08-18,USA-Gopalpur,Panamax,3M,39.57
2022-08-18,USA-Gopalpur,Panamax,6M,38.64
2022-08-18,USA-Gopalpur,Panamax,1Y,39.83
2022-08-18,USA-Gopalpur,Capesize,1M,36.07
2022-08-18,USA-Gopalpur,Capesize,3M,35.08
2022-08-18,USA-Gopalpur,Capesize,6M,35.5
2022-08-18,USA-Gopalpur,Capesize,1Y,36.37
2022-08-18,USA-Haldia,Panamax,1M,31.58
2022-08-18,USA-Haldia,Panamax,3M,31.01
2022-08-18,USA-Haldia,Panamax,6M,32.17
2022-08-18,USA-Haldia,Panamax,1Y,32.61
2022-08-18,USA-Haldia,Capesize,1M,34.36
2022-08-18,USA-Haldia,Capesize,3M,34.86
2022-08-18,USA-Haldia,Capesize,6M,36.02
2022-08-18,USA-Haldia,Capesize,1Y,36.25
2022-09-17,Australia-Paradip,Panamax,1M,16.56
2022-09-17,Australia-Paradip,Panamax,3M,16.78
2022-09-17,Australia-Paradip,Panamax,6M,16.61
2022-09-17,Australia-Paradip,Panamax,1Y,17.04
2022-09-17,Australia-Paradip,Capesize,1M,13.74
2022-09-17,Australia-Paradip,Capesize,3M,13.93
2022-09-17,Australia-Paradip,Capesize,6M,14.19
2022-09-17,Australia-Paradip,Capesize,1Y,14.33
2022-09-17,Australia-Vizag,Panamax,1M,18.38
2022-09-17,Australia-Vizag,Panamax,3M,18.52
2022-09-17,Australia-Vizag,Panamax,6M,18.57
2022-09-17,Australia-Vizag,Panamax,1Y,18.86
2022-09-17,Australia-Vizag,Capesize,1M,15.77
2022-09-17,Australia-Vizag,Capesize,3M,16.03
2022-09-17,Australia-Vizag,Capesize,6M,15.8
2022-09-17,Australia-Vizag,Capesize,1Y,16.5
2022-09-17,Australia-Dhamra,Panamax,1M,17.7
2022-09-17,Australia-Dhamra,Panamax,3M,17.54
2022-09-17,Australia-Dhamra,Panamax,6M,17.58
2022-09-17,Australia-Dhamra,Panamax,1Y,17.76
2022-09-17,Australia-Dhamra,Capesize,1M,14.76
2022-09-17,Australia-Dhamra,Capesize,3M,14.91
2022-09-17,Australia-Dhamra,Capesize,6M,15.32
2022-09-17,Australia-Dhamra,Capesize,1Y,15.03
2022-09-17,Australia-Gangavaram,Panamax,1M,16.22
2022-09-17,Australia-Gangavaram,Panamax,3M,16.76
2022-09-17,Australia-Gangavaram,Panamax,6M,16.63
2022-09-17,Australia-Gangavaram,Panamax,1Y,17.89
2022-09-17,Australia-Gangavaram,Capesize,1M,15.36
2022-09-17,Australia-Gangavaram,Capesize,3M,15.61
2022-09-17,Australia-Gangavaram,Capesize,6M,15.54
2022-09-17,Australia-Gangavaram,Capesize,1Y,16.07
2022-09-17,Australia-Gopalpur,Panamax,1M,16.05
2022-09-17,Australia-Gopalpur,Panamax,3M,16.24
2022-09-17,Australia-Gopalpur,Panamax,6M,16.58
2022-09-17,Australia-Gopalpur,Panamax,1Y,16.71
2022-09-17,Australia-Gopalpur,Capesize,1M,17.05
2022-09-17,Australia-Gopalpur,Capesize,3M,17.04
2022-09-17,Australia-Gopalpur,Capesize,6M,17.35
2022-09-17,Australia-Gopalpur,Capesize,1Y,17.61
2022-09-17,Australia-Haldia,Panamax,1M,17.56
2022-09-17,Australia-Haldia,Panamax,3M,17.77
2022-09-17,Australia-Haldia,Panamax,6M,17.66
2022-09-17,Australia-Haldia,Panamax,1Y,17.85
2022-09-17,Australia-Haldia,Capesize,1M,16.77
2022-09-17,Australia-Haldia,Capesize,3M,17.11
2022-09-17,Australia-Haldia,Capesize,6M,17.04
2022-09-17,Australia-Haldia,Capesize,1Y,18.42
2022-09-17,Indonesia-Paradip,Panamax,1M,11.46
2022-09-17,Indonesia-Paradip,Panamax,3M,11.91
2022-09-17,Indonesia-Paradip,Panamax,6M,11.87
2022-09-17,Indonesia-Paradip,Panamax,1Y,12.55
2022-09-17,Indonesia-Paradip,Capesize,1M,11.76
2022-09-17,Indonesia-Paradip,Capesize,3M,12.09
2022-09-17,Indonesia-Paradip,Capesize,6M,11.9
2022-09-17,Indonesia-Paradip,Capesize,1Y,12.16
2022-09-17,Indonesia-Vizag,Panamax,1M,11.35
2022-09-17,Indonesia-Vizag,Panamax,3M,11.29
2022-09-17,Indonesia-Vizag,Panamax,6M,11.28
2022-09-17,Indonesia-Vizag,Panamax,1Y,11.66
2022-09-17,Indonesia-Vizag,Capesize,1M,8.59
2022-09-17,Indonesia-Vizag,Capesize,3M,8.49
2022-09-17,Indonesia-Vizag,Capesize,6M,8.76
2022-09-17,Indonesia-Vizag,Capesize,1Y,8.62
2022-09-17,Indonesia-Dhamra,Panamax,1M,9.64
2022-09-17,Indonesia-Dhamra,Panamax,3M,9.61
2022-09-17,Indonesia-Dhamra,Panamax,6M,9.89
2022-09-17,Indonesia-Dhamra,Panamax,1Y,10.03
2022-09-17,Indonesia-Dhamra,Capesize,1M,10.59
2022-09-17,Indonesia-Dhamra,Capesize,3M,10.58
2022-09-17,Indonesia-Dhamra,Capesize,6M,10.73
2022-09-17,Indonesia-Dhamra,Capesize,1Y,10.61
2022-09-17,Indonesia-Gangavaram,Panamax,1M,10.57
2022-09-17,Indonesia-Gangavaram,Panamax,3M,10.56
2022-09-17,Indonesia-Gangavaram,Panamax,6M,10.77
2022-09-17,Indonesia-Gangavaram,Panamax,1Y,10.76
2022-09-17,Indonesia-Gangavaram,Capesize,1M,8.37
2022-09-17,Indonesia-Gangavaram,Capesize,3M,8.74
2022-09-17,Indonesia-Gangavaram,Capesize,6M,8.98
2022-09-17,Indonesia-Gangavaram,Capesize,1Y,8.99
2022-09-17,Indonesia-Gopalpur,Panamax,1M,10.7
2022-09-17,Indonesia-Gopalpur,Panamax,3M,10.54
2022-09-17,Indonesia-Gopalpur,Panamax,6M,10.69
2022-09-17,Indonesia-Gopalpur,Panamax,1Y,10.91
2022-09-17,Indonesia-Gopalpur,Capesize,1M,10.71
2022-09-17,Indonesia-Gopalpur,Capesize,3M,10.76
2022-09-17,Indonesia-Gopalpur,Capesize,6M,11.25
2022-09-17,Indonesia-Gopalpur,Capesize,1Y,11.38
2022-09-17,Indonesia-Haldia,Panamax,1M,11.85
2022-09-17,Indonesia-Haldia,Panamax,3M,11.99
2022-09-17,Indonesia-Haldia,Panamax,6M,12.07
2022-09-17,Indonesia-Haldia,Panamax,1Y,11.82
2022-09-17,Indonesia-Haldia,Capesize,1M,11.12
2022-09-17,Indonesia-Haldia,Capesize,3M,11.74
2022-09-17,Indonesia-Haldia,Capesize,6M,11.6
2022-09-17,Indonesia-Haldia,Capesize,1Y,11.64
2022-09-17,Russia-Paradip,Panamax,1M,19.76
2022-09-17,Russia-Paradip,Panamax,3M,19.85
2022-09-17,Russia-Paradip,Panamax,6M,19.59
2022-09-17,Russia-Paradip,Panamax,1Y,19.91
2022-09-17,Russia-Paradip,Capesize,1M,21.14
2022-09-17,Russia-Paradip,Capesize,3M,21.53
2022-09-17,Russia-Paradip,Capesize,6M,21.6
2022-09-17,Russia-Paradip,Capesize,1Y,22.52
2022-09-17,Russia-Vizag,Panamax,1M,20.28
2022-09-17,Russia-Vizag,Panamax,3M,20.08
2022-09-17,Russia-Vizag,Panamax,6M,20.57
2022-09-17,Russia-Vizag,Panamax,1Y,20.28
2022-09-17,Russia-Vizag,Capesize,1M,23.49
2022-09-17,Russia-Vizag,Capesize,3M,24.05
2022-09-17,Russia-Vizag,Capesize,6M,24.68
2022-09-17,Russia-Vizag,Capesize,1Y,24.91
2022-09-17,Russia-Dhamra,Panamax,1M,21.14
2022-09-17,Russia-Dhamra,Panamax,3M,21.54
2022-09-17,Russia-Dhamra,Panamax,6M,21.8
2022-09-17,Russia-Dhamra,Panamax,1Y,21.89
2022-09-17,Russia-Dhamra,Capesize,1M,18.92
2022-09-17,Russia-Dhamra,Capesize,3M,19.28
2022-09-17,Russia-Dhamra,Capesize,6M,19.18
2022-09-17,Russia-Dhamra,Capesize,1Y,19.69
2022-09-17,Russia-Gangavaram,Panamax,1M,23.95
2022-09-17,Russia-Gangavaram,Panamax,3M,25.13
2022-09-17,Russia-Gangavaram,Panamax,6M,25.09
2022-09-17,Russia-Gangavaram,Panamax,1Y,25.57
2022-09-17,Russia-Gangavaram,Capesize,1M,22.93
2022-09-17,Russia-Gangavaram,Capesize,3M,22.79
2022-09-17,Russia-Gangavaram,Capesize,6M,23.67
2022-09-17,Russia-Gangavaram,Capesize,1Y,24.18
2022-09-17,Russia-Gopalpur,Panamax,1M,23.63
2022-09-17,Russia-Gopalpur,Panamax,3M,23.54
2022-09-17,Russia-Gopalpur,Panamax,6M,24.21
2022-09-17,Russia-Gopalpur,Panamax,1Y,24.76
2022-09-17,Russia-Gopalpur,Capesize,1M,21.61
2022-09-17,Russia-Gopalpur,Capesize,3M,21.71
2022-09-17,Russia-Gopalpur,Capesize,6M,22.2
2022-09-17,Russia-Gopalpur,Capesize,1Y,22.54
2022-09-17,Russia-Haldia,Panamax,1M,22.32
2022-09-17,Russia-Haldia,Panamax,3M,22.82
2022-09-17,Russia-Haldia,Panamax,6M,22.82
2022-09-17,Russia-Haldia,Panamax,1Y,23.26
2022-09-17,Russia-Haldia,Capesize,1M,23.71
2022-09-17,Russia-Haldia,Capesize,3M,23.52
2022-09-17,Russia-Haldia,Capesize,6M,24.01
2022-09-17,Russia-Haldia,Capesize,1Y,24.42
2022-09-17,Mozambique-Paradip,Panamax,1M,20.11
2022-09-17,Mozambique-Paradip,Panamax,3M,20.59
2022-09-17,Mozambique-Paradip,Panamax,6M,20.43
2022-09-17,Mozambique-Paradip,Panamax,1Y,20.52
2022-09-17,Mozambique-Paradip,Capesize,1M,22.21
2022-09-17,Mozambique-Paradip,Capesize,3M,21.89
2022-09-17,Mozambique-Paradip,Capesize,6M,22.09
2022-09-17,Mozambique-Paradip,Capesize,1Y,22.15
2022-09-17,Mozambique-Vizag,Panamax,1M,21.28
2022-09-17,Mozambique-Vizag,Panamax,3M,21.43
2022-09-17,Mozambique-Vizag,Panamax,6M,22.3
2022-09-17,Mozambique-Vizag,Panamax,1Y,22.18
2022-09-17,Mozambique-Vizag,Capesize,1M,21.2
2022-09-17,Mozambique-Vizag,Capesize,3M,21.02
2022-09-17,Mozambique-Vizag,Capesize,6M,21.66
2022-09-17,Mozambique-Vizag,Capesize,1Y,21.61
2022-09-17,Mozambique-Dhamra,Panamax,1M,18.6
2022-09-17,Mozambique-Dhamra,Panamax,3M,18.62
2022-09-17,Mozambique-Dhamra,Panamax,6M,18.89
2022-09-17,Mozambique-Dhamra,Panamax,1Y,19.67
2022-09-17,Mozambique-Dhamra,Capesize,1M,20.14
2022-09-17,Mozambique-Dhamra,Capesize,3M,21.07
2022-09-17,Mozambique-Dhamra,Capesize,6M,20.81
2022-09-17,Mozambique-Dhamra,Capesize,1Y,21.41
2022-09-17,Mozambique-Gangavaram,Panamax,1M,20.18
2022-09-17,Mozambique-Gangavaram,Panamax,3M,20.31
2022-09-17,Mozambique-Gangavaram,Panamax,6M,20.74
2022-09-17,Mozambique-Gangavaram,Panamax,1Y,20.66
2022-09-17,Mozambique-Gangavaram,Capesize,1M,18.44
2022-09-17,Mozambique-Gangavaram,Capesize,3M,18.57
2022-09-17,Mozambique-Gangavaram,Capesize,6M,18.58
2022-09-17,Mozambique-Gangavaram,Capesize,1Y,19.59
2022-09-17,Mozambique-Gopalpur,Panamax,1M,18.83
2022-09-17,Mozambique-Gopalpur,Panamax,3M,18.76
2022-09-17,Mozambique-Gopalpur,Panamax,6M,20.0
2022-09-17,Mozambique-Gopalpur,Panamax,1Y,19.52
2022-09-17,Mozambique-Gopalpur,Capesize,1M,21.66
2022-09-17,Mozambique-Gopalpur,Capesize,3M,21.91
2022-09-17,Mozambique-Gopalpur,Capesize,6M,22.37
2022-09-17,Mozambique-Gopalpur,Capesize,1Y,23.33
2022-09-17,Mozambique-Haldia,Panamax,1M,22.51
2022-09-17,Mozambique-Haldia,Panamax,3M,23.04
2022-09-17,Mozambique-Haldia,Panamax,6M,23.11
2022-09-17,Mozambique-Haldia,Panamax,1Y,23.4
2022-09-17,Mozambique-Haldia,Capesize,1M,21.51
2022-09-17,Mozambique-Haldia,Capesize,3M,21.4
2022-09-17,Mozambique-Haldia,Capesize,6M,20.88
2022-09-17,Mozambique-Haldia,Capesize,1Y,22.35
2022-09-17,USA-Paradip,Panamax,1M,30.27
2022-09-17,USA-Paradip,Panamax,3M,30.52
2022-09-17,USA-Paradip,Panamax,6M,30.44
2022-09-17,USA-Paradip,Panamax,1Y,31.43
2022-09-17,USA-Paradip,Capesize,1M,32.57
2022-09-17,USA-Paradip,Capesize,3M,32.77
2022-09-17,USA-Paradip,Capesize,6M,33.21
2022-09-17,USA-Paradip,Capesize,1Y,33.96
2022-09-17,USA-Vizag,Panamax,1M,35.84
2022-09-17,USA-Vizag,Panamax,3M,36.25
2022-09-17,USA-Vizag,Panamax,6M,36.61
2022-09-17,USA-Vizag,Panamax,1Y,37.29
2022-09-17,USA-Vizag,Capesize,1M,33.55
2022-09-17,USA-Vizag,Capesize,3M,32.92
2022-09-17,USA-Vizag,Capesize,6M,33.49
2022-09-17,USA-Vizag,Capesize,1Y,33.77
2022-09-17,USA-Dhamra,Panamax,1M,32.43
2022-09-17,USA-Dhamra,Panamax,3M,32.69
2022-09-17,USA-Dhamra,Panamax,6M,33.54
2022-09-17,USA-Dhamra,Panamax,1Y,32.79
2022-09-17,USA-Dhamra,Capesize,1M,32.15
2022-09-17,USA-Dhamra,Capesize,3M,32.38
2022-09-17,USA-Dhamra,Capesize,6M,32.28
2022-09-17,USA-Dhamra,Capesize,1Y,33.17
2022-09-17,USA-Gangavaram,Panamax,1M,31.6
2022-09-17,USA-Gangavaram,Panamax,3M,32.43
2022-09-17,USA-Gangavaram,Panamax,6M,32.92
2022-09-17,USA-Gangavaram,Panamax,1Y,33.34
2022-09-17,USA-Gangavaram,Capesize,1M,28.32
2022-09-17,USA-Gangavaram,Capesize,3M,28.14
2022-09-17,USA-Gangavaram,Capesize,6M,29.46
2022-09-17,USA-Gangavaram,Capesize,1Y,30.9
2022-09-17,USA-Gopalpur,Panamax,1M,30.15
2022-09-17,USA-Gopalpur,Panamax,3M,30.97
2022-09-17,USA-Gopalpur,Panamax,6M,31.84
2022-09-17,USA-Gopalpur,Panamax,1Y,32.46
2022-09-17,USA-Gopalpur,Capesize,1M,34.71
2022-09-17,USA-Gopalpur,Capesize,3M,35.99
2022-09-17,USA-Gopalpur,Capesize,6M,36.79
2022-09-17,USA-Gopalpur,Capesize,1Y,38.04
2022-09-17,USA-Haldia,Panamax,1M,32.82
2022-09-17,USA-Haldia,Panamax,3M,31.85
2022-09-17,USA-Haldia,Panamax,6M,31.73
2022-09-17,USA-Haldia,Panamax,1Y,32.13
2022-09-17,USA-Haldia,Capesize,1M,29.9
2022-09-17,USA-Haldia,Capesize,3M,30.49
2022-09-17,USA-Haldia,Capesize,6M,31.07
2022-09-17,USA-Haldia,Capesize,1Y,31.32
2022-10-17,Australia-Paradip,Panamax,1M,14.58
2022-10-17,Australia-Paradip,Panamax,3M,14.56
2022-10-17,Australia-Paradip,Panamax,6M,14.83
2022-10-17,Australia-Paradip,Panamax,1Y,15.19
2022-10-17,Australia-Paradip,Capesize,1M,17.91
2022-10-17,Australia-Paradip,Capesize,3M,17.9
2022-10-17,Australia-Paradip,Capesize,6M,18.06
2022-10-17,Australia-Paradip,Capesize,1Y,18.23
2022-10-17,Australia-Vizag,Panamax,1M,17.89
2022-10-17,Australia-Vizag,Panamax,3M,18.38
2022-10-17,Australia-Vizag,Panamax,6M,18.03
2022-10-17,Australia-Vizag,Panamax,1Y,18.92
2022-10-17,Australia-Vizag,Capesize,1M,19.2
2022-10-17,Australia-Vizag,Capesize,3M,19.69
2022-10-17,Australia-Vizag,Capesize,6M,19.73
2022-10-17,Australia-Vizag,Capesize,1Y,20.05
2022-10-17,Australia-Dhamra,Panamax,1M,17.03
2022-10-17,Australia-Dhamra,Panamax,3M,17.32
2022-10-17,Australia-Dhamra,Panamax,6M,17.33
2022-10-17,Australia-Dhamra,Panamax,1Y,17.21
2022-10-17,Australia-Dhamra,Capesize,1M,16.81
2022-10-17,Australia-Dhamra,Capesize,3M,16.85
2022-10-17,Australia-Dhamra,Capesize,6M,16.7
2022-10-17,Australia-Dhamra,Capesize,1Y,17.19
2022-10-17,Australia-Gangavaram,Panamax,1M,17.7
2022-10-17,Australia-Gangavaram,Panamax,3M,17.47
2022-10-17,Australia-Gangavaram,Panamax,6M,18.12
2022-10-17,Australia-Gangavaram,Panamax,1Y,18.18
2022-10-17,Australia-Gangavaram,Capesize,1M,16.07
2022-10-17,Australia-Gangavaram,Capesize,3M,16.62
2022-10-17,Australia-Gangavaram,Capesize,6M,16.51
2022-10-17,Australia-Gangavaram,Capesize,1Y,17.15
2022-10-17,Australia-Gopalpur,Panamax,1M,14.38
2022-10-17,Australia-Gopalpur,Panamax,3M,15.56
2022-10-17,Australia-Gopalpur,Panamax,6M,15.13
2022-10-17,Australia-Gopalpur,Panamax,1Y,15.44
2022-10-17,Australia-Gopalpur,Capesize,1M,16.52
2022-10-17,Australia-Gopalpur,Capesize,3M,16.46
2022-10-17,Australia-Gopalpur,Capesize,6M,17.19
2022-10-17,Australia-Gopalpur,Capesize,1Y,17.38
2022-10-17,Australia-Haldia,Panamax,1M,19.61
2022-10-17,Australia-Haldia,Panamax,3M,19.86
2022-10-17,Australia-Haldia,Panamax,6M,19.88
2022-10-17,Australia-Haldia,Panamax,1Y,20.51
2022-10-17,Australia-Haldia,Capesize,1M,17.67
2022-10-17,Australia-Haldia,Capesize,3M,17.07
2022-10-17,Australia-Haldia,Capesize,6M,17.43
2022-10-17,Australia-Haldia,Capesize,1Y,17.59
2022-10-17,Indonesia-Paradip,Panamax,1M,9.66
2022-10-17,Indonesia-Paradip,Panamax,3M,9.82
2022-10-17,Indonesia-Paradip,Panamax,6M,9.77
2022-10-17,Indonesia-Paradip,Panamax,1Y,10.07
2022-10-17,Indonesia-Paradip,Capesize,1M,11.9
2022-10-17,Indonesia-Paradip,Capesize,3M,12.48
2022-10-17,Indonesia-Paradip,Capesize,6M,12.07
2022-10-17,Indonesia-Paradip,Capesize,1Y,12.45
2022-10-17,Indonesia-Vizag,Panamax,1M,12.41
2022-10-17,Indonesia-Vizag,Panamax,3M,12.23
2022-10-17,Indonesia-Vizag,Panamax,6M,12.14
2022-10-17,Indonesia-Vizag,Panamax,1Y,12.29
2022-10-17,Indonesia-Vizag,Capesize,1M,10.36
2022-10-17,Indonesia-Vizag,Capesize,3M,10.4
2022-10-17,Indonesia-Vizag,Capesize,6M,10.39
2022-10-17,Indonesia-Vizag,Capesize,1Y,10.62
2022-10-17,Indonesia-Dhamra,Panamax,1M,8.84
2022-10-17,Indonesia-Dhamra,Panamax,3M,8.94
2022-10-17,Indonesia-Dhamra,Panamax,6M,8.88
2022-10-17,Indonesia-Dhamra,Panamax,1Y,9.15
2022-10-17,Indonesia-Dhamra,Capesize,1M,10.32
2022-10-17,Indonesia-Dhamra,Capesize,3M,10.79
2022-10-17,Indonesia-Dhamra,Capesize,6M,10.75
2022-10-17,Indonesia-Dhamra,Capesize,1Y,11.1
2022-10-17,Indonesia-Gangavaram,Panamax,1M,10.19
2022-10-17,Indonesia-Gangavaram,Panamax,3M,9.99
2022-10-17,Indonesia-Gangavaram,Panamax,6M,10.33
2022-10-17,Indonesia-Gangavaram,Panamax,1Y,10.63
2022-10-17,Indonesia-Gangavaram,Capesize,1M,11.28
2022-10-17,Indonesia-Gangavaram,Capesize,3M,11.24
2022-10-17,Indonesia-Gangavaram,Capesize,6M,11.39
2022-10-17,Indonesia-Gangavaram,Capesize,1Y,11.65
2022-10-17,Indonesia-Gopalpur,Panamax,1M,9.52
2022-10-17,Indonesia-Gopalpur,Panamax,3M,9.59
2022-10-17,Indonesia-Gopalpur,Panamax,6M,9.8
2022-10-17,Indonesia-Gopalpur,Panamax,1Y,10.03
2022-10-17,Indonesia-Gopalpur,Capesize,1M,10.01
2022-10-17,Indonesia-Gopalpur,Capesize,3M,9.95
2022-10-17,Indonesia-Gopalpur,Capesize,6M,10.52
2022-10-17,Indonesia-Gopalpur,Capesize,1Y,10.27
2022-10-17,Indonesia-Haldia,Panamax,1M,12.54
2022-10-17,Indonesia-Haldia,Panamax,3M,12.57
2022-10-17,Indonesia-Haldia,Panamax,6M,12.92
2022-10-17,Indonesia-Haldia,Panamax,1Y,13.48
2022-10-17,Indonesia-Haldia,Capesize,1M,8.79
2022-10-17,Indonesia-Haldia,Capesize,3M,9.03
2022-10-17,Indonesia-Haldia,Capesize,6M,8.96
2022-10-17,Indonesia-Haldia,Capesize,1Y,9.2
2022-10-17,Russia-Paradip,Panamax,1M,20.03
2022-10-17,Russia-Paradip,Panamax,3M,20.29
2022-10-17,Russia-Paradip,Panamax,6M,19.97
2022-10-17,Russia-Paradip,Panamax,1Y,20.91
2022-10-17,Russia-Paradip,Capesize,1M,21.27
2022-10-17,Russia-Paradip,Capesize,3M,21.74
2022-10-17,Russia-Paradip,Capesize,6M,21.66
2022-10-17,Russia-Paradip,Capesize,1Y,21.37
2022-10-17,Russia-Vizag,Panamax,1M,26.9
2022-10-17,Russia-Vizag,Panamax,3M,27.27
2022-10-17,Russia-Vizag,Panamax,6M,27.16
2022-10-17,Russia-Vizag,Panamax,1Y,27.78
2022-10-17,Russia-Vizag,Capesize,1M,21.21
2022-10-17,Russia-Vizag,Capesize,3M,21.42
2022-10-17,Russia-Vizag,Capesize,6M,21.83
2022-10-17,Russia-Vizag,Capesize,1Y,21.65
2022-10-17,Russia-Dhamra,Panamax,1M,21.29
2022-10-17,Russia-Dhamra,Panamax,3M,21.64
2022-10-17,Russia-Dhamra,Panamax,6M,21.56
2022-10-17,Russia-Dhamra,Panamax,1Y,22.77
2022-10-17,Russia-Dhamra,Capesize,1M,22.64
2022-10-17,Russia-Dhamra,Capesize,3M,22.41
2022-10-17,Russia-Dhamra,Capesize,6M,22.76
2022-10-17,Russia-Dhamra,Capesize,1Y,22.97
2022-10-17,Russia-Gangavaram,Panamax,1M,22.51
2022-10-17,Russia-Gangavaram,Panamax,3M,22.85
2022-10-17,Russia-Gangavaram,Panamax,6M,22.64
2022-10-17,Russia-Gangavaram,Panamax,1Y,23.25
2022-10-17,Russia-Gangavaram,Capesize,1M,24.63
2022-10-17,Russia-Gangavaram,Capesize,3M,25.04
2022-10-17,Russia-Gangavaram,Capesize,6M,25.38
2022-10-17,Russia-Gangavaram,Capesize,1Y,26.6
2022-10-17,Russia-Gopalpur,Panamax,1M,24.49
2022-10-17,Russia-Gopalpur,Panamax,3M,24.61
2022-10-17,Russia-Gopalpur,Panamax,6M,24.25
2022-10-17,Russia-Gopalpur,Panamax,1Y,25.37
2022-10-17,Russia-Gopalpur,Capesize,1M,22.06
2022-10-17,Russia-Gopalpur,Capesize,3M,21.93
2022-10-17,Russia-Gopalpur,Capesize,6M,22.45
2022-10-17,Russia-Gopalpur,Capesize,1Y,22.15
2022-10-17,Russia-Haldia,Panamax,1M,23.51
2022-10-17,Russia-Haldia,Panamax,3M,23.95
2022-10-17,Russia-Haldia,Panamax,6M,23.89
2022-10-17,Russia-Haldia,Panamax,1Y,23.52
2022-10-17,Russia-Haldia,Capesize,1M,21.16
2022-10-17,Russia-Haldia,Capesize,3M,22.17
2022-10-17,Russia-Haldia,Capesize,6M,22.11
2022-10-17,Russia-Haldia,Capesize,1Y,22.4
2022-10-17,Mozambique-Paradip,Panamax,1M,21.8
2022-10-17,Mozambique-Paradip,Panamax,3M,21.32
2022-10-17,Mozambique-Paradip,Panamax,6M,22.89
2022-10-17,Mozambique-Paradip,Panamax,1Y,22.58
2022-10-17,Mozambique-Paradip,Capesize,1M,21.59
2022-10-17,Mozambique-Paradip,Capesize,3M,22.35
2022-10-17,Mozambique-Paradip,Capesize,6M,22.15
2022-10-17,Mozambique-Paradip,Capesize,1Y,22.7
2022-10-17,Mozambique-Vizag,Panamax,1M,22.52
2022-10-17,Mozambique-Vizag,Panamax,3M,22.39
2022-10-17,Mozambique-Vizag,Panamax,6M,22.75
2022-10-17,Mozambique-Vizag,Panamax,1Y,23.47
2022-10-17,Mozambique-Vizag,Capesize,1M,23.02
2022-10-17,Mozambique-Vizag,Capesize,3M,23.18
2022-10-17,Mozambique-Vizag,Capesize,6M,22.73
2022-10-17,Mozambique-Vizag,Capesize,1Y,23.69
2022-10-17,Mozambique-Dhamra,Panamax,1M,23.43
2022-10-17,Mozambique-Dhamra,Panamax,3M,23.1
2022-10-17,Mozambique-Dhamra,Panamax,6M,23.39
2022-10-17,Mozambique-Dhamra,Panamax,1Y,23.71
2022-10-17,Mozambique-Dhamra,Capesize,1M,22.2
2022-10-17,Mozambique-Dhamra,Capesize,3M,22.1
2022-10-17,Mozambique-Dhamra,Capesize,6M,22.59
2022-10-17,Mozambique-Dhamra,Capesize,1Y,23.2
2022-10-17,Mozambique-Gangavaram,Panamax,1M,21.02
2022-10-17,Mozambique-Gangavaram,Panamax,3M,21.8
2022-10-17,Mozambique-Gangavaram,Panamax,6M,21.68
2022-10-17,Mozambique-Gangavaram,Panamax,1Y,21.39
2022-10-17,Mozambique-Gangavaram,Capesize,1M,21.84
2022-10-17,Mozambique-Gangavaram,Capesize,3M,22.79
2022-10-17,Mozambique-Gangavaram,Capesize,6M,22.74
2022-10-17,Mozambique-Gangavaram,Capesize,1Y,22.82
2022-10-17,Mozambique-Gopalpur,Panamax,1M,19.65
2022-10-17,Mozambique-Gopalpur,Panamax,3M,20.33
2022-10-17,Mozambique-Gopalpur,Panamax,6M,20.87
2022-10-17,Mozambique-Gopalpur,Panamax,1Y,20.39
2022-10-17,Mozambique-Gopalpur,Capesize,1M,23.1
2022-10-17,Mozambique-Gopalpur,Capesize,3M,23.02
2022-10-17,Mozambique-Gopalpur,Capesize,6M,23.37
2022-10-17,Mozambique-Gopalpur,Capesize,1Y,23.68
2022-10-17,Mozambique-Haldia,Panamax,1M,20.96
2022-10-17,Mozambique-Haldia,Panamax,3M,21.0
2022-10-17,Mozambique-Haldia,Panamax,6M,21.5
2022-10-17,Mozambique-Haldia,Panamax,1Y,21.42
2022-10-17,Mozambique-Haldia,Capesize,1M,21.26
2022-10-17,Mozambique-Haldia,Capesize,3M,21.29
2022-10-17,Mozambique-Haldia,Capesize,6M,22.09
2022-10-17,Mozambique-Haldia,Capesize,1Y,21.92
2022-10-17,USA-Paradip,Panamax,1M,31.13
2022-10-17,USA-Paradip,Panamax,3M,31.72
2022-10-17,USA-Paradip,Panamax,6M,32.12
2022-10-17,USA-Paradip,Panamax,1Y,31.67
2022-10-17,USA-Paradip,Capesize,1M,27.61
2022-10-17,USA-Paradip,Capesize,3M,27.96
2022-10-17,USA-Paradip,Capesize,6M,28.24
2022-10-17,USA-Paradip,Capesize,1Y,28.56
2022-10-17,USA-Vizag,Panamax,1M,32.65
2022-10-17,USA-Vizag,Panamax,3M,33.28
2022-10-17,USA-Vizag,Panamax,6M,32.66
2022-10-17,USA-Vizag,Panamax,1Y,33.2
2022-10-17,USA-Vizag,Capesize,1M,31.86
2022-10-17,USA-Vizag,Capesize,3M,31.29
2022-10-17,USA-Vizag,Capesize,6M,32.4
2022-10-17,USA-Vizag,Capesize,1Y,33.62
2022-10-17,USA-Dhamra,Panamax,1M,32.68
2022-10-17,USA-Dhamra,Panamax,3M,33.37
2022-10-17,USA-Dhamra,Panamax,6M,33.57
2022-10-17,USA-Dhamra,Panamax,1Y,33.76
2022-10-17,USA-Dhamra,Capesize,1M,30.92
2022-10-17,USA-Dhamra,Capesize,3M,32.09
2022-10-17,USA-Dhamra,Capesize,6M,30.74
2022-10-17,USA-Dhamra,Capesize,1Y,32.23
2022-10-17,USA-Gangavaram,Panamax,1M,33.01
2022-10-17,USA-Gangavaram,Panamax,3M,34.19
2022-10-17,USA-Gangavaram,Panamax,6M,34.03
2022-10-17,USA-Gangavaram,Panamax,1Y,35.04
2022-10-17,USA-Gangavaram,Capesize,1M,29.34
2022-10-17,USA-Gangavaram,Capesize,3M,28.6
2022-10-17,USA-Gangavaram,Capesize,6M,28.49
2022-10-17,USA-Gangavaram,Capesize,1Y,29.87
2022-10-17,USA-Gopalpur,Panamax,1M,34.56
2022-10-17,USA-Gopalpur,Panamax,3M,35.4
2022-10-17,USA-Gopalpur,Panamax,6M,36.02
2022-10-17,USA-Gopalpur,Panamax,1Y,36.28
2022-10-17,USA-Gopalpur,Capesize,1M,31.5
2022-10-17,USA-Gopalpur,Capesize,3M,32.6
2022-10-17,USA-Gopalpur,Capesize,6M,32.41
2022-10-17,USA-Gopalpur,Capesize,1Y,33.36
2022-10-17,USA-Haldia,Panamax,1M,30.18
2022-10-17,USA-Haldia,Panamax,3M,29.98
2022-10-17,USA-Haldia,Panamax,6M,30.63
2022-10-17,USA-Haldia,Panamax,1Y,29.67
2022-10-17,USA-Haldia,Capesize,1M,30.69
2022-10-17,USA-Haldia,Capesize,3M,30.28
2022-10-17,USA-Haldia,Capesize,6M,29.31
2022-10-17,USA-Haldia,Capesize,1Y,31.17
2022-11-16,Australia-Paradip,Panamax,1M,17.05
2022-11-16,Australia-Paradip,Panamax,3M,17.24
2022-11-16,Australia-Paradip,Panamax,6M,17.18
2022-11-16,Australia-Paradip,Panamax,1Y,17.77
2022-11-16,Australia-Paradip,Capesize,1M,15.08
2022-11-16,Australia-Paradip,Capesize,3M,15.8
2022-11-16,Australia-Paradip,Capesize,6M,15.54
2022-11-16,Australia-Paradip,Capesize,1Y,15.95
2022-11-16,Australia-Vizag,Panamax,1M,15.77
2022-11-16,Australia-Vizag,Panamax,3M,15.85
2022-11-16,Australia-Vizag,Panamax,6M,16.16
2022-11-16,Australia-Vizag,Panamax,1Y,16.42
2022-11-16,Australia-Vizag,Capesize,1M,16.04
2022-11-16,Australia-Vizag,Capesize,3M,15.78
2022-11-16,Australia-Vizag,Capesize,6M,16.13
2022-11-16,Australia-Vizag,Capesize,1Y,16.69
2022-11-16,Australia-Dhamra,Panamax,1M,16.67
2022-11-16,Australia-Dhamra,Panamax,3M,17.25
2022-11-16,Australia-Dhamra,Panamax,6M,17.4
2022-11-16,Australia-Dhamra,Panamax,1Y,17.74
2022-11-16,Australia-Dhamra,Capesize,1M,15.02
2022-11-16,Australia-Dhamra,Capesize,3M,15.66
2022-11-16,Australia-Dhamra,Capesize,6M,15.72
2022-11-16,Australia-Dhamra,Capesize,1Y,16.15
2022-11-16,Australia-Gangavaram,Panamax,1M,14.7
2022-11-16,Australia-Gangavaram,Panamax,3M,14.62
2022-11-16,Australia-Gangavaram,Panamax,6M,14.95
2022-11-16,Australia-Gangavaram,Panamax,1Y,15.46
2022-11-16,Australia-Gangavaram,Capesize,1M,16.17
2022-11-16,Australia-Gangavaram,Capesize,3M,15.44
2022-11-16,Australia-Gangavaram,Capesize,6M,15.85
2022-11-16,Australia-Gangavaram,Capesize,1Y,16.27
2022-11-16,Australia-Gopalpur,Panamax,1M,18.84
2022-11-16,Australia-Gopalpur,Panamax,3M,19.27
2022-11-16,Australia-Gopalpur,Panamax,6M,19.2
2022-11-16,Australia-Gopalpur,Panamax,1Y,19.71
2022-11-16,Australia-Gopalpur,Capesize,1M,17.65
2022-11-16,Australia-Gopalpur,Capesize,3M,17.82
2022-11-16,Australia-Gopalpur,Capesize,6M,17.85
2022-11-16,Australia-Gopalpur,Capesize,1Y,18.1
2022-11-16,Australia-Haldia,Panamax,1M,15.55
2022-11-16,Australia-Haldia,Panamax,3M,15.87
2022-11-16,Australia-Haldia,Panamax,6M,15.73
2022-11-16,Australia-Haldia,Panamax,1Y,16.27
2022-11-16,Australia-Haldia,Capesize,1M,19.0
2022-11-16,Australia-Haldia,Capesize,3M,19.27
2022-11-16,Australia-Haldia,Capesize,6M,19.4
2022-11-16,Australia-Haldia,Capesize,1Y,19.99
2022-11-16,Indonesia-Paradip,Panamax,1M,10.43
2022-11-16,Indonesia-Paradip,Panamax,3M,10.53
2022-11-16,Indonesia-Paradip,Panamax,6M,10.66
2022-11-16,Indonesia-Paradip,Panamax,1Y,10.88
2022-11-16,Indonesia-Paradip,Capesize,1M,9.07
2022-11-16,Indonesia-Paradip,Capesize,3M,9.44
2022-11-16,Indonesia-Paradip,Capesize,6M,9.88
2022-11-16,Indonesia-Paradip,Capesize,1Y,9.95
2022-11-16,Indonesia-Vizag,Panamax,1M,9.84
2022-11-16,Indonesia-Vizag,Panamax,3M,10.07
2022-11-16,Indonesia-Vizag,Panamax,6M,10.17
2022-11-16,Indonesia-Vizag,Panamax,1Y,10.21
2022-11-16,Indonesia-Vizag,Capesize,1M,9.37
2022-11-16,Indonesia-Vizag,Capesize,3M,9.12
2022-11-16,Indonesia-Vizag,Capesize,6M,9.26
2022-11-16,Indonesia-Vizag,Capesize,1Y,9.5
2022-11-16,Indonesia-Dhamra,Panamax,1M,10.0
2022-11-16,Indonesia-Dhamra,Panamax,3M,9.9
2022-11-16,Indonesia-Dhamra,Panamax,6M,10.05
2022-11-16,Indonesia-Dhamra,Panamax,1Y,10.23
2022-11-16,Indonesia-Dhamra,Capesize,1M,10.54
2022-11-16,Indonesia-Dhamra,Capesize,3M,10.49
2022-11-16,Indonesia-Dhamra,Capesize,6M,10.61
2022-11-16,Indonesia-Dhamra,Capesize,1Y,10.84
2022-11-16,Indonesia-Gangavaram,Panamax,1M,10.66
2022-11-16,Indonesia-Gangavaram,Panamax,3M,10.59
2022-11-16,Indonesia-Gangavaram,Panamax,6M,10.97
2022-11-16,Indonesia-Gangavaram,Panamax,1Y,10.78
2022-11-16,Indonesia-Gangavaram,Capesize,1M,11.22
2022-11-16,Indonesia-Gangavaram,Capesize,3M,11.46
2022-11-16,Indonesia-Gangavaram,Capesize,6M,11.63
2022-11-16,Indonesia-Gangavaram,Capesize,1Y,12.04
2022-11-16,Indonesia-Gopalpur,Panamax,1M,10.82
2022-11-16,Indonesia-Gopalpur,Panamax,3M,11.14
2022-11-16,Indonesia-Gopalpur,Panamax,6M,11.04
2022-11-16,Indonesia-Gopalpur,Panamax,1Y,11.68
2022-11-16,Indonesia-Gopalpur,Capesize,1M,8.39
2022-11-16,Indonesia-Gopalpur,Capesize,3M,8.87
2022-11-16,Indonesia-Gopalpur,Capesize,6M,8.8
2022-11-16,Indonesia-Gopalpur,Capesize,1Y,9.02
2022-11-16,Indonesia-Haldia,Panamax,1M,12.7
2022-11-16,Indonesia-Haldia,Panamax,3M,12.84
2022-11-16,Indonesia-Haldia,Panamax,6M,12.56
2022-11-16,Indonesia-Haldia,Panamax,1Y,13.04
2022-11-16,Indonesia-Haldia,Capesize,1M,8.79
2022-11-16,Indonesia-Haldia,Capesize,3M,8.87
2022-11-16,Indonesia-Haldia,Capesize,6M,8.96
2022-11-16,Indonesia-Haldia,Capesize,1Y,9.09
2022-11-16,Russia-Paradip,Panamax,1M,24.7
2022-11-16,Russia-Paradip,Panamax,3M,24.71
2022-11-16,Russia-Paradip,Panamax,6M,24.92
2022-11-16,Russia-Paradip,Panamax,1Y,25.71
2022-11-16,Russia-Paradip,Capesize,1M,21.89
2022-11-16,Russia-Paradip,Capesize,3M,21.78
2022-11-16,Russia-Paradip,Capesize,6M,21.82
2022-11-16,Russia-Paradip,Capesize,1Y,22.28
2022-11-16,Russia-Vizag,Panamax,1M,21.65
2022-11-16,Russia-Vizag,Panamax,3M,22.18
2022-11-16,Russia-Vizag,Panamax,6M,23.17
2022-11-16,Russia-Vizag,Panamax,1Y,23.25
2022-11-16,Russia-Vizag,Capesize,1M,20.72
2022-11-16,Russia-Vizag,Capesize,3M,20.7
2022-11-16,Russia-Vizag,Capesize,6M,21.03
2022-11-16,Russia-Vizag,Capesize,1Y,21.8
2022-11-16,Russia-Dhamra,Panamax,1M,21.22
2022-11-16,Russia-Dhamra,Panamax,3M,21.41
2022-11-16,Russia-Dhamra,Panamax,6M,22.24
2022-11-16,Russia-Dhamra,Panamax,1Y,22.47
2022-11-16,Russia-Dhamra,Capesize,1M,19.13
2022-11-16,Russia-Dhamra,Capesize,3M,20.62
2022-11-16,Russia-Dhamra,Capesize,6M,21.14
2022-11-16,Russia-Dhamra,Capesize,1Y,20.76
2022-11-16,Russia-Gangavaram,Panamax,1M,21.0
2022-11-16,Russia-Gangavaram,Panamax,3M,21.07
2022-11-16,Russia-Gangavaram,Panamax,6M,21.82
2022-11-16,Russia-Gangavaram,Panamax,1Y,21.76
2022-11-16,Russia-Gangavaram,Capesize,1M,20.99
2022-11-16,Russia-Gangavaram,Capesize,3M,21.2
2022-11-16,Russia-Gangavaram,Capesize,6M,21.07
2022-11-16,Russia-Gangavaram,Capesize,1Y,21.64
2022-11-16,Russia-Gopalpur,Panamax,1M,21.15
2022-11-16,Russia-Gopalpur,Panamax,3M,22.39
2022-11-16,Russia-Gopalpur,Panamax,6M,21.64
2022-11-16,Russia-Gopalpur,Panamax,1Y,22.0
2022-11-16,Russia-Gopalpur,Capesize,1M,22.85
2022-11-16,Russia-Gopalpur,Capesize,3M,23.22
2022-11-16,Russia-Gopalpur,Capesize,6M,23.4
2022-11-16,Russia-Gopalpur,Capesize,1Y,24.05
2022-11-16,Russia-Haldia,Panamax,1M,24.21
2022-11-16,Russia-Haldia,Panamax,3M,25.12
2022-11-16,Russia-Haldia,Panamax,6M,25.32
2022-11-16,Russia-Haldia,Panamax,1Y,25.82
2022-11-16,Russia-Haldia,Capesize,1M,21.23
2022-11-16,Russia-Haldia,Capesize,3M,21.64
2022-11-16,Russia-Haldia,Capesize,6M,21.32
2022-11-16,Russia-Haldia,Capesize,1Y,22.0
2022-11-16,Mozambique-Paradip,Panamax,1M,20.69
2022-11-16,Mozambique-Paradip,Panamax,3M,20.62
2022-11-16,Mozambique-Paradip,Panamax,6M,21.67
2022-11-16,Mozambique-Paradip,Panamax,1Y,21.34
2022-11-16,Mozambique-Paradip,Capesize,1M,21.5
2022-11-16,Mozambique-Paradip,Capesize,3M,20.74
2022-11-16,Mozambique-Paradip,Capesize,6M,22.05
2022-11-16,Mozambique-Paradip,Capesize,1Y,22.19
2022-11-16,Mozambique-Vizag,Panamax,1M,21.44
2022-11-16,Mozambique-Vizag,Panamax,3M,21.91
2022-11-16,Mozambique-Vizag,Panamax,6M,22.13
2022-11-16,Mozambique-Vizag,Panamax,1Y,22.12
2022-11-16,Mozambique-Vizag,Capesize,1M,19.24
2022-11-16,Mozambique-Vizag,Capesize,3M,19.01
2022-11-16,Mozambique-Vizag,Capesize,6M,19.7
2022-11-16,Mozambique-Vizag,Capesize,1Y,19.31
2022-11-16,Mozambique-Dhamra,Panamax,1M,22.22
2022-11-16,Mozambique-Dhamra,Panamax,3M,22.25
2022-11-16,Mozambique-Dhamra,Panamax,6M,22.65
2022-11-16,Mozambique-Dhamra,Panamax,1Y,22.72
2022-11-16,Mozambique-Dhamra,Capesize,1M,22.08
2022-11-16,Mozambique-Dhamra,Capesize,3M,23.56
2022-11-16,Mozambique-Dhamra,Capesize,6M,23.82
2022-11-16,Mozambique-Dhamra,Capesize,1Y,24.43
2022-11-16,Mozambique-Gangavaram,Panamax,1M,20.93
2022-11-16,Mozambique-Gangavaram,Panamax,3M,20.92
2022-11-16,Mozambique-Gangavaram,Panamax,6M,21.41
2022-11-16,Mozambique-Gangavaram,Panamax,1Y,21.79
2022-11-16,Mozambique-Gangavaram,Capesize,1M,21.59
2022-11-16,Mozambique-Gangavaram,Capesize,3M,21.86
2022-11-16,Mozambique-Gangavaram,Capesize,6M,22.48
2022-11-16,Mozambique-Gangavaram,Capesize,1Y,22.02
2022-11-16,Mozambique-Gopalpur,Panamax,1M,19.66
2022-11-16,Mozambique-Gopalpur,Panamax,3M,20.26
2022-11-16,Mozambique-Gopalpur,Panamax,6M,19.88
2022-11-16,Mozambique-Gopalpur,Panamax,1Y,20.3
2022-11-16,Mozambique-Gopalpur,Capesize,1M,21.25
2022-11-16,Mozambique-Gopalpur,Capesize,3M,20.91
2022-11-16,Mozambique-Gopalpur,Capesize,6M,21.42
2022-11-16,Mozambique-Gopalpur,Capesize,1Y,21.2
2022-11-16,Mozambique-Haldia,Panamax,1M,20.54
2022-11-16,Mozambique-Haldia,Panamax,3M,21.28
2022-11-16,Mozambique-Haldia,Panamax,6M,20.69
2022-11-16,Mozambique-Haldia,Panamax,1Y,21.67
2022-11-16,Mozambique-Haldia,Capesize,1M,21.34
2022-11-16,Mozambique-Haldia,Capesize,3M,22.15
2022-11-16,Mozambique-Haldia,Capesize,6M,21.84
2022-11-16,Mozambique-Haldia,Capesize,1Y,22.67
2022-11-16,USA-Paradip,Panamax,1M,33.38
2022-11-16,USA-Paradip,Panamax,3M,33.87
2022-11-16,USA-Paradip,Panamax,6M,35.14
2022-11-16,USA-Paradip,Panamax,1Y,35.21
2022-11-16,USA-Paradip,Capesize,1M,37.2
2022-11-16,USA-Paradip,Capesize,3M,38.72
2022-11-16,USA-Paradip,Capesize,6M,37.89
2022-11-16,USA-Paradip,Capesize,1Y,39.3
2022-11-16,USA-Vizag,Panamax,1M,28.63
2022-11-16,USA-Vizag,Panamax,3M,28.8
2022-11-16,USA-Vizag,Panamax,6M,28.8
2022-11-16,USA-Vizag,Panamax,1Y,29.54
2022-11-16,USA-Vizag,Capesize,1M,34.99
2022-11-16,USA-Vizag,Capesize,3M,34.97
2022-11-16,USA-Vizag,Capesize,6M,35.15
2022-11-16,USA-Vizag,Capesize,1Y,36.11
2022-11-16,USA-Dhamra,Panamax,1M,31.62
2022-11-16,USA-Dhamra,Panamax,3M,30.66
2022-11-16,USA-Dhamra,Panamax,6M,31.64
2022-11-16,USA-Dhamra,Panamax,1Y,32.18
2022-11-16,USA-Dhamra,Capesize,1M,34.33
2022-11-16,USA-Dhamra,Capesize,3M,34.62
2022-11-16,USA-Dhamra,Capesize,6M,35.59
2022-11-16,USA-Dhamra,Capesize,1Y,35.6
2022-11-16,USA-Gangavaram,Panamax,1M,30.88
2022-11-16,USA-Gangavaram,Panamax,3M,30.35
2022-11-16,USA-Gangavaram,Panamax,6M,31.66
2022-11-16,USA-Gangavaram,Panamax,1Y,32.09
2022-11-16,USA-Gangavaram,Capesize,1M,35.16
2022-11-16,USA-Gangavaram,Capesize,3M,37.16
2022-11-16,USA-Gangavaram,Capesize,6M,36.89
2022-11-16,USA-Gangavaram,Capesize,1Y,37.65
2022-11-16,USA-Gopalpur,Panamax,1M,33.24
2022-11-16,USA-Gopalpur,Panamax,3M,33.27
2022-11-16,USA-Gopalpur,Panamax,6M,33.42
2022-11-16,USA-Gopalpur,Panamax,1Y,35.1
2022-11-16,USA-Gopalpur,Capesize,1M,29.7
2022-11-16,USA-Gopalpur,Capesize,3M,29.2
2022-11-16,USA-Gopalpur,Capesize,6M,29.8
2022-11-16,USA-Gopalpur,Capesize,1Y,29.4
2022-11-16,USA-Haldia,Panamax,1M,33.06
2022-11-16,USA-Haldia,Panamax,3M,33.81
2022-11-16,USA-Haldia,Panamax,6M,34.2
2022-11-16,USA-Haldia,Panamax,1Y,34.54
2022-11-16,USA-Haldia,Capesize,1M,35.77
2022-11-16,USA-Haldia,Capesize,3M,35.8
2022-11-16,USA-Haldia,Capesize,6M,36.52
2022-11-16,USA-Haldia,Capesize,1Y,37.27
2022-12-16,Australia-Paradip,Panamax,1M,14.02
2022-12-16,Australia-Paradip,Panamax,3M,14.48
2022-12-16,Australia-Paradip,Panamax,6M,14.55
2022-12-16,Australia-Paradip,Panamax,1Y,14.64
2022-12-16,Australia-Paradip,Capesize,1M,14.8
2022-12-16,Australia-Paradip,Capesize,3M,15.31
2022-12-16,Australia-Paradip,Capesize,6M,15.59
2022-12-16,Australia-Paradip,Capesize,1Y,15.19
2022-12-16,Australia-Vizag,Panamax,1M,15.83
2022-12-16,Australia-Vizag,Panamax,3M,16.65
2022-12-16,Australia-Vizag,Panamax,6M,16.95
2022-12-16,Australia-Vizag,Panamax,1Y,16.84
2022-12-16,Australia-Vizag,Capesize,1M,18.43
2022-12-16,Australia-Vizag,Capesize,3M,18.33
2022-12-16,Australia-Vizag,Capesize,6M,19.16
2022-12-16,Australia-Vizag,Capesize,1Y,18.61
2022-12-16,Australia-Dhamra,Panamax,1M,16.45
2022-12-16,Australia-Dhamra,Panamax,3M,16.08
2022-12-16,Australia-Dhamra,Panamax,6M,15.82
2022-12-16,Australia-Dhamra,Panamax,1Y,16.08
2022-12-16,Australia-Dhamra,Capesize,1M,17.35
2022-12-16,Australia-Dhamra,Capesize,3M,17.05
2022-12-16,Australia-Dhamra,Capesize,6M,17.17
2022-12-16,Australia-Dhamra,Capesize,1Y,17.2
2022-12-16,Australia-Gangavaram,Panamax,1M,15.93
2022-12-16,Australia-Gangavaram,Panamax,3M,15.7
2022-12-16,Australia-Gangavaram,Panamax,6M,15.51
2022-12-16,Australia-Gangavaram,Panamax,1Y,16.08
2022-12-16,Australia-Gangavaram,Capesize,1M,18.29
2022-12-16,Australia-Gangavaram,Capesize,3M,18.5
2022-12-16,Australia-Gangavaram,Capesize,6M,18.56
2022-12-16,Australia-Gangavaram,Capesize,1Y,18.92
2022-12-16,Australia-Gopalpur,Panamax,1M,14.74
2022-12-16,Australia-Gopalpur,Panamax,3M,14.82
2022-12-16,Australia-Gopalpur,Panamax,6M,15.16
2022-12-16,Australia-Gopalpur,Panamax,1Y,15.67
2022-12-16,Australia-Gopalpur,Capesize,1M,17.09
2022-12-16,Australia-Gopalpur,Capesize,3M,17.12
2022-12-16,Australia-Gopalpur,Capesize,6M,17.11
2022-12-16,Australia-Gopalpur,Capesize,1Y,17.63
2022-12-16,Australia-Haldia,Panamax,1M,17.99
2022-12-16,Australia-Haldia,Panamax,3M,17.85
2022-12-16,Australia-Haldia,Panamax,6M,18.34
2022-12-16,Australia-Haldia,Panamax,1Y,18.78
2022-12-16,Australia-Haldia,Capesize,1M,15.44
2022-12-16,Australia-Haldia,Capesize,3M,15.67
2022-12-16,Australia-Haldia,Capesize,6M,15.88
2022-12-16,Australia-Haldia,Capesize,1Y,15.71
2022-12-16,Indonesia-Paradip,Panamax,1M,9.22
2022-12-16,Indonesia-Paradip,Panamax,3M,9.54
2022-12-16,Indonesia-Paradip,Panamax,6M,9.67
2022-12-16,Indonesia-Paradip,Panamax,1Y,9.55
2022-12-16,Indonesia-Paradip,Capesize,1M,11.9
2022-12-16,Indonesia-Paradip,Capesize,3M,12.06
2022-12-16,Indonesia-Paradip,Capesize,6M,12.3
2022-12-16,Indonesia-Paradip,Capesize,1Y,12.61
2022-12-16,Indonesia-Vizag,Panamax,1M,9.91
2022-12-16,Indonesia-Vizag,Panamax,3M,9.76
2022-12-16,Indonesia-Vizag,Panamax,6M,9.78
2022-12-16,Indonesia-Vizag,Panamax,1Y,10.19
2022-12-16,Indonesia-Vizag,Capesize,1M,10.94
2022-12-16,Indonesia-Vizag,Capesize,3M,10.92
2022-12-16,Indonesia-Vizag,Capesize,6M,10.98
2022-12-16,Indonesia-Vizag,Capesize,1Y,11.35
2022-12-16,Indonesia-Dhamra,Panamax,1M,9.32
2022-12-16,Indonesia-Dhamra,Panamax,3M,9.6
2022-12-16,Indonesia-Dhamra,Panamax,6M,9.56
2022-12-16,Indonesia-Dhamra,Panamax,1Y,9.94
2022-12-16,Indonesia-Dhamra,Capesize,1M,10.84
2022-12-16,Indonesia-Dhamra,Capesize,3M,11.11
2022-12-16,Indonesia-Dhamra,Capesize,6M,11.24
2022-12-16,Indonesia-Dhamra,Capesize,1Y,11.36
2022-12-16,Indonesia-Gangavaram,Panamax,1M,10.73
2022-12-16,Indonesia-Gangavaram,Panamax,3M,11.4
2022-12-16,Indonesia-Gangavaram,Panamax,6M,11.04
2022-12-16,Indonesia-Gangavaram,Panamax,1Y,11.46
2022-12-16,Indonesia-Gangavaram,Capesize,1M,10.14
2022-12-16,Indonesia-Gangavaram,Capesize,3M,10.16
2022-12-16,Indonesia-Gangavaram,Capesize,6M,10.02
2022-12-16,Indonesia-Gangavaram,Capesize,1Y,10.44
2022-12-16,Indonesia-Gopalpur,Panamax,1M,11.21
2022-12-16,Indonesia-Gopalpur,Panamax,3M,11.68
2022-12-16,Indonesia-Gopalpur,Panamax,6M,11.55
2022-12-16,Indonesia-Gopalpur,Panamax,1Y,11.99
2022-12-16,Indonesia-Gopalpur,Capesize,1M,9.9
2022-12-16,Indonesia-Gopalpur,Capesize,3M,10.3
2022-12-16,Indonesia-Gopalpur,Capesize,6M,10.33
2022-12-16,Indonesia-Gopalpur,Capesize,1Y,10.53
2022-12-16,Indonesia-Haldia,Panamax,1M,10.16
2022-12-16,Indonesia-Haldia,Panamax,3M,10.32
2022-12-16,Indonesia-Haldia,Panamax,6M,10.65
2022-12-16,Indonesia-Haldia,Panamax,1Y,10.61
2022-12-16,Indonesia-Haldia,Capesize,1M,8.64
2022-12-16,Indonesia-Haldia,Capesize,3M,8.79
2022-12-16,Indonesia-Haldia,Capesize,6M,9.04
2022-12-16,Indonesia-Haldia,Capesize,1Y,9.09
2022-12-16,Russia-Paradip,Panamax,1M,24.08
2022-12-16,Russia-Paradip,Panamax,3M,24.03
2022-12-16,Russia-Paradip,Panamax,6M,24.6
2022-12-16,Russia-Paradip,Panamax,1Y,24.79
2022-12-16,Russia-Paradip,Capesize,1M,24.51
2022-12-16,Russia-Paradip,Capesize,3M,25.54
2022-12-16,Russia-Paradip,Capesize,6M,25.46
2022-12-16,Russia-Paradip,Capesize,1Y,25.35
2022-12-16,Russia-Vizag,Panamax,1M,25.92
2022-12-16,Russia-Vizag,Panamax,3M,25.29
2022-12-16,Russia-Vizag,Panamax,6M,25.71
2022-12-16,Russia-Vizag,Panamax,1Y,25.44
2022-12-16,Russia-Vizag,Capesize,1M,22.54
2022-12-16,Russia-Vizag,Capesize,3M,22.46
2022-12-16,Russia-Vizag,Capesize,6M,22.94
2022-12-16,Russia-Vizag,Capesize,1Y,23.85
2022-12-16,Russia-Dhamra,Panamax,1M,22.33
2022-12-16,Russia-Dhamra,Panamax,3M,22.09
2022-12-16,Russia-Dhamra,Panamax,6M,23.2
2022-12-16,Russia-Dhamra,Panamax,1Y,23.13
2022-12-16,Russia-Dhamra,Capesize,1M,18.96
2022-12-16,Russia-Dhamra,Capesize,3M,19.0
2022-12-16,Russia-Dhamra,Capesize,6M,18.88
2022-12-16,Russia-Dhamra,Capesize,1Y,19.68
2022-12-16,Russia-Gangavaram,Panamax,1M,21.08
2022-12-16,Russia-Gangavaram,Panamax,3M,21.82
2022-12-16,Russia-Gangavaram,Panamax,6M,22.66
2022-12-16,Russia-Gangavaram,Panamax,1Y,22.99
2022-12-16,Russia-Gangavaram,Capesize,1M,22.44
2022-12-16,Russia-Gangavaram,Capesize,3M,22.4
2022-12-16,Russia-Gangavaram,Capesize,6M,22.67
2022-12-16,Russia-Gangavaram,Capesize,1Y,22.65
2022-12-16,Russia-Gopalpur,Panamax,1M,19.8
2022-12-16,Russia-Gopalpur,Panamax,3M,20.09
2022-12-16,Russia-Gopalpur,Panamax,6M,20.87
2022-12-16,Russia-Gopalpur,Panamax,1Y,21.13
2022-12-16,Russia-Gopalpur,Capesize,1M,20.67
2022-12-16,Russia-Gopalpur,Capesize,3M,20.12
2022-12-16,Russia-Gopalpur,Capesize,6M,20.35
2022-12-16,Russia-Gopalpur,Capesize,1Y,20.9
2022-12-16,Russia-Haldia,Panamax,1M,21.17
2022-12-16,Russia-Haldia,Panamax,3M,21.32
2022-12-16,Russia-Haldia,Panamax,6M,21.84
2022-12-16,Russia-Haldia,Panamax,1Y,21.82
2022-12-16,Russia-Haldia,Capesize,1M,21.9
2022-12-16,Russia-Haldia,Capesize,3M,21.97
2022-12-16,Russia-Haldia,Capesize,6M,21.94
2022-12-16,Russia-Haldia,Capesize,1Y,22.61
2022-12-16,Mozambique-Paradip,Panamax,1M,23.85
2022-12-16,Mozambique-Paradip,Panamax,3M,23.9
2022-12-16,Mozambique-Paradip,Panamax,6M,23.92
2022-12-16,Mozambique-Paradip,Panamax,1Y,24.09
2022-12-16,Mozambique-Paradip,Capesize,1M,20.42
2022-12-16,Mozambique-Paradip,Capesize,3M,20.25
2022-12-16,Mozambique-Paradip,Capesize,6M,20.5
2022-12-16,Mozambique-Paradip,Capesize,1Y,21.44
2022-12-16,Mozambique-Vizag,Panamax,1M,22.2
2022-12-16,Mozambique-Vizag,Panamax,3M,22.99
2022-12-16,Mozambique-Vizag,Panamax,6M,22.8
2022-12-16,Mozambique-Vizag,Panamax,1Y,23.11
2022-12-16,Mozambique-Vizag,Capesize,1M,17.12
2022-12-16,Mozambique-Vizag,Capesize,3M,17.3
2022-12-16,Mozambique-Vizag,Capesize,6M,18.2
2022-12-16,Mozambique-Vizag,Capesize,1Y,18.01
2022-12-16,Mozambique-Dhamra,Panamax,1M,20.14
2022-12-16,Mozambique-Dhamra,Panamax,3M,19.76
2022-12-16,Mozambique-Dhamra,Panamax,6M,20.38
2022-12-16,Mozambique-Dhamra,Panamax,1Y,20.72
2022-12-16,Mozambique-Dhamra,Capesize,1M,18.82
2022-12-16,Mozambique-Dhamra,Capesize,3M,19.26
2022-12-16,Mozambique-Dhamra,Capesize,6M,18.99
2022-12-16,Mozambique-Dhamra,Capesize,1Y,19.51
2022-12-16,Mozambique-Gangavaram,Panamax,1M,21.28
2022-12-16,Mozambique-Gangavaram,Panamax,3M,21.38
2022-12-16,Mozambique-Gangavaram,Panamax,6M,21.49
2022-12-16,Mozambique-Gangavaram,Panamax,1Y,21.76
2022-12-16,Mozambique-Gangavaram,Capesize,1M,21.13
2022-12-16,Mozambique-Gangavaram,Capesize,3M,21.73
2022-12-16,Mozambique-Gangavaram,Capesize,6M,21.85
2022-12-16,Mozambique-Gangavaram,Capesize,1Y,22.0
2022-12-16,Mozambique-Gopalpur,Panamax,1M,19.0
2022-12-16,Mozambique-Gopalpur,Panamax,3M,19.85
2022-12-16,Mozambique-Gopalpur,Panamax,6M,20.22
2022-12-16,Mozambique-Gopalpur,Panamax,1Y,21.15
2022-12-16,Mozambique-Gopalpur,Capesize,1M,19.22
2022-12-16,Mozambique-Gopalpur,Capesize,3M,19.27
2022-12-16,Mozambique-Gopalpur,Capesize,6M,19.54
2022-12-16,Mozambique-Gopalpur,Capesize,1Y,19.7
2022-12-16,Mozambique-Haldia,Panamax,1M,22.07
2022-12-16,Mozambique-Haldia,Panamax,3M,22.92
2022-12-16,Mozambique-Haldia,Panamax,6M,23.36
2022-12-16,Mozambique-Haldia,Panamax,1Y,24.28
2022-12-16,Mozambique-Haldia,Capesize,1M,19.04
2022-12-16,Mozambique-Haldia,Capesize,3M,19.11
2022-12-16,Mozambique-Haldia,Capesize,6M,19.91
2022-12-16,Mozambique-Haldia,Capesize,1Y,19.71
2022-12-16,USA-Paradip,Panamax,1M,28.3
2022-12-16,USA-Paradip,Panamax,3M,28.64
2022-12-16,USA-Paradip,Panamax,6M,29.34
2022-12-16,USA-Paradip,Panamax,1Y,30.62
2022-12-16,USA-Paradip,Capesize,1M,34.53
2022-12-16,USA-Paradip,Capesize,3M,35.48
2022-12-16,USA-Paradip,Capesize,6M,36.3
2022-12-16,USA-Paradip,Capesize,1Y,37.7
2022-12-16,USA-Vizag,Panamax,1M,30.59
2022-12-16,USA-Vizag,Panamax,3M,31.26
2022-12-16,USA-Vizag,Panamax,6M,31.11
2022-12-16,USA-Vizag,Panamax,1Y,31.92
2022-12-16,USA-Vizag,Capesize,1M,29.62
2022-12-16,USA-Vizag,Capesize,3M,30.92
2022-12-16,USA-Vizag,Capesize,6M,30.76
2022-12-16,USA-Vizag,Capesize,1Y,31.52
2022-12-16,USA-Dhamra,Panamax,1M,29.62
2022-12-16,USA-Dhamra,Panamax,3M,29.88
2022-12-16,USA-Dhamra,Panamax,6M,30.23
2022-12-16,USA-Dhamra,Panamax,1Y,30.98
2022-12-16,USA-Dhamra,Capesize,1M,35.64
2022-12-16,USA-Dhamra,Capesize,3M,36.43
2022-12-16,USA-Dhamra,Capesize,6M,36.02
2022-12-16,USA-Dhamra,Capesize,1Y,37.84
2022-12-16,USA-Gangavaram,Panamax,1M,30.76
2022-12-16,USA-Gangavaram,Panamax,3M,30.5
2022-12-16,USA-Gangavaram,Panamax,6M,31.51
2022-12-16,USA-Gangavaram,Panamax,1Y,31.68
2022-12-16,USA-Gangavaram,Capesize,1M,28.01
2022-12-16,USA-Gangavaram,Capesize,3M,27.8
2022-12-16,USA-Gangavaram,Capesize,6M,29.04
2022-12-16,USA-Gangavaram,Capesize,1Y,28.38
2022-12-16,USA-Gopalpur,Panamax,1M,35.07
2022-12-16,USA-Gopalpur,Panamax,3M,35.35
2022-12-16,USA-Gopalpur,Panamax,6M,36.52
2022-12-16,USA-Gopalpur,Panamax,1Y,37.89
2022-12-16,USA-Gopalpur,Capesize,1M,30.9
2022-12-16,USA-Gopalpur,Capesize,3M,30.92
2022-12-16,USA-Gopalpur,Capesize,6M,32.7
2022-12-16,USA-Gopalpur,Capesize,1Y,31.37
2022-12-16,USA-Haldia,Panamax,1M,33.93
2022-12-16,USA-Haldia,Panamax,3M,36.18
2022-12-16,USA-Haldia,Panamax,6M,35.75
2022-12-16,USA-Haldia,Panamax,1Y,36.3
2022-12-16,USA-Haldia,Capesize,1M,34.55
2022-12-16,USA-Haldia,Capesize,3M,34.23
2022-12-16,USA-Haldia,Capesize,6M,35.13
2022-12-16,USA-Haldia,Capesize,1Y,36.05
2023-01-15,Australia-Paradip,Panamax,1M,16.05
2023-01-15,Australia-Paradip,Panamax,3M,16.58
2023-01-15,Australia-Paradip,Panamax,6M,16.56
2023-01-15,Australia-Paradip,Panamax,1Y,17.14
2023-01-15,Australia-Paradip,Capesize,1M,18.91
2023-01-15,Australia-Paradip,Capesize,3M,18.98
2023-01-15,Australia-Paradip,Capesize,6M,18.75
2023-01-15,Australia-Paradip,Capesize,1Y,19.37
2023-01-15,Australia-Vizag,Panamax,1M,16.71
2023-01-15,Australia-Vizag,Panamax,3M,17.34
2023-01-15,Australia-Vizag,Panamax,6M,17.51
2023-01-15,Australia-Vizag,Panamax,1Y,17.67
2023-01-15,Australia-Vizag,Capesize,1M,15.81
2023-01-15,Australia-Vizag,Capesize,3M,15.53
2023-01-15,Australia-Vizag,Capesize,6M,16.16
2023-01-15,Australia-Vizag,Capesize,1Y,16.01
2023-01-15,Australia-Dhamra,Panamax,1M,15.52
2023-01-15,Australia-Dhamra,Panamax,3M,15.31
2023-01-15,Australia-Dhamra,Panamax,6M,15.68
2023-01-15,Australia-Dhamra,Panamax,1Y,16.03
2023-01-15,Australia-Dhamra,Capesize,1M,15.44
2023-01-15,Australia-Dhamra,Capesize,3M,15.74
2023-01-15,Australia-Dhamra,Capesize,6M,15.65
2023-01-15,Australia-Dhamra,Capesize,1Y,16.32
2023-01-15,Australia-Gangavaram,Panamax,1M,17.18
2023-01-15,Australia-Gangavaram,Panamax,3M,18.31
2023-01-15,Australia-Gangavaram,Panamax,6M,18.16
2023-01-15,Australia-Gangavaram,Panamax,1Y,18.24
2023-01-15,Australia-Gangavaram,Capesize,1M,16.44
2023-01-15,Australia-Gangavaram,Capesize,3M,16.25
2023-01-15,Australia-Gangavaram,Capesize,6M,16.23
2023-01-15,Australia-Gangavaram,Capesize,1Y,17.09
2023-01-15,Australia-Gopalpur,Panamax,1M,17.67
2023-01-15,Australia-Gopalpur,Panamax,3M,18.76
2023-01-15,Australia-Gopalpur,Panamax,6M,18.5
2023-01-15,Australia-Gopalpur,Panamax,1Y,19.13
2023-01-15,Australia-Gopalpur,Capesize,1M,13.99
2023-01-15,Australia-Gopalpur,Capesize,3M,14.33
2023-01-15,Australia-Gopalpur,Capesize,6M,14.18
2023-01-15,Australia-Gopalpur,Capesize,1Y,14.55
2023-01-15,Australia-Haldia,Panamax,1M,15.35
2023-01-15,Australia-Haldia,Panamax,3M,16.23
2023-01-15,Australia-Haldia,Panamax,6M,16.23
2023-01-15,Australia-Haldia,Panamax,1Y,15.58
2023-01-15,Australia-Haldia,Capesize,1M,15.65
2023-01-15,Australia-Haldia,Capesize,3M,16.18
2023-01-15,Australia-Haldia,Capesize,6M,15.86
2023-01-15,Australia-Haldia,Capesize,1Y,16.74
2023-01-15,Indonesia-Paradip,Panamax,1M,9.9
2023-01-15,Indonesia-Paradip,Panamax,3M,10.17
2023-01-15,Indonesia-Paradip,Panamax,6M,10.31
2023-01-15,Indonesia-Paradip,Panamax,1Y,10.82
2023-01-15,Indonesia-Paradip,Capesize,1M,11.43
2023-01-15,Indonesia-Paradip,Capesize,3M,12.21
2023-01-15,Indonesia-Paradip,Capesize,6M,12.28
2023-01-15,Indonesia-Paradip,Capesize,1Y,12.37
2023-01-15,Indonesia-Vizag,Panamax,1M,11.54
2023-01-15,Indonesia-Vizag,Panamax,3M,11.89
2023-01-15,Indonesia-Vizag,Panamax,6M,11.83
2023-01-15,Indonesia-Vizag,Panamax,1Y,11.59
2023-01-15,Indonesia-Vizag,Capesize,1M,11.14
2023-01-15,Indonesia-Vizag,Capesize,3M,11.12
2023-01-15,Indonesia-Vizag,Capesize,6M,11.18
2023-01-15,Indonesia-Vizag,Capesize,1Y,11.33
2023-01-15,Indonesia-Dhamra,Panamax,1M,9.94
2023-01-15,Indonesia-Dhamra,Panamax,3M,9.89
2023-01-15,Indonesia-Dhamra,Panamax,6M,10.17
2023-01-15,Indonesia-Dhamra,Panamax,1Y,10.42
2023-01-15,Indonesia-Dhamra,Capesize,1M,12.39
2023-01-15,Indonesia-Dhamra,Capesize,3M,12.3
2023-01-15,Indonesia-Dhamra,Capesize,6M,12.45
2023-01-15,Indonesia-Dhamra,Capesize,1Y,12.67
2023-01-15,Indonesia-Gangavaram,Panamax,1M,11.04
2023-01-15,Indonesia-Gangavaram,Panamax,3M,11.03
2023-01-15,Indonesia-Gangavaram,Panamax,6M,11.57
2023-01-15,Indonesia-Gangavaram,Panamax,1Y,11.32
2023-01-15,Indonesia-Gangavaram,Capesize,1M,9.67
2023-01-15,Indonesia-Gangavaram,Capesize,3M,10.06
2023-01-15,Indonesia-Gangavaram,Capesize,6M,9.94
2023-01-15,Indonesia-Gangavaram,Capesize,1Y,10.25
2023-01-15,Indonesia-Gopalpur,Panamax,1M,11.74
2023-01-15,Indonesia-Gopalpur,Panamax,3M,12.22
2023-01-15,Indonesia-Gopalpur,Panamax,6M,12.15
2023-01-15,Indonesia-Gopalpur,Panamax,1Y,12.35
2023-01-15,Indonesia-Gopalpur,Capesize,1M,11.36
2023-01-15,Indonesia-Gopalpur,Capesize,3M,11.31
2023-01-15,Indonesia-Gopalpur,Capesize,6M,11.29
2023-01-15,Indonesia-Gopalpur,Capesize,1Y,11.46
2023-01-15,Indonesia-Haldia,Panamax,1M,11.24
2023-01-15,Indonesia-Haldia,Panamax,3M,11.15
2023-01-15,Indonesia-Haldia,Panamax,6M,11.23
2023-01-15,Indonesia-Haldia,Panamax,1Y,11.18
2023-01-15,Indonesia-Haldia,Capesize,1M,11.55
2023-01-15,Indonesia-Haldia,Capesize,3M,11.02
2023-01-15,Indonesia-Haldia,Capesize,6M,11.22
2023-01-15,Indonesia-Haldia,Capesize,1Y,11.48
2023-01-15,Russia-Paradip,Panamax,1M,23.53
2023-01-15,Russia-Paradip,Panamax,3M,23.71
2023-01-15,Russia-Paradip,Panamax,6M,23.44
2023-01-15,Russia-Paradip,Panamax,1Y,23.97
2023-01-15,Russia-Paradip,Capesize,1M,22.08
2023-01-15,Russia-Paradip,Capesize,3M,22.3
2023-01-15,Russia-Paradip,Capesize,6M,22.4
2023-01-15,Russia-Paradip,Capesize,1Y,23.58
2023-01-15,Russia-Vizag,Panamax,1M,22.35
2023-01-15,Russia-Vizag,Panamax,3M,22.46
2023-01-15,Russia-Vizag,Panamax,6M,22.75
2023-01-15,Russia-Vizag,Panamax,1Y,23.26
2023-01-15,Russia-Vizag,Capesize,1M,22.99
2023-01-15,Russia-Vizag,Capesize,3M,22.8
2023-01-15,Russia-Vizag,Capesize,6M,23.87
2023-01-15,Russia-Vizag,Capesize,1Y,23.4
2023-01-15,Russia-Dhamra,Panamax,1M,22.15
2023-01-15,Russia-Dhamra,Panamax,3M,22.82
2023-01-15,Russia-Dhamra,Panamax,6M,22.57
2023-01-15,Russia-Dhamra,Panamax,1Y,23.85
2023-01-15,Russia-Dhamra,Capesize,1M,21.9
2023-01-15,Russia-Dhamra,Capesize,3M,22.62
2023-01-15,Russia-Dhamra,Capesize,6M,23.32
2023-01-15,Russia-Dhamra,Capesize,1Y,23.39
2023-01-15,Russia-Gangavaram,Panamax,1M,22.11
2023-01-15,Russia-Gangavaram,Panamax,3M,21.8
2023-01-15,Russia-Gangavaram,Panamax,6M,22.18
2023-01-15,Russia-Gangavaram,Panamax,1Y,22.4
2023-01-15,Russia-Gangavaram,Capesize,1M,19.99
2023-01-15,Russia-Gangavaram,Capesize,3M,20.16
2023-01-15,Russia-Gangavaram,Capesize,6M,20.38
2023-01-15,Russia-Gangavaram,Capesize,1Y,20.3
2023-01-15,Russia-Gopalpur,Panamax,1M,24.48
2023-01-15,Russia-Gopalpur,Panamax,3M,24.51
2023-01-15,Russia-Gopalpur,Panamax,6M,24.73
2023-01-15,Russia-Gopalpur,Panamax,1Y,25.6
2023-01-15,Russia-Gopalpur,Capesize,1M,20.99
2023-01-15,Russia-Gopalpur,Capesize,3M,21.91
2023-01-15,Russia-Gopalpur,Capesize,6M,21.86
2023-01-15,Russia-Gopalpur,Capesize,1Y,22.74
2023-01-15,Russia-Haldia,Panamax,1M,21.69
2023-01-15,Russia-Haldia,Panamax,3M,21.15
2023-01-15,Russia-Haldia,Panamax,6M,21.8
2023-01-15,Russia-Haldia,Panamax,1Y,22.38
2023-01-15,Russia-Haldia,Capesize,1M,23.26
2023-01-15,Russia-Haldia,Capesize,3M,23.22
2023-01-15,Russia-Haldia,Capesize,6M,23.87
2023-01-15,Russia-Haldia,Capesize,1Y,23.63
2023-01-15,Mozambique-Paradip,Panamax,1M,22.64
2023-01-15,Mozambique-Paradip,Panamax,3M,22.98
2023-01-15,Mozambique-Paradip,Panamax,6M,23.72
2023-01-15,Mozambique-Paradip,Panamax,1Y,24.34
2023-01-15,Mozambique-Paradip,Capesize,1M,21.36
2023-01-15,Mozambique-Paradip,Capesize,3M,21.98
2023-01-15,Mozambique-Paradip,Capesize,6M,21.5
2023-01-15,Mozambique-Paradip,Capesize,1Y,22.52
2023-01-15,Mozambique-Vizag,Panamax,1M,20.18
2023-01-15,Mozambique-Vizag,Panamax,3M,20.48
2023-01-15,Mozambique-Vizag,Panamax,6M,20.71
2023-01-15,Mozambique-Vizag,Panamax,1Y,21.56
2023-01-15,Mozambique-Vizag,Capesize,1M,19.91
2023-01-15,Mozambique-Vizag,Capesize,3M,19.77
2023-01-15,Mozambique-Vizag,Capesize,6M,20.53
2023-01-15,Mozambique-Vizag,Capesize,1Y,20.67
2023-01-15,Mozambique-Dhamra,Panamax,1M,18.86
2023-01-15,Mozambique-Dhamra,Panamax,3M,19.91
2023-01-15,Mozambique-Dhamra,Panamax,6M,19.76
2023-01-15,Mozambique-Dhamra,Panamax,1Y,20.08
2023-01-15,Mozambique-Dhamra,Capesize,1M,24.11
2023-01-15,Mozambique-Dhamra,Capesize,3M,25.06
2023-01-15,Mozambique-Dhamra,Capesize,6M,25.45
2023-01-15,Mozambique-Dhamra,Capesize,1Y,24.83
2023-01-15,Mozambique-Gangavaram,Panamax,1M,23.05
2023-01-15,Mozambique-Gangavaram,Panamax,3M,22.83
2023-01-15,Mozambique-Gangavaram,Panamax,6M,24.41
2023-01-15,Mozambique-Gangavaram,Panamax,1Y,24.23
2023-01-15,Mozambique-Gangavaram,Capesize,1M,21.7
2023-01-15,Mozambique-Gangavaram,Capesize,3M,21.44
2023-01-15,Mozambique-Gangavaram,Capesize,6M,21.34
2023-01-15,Mozambique-Gangavaram,Capesize,1Y,21.98
2023-01-15,Mozambique-Gopalpur,Panamax,1M,19.37
2023-01-15,Mozambique-Gopalpur,Panamax,3M,19.91
2023-01-15,Mozambique-Gopalpur,Panamax,6M,19.68
2023-01-15,Mozambique-Gopalpur,Panamax,1Y,19.89
2023-01-15,Mozambique-Gopalpur,Capesize,1M,18.69
2023-01-15,Mozambique-Gopalpur,Capesize,3M,18.74
2023-01-15,Mozambique-Gopalpur,Capesize,6M,18.54
2023-01-15,Mozambique-Gopalpur,Capesize,1Y,18.77
2023-01-15,Mozambique-Haldia,Panamax,1M,20.56
2023-01-15,Mozambique-Haldia,Panamax,3M,20.88
2023-01-15,Mozambique-Haldia,Panamax,6M,21.37
2023-01-15,Mozambique-Haldia,Panamax,1Y,21.32
2023-01-15,Mozambique-Haldia,Capesize,1M,17.15
2023-01-15,Mozambique-Haldia,Capesize,3M,17.78
2023-01-15,Mozambique-Haldia,Capesize,6M,17.53
2023-01-15,Mozambique-Haldia,Capesize,1Y,17.24
2023-01-15,USA-Paradip,Panamax,1M,32.33
2023-01-15,USA-Paradip,Panamax,3M,32.9
2023-01-15,USA-Paradip,Panamax,6M,32.29
2023-01-15,USA-Paradip,Panamax,1Y,34.12
2023-01-15,USA-Paradip,Capesize,1M,33.09
2023-01-15,USA-Paradip,Capesize,3M,32.27
2023-01-15,USA-Paradip,Capesize,6M,33.41
2023-01-15,USA-Paradip,Capesize,1Y,33.65
2023-01-15,USA-Vizag,Panamax,1M,33.17
2023-01-15,USA-Vizag,Panamax,3M,34.14
2023-01-15,USA-Vizag,Panamax,6M,33.72
2023-01-15,USA-Vizag,Panamax,1Y,34.81
2023-01-15,USA-Vizag,Capesize,1M,33.09
2023-01-15,USA-Vizag,Capesize,3M,33.18
2023-01-15,USA-Vizag,Capesize,6M,33.83
2023-01-15,USA-Vizag,Capesize,1Y,33.96
2023-01-15,USA-Dhamra,Panamax,1M,32.66
2023-01-15,USA-Dhamra,Panamax,3M,33.23
2023-01-15,USA-Dhamra,Panamax,6M,34.52
2023-01-15,USA-Dhamra,Panamax,1Y,32.99
2023-01-15,USA-Dhamra,Capesize,1M,31.08
2023-01-15,USA-Dhamra,Capesize,3M,32.18
2023-01-15,USA-Dhamra,Capesize,6M,31.94
2023-01-15,USA-Dhamra,Capesize,1Y,33.39
2023-01-15,USA-Gangavaram,Panamax,1M,37.58
2023-01-15,USA-Gangavaram,Panamax,3M,37.7
2023-01-15,USA-Gangavaram,Panamax,6M,38.35
2023-01-15,USA-Gangavaram,Panamax,1Y,39.78
2023-01-15,USA-Gangavaram,Capesize,1M,29.73
2023-01-15,USA-Gangavaram,Capesize,3M,30.26
2023-01-15,USA-Gangavaram,Capesize,6M,30.95
2023-01-15,USA-Gangavaram,Capesize,1Y,31.23
2023-01-15,USA-Gopalpur,Panamax,1M,34.94
2023-01-15,USA-Gopalpur,Panamax,3M,35.04
2023-01-15,USA-Gopalpur,Panamax,6M,35.34
2023-01-15,USA-Gopalpur,Panamax,1Y,37.5
2023-01-15,USA-Gopalpur,Capesize,1M,33.29
2023-01-15,USA-Gopalpur,Capesize,3M,32.75
2023-01-15,USA-Gopalpur,Capesize,6M,32.82
2023-01-15,USA-Gopalpur,Capesize,1Y,34.04
2023-01-15,USA-Haldia,Panamax,1M,35.17
2023-01-15,USA-Haldia,Panamax,3M,36.1
2023-01-15,USA-Haldia,Panamax,6M,35.92
2023-01-15,USA-Haldia,Panamax,1Y,36.85
2023-01-15,USA-Haldia,Capesize,1M,31.99
2023-01-15,USA-Haldia,Capesize,3M,31.59
2023-01-15,USA-Haldia,Capesize,6M,32.99
2023-01-15,USA-Haldia,Capesize,1Y,33.04
2023-02-14,Australia-Paradip,Panamax,1M,14.41
2023-02-14,Australia-Paradip,Panamax,3M,14.83
2023-02-14,Australia-Paradip,Panamax,6M,14.78
2023-02-14,Australia-Paradip,Panamax,1Y,15.05
2023-02-14,Australia-Paradip,Capesize,1M,15.65
2023-02-14,Australia-Paradip,Capesize,3M,16.07
2023-02-14,Australia-Paradip,Capesize,6M,15.88
2023-02-14,Australia-Paradip,Capesize,1Y,15.98
2023-02-14,Australia-Vizag,Panamax,1M,15.56
2023-02-14,Australia-Vizag,Panamax,3M,15.25
2023-02-14,Australia-Vizag,Panamax,6M,15.49
2023-02-14,Australia-Vizag,Panamax,1Y,15.43
2023-02-14,Australia-Vizag,Capesize,1M,16.49
2023-02-14,Australia-Vizag,Capesize,3M,17.05
2023-02-14,Australia-Vizag,Capesize,6M,17.18
2023-02-14,Australia-Vizag,Capesize,1Y,17.38
2023-02-14,Australia-Dhamra,Panamax,1M,16.05
2023-02-14,Australia-Dhamra,Panamax,3M,16.3
2023-02-14,Australia-Dhamra,Panamax,6M,16.38
2023-02-14,Australia-Dhamra,Panamax,1Y,16.44
2023-02-14,Australia-Dhamra,Capesize,1M,15.26
2023-02-14,Australia-Dhamra,Capesize,3M,15.1
2023-02-14,Australia-Dhamra,Capesize,6M,14.96
2023-02-14,Australia-Dhamra,Capesize,1Y,15.29
2023-02-14,Australia-Gangavaram,Panamax,1M,16.42
2023-02-14,Australia-Gangavaram,Panamax,3M,16.74
2023-02-14,Australia-Gangavaram,Panamax,6M,17.1
2023-02-14,Australia-Gangavaram,Panamax,1Y,17.15
2023-02-14,Australia-Gangavaram,Capesize,1M,17.16
2023-02-14,Australia-Gangavaram,Capesize,3M,17.43
2023-02-14,Australia-Gangavaram,Capesize,6M,18.15
2023-02-14,Australia-Gangavaram,Capesize,1Y,18.03
2023-02-14,Australia-Gopalpur,Panamax,1M,16.06
2023-02-14,Australia-Gopalpur,Panamax,3M,15.64
2023-02-14,Australia-Gopalpur,Panamax,6M,16.15
2023-02-14,Australia-Gopalpur,Panamax,1Y,16.05
2023-02-14,Australia-Gopalpur,Capesize,1M,18.23
2023-02-14,Australia-Gopalpur,Capesize,3M,19.35
2023-02-14,Australia-Gopalpur,Capesize,6M,18.86
2023-02-14,Australia-Gopalpur,Capesize,1Y,19.25
2023-02-14,Australia-Haldia,Panamax,1M,18.34
2023-02-14,Australia-Haldia,Panamax,3M,18.55
2023-02-14,Australia-Haldia,Panamax,6M,19.22
2023-02-14,Australia-Haldia,Panamax,1Y,19.53
2023-02-14,Australia-Haldia,Capesize,1M,16.06
2023-02-14,Australia-Haldia,Capesize,3M,16.21
2023-02-14,Australia-Haldia,Capesize,6M,16.53
2023-02-14,Australia-Haldia,Capesize,1Y,16.71
2023-02-14,Indonesia-Paradip,Panamax,1M,13.05
2023-02-14,Indonesia-Paradip,Panamax,3M,12.99
2023-02-14,Indonesia-Paradip,Panamax,6M,13.22
2023-02-14,Indonesia-Paradip,Panamax,1Y,13.41
2023-02-14,Indonesia-Paradip,Capesize,1M,8.21
2023-02-14,Indonesia-Paradip,Capesize,3M,8.47
2023-02-14,Indonesia-Paradip,Capesize,6M,8.61
2023-02-14,Indonesia-Paradip,Capesize,1Y,8.76
2023-02-14,Indonesia-Vizag,Panamax,1M,12.68
2023-02-14,Indonesia-Vizag,Panamax,3M,12.48
2023-02-14,Indonesia-Vizag,Panamax,6M,12.69
2023-02-14,Indonesia-Vizag,Panamax,1Y,12.56
2023-02-14,Indonesia-Vizag,Capesize,1M,10.3
2023-02-14,Indonesia-Vizag,Capesize,3M,10.45
2023-02-14,Indonesia-Vizag,Capesize,6M,10.4
2023-02-14,Indonesia-Vizag,Capesize,1Y,10.85
2023-02-14,Indonesia-Dhamra,Panamax,1M,10.51
2023-02-14,Indonesia-Dhamra,Panamax,3M,10.64
2023-02-14,Indonesia-Dhamra,Panamax,6M,10.68
2023-02-14,Indonesia-Dhamra,Panamax,1Y,10.72
2023-02-14,Indonesia-Dhamra,Capesize,1M,10.89
2023-02-14,Indonesia-Dhamra,Capesize,3M,10.68
2023-02-14,Indonesia-Dhamra,Capesize,6M,11.26
2023-02-14,Indonesia-Dhamra,Capesize,1Y,11.56
2023-02-14,Indonesia-Gangavaram,Panamax,1M,8.98
2023-02-14,Indonesia-Gangavaram,Panamax,3M,9.38
2023-02-14,Indonesia-Gangavaram,Panamax,6M,9.41
2023-02-14,Indonesia-Gangavaram,Panamax,1Y,9.39
2023-02-14,Indonesia-Gangavaram,Capesize,1M,8.68
2023-02-14,Indonesia-Gangavaram,Capesize,3M,8.78
2023-02-14,Indonesia-Gangavaram,Capesize,6M,8.49
2023-02-14,Indonesia-Gangavaram,Capesize,1Y,8.74
2023-02-14,Indonesia-Gopalpur,Panamax,1M,9.96
2023-02-14,Indonesia-Gopalpur,Panamax,3M,9.81
2023-02-14,Indonesia-Gopalpur,Panamax,6M,10.26
2023-02-14,Indonesia-Gopalpur,Panamax,1Y,10.47
2023-02-14,Indonesia-Gopalpur,Capesize,1M,9.94
2023-02-14,Indonesia-Gopalpur,Capesize,3M,9.89
2023-02-14,Indonesia-Gopalpur,Capesize,6M,9.78
2023-02-14,Indonesia-Gopalpur,Capesize,1Y,10.19
2023-02-14,Indonesia-Haldia,Panamax,1M,9.86
2023-02-14,Indonesia-Haldia,Panamax,3M,9.8
2023-02-14,Indonesia-Haldia,Panamax,6M,10.15
2023-02-14,Indonesia-Haldia,Panamax,1Y,10.18
2023-02-14,Indonesia-Haldia,Capesize,1M,9.45
2023-02-14,Indonesia-Haldia,Capesize,3M,9.83
2023-02-14,Indonesia-Haldia,Capesize,6M,9.7
2023-02-14,Indonesia-Haldia,Capesize,1Y,9.84
2023-02-14,Russia-Paradip,Panamax,1M,22.57
2023-02-14,Russia-Paradip,Panamax,3M,23.19
2023-02-14,Russia-Paradip,Panamax,6M,23.52
2023-02-14,Russia-Paradip,Panamax,1Y,23.46
2023-02-14,Russia-Paradip,Capesize,1M,23.94
2023-02-14,Russia-Paradip,Capesize,3M,24.21
2023-02-14,Russia-Paradip,Capesize,6M,24.47
2023-02-14,Russia-Paradip,Capesize,1Y,25.52
2023-02-14,Russia-Vizag,Panamax,1M,26.37
2023-02-14,Russia-Vizag,Panamax,3M,26.49
2023-02-14,Russia-Vizag,Panamax,6M,26.3
2023-02-14,Russia-Vizag,Panamax,1Y,26.74
2023-02-14,Russia-Vizag,Capesize,1M,23.89
2023-02-14,Russia-Vizag,Capesize,3M,23.68
2023-02-14,Russia-Vizag,Capesize,6M,24.38
2023-02-14,Russia-Vizag,Capesize,1Y,24.97
2023-02-14,Russia-Dhamra,Panamax,1M,18.54
2023-02-14,Russia-Dhamra,Panamax,3M,18.89
2023-02-14,Russia-Dhamra,Panamax,6M,19.63
2023-02-14,Russia-Dhamra,Panamax,1Y,19.38
2023-02-14,Russia-Dhamra,Capesize,1M,22.8
2023-02-14,Russia-Dhamra,Capesize,3M,23.09
2023-02-14,Russia-Dhamra,Capesize,6M,24.67
2023-02-14,Russia-Dhamra,Capesize,1Y,24.48
2023-02-14,Russia-Gangavaram,Panamax,1M,21.43
2023-02-14,Russia-Gangavaram,Panamax,3M,21.34
2023-02-14,Russia-Gangavaram,Panamax,6M,21.54
2023-02-14,Russia-Gangavaram,Panamax,1Y,22.79
2023-02-14,Russia-Gangavaram,Capesize,1M,21.63
2023-02-14,Russia-Gangavaram,Capesize,3M,21.69
2023-02-14,Russia-Gangavaram,Capesize,6M,22.11
2023-02-14,Russia-Gangavaram,Capesize,1Y,22.66
2023-02-14,Russia-Gopalpur,Panamax,1M,20.88
2023-02-14,Russia-Gopalpur,Panamax,3M,20.96
2023-02-14,Russia-Gopalpur,Panamax,6M,21.07
2023-02-14,Russia-Gopalpur,Panamax,1Y,21.79
2023-02-14,Russia-Gopalpur,Capesize,1M,26.13
2023-02-14,Russia-Gopalpur,Capesize,3M,25.38
2023-02-14,Russia-Gopalpur,Capesize,6M,26.57
2023-02-14,Russia-Gopalpur,Capesize,1Y,27.19
2023-02-14,Russia-Haldia,Panamax,1M,21.36
2023-02-14,Russia-Haldia,Panamax,3M,21.48
2023-02-14,Russia-Haldia,Panamax,6M,22.11
2023-02-14,Russia-Haldia,Panamax,1Y,22.07
2023-02-14,Russia-Haldia,Capesize,1M,22.85
2023-02-14,Russia-Haldia,Capesize,3M,23.15
2023-02-14,Russia-Haldia,Capesize,6M,23.29
2023-02-14,Russia-Haldia,Capesize,1Y,23.87
2023-02-14,Mozambique-Paradip,Panamax,1M,22.12
2023-02-14,Mozambique-Paradip,Panamax,3M,21.62
2023-02-14,Mozambique-Paradip,Panamax,6M,22.07
2023-02-14,Mozambique-Paradip,Panamax,1Y,22.45
2023-02-14,Mozambique-Paradip,Capesize,1M,22.83
2023-02-14,Mozambique-Paradip,Capesize,3M,23.62
2023-02-14,Mozambique-Paradip,Capesize,6M,23.98
2023-02-14,Mozambique-Paradip,Capesize,1Y,24.29
2023-02-14,Mozambique-Vizag,Panamax,1M,21.3
2023-02-14,Mozambique-Vizag,Panamax,3M,20.9
2023-02-14,Mozambique-Vizag,Panamax,6M,20.8
2023-02-14,Mozambique-Vizag,Panamax,1Y,20.88
2023-02-14,Mozambique-Vizag,Capesize,1M,19.24
2023-02-14,Mozambique-Vizag,Capesize,3M,19.06
2023-02-14,Mozambique-Vizag,Capesize,6M,19.27
2023-02-14,Mozambique-Vizag,Capesize,1Y,19.09
2023-02-14,Mozambique-Dhamra,Panamax,1M,23.05
2023-02-14,Mozambique-Dhamra,Panamax,3M,23.05
2023-02-14,Mozambique-Dhamra,Panamax,6M,22.95
2023-02-14,Mozambique-Dhamra,Panamax,1Y,23.57
2023-02-14,Mozambique-Dhamra,Capesize,1M,22.47
2023-02-14,Mozambique-Dhamra,Capesize,3M,22.39
2023-02-14,Mozambique-Dhamra,Capesize,6M,22.39
2023-02-14,Mozambique-Dhamra,Capesize,1Y,23.61
2023-02-14,Mozambique-Gangavaram,Panamax,1M,22.41
2023-02-14,Mozambique-Gangavaram,Panamax,3M,22.08
2023-02-14,Mozambique-Gangavaram,Panamax,6M,22.57
2023-02-14,Mozambique-Gangavaram,Panamax,1Y,22.95
2023-02-14,Mozambique-Gangavaram,Capesize,1M,20.82
2023-02-14,Mozambique-Gangavaram,Capesize,3M,20.91
2023-02-14,Mozambique-Gangavaram,Capesize,6M,21.8
2023-02-14,Mozambique-Gangavaram,Capesize,1Y,21.35
2023-02-14,Mozambique-Gopalpur,Panamax,1M,23.1
2023-02-14,Mozambique-Gopalpur,Panamax,3M,23.12
2023-02-14,Mozambique-Gopalpur,Panamax,6M,23.57
2023-02-14,Mozambique-Gopalpur,Panamax,1Y,24.2
2023-02-14,Mozambique-Gopalpur,Capesize,1M,20.39
2023-02-14,Mozambique-Gopalpur,Capesize,3M,20.43
2023-02-14,Mozambique-Gopalpur,Capesize,6M,20.66
2023-02-14,Mozambique-Gopalpur,Capesize,1Y,21.06
2023-02-14,Mozambique-Haldia,Panamax,1M,22.11
2023-02-14,Mozambique-Haldia,Panamax,3M,22.22
2023-02-14,Mozambique-Haldia,Panamax,6M,22.8
2023-02-14,Mozambique-Haldia,Panamax,1Y,23.02
2023-02-14,Mozambique-Haldia,Capesize,1M,20.81
2023-02-14,Mozambique-Haldia,Capesize,3M,21.38
2023-02-14,Mozambique-Haldia,Capesize,6M,21.4
2023-02-14,Mozambique-Haldia,Capesize,1Y,21.86
2023-02-14,USA-Paradip,Panamax,1M,33.84
2023-02-14,USA-Paradip,Panamax,3M,33.69
2023-02-14,USA-Paradip,Panamax,6M,35.0
2023-02-14,USA-Paradip,Panamax,1Y,34.76
2023-02-14,USA-Paradip,Capesize,1M,36.7
2023-02-14,USA-Paradip,Capesize,3M,36.58
2023-02-14,USA-Paradip,Capesize,6M,37.69
2023-02-14,USA-Paradip,Capesize,1Y,38.0
2023-02-14,USA-Vizag,Panamax,1M,31.01
2023-02-14,USA-Vizag,Panamax,3M,32.42
2023-02-14,USA-Vizag,Panamax,6M,32.34
2023-02-14,USA-Vizag,Panamax,1Y,32.73
2023-02-14,USA-Vizag,Capesize,1M,31.51
2023-02-14,USA-Vizag,Capesize,3M,31.61
2023-02-14,USA-Vizag,Capesize,6M,32.78
2023-02-14,USA-Vizag,Capesize,1Y,32.31
2023-02-14,USA-Dhamra,Panamax,1M,32.69
2023-02-14,USA-Dhamra,Panamax,3M,33.82
2023-02-14,USA-Dhamra,Panamax,6M,32.43
2023-02-14,USA-Dhamra,Panamax,1Y,34.22
2023-02-14,USA-Dhamra,Capesize,1M,30.87
2023-02-14,USA-Dhamra,Capesize,3M,31.26
2023-02-14,USA-Dhamra,Capesize,6M,31.41
2023-02-14,USA-Dhamra,Capesize,1Y,32.85
2023-02-14,USA-Gangavaram,Panamax,1M,32.31
2023-02-14,USA-Gangavaram,Panamax,3M,31.15
2023-02-14,USA-Gangavaram,Panamax,6M,31.66
2023-02-14,USA-Gangavaram,Panamax,1Y,32.16
2023-02-14,USA-Gangavaram,Capesize,1M,34.28
2023-02-14,USA-Gangavaram,Capesize,3M,34.58
2023-02-14,USA-Gangavaram,Capesize,6M,35.35
2023-02-14,USA-Gangavaram,Capesize,1Y,35.25
2023-02-14,USA-Gopalpur,Panamax,1M,29.62
2023-02-14,USA-Gopalpur,Panamax,3M,29.33
2023-02-14,USA-Gopalpur,Panamax,6M,30.09
2023-02-14,USA-Gopalpur,Panamax,1Y,30.29
2023-02-14,USA-Gopalpur,Capesize,1M,37.15
2023-02-14,USA-Gopalpur,Capesize,3M,36.69
2023-02-14,USA-Gopalpur,Capesize,6M,36.61
2023-02-14,USA-Gopalpur,Capesize,1Y,37.07
2023-02-14,USA-Haldia,Panamax,1M,37.43
2023-02-14,USA-Haldia,Panamax,3M,37.32
2023-02-14,USA-Haldia,Panamax,6M,37.17
2023-02-14,USA-Haldia,Panamax,1Y,39.69
2023-02-14,USA-Haldia,Capesize,1M,36.33
2023-02-14,USA-Haldia,Capesize,3M,36.76
2023-02-14,USA-Haldia,Capesize,6M,36.67
2023-02-14,USA-Haldia,Capesize,1Y,37.81
2023-03-16,Australia-Paradip,Panamax,1M,17.27
2023-03-16,Australia-Paradip,Panamax,3M,17.73
2023-03-16,Australia-Paradip,Panamax,6M,17.51
2023-03-16,Australia-Paradip,Panamax,1Y,18.48
2023-03-16,Australia-Paradip,Capesize,1M,16.66
2023-03-16,Australia-Paradip,Capesize,3M,17.04
2023-03-16,Australia-Paradip,Capesize,6M,17.62
2023-03-16,Australia-Paradip,Capesize,1Y,17.15
2023-03-16,Australia-Vizag,Panamax,1M,18.7
2023-03-16,Australia-Vizag,Panamax,3M,19.19
2023-03-16,Australia-Vizag,Panamax,6M,19.69
2023-03-16,Australia-Vizag,Panamax,1Y,19.35
2023-03-16,Australia-Vizag,Capesize,1M,16.1
2023-03-16,Australia-Vizag,Capesize,3M,16.45
2023-03-16,Australia-Vizag,Capesize,6M,16.73
2023-03-16,Australia-Vizag,Capesize,1Y,17.53
2023-03-16,Australia-Dhamra,Panamax,1M,17.16
2023-03-16,Australia-Dhamra,Panamax,3M,16.53
2023-03-16,Australia-Dhamra,Panamax,6M,17.3
2023-03-16,Australia-Dhamra,Panamax,1Y,17.84
2023-03-16,Australia-Dhamra,Capesize,1M,16.53
2023-03-16,Australia-Dhamra,Capesize,3M,17.01
2023-03-16,Australia-Dhamra,Capesize,6M,16.95
2023-03-16,Australia-Dhamra,Capesize,1Y,17.75
2023-03-16,Australia-Gangavaram,Panamax,1M,16.11
2023-03-16,Australia-Gangavaram,Panamax,3M,15.88
2023-03-16,Australia-Gangavaram,Panamax,6M,15.98
2023-03-16,Australia-Gangavaram,Panamax,1Y,16.75
2023-03-16,Australia-Gangavaram,Capesize,1M,15.41
2023-03-16,Australia-Gangavaram,Capesize,3M,15.69
2023-03-16,Australia-Gangavaram,Capesize,6M,15.63
2023-03-16,Australia-Gangavaram,Capesize,1Y,15.97
2023-03-16,Australia-Gopalpur,Panamax,1M,15.58
2023-03-16,Australia-Gopalpur,Panamax,3M,16.26
2023-03-16,Australia-Gopalpur,Panamax,6M,15.95
2023-03-16,Australia-Gopalpur,Panamax,1Y,16.08
2023-03-16,Australia-Gopalpur,Capesize,1M,15.64
2023-03-16,Australia-Gopalpur,Capesize,3M,15.21
2023-03-16,Australia-Gopalpur,Capesize,6M,15.78
2023-03-16,Australia-Gopalpur,Capesize,1Y,15.59
2023-03-16,Australia-Haldia,Panamax,1M,18.86
2023-03-16,Australia-Haldia,Panamax,3M,18.79
2023-03-16,Australia-Haldia,Panamax,6M,19.37
2023-03-16,Australia-Haldia,Panamax,1Y,19.39
2023-03-16,Australia-Haldia,Capesize,1M,15.98
2023-03-16,Australia-Haldia,Capesize,3M,16.28
2023-03-16,Australia-Haldia,Capesize,6M,16.63
2023-03-16,Australia-Haldia,Capesize,1Y,16.57
2023-03-16,Indonesia-Paradip,Panamax,1M,8.77
2023-03-16,Indonesia-Paradip,Panamax,3M,8.8
2023-03-16,Indonesia-Paradip,Panamax,6M,8.83
2023-03-16,Indonesia-Paradip,Panamax,1Y,9.05
2023-03-16,Indonesia-Paradip,Capesize,1M,8.96
2023-03-16,Indonesia-Paradip,Capesize,3M,9.18
2023-03-16,Indonesia-Paradip,Capesize,6M,9.43
2023-03-16,Indonesia-Paradip,Capesize,1Y,9.56
2023-03-16,Indonesia-Vizag,Panamax,1M,11.45
2023-03-16,Indonesia-Vizag,Panamax,3M,11.77
2023-03-16,Indonesia-Vizag,Panamax,6M,11.89
2023-03-16,Indonesia-Vizag,Panamax,1Y,12.02
2023-03-16,Indonesia-Vizag,Capesize,1M,10.53
2023-03-16,Indonesia-Vizag,Capesize,3M,10.94
2023-03-16,Indonesia-Vizag,Capesize,6M,11.06
2023-03-16,Indonesia-Vizag,Capesize,1Y,11.17
2023-03-16,Indonesia-Dhamra,Panamax,1M,11.31
2023-03-16,Indonesia-Dhamra,Panamax,3M,10.91
2023-03-16,Indonesia-Dhamra,Panamax,6M,11.53
2023-03-16,Indonesia-Dhamra,Panamax,1Y,11.59
2023-03-16,Indonesia-Dhamra,Capesize,1M,11.15
2023-03-16,Indonesia-Dhamra,Capesize,3M,11.24
2023-03-16,Indonesia-Dhamra,Capesize,6M,11.03
2023-03-16,Indonesia-Dhamra,Capesize,1Y,11.27
2023-03-16,Indonesia-Gangavaram,Panamax,1M,12.13
2023-03-16,Indonesia-Gangavaram,Panamax,3M,12.04
2023-03-16,Indonesia-Gangavaram,Panamax,6M,12.39
2023-03-16,Indonesia-Gangavaram,Panamax,1Y,12.23
2023-03-16,Indonesia-Gangavaram,Capesize,1M,10.08
2023-03-16,Indonesia-Gangavaram,Capesize,3M,10.26
2023-03-16,Indonesia-Gangavaram,Capesize,6M,10.78
2023-03-16,Indonesia-Gangavaram,Capesize,1Y,10.81
2023-03-16,Indonesia-Gopalpur,Panamax,1M,11.85
2023-03-16,Indonesia-Gopalpur,Panamax,3M,12.01
2023-03-16,Indonesia-Gopalpur,Panamax,6M,12.14
2023-03-16,Indonesia-Gopalpur,Panamax,1Y,11.99
2023-03-16,Indonesia-Gopalpur,Capesize,1M,10.21
2023-03-16,Indonesia-Gopalpur,Capesize,3M,10.14
2023-03-16,Indonesia-Gopalpur,Capesize,6M,10.32
2023-03-16,Indonesia-Gopalpur,Capesize,1Y,10.2
2023-03-16,Indonesia-Haldia,Panamax,1M,9.61
2023-03-16,Indonesia-Haldia,Panamax,3M,9.49
2023-03-16,Indonesia-Haldia,Panamax,6M,10.14
2023-03-16,Indonesia-Haldia,Panamax,1Y,9.86
2023-03-16,Indonesia-Haldia,Capesize,1M,10.29
2023-03-16,Indonesia-Haldia,Capesize,3M,10.51
2023-03-16,Indonesia-Haldia,Capesize,6M,10.45
2023-03-16,Indonesia-Haldia,Capesize,1Y,10.69
2023-03-16,Russia-Paradip,Panamax,1M,25.24
2023-03-16,Russia-Paradip,Panamax,3M,25.56
2023-03-16,Russia-Paradip,Panamax,6M,25.46
2023-03-16,Russia-Paradip,Panamax,1Y,26.51
2023-03-16,Russia-Paradip,Capesize,1M,22.32
2023-03-16,Russia-Paradip,Capesize,3M,22.4
2023-03-16,Russia-Paradip,Capesize,6M,22.89
2023-03-16,Russia-Paradip,Capesize,1Y,22.81
2023-03-16,Russia-Vizag,Panamax,1M,22.1
2023-03-16,Russia-Vizag,Panamax,3M,22.5
2023-03-16,Russia-Vizag,Panamax,6M,22.18
2023-03-16,Russia-Vizag,Panamax,1Y,22.78
2023-03-16,Russia-Vizag,Capesize,1M,24.42
2023-03-16,Russia-Vizag,Capesize,3M,24.26
2023-03-16,Russia-Vizag,Capesize,6M,25.53
2023-03-16,Russia-Vizag,Capesize,1Y,24.79
2023-03-16,Russia-Dhamra,Panamax,1M,18.88
2023-03-16,Russia-Dhamra,Panamax,3M,20.16
2023-03-16,Russia-Dhamra,Panamax,6M,20.42
2023-03-16,Russia-Dhamra,Panamax,1Y,20.26
2023-03-16,Russia-Dhamra,Capesize,1M,21.26
2023-03-16,Russia-Dhamra,Capesize,3M,21.15
2023-03-16,Russia-Dhamra,Capesize,6M,22.07
2023-03-16,Russia-Dhamra,Capesize,1Y,21.44
2023-03-16,Russia-Gangavaram,Panamax,1M,22.64
2023-03-16,Russia-Gangavaram,Panamax,3M,22.48
2023-03-16,Russia-Gangavaram,Panamax,6M,23.08
2023-03-16,Russia-Gangavaram,Panamax,1Y,23.54
2023-03-16,Russia-Gangavaram,Capesize,1M,21.09
2023-03-16,Russia-Gangavaram,Capesize,3M,20.57
2023-03-16,Russia-Gangavaram,Capesize,6M,21.39
2023-03-16,Russia-Gangavaram,Capesize,1Y,21.3
2023-03-16,Russia-Gopalpur,Panamax,1M,25.2
2023-03-16,Russia-Gopalpur,Panamax,3M,25.29
2023-03-16,Russia-Gopalpur,Panamax,6M,25.7
2023-03-16,Russia-Gopalpur,Panamax,1Y,25.76
2023-03-16,Russia-Gopalpur,Capesize,1M,21.0
2023-03-16,Russia-Gopalpur,Capesize,3M,21.38
2023-03-16,Russia-Gopalpur,Capesize,6M,21.81
2023-03-16,Russia-Gopalpur,Capesize,1Y,22.25
2023-03-16,Russia-Haldia,Panamax,1M,23.58
2023-03-16,Russia-Haldia,Panamax,3M,24.29
2023-03-16,Russia-Haldia,Panamax,6M,24.46
2023-03-16,Russia-Haldia,Panamax,1Y,24.07
2023-03-16,Russia-Haldia,Capesize,1M,19.94
2023-03-16,Russia-Haldia,Capesize,3M,20.81
2023-03-16,Russia-Haldia,Capesize,6M,20.18
2023-03-16,Russia-Haldia,Capesize,1Y,21.3
2023-03-16,Mozambique-Paradip,Panamax,1M,22.79
2023-03-16,Mozambique-Paradip,Panamax,3M,22.34
2023-03-16,Mozambique-Paradip,Panamax,6M,22.64
2023-03-16,Mozambique-Paradip,Panamax,1Y,23.86
2023-03-16,Mozambique-Paradip,Capesize,1M,20.62
2023-03-16,Mozambique-Paradip,Capesize,3M,21.04
2023-03-16,Mozambique-Paradip,Capesize,6M,21.22
2023-03-16,Mozambique-Paradip,Capesize,1Y,21.43
2023-03-16,Mozambique-Vizag,Panamax,1M,22.61
2023-03-16,Mozambique-Vizag,Panamax,3M,22.78
2023-03-16,Mozambique-Vizag,Panamax,6M,22.82
2023-03-16,Mozambique-Vizag,Panamax,1Y,24.4
2023-03-16,Mozambique-Vizag,Capesize,1M,22.25
2023-03-16,Mozambique-Vizag,Capesize,3M,22.77
2023-03-16,Mozambique-Vizag,Capesize,6M,23.19
2023-03-16,Mozambique-Vizag,Capesize,1Y,22.79
2023-03-16,Mozambique-Dhamra,Panamax,1M,19.96
2023-03-16,Mozambique-Dhamra,Panamax,3M,20.03
2023-03-16,Mozambique-Dhamra,Panamax,6M,19.97
2023-03-16,Mozambique-Dhamra,Panamax,1Y,21.02
2023-03-16,Mozambique-Dhamra,Capesize,1M,19.75
2023-03-16,Mozambique-Dhamra,Capesize,3M,19.98
2023-03-16,Mozambique-Dhamra,Capesize,6M,20.4
2023-03-16,Mozambique-Dhamra,Capesize,1Y,21.14
2023-03-16,Mozambique-Gangavaram,Panamax,1M,24.02
2023-03-16,Mozambique-Gangavaram,Panamax,3M,24.53
2023-03-16,Mozambique-Gangavaram,Panamax,6M,24.46
2023-03-16,Mozambique-Gangavaram,Panamax,1Y,24.74
2023-03-16,Mozambique-Gangavaram,Capesize,1M,21.6
2023-03-16,Mozambique-Gangavaram,Capesize,3M,22.18
2023-03-16,Mozambique-Gangavaram,Capesize,6M,21.88
2023-03-16,Mozambique-Gangavaram,Capesize,1Y,21.99
2023-03-16,Mozambique-Gopalpur,Panamax,1M,20.23
2023-03-16,Mozambique-Gopalpur,Panamax,3M,21.01
2023-03-16,Mozambique-Gopalpur,Panamax,6M,21.12
2023-03-16,Mozambique-Gopalpur,Panamax,1Y,21.89
2023-03-16,Mozambique-Gopalpur,Capesize,1M,22.09
2023-03-16,Mozambique-Gopalpur,Capesize,3M,21.95
2023-03-16,Mozambique-Gopalpur,Capesize,6M,22.3
2023-03-16,Mozambique-Gopalpur,Capesize,1Y,22.81
2023-03-16,Mozambique-Haldia,Panamax,1M,21.74
2023-03-16,Mozambique-Haldia,Panamax,3M,21.98
2023-03-16,Mozambique-Haldia,Panamax,6M,21.84
2023-03-16,Mozambique-Haldia,Panamax,1Y,22.06
2023-03-16,Mozambique-Haldia,Capesize,1M,21.63
2023-03-16,Mozambique-Haldia,Capesize,3M,22.16
2023-03-16,Mozambique-Haldia,Capesize,6M,22.44
2023-03-16,Mozambique-Haldia,Capesize,1Y,22.63
2023-03-16,USA-Paradip,Panamax,1M,35.59
2023-03-16,USA-Paradip,Panamax,3M,35.02
2023-03-16,USA-Paradip,Panamax,6M,36.66
2023-03-16,USA-Paradip,Panamax,1Y,36.02
2023-03-16,USA-Paradip,Capesize,1M,32.31
2023-03-16,USA-Paradip,Capesize,3M,33.18
2023-03-16,USA-Paradip,Capesize,6M,34.14
2023-03-16,USA-Paradip,Capesize,1Y,34.38
2023-03-16,USA-Vizag,Panamax,1M,30.96
2023-03-16,USA-Vizag,Panamax,3M,32.08
2023-03-16,USA-Vizag,Panamax,6M,31.3
2023-03-16,USA-Vizag,Panamax,1Y,31.9
2023-03-16,USA-Vizag,Capesize,1M,27.8
2023-03-16,USA-Vizag,Capesize,3M,28.39
2023-03-16,USA-Vizag,Capesize,6M,28.91
2023-03-16,USA-Vizag,Capesize,1Y,28.94
2023-03-16,USA-Dhamra,Panamax,1M,28.04
2023-03-16,USA-Dhamra,Panamax,3M,27.81
2023-03-16,USA-Dhamra,Panamax,6M,28.08
2023-03-16,USA-Dhamra,Panamax,1Y,29.3
2023-03-16,USA-Dhamra,Capesize,1M,29.88
2023-03-16,USA-Dhamra,Capesize,3M,30.55
2023-03-16,USA-Dhamra,Capesize,6M,31.33
2023-03-16,USA-Dhamra,Capesize,1Y,31.56
2023-03-16,USA-Gangavaram,Panamax,1M,31.66
2023-03-16,USA-Gangavaram,Panamax,3M,32.93
2023-03-16,USA-Gangavaram,Panamax,6M,33.47
2023-03-16,USA-Gangavaram,Panamax,1Y,34.35
2023-03-16,USA-Gangavaram,Capesize,1M,36.93
2023-03-16,USA-Gangavaram,Capesize,3M,36.09
2023-03-16,USA-Gangavaram,Capesize,6M,36.67
2023-03-16,USA-Gangavaram,Capesize,1Y,36.43
2023-03-16,USA-Gopalpur,Panamax,1M,31.73
2023-03-16,USA-Gopalpur,Panamax,3M,31.31
2023-03-16,USA-Gopalpur,Panamax,6M,31.97
2023-03-16,USA-Gopalpur,Panamax,1Y,32.55
2023-03-16,USA-Gopalpur,Capesize,1M,32.64
2023-03-16,USA-Gopalpur,Capesize,3M,32.73
2023-03-16,USA-Gopalpur,Capesize,6M,34.05
2023-03-16,USA-Gopalpur,Capesize,1Y,34.47
2023-03-16,USA-Haldia,Panamax,1M,33.24
2023-03-16,USA-Haldia,Panamax,3M,32.81
2023-03-16,USA-Haldia,Panamax,6M,33.54
2023-03-16,USA-Haldia,Panamax,1Y,34.16
2023-03-16,USA-Haldia,Capesize,1M,28.02
2023-03-16,USA-Haldia,Capesize,3M,28.46
2023-03-16,USA-Haldia,Capesize,6M,28.55
2023-03-16,USA-Haldia,Capesize,1Y,29.34
2023-04-15,Australia-Paradip,Panamax,1M,18.96
2023-04-15,Australia-Paradip,Panamax,3M,18.75
2023-04-15,Australia-Paradip,Panamax,6M,18.94
2023-04-15,Australia-Paradip,Panamax,1Y,20.07
2023-04-15,Australia-Paradip,Capesize,1M,14.13
2023-04-15,Australia-Paradip,Capesize,3M,14.71
2023-04-15,Australia-Paradip,Capesize,6M,14.49
2023-04-15,Australia-Paradip,Capesize,1Y,14.93
2023-04-15,Australia-Vizag,Panamax,1M,13.78
2023-04-15,Australia-Vizag,Panamax,3M,14.17
2023-04-15,Australia-Vizag,Panamax,6M,14.08
2023-04-15,Australia-Vizag,Panamax,1Y,14.35
2023-04-15,Australia-Vizag,Capesize,1M,15.9
2023-04-15,Australia-Vizag,Capesize,3M,15.92
2023-04-15,Australia-Vizag,Capesize,6M,16.13
2023-04-15,Australia-Vizag,Capesize,1Y,16.68
2023-04-15,Australia-Dhamra,Panamax,1M,15.05
2023-04-15,Australia-Dhamra,Panamax,3M,15.3
2023-04-15,Australia-Dhamra,Panamax,6M,14.97
2023-04-15,Australia-Dhamra,Panamax,1Y,15.67
2023-04-15,Australia-Dhamra,Capesize,1M,18.52
2023-04-15,Australia-Dhamra,Capesize,3M,18.28
2023-04-15,Australia-Dhamra,Capesize,6M,18.96
2023-04-15,Australia-Dhamra,Capesize,1Y,18.89
2023-04-15,Australia-Gangavaram,Panamax,1M,15.29
2023-04-15,Australia-Gangavaram,Panamax,3M,15.4
2023-04-15,Australia-Gangavaram,Panamax,6M,15.39
2023-04-15,Australia-Gangavaram,Panamax,1Y,16.08
2023-04-15,Australia-Gangavaram,Capesize,1M,18.49
2023-04-15,Australia-Gangavaram,Capesize,3M,18.1
2023-04-15,Australia-Gangavaram,Capesize,6M,18.32
2023-04-15,Australia-Gangavaram,Capesize,1Y,19.18
2023-04-15,Australia-Gopalpur,Panamax,1M,17.98
2023-04-15,Australia-Gopalpur,Panamax,3M,18.22
2023-04-15,Australia-Gopalpur,Panamax,6M,17.83
2023-04-15,Australia-Gopalpur,Panamax,1Y,18.3
2023-04-15,Australia-Gopalpur,Capesize,1M,17.53
2023-04-15,Australia-Gopalpur,Capesize,3M,17.93
2023-04-15,Australia-Gopalpur,Capesize,6M,18.14
2023-04-15,Australia-Gopalpur,Capesize,1Y,18.24
2023-04-15,Australia-Haldia,Panamax,1M,18.07
2023-04-15,Australia-Haldia,Panamax,3M,18.6
2023-04-15,Australia-Haldia,Panamax,6M,17.94
2023-04-15,Australia-Haldia,Panamax,1Y,19.19
2023-04-15,Australia-Haldia,Capesize,1M,13.92
2023-04-15,Australia-Haldia,Capesize,3M,13.65
2023-04-15,Australia-Haldia,Capesize,6M,14.42
2023-04-15,Australia-Haldia,Capesize,1Y,14.23
2023-04-15,Indonesia-Paradip,Panamax,1M,10.97
2023-04-15,Indonesia-Paradip,Panamax,3M,11.0
2023-04-15,Indonesia-Paradip,Panamax,6M,11.0
2023-04-15,Indonesia-Paradip,Panamax,1Y,11.6
2023-04-15,Indonesia-Paradip,Capesize,1M,10.48
2023-04-15,Indonesia-Paradip,Capesize,3M,10.44
2023-04-15,Indonesia-Paradip,Capesize,6M,10.66
2023-04-15,Indonesia-Paradip,Capesize,1Y,10.9
2023-04-15,Indonesia-Vizag,Panamax,1M,10.73
2023-04-15,Indonesia-Vizag,Panamax,3M,10.76
2023-04-15,Indonesia-Vizag,Panamax,6M,11.02
2023-04-15,Indonesia-Vizag,Panamax,1Y,11.07
2023-04-15,Indonesia-Vizag,Capesize,1M,10.61
2023-04-15,Indonesia-Vizag,Capesize,3M,10.87
2023-04-15,Indonesia-Vizag,Capesize,6M,10.8
2023-04-15,Indonesia-Vizag,Capesize,1Y,10.89
2023-04-15,Indonesia-Dhamra,Panamax,1M,11.98
2023-04-15,Indonesia-Dhamra,Panamax,3M,12.36
2023-04-15,Indonesia-Dhamra,Panamax,6M,12.37
2023-04-15,Indonesia-Dhamra,Panamax,1Y,13.37
2023-04-15,Indonesia-Dhamra,Capesize,1M,9.53
2023-04-15,Indonesia-Dhamra,Capesize,3M,9.67
2023-04-15,Indonesia-Dhamra,Capesize,6M,9.22
2023-04-15,Indonesia-Dhamra,Capesize,1Y,9.86
2023-04-15,Indonesia-Gangavaram,Panamax,1M,9.63
2023-04-15,Indonesia-Gangavaram,Panamax,3M,9.94
2023-04-15,Indonesia-Gangavaram,Panamax,6M,9.82
2023-04-15,Indonesia-Gangavaram,Panamax,1Y,10.39
2023-04-15,Indonesia-Gangavaram,Capesize,1M,10.92
2023-04-15,Indonesia-Gangavaram,Capesize,3M,11.08
2023-04-15,Indonesia-Gangavaram,Capesize,6M,11.28
2023-04-15,Indonesia-Gangavaram,Capesize,1Y,11.39
2023-04-15,Indonesia-Gopalpur,Panamax,1M,12.25
2023-04-15,Indonesia-Gopalpur,Panamax,3M,12.34
2023-04-15,Indonesia-Gopalpur,Panamax,6M,12.76
2023-04-15,Indonesia-Gopalpur,Panamax,1Y,12.67
2023-04-15,Indonesia-Gopalpur,Capesize,1M,9.85
2023-04-15,Indonesia-Gopalpur,Capesize,3M,10.12
2023-04-15,Indonesia-Gopalpur,Capesize,6M,10.28
2023-04-15,Indonesia-Gopalpur,Capesize,1Y,10.4
2023-04-15,Indonesia-Haldia,Panamax,1M,11.27
2023-04-15,Indonesia-Haldia,Panamax,3M,11.55
2023-04-15,Indonesia-Haldia,Panamax,6M,11.81
2023-04-15,Indonesia-Haldia,Panamax,1Y,11.72
2023-04-15,Indonesia-Haldia,Capesize,1M,10.8
2023-04-15,Indonesia-Haldia,Capesize,3M,10.85
2023-04-15,Indonesia-Haldia,Capesize,6M,10.9
2023-04-15,Indonesia-Haldia,Capesize,1Y,11.25
2023-04-15,Russia-Paradip,Panamax,1M,24.26
2023-04-15,Russia-Paradip,Panamax,3M,24.32
2023-04-15,Russia-Paradip,Panamax,6M,24.48
2023-04-15,Russia-Paradip,Panamax,1Y,25.17
2023-04-15,Russia-Paradip,Capesize,1M,20.94
2023-04-15,Russia-Paradip,Capesize,3M,21.96
2023-04-15,Russia-Paradip,Capesize,6M,22.01
2023-04-15,Russia-Paradip,Capesize,1Y,22.05
2023-04-15,Russia-Vizag,Panamax,1M,24.97
2023-04-15,Russia-Vizag,Panamax,3M,25.62
2023-04-15,Russia-Vizag,Panamax,6M,25.71
2023-04-15,Russia-Vizag,Panamax,1Y,26.04
2023-04-15,Russia-Vizag,Capesize,1M,21.1
2023-04-15,Russia-Vizag,Capesize,3M,21.12
2023-04-15,Russia-Vizag,Capesize,6M,21.73
2023-04-15,Russia-Vizag,Capesize,1Y,21.76
2023-04-15,Russia-Dhamra,Panamax,1M,22.29
2023-04-15,Russia-Dhamra,Panamax,3M,22.53
2023-04-15,Russia-Dhamra,Panamax,6M,22.68
2023-04-15,Russia-Dhamra,Panamax,1Y,22.76
2023-04-15,Russia-Dhamra,Capesize,1M,21.53
2023-04-15,Russia-Dhamra,Capesize,3M,21.12
2023-04-15,Russia-Dhamra,Capesize,6M,21.39
2023-04-15,Russia-Dhamra,Capesize,1Y,22.32
2023-04-15,Russia-Gangavaram,Panamax,1M,19.64
2023-04-15,Russia-Gangavaram,Panamax,3M,19.71
2023-04-15,Russia-Gangavaram,Panamax,6M,19.48
2023-04-15,Russia-Gangavaram,Panamax,1Y,20.56
2023-04-15,Russia-Gangavaram,Capesize,1M,23.66
2023-04-15,Russia-Gangavaram,Capesize,3M,23.46
2023-04-15,Russia-Gangavaram,Capesize,6M,23.98
2023-04-15,Russia-Gangavaram,Capesize,1Y,24.76
2023-04-15,Russia-Gopalpur,Panamax,1M,20.37
2023-04-15,Russia-Gopalpur,Panamax,3M,20.3
2023-04-15,Russia-Gopalpur,Panamax,6M,20.75
2023-04-15,Russia-Gopalpur,Panamax,1Y,21.08
2023-04-15,Russia-Gopalpur,Capesize,1M,22.5
2023-04-15,Russia-Gopalpur,Capesize,3M,23.33
2023-04-15,Russia-Gopalpur,Capesize,6M,24.01
2023-04-15,Russia-Gopalpur,Capesize,1Y,23.14
2023-04-15,Russia-Haldia,Panamax,1M,21.54
2023-04-15,Russia-Haldia,Panamax,3M,20.64
2023-04-15,Russia-Haldia,Panamax,6M,21.13
2023-04-15,Russia-Haldia,Panamax,1Y,21.72
2023-04-15,Russia-Haldia,Capesize,1M,26.22
2023-04-15,Russia-Haldia,Capesize,3M,26.34
2023-04-15,Russia-Haldia,Capesize,6M,26.55
2023-04-15,Russia-Haldia,Capesize,1Y,26.57
2023-04-15,Mozambique-Paradip,Panamax,1M,18.21
2023-04-15,Mozambique-Paradip,Panamax,3M,18.29
2023-04-15,Mozambique-Paradip,Panamax,6M,18.32
2023-04-15,Mozambique-Paradip,Panamax,1Y,18.79
2023-04-15,Mozambique-Paradip,Capesize,1M,20.59
2023-04-15,Mozambique-Paradip,Capesize,3M,20.56
2023-04-15,Mozambique-Paradip,Capesize,6M,21.02
2023-04-15,Mozambique-Paradip,Capesize,1Y,21.73
2023-04-15,Mozambique-Vizag,Panamax,1M,18.95
2023-04-15,Mozambique-Vizag,Panamax,3M,19.6
2023-04-15,Mozambique-Vizag,Panamax,6M,19.73
2023-04-15,Mozambique-Vizag,Panamax,1Y,19.17
2023-04-15,Mozambique-Vizag,Capesize,1M,21.92
2023-04-15,Mozambique-Vizag,Capesize,3M,22.39
2023-04-15,Mozambique-Vizag,Capesize,6M,22.45
2023-04-15,Mozambique-Vizag,Capesize,1Y,23.14
2023-04-15,Mozambique-Dhamra,Panamax,1M,21.55
2023-04-15,Mozambique-Dhamra,Panamax,3M,21.36
2023-04-15,Mozambique-Dhamra,Panamax,6M,21.14
2023-04-15,Mozambique-Dhamra,Panamax,1Y,21.67
2023-04-15,Mozambique-Dhamra,Capesize,1M,21.16
2023-04-15,Mozambique-Dhamra,Capesize,3M,21.51
2023-04-15,Mozambique-Dhamra,Capesize,6M,21.66
2023-04-15,Mozambique-Dhamra,Capesize,1Y,21.62
2023-04-15,Mozambique-Gangavaram,Panamax,1M,18.63
2023-04-15,Mozambique-Gangavaram,Panamax,3M,18.8
2023-04-15,Mozambique-Gangavaram,Panamax,6M,18.59
2023-04-15,Mozambique-Gangavaram,Panamax,1Y,19.41
2023-04-15,Mozambique-Gangavaram,Capesize,1M,22.34
2023-04-15,Mozambique-Gangavaram,Capesize,3M,22.89
2023-04-15,Mozambique-Gangavaram,Capesize,6M,23.01
2023-04-15,Mozambique-Gangavaram,Capesize,1Y,23.42
2023-04-15,Mozambique-Gopalpur,Panamax,1M,19.08
2023-04-15,Mozambique-Gopalpur,Panamax,3M,19.49
2023-04-15,Mozambique-Gopalpur,Panamax,6M,19.32
2023-04-15,Mozambique-Gopalpur,Panamax,1Y,19.76
2023-04-15,Mozambique-Gopalpur,Capesize,1M,21.72
2023-04-15,Mozambique-Gopalpur,Capesize,3M,21.44
2023-04-15,Mozambique-Gopalpur,Capesize,6M,22.0
2023-04-15,Mozambique-Gopalpur,Capesize,1Y,22.08
2023-04-15,Mozambique-Haldia,Panamax,1M,22.67
2023-04-15,Mozambique-Haldia,Panamax,3M,23.24
2023-04-15,Mozambique-Haldia,Panamax,6M,23.34
2023-04-15,Mozambique-Haldia,Panamax,1Y,24.28
2023-04-15,Mozambique-Haldia,Capesize,1M,21.52
2023-04-15,Mozambique-Haldia,Capesize,3M,21.38
2023-04-15,Mozambique-Haldia,Capesize,6M,21.56
2023-04-15,Mozambique-Haldia,Capesize,1Y,22.13
2023-04-15,USA-Paradip,Panamax,1M,34.66
2023-04-15,USA-Paradip,Panamax,3M,34.95
2023-04-15,USA-Paradip,Panamax,6M,34.93
2023-04-15,USA-Paradip,Panamax,1Y,35.45
2023-04-15,USA-Paradip,Capesize,1M,31.04
2023-04-15,USA-Paradip,Capesize,3M,31.86
2023-04-15,USA-Paradip,Capesize,6M,32.21
2023-04-15,USA-Paradip,Capesize,1Y,32.5
2023-04-15,USA-Vizag,Panamax,1M,32.82
2023-04-15,USA-Vizag,Panamax,3M,32.92
2023-04-15,USA-Vizag,Panamax,6M,34.12
2023-04-15,USA-Vizag,Panamax,1Y,33.65
2023-04-15,USA-Vizag,Capesize,1M,29.33
2023-04-15,USA-Vizag,Capesize,3M,29.47
2023-04-15,USA-Vizag,Capesize,6M,30.45
2023-04-15,USA-Vizag,Capesize,1Y,31.2
2023-04-15,USA-Dhamra,Panamax,1M,35.15
2023-04-15,USA-Dhamra,Panamax,3M,35.12
2023-04-15,USA-Dhamra,Panamax,6M,35.51
2023-04-15,USA-Dhamra,Panamax,1Y,36.79
2023-04-15,USA-Dhamra,Capesize,1M,34.37
2023-04-15,USA-Dhamra,Capesize,3M,35.2
2023-04-15,USA-Dhamra,Capesize,6M,35.1
2023-04-15,USA-Dhamra,Capesize,1Y,35.52
2023-04-15,USA-Gangavaram,Panamax,1M,36.5
2023-04-15,USA-Gangavaram,Panamax,3M,37.67
2023-04-15,USA-Gangavaram,Panamax,6M,36.39
2023-04-15,USA-Gangavaram,Panamax,1Y,38.31
2023-04-15,USA-Gangavaram,Capesize,1M,31.91
2023-04-15,USA-Gangavaram,Capesize,3M,31.12
2023-04-15,USA-Gangavaram,Capesize,6M,31.0
2023-04-15,USA-Gangavaram,Capesize,1Y,31.66
2023-04-15,USA-Gopalpur,Panamax,1M,33.55
2023-04-15,USA-Gopalpur,Panamax,3M,33.27
2023-04-15,USA-Gopalpur,Panamax,6M,34.18
2023-04-15,USA-Gopalpur,Panamax,1Y,35.08
2023-04-15,USA-Gopalpur,Capesize,1M,29.81
2023-04-15,USA-Gopalpur,Capesize,3M,29.06
2023-04-15,USA-Gopalpur,Capesize,6M,30.11
2023-04-15,USA-Gopalpur,Capesize,1Y,29.51
2023-04-15,USA-Haldia,Panamax,1M,36.44
2023-04-15,USA-Haldia,Panamax,3M,36.89
2023-04-15,USA-Haldia,Panamax,6M,37.5
2023-04-15,USA-Haldia,Panamax,1Y,37.58
2023-04-15,USA-Haldia,Capesize,1M,35.71
2023-04-15,USA-Haldia,Capesize,3M,35.3
2023-04-15,USA-Haldia,Capesize,6M,35.84
2023-04-15,USA-Haldia,Capesize,1Y,36.62
2023-05-15,Australia-Paradip,Panamax,1M,17.53
2023-05-15,Australia-Paradip,Panamax,3M,17.87
2023-05-15,Australia-Paradip,Panamax,6M,18.14
2023-05-15,Australia-Paradip,Panamax,1Y,18.12
2023-05-15,Australia-Paradip,Capesize,1M,18.13
2023-05-15,Australia-Paradip,Capesize,3M,18.33
2023-05-15,Australia-Paradip,Capesize,6M,18.53
2023-05-15,Australia-Paradip,Capesize,1Y,18.99
2023-05-15,Australia-Vizag,Panamax,1M,15.73
2023-05-15,Australia-Vizag,Panamax,3M,15.87
2023-05-15,Australia-Vizag,Panamax,6M,16.42
2023-05-15,Australia-Vizag,Panamax,1Y,16.47
2023-05-15,Australia-Vizag,Capesize,1M,16.08
2023-05-15,Australia-Vizag,Capesize,3M,16.76
2023-05-15,Australia-Vizag,Capesize,6M,16.42
2023-05-15,Australia-Vizag,Capesize,1Y,17.21
2023-05-15,Australia-Dhamra,Panamax,1M,17.7
2023-05-15,Australia-Dhamra,Panamax,3M,17.62
2023-05-15,Australia-Dhamra,Panamax,6M,18.35
2023-05-15,Australia-Dhamra,Panamax,1Y,18.57
2023-05-15,Australia-Dhamra,Capesize,1M,17.09
2023-05-15,Australia-Dhamra,Capesize,3M,16.83
2023-05-15,Australia-Dhamra,Capesize,6M,17.1
2023-05-15,Australia-Dhamra,Capesize,1Y,17.69
2023-05-15,Australia-Gangavaram,Panamax,1M,15.82
2023-05-15,Australia-Gangavaram,Panamax,3M,16.31
2023-05-15,Australia-Gangavaram,Panamax,6M,15.64
2023-05-15,Australia-Gangavaram,Panamax,1Y,16.49
2023-05-15,Australia-Gangavaram,Capesize,1M,16.11
2023-05-15,Australia-Gangavaram,Capesize,3M,16.14
2023-05-15,Australia-Gangavaram,Capesize,6M,16.71
2023-05-15,Australia-Gangavaram,Capesize,1Y,17.28
2023-05-15,Australia-Gopalpur,Panamax,1M,17.08
2023-05-15,Australia-Gopalpur,Panamax,3M,17.16
2023-05-15,Australia-Gopalpur,Panamax,6M,17.36
2023-05-15,Australia-Gopalpur,Panamax,1Y,17.71
2023-05-15,Australia-Gopalpur,Capesize,1M,16.89
2023-05-15,Australia-Gopalpur,Capesize,3M,16.86
2023-05-15,Australia-Gopalpur,Capesize,6M,17.31
2023-05-15,Australia-Gopalpur,Capesize,1Y,17.85
2023-05-15,Australia-Haldia,Panamax,1M,18.5
2023-05-15,Australia-Haldia,Panamax,3M,18.41
2023-05-15,Australia-Haldia,Panamax,6M,19.09
2023-05-15,Australia-Haldia,Panamax,1Y,19.64
2023-05-15,Australia-Haldia,Capesize,1M,15.4
2023-05-15,Australia-Haldia,Capesize,3M,15.31
2023-05-15,Australia-Haldia,Capesize,6M,15.82
2023-05-15,Australia-Haldia,Capesize,1Y,15.99
2023-05-15,Indonesia-Paradip,Panamax,1M,11.37
2023-05-15,Indonesia-Paradip,Panamax,3M,11.52
2023-05-15,Indonesia-Paradip,Panamax,6M,11.22
2023-05-15,Indonesia-Paradip,Panamax,1Y,11.98
2023-05-15,Indonesia-Paradip,Capesize,1M,10.06
2023-05-15,Indonesia-Paradip,Capesize,3M,10.06
2023-05-15,Indonesia-Paradip,Capesize,6M,10.08
2023-05-15,Indonesia-Paradip,Capesize,1Y,10.51
2023-05-15,Indonesia-Vizag,Panamax,1M,10.7
2023-05-15,Indonesia-Vizag,Panamax,3M,11.08
2023-05-15,Indonesia-Vizag,Panamax,6M,11.2
2023-05-15,Indonesia-Vizag,Panamax,1Y,10.81
2023-05-15,Indonesia-Vizag,Capesize,1M,8.43
2023-05-15,Indonesia-Vizag,Capesize,3M,8.58
2023-05-15,Indonesia-Vizag,Capesize,6M,8.74
2023-05-15,Indonesia-Vizag,Capesize,1Y,9.13
2023-05-15,Indonesia-Dhamra,Panamax,1M,10.83
2023-05-15,Indonesia-Dhamra,Panamax,3M,10.85
2023-05-15,Indonesia-Dhamra,Panamax,6M,10.99
2023-05-15,Indonesia-Dhamra,Panamax,1Y,11.52
2023-05-15,Indonesia-Dhamra,Capesize,1M,9.74
2023-05-15,Indonesia-Dhamra,Capesize,3M,9.69
2023-05-15,Indonesia-Dhamra,Capesize,6M,9.58
2023-05-15,Indonesia-Dhamra,Capesize,1Y,9.92
2023-05-15,Indonesia-Gangavaram,Panamax,1M,9.82
2023-05-15,Indonesia-Gangavaram,Panamax,3M,9.71
2023-05-15,Indonesia-Gangavaram,Panamax,6M,9.77
2023-05-15,Indonesia-Gangavaram,Panamax,1Y,10.37
2023-05-15,Indonesia-Gangavaram,Capesize,1M,10.17
2023-05-15,Indonesia-Gangavaram,Capesize,3M,10.3
2023-05-15,Indonesia-Gangavaram,Capesize,6M,10.2
2023-05-15,Indonesia-Gangavaram,Capesize,1Y,10.54
2023-05-15,Indonesia-Gopalpur,Panamax,1M,10.5
2023-05-15,Indonesia-Gopalpur,Panamax,3M,10.46
2023-05-15,Indonesia-Gopalpur,Panamax,6M,10.81
2023-05-15,Indonesia-Gopalpur,Panamax,1Y,10.69
2023-05-15,Indonesia-Gopalpur,Capesize,1M,9.75
2023-05-15,Indonesia-Gopalpur,Capesize,3M,9.69
2023-05-15,Indonesia-Gopalpur,Capesize,6M,9.98
2023-05-15,Indonesia-Gopalpur,Capesize,1Y,10.3
2023-05-15,Indonesia-Haldia,Panamax,1M,11.09
2023-05-15,Indonesia-Haldia,Panamax,3M,11.69
2023-05-15,Indonesia-Haldia,Panamax,6M,11.73
2023-05-15,Indonesia-Haldia,Panamax,1Y,11.93
2023-05-15,Indonesia-Haldia,Capesize,1M,9.92
2023-05-15,Indonesia-Haldia,Capesize,3M,9.42
2023-05-15,Indonesia-Haldia,Capesize,6M,9.85
2023-05-15,Indonesia-Haldia,Capesize,1Y,10.33
2023-05-15,Russia-Paradip,Panamax,1M,19.84
2023-05-15,Russia-Paradip,Panamax,3M,20.04
2023-05-15,Russia-Paradip,Panamax,6M,20.83
2023-05-15,Russia-Paradip,Panamax,1Y,20.86
2023-05-15,Russia-Paradip,Capesize,1M,24.14
2023-05-15,Russia-Paradip,Capesize,3M,24.53
2023-05-15,Russia-Paradip,Capesize,6M,24.16
2023-05-15,Russia-Paradip,Capesize,1Y,25.39
2023-05-15,Russia-Vizag,Panamax,1M,20.63
2023-05-15,Russia-Vizag,Panamax,3M,20.53
2023-05-15,Russia-Vizag,Panamax,6M,21.26
2023-05-15,Russia-Vizag,Panamax,1Y,21.48
2023-05-15,Russia-Vizag,Capesize,1M,18.59
2023-05-15,Russia-Vizag,Capesize,3M,19.52
2023-05-15,Russia-Vizag,Capesize,6M,19.99
2023-05-15,Russia-Vizag,Capesize,1Y,20.33
2023-05-15,Russia-Dhamra,Panamax,1M,20.84
2023-05-15,Russia-Dhamra,Panamax,3M,21.32
2023-05-15,Russia-Dhamra,Panamax,6M,21.2
2023-05-15,Russia-Dhamra,Panamax,1Y,22.45
2023-05-15,Russia-Dhamra,Capesize,1M,25.16
2023-05-15,Russia-Dhamra,Capesize,3M,25.19
2023-05-15,Russia-Dhamra,Capesize,6M,25.29
2023-05-15,Russia-Dhamra,Capesize,1Y,26.03
2023-05-15,Russia-Gangavaram,Panamax,1M,22.73
2023-05-15,Russia-Gangavaram,Panamax,3M,23.05
2023-05-15,Russia-Gangavaram,Panamax,6M,23.23
2023-05-15,Russia-Gangavaram,Panamax,1Y,23.56
2023-05-15,Russia-Gangavaram,Capesize,1M,22.95
2023-05-15,Russia-Gangavaram,Capesize,3M,23.05
2023-05-15,Russia-Gangavaram,Capesize,6M,23.96
2023-05-15,Russia-Gangavaram,Capesize,1Y,23.66
2023-05-15,Russia-Gopalpur,Panamax,1M,22.5
2023-05-15,Russia-Gopalpur,Panamax,3M,23.44
2023-05-15,Russia-Gopalpur,Panamax,6M,23.52
2023-05-15,Russia-Gopalpur,Panamax,1Y,23.35
2023-05-15,Russia-Gopalpur,Capesize,1M,22.41
2023-05-15,Russia-Gopalpur,Capesize,3M,22.56
2023-05-15,Russia-Gopalpur,Capesize,6M,23.04
2023-05-15,Russia-Gopalpur,Capesize,1Y,23.78
2023-05-15,Russia-Haldia,Panamax,1M,23.5
2023-05-15,Russia-Haldia,Panamax,3M,23.4
2023-05-15,Russia-Haldia,Panamax,6M,23.57
2023-05-15,Russia-Haldia,Panamax,1Y,24.85
2023-05-15,Russia-Haldia,Capesize,1M,23.19
2023-05-15,Russia-Haldia,Capesize,3M,23.09
2023-05-15,Russia-Haldia,Capesize,6M,23.98
2023-05-15,Russia-Haldia,Capesize,1Y,23.74
2023-05-15,Mozambique-Paradip,Panamax,1M,20.59
2023-05-15,Mozambique-Paradip,Panamax,3M,20.25
2023-05-15,Mozambique-Paradip,Panamax,6M,19.85
2023-05-15,Mozambique-Paradip,Panamax,1Y,21.25
2023-05-15,Mozambique-Paradip,Capesize,1M,22.83
2023-05-15,Mozambique-Paradip,Capesize,3M,23.98
2023-05-15,Mozambique-Paradip,Capesize,6M,23.94
2023-05-15,Mozambique-Paradip,Capesize,1Y,24.1
2023-05-15,Mozambique-Vizag,Panamax,1M,21.11
2023-05-15,Mozambique-Vizag,Panamax,3M,21.21
2023-05-15,Mozambique-Vizag,Panamax,6M,22.14
2023-05-15,Mozambique-Vizag,Panamax,1Y,22.11
2023-05-15,Mozambique-Vizag,Capesize,1M,18.9
2023-05-15,Mozambique-Vizag,Capesize,3M,18.7
2023-05-15,Mozambique-Vizag,Capesize,6M,18.77
2023-05-15,Mozambique-Vizag,Capesize,1Y,19.25
2023-05-15,Mozambique-Dhamra,Panamax,1M,21.24
2023-05-15,Mozambique-Dhamra,Panamax,3M,20.83
2023-05-15,Mozambique-Dhamra,Panamax,6M,20.94
2023-05-15,Mozambique-Dhamra,Panamax,1Y,21.48
2023-05-15,Mozambique-Dhamra,Capesize,1M,20.58
2023-05-15,Mozambique-Dhamra,Capesize,3M,21.57
2023-05-15,Mozambique-Dhamra,Capesize,6M,21.26
2023-05-15,Mozambique-Dhamra,Capesize,1Y,21.44
2023-05-15,Mozambique-Gangavaram,Panamax,1M,18.68
2023-05-15,Mozambique-Gangavaram,Panamax,3M,19.2
2023-05-15,Mozambique-Gangavaram,Panamax,6M,19.21
2023-05-15,Mozambique-Gangavaram,Panamax,1Y,19.58
2023-05-15,Mozambique-Gangavaram,Capesize,1M,20.67
2023-05-15,Mozambique-Gangavaram,Capesize,3M,20.64
2023-05-15,Mozambique-Gangavaram,Capesize,6M,20.81
2023-05-15,Mozambique-Gangavaram,Capesize,1Y,21.34
2023-05-15,Mozambique-Gopalpur,Panamax,1M,23.37
2023-05-15,Mozambique-Gopalpur,Panamax,3M,23.17
2023-05-15,Mozambique-Gopalpur,Panamax,6M,23.78
2023-05-15,Mozambique-Gopalpur,Panamax,1Y,24.46
2023-05-15,Mozambique-Gopalpur,Capesize,1M,20.95
2023-05-15,Mozambique-Gopalpur,Capesize,3M,20.86
2023-05-15,Mozambique-Gopalpur,Capesize,6M,20.5
2023-05-15,Mozambique-Gopalpur,Capesize,1Y,21.08
2023-05-15,Mozambique-Haldia,Panamax,1M,20.11
2023-05-15,Mozambique-Haldia,Panamax,3M,20.59
2023-05-15,Mozambique-Haldia,Panamax,6M,20.37
2023-05-15,Mozambique-Haldia,Panamax,1Y,21.17
2023-05-15,Mozambique-Haldia,Capesize,1M,19.19
2023-05-15,Mozambique-Haldia,Capesize,3M,19.59
2023-05-15,Mozambique-Haldia,Capesize,6M,20.41
2023-05-15,Mozambique-Haldia,Capesize,1Y,20.27
2023-05-15,USA-Paradip,Panamax,1M,30.84
2023-05-15,USA-Paradip,Panamax,3M,29.82
2023-05-15,USA-Paradip,Panamax,6M,30.63
2023-05-15,USA-Paradip,Panamax,1Y,30.41
2023-05-15,USA-Paradip,Capesize,1M,33.23
2023-05-15,USA-Paradip,Capesize,3M,33.95
2023-05-15,USA-Paradip,Capesize,6M,34.6
2023-05-15,USA-Paradip,Capesize,1Y,35.5
2023-05-15,USA-Vizag,Panamax,1M,30.84
2023-05-15,USA-Vizag,Panamax,3M,30.24
2023-05-15,USA-Vizag,Panamax,6M,30.48
2023-05-15,USA-Vizag,Panamax,1Y,31.74
2023-05-15,USA-Vizag,Capesize,1M,29.78
2023-05-15,USA-Vizag,Capesize,3M,29.53
2023-05-15,USA-Vizag,Capesize,6M,30.41
2023-05-15,USA-Vizag,Capesize,1Y,31.18
2023-05-15,USA-Dhamra,Panamax,1M,33.03
2023-05-15,USA-Dhamra,Panamax,3M,33.6
2023-05-15,USA-Dhamra,Panamax,6M,33.66
2023-05-15,USA-Dhamra,Panamax,1Y,34.43
2023-05-15,USA-Dhamra,Capesize,1M,33.5
2023-05-15,USA-Dhamra,Capesize,3M,34.6
2023-05-15,USA-Dhamra,Capesize,6M,35.25
2023-05-15,USA-Dhamra,Capesize,1Y,35.03
2023-05-15,USA-Gangavaram,Panamax,1M,36.98
2023-05-15,USA-Gangavaram,Panamax,3M,37.87
2023-05-15,USA-Gangavaram,Panamax,6M,38.39
2023-05-15,USA-Gangavaram,Panamax,1Y,38.39
2023-05-15,USA-Gangavaram,Capesize,1M,30.77
2023-05-15,USA-Gangavaram,Capesize,3M,30.51
2023-05-15,USA-Gangavaram,Capesize,6M,32.25
2023-05-15,USA-Gangavaram,Capesize,1Y,31.55
2023-05-15,USA-Gopalpur,Panamax,1M,31.51
2023-05-15,USA-Gopalpur,Panamax,3M,31.6
2023-05-15,USA-Gopalpur,Panamax,6M,32.11
2023-05-15,USA-Gopalpur,Panamax,1Y,33.38
2023-05-15,USA-Gopalpur,Capesize,1M,32.67
2023-05-15,USA-Gopalpur,Capesize,3M,31.78
2023-05-15,USA-Gopalpur,Capesize,6M,32.66
2023-05-15,USA-Gopalpur,Capesize,1Y,32.91
2023-05-15,USA-Haldia,Panamax,1M,37.94
2023-05-15,USA-Haldia,Panamax,3M,38.78
2023-05-15,USA-Haldia,Panamax,6M,38.51
2023-05-15,USA-Haldia,Panamax,1Y,39.83
2023-05-15,USA-Haldia,Capesize,1M,32.38
2023-05-15,USA-Haldia,Capesize,3M,33.25
2023-05-15,USA-Haldia,Capesize,6M,32.35
2023-05-15,USA-Haldia,Capesize,1Y,33.56
2023-06-14,Australia-Paradip,Panamax,1M,16.82
2023-06-14,Australia-Paradip,Panamax,3M,17.12
2023-06-14,Australia-Paradip,Panamax,6M,17.52
2023-06-14,Australia-Paradip,Panamax,1Y,17.93
2023-06-14,Australia-Paradip,Capesize,1M,14.84
2023-06-14,Australia-Paradip,Capesize,3M,14.53
2023-06-14,Australia-Paradip,Capesize,6M,14.59
2023-06-14,Australia-Paradip,Capesize,1Y,14.93
2023-06-14,Australia-Vizag,Panamax,1M,15.84
2023-06-14,Australia-Vizag,Panamax,3M,16.29
2023-06-14,Australia-Vizag,Panamax,6M,16.74
2023-06-14,Australia-Vizag,Panamax,1Y,16.74
2023-06-14,Australia-Vizag,Capesize,1M,18.47
2023-06-14,Australia-Vizag,Capesize,3M,18.68
2023-06-14,Australia-Vizag,Capesize,6M,18.31
2023-06-14,Australia-Vizag,Capesize,1Y,19.55
2023-06-14,Australia-Dhamra,Panamax,1M,15.01
2023-06-14,Australia-Dhamra,Panamax,3M,14.89
2023-06-14,Australia-Dhamra,Panamax,6M,14.62
2023-06-14,Australia-Dhamra,Panamax,1Y,15.39
2023-06-14,Australia-Dhamra,Capesize,1M,17.27
2023-06-14,Australia-Dhamra,Capesize,3M,17.4
2023-06-14,Australia-Dhamra,Capesize,6M,17.3
2023-06-14,Australia-Dhamra,Capesize,1Y,18.01
2023-06-14,Australia-Gangavaram,Panamax,1M,19.48
2023-06-14,Australia-Gangavaram,Panamax,3M,19.56
2023-06-14,Australia-Gangavaram,Panamax,6M,20.07
2023-06-14,Australia-Gangavaram,Panamax,1Y,20.41
2023-06-14,Australia-Gangavaram,Capesize,1M,16.77
2023-06-14,Australia-Gangavaram,Capesize,3M,17.26
2023-06-14,Australia-Gangavaram,Capesize,6M,17.81
2023-06-14,Australia-Gangavaram,Capesize,1Y,17.49
2023-06-14,Australia-Gopalpur,Panamax,1M,15.71
2023-06-14,Australia-Gopalpur,Panamax,3M,15.53
2023-06-14,Australia-Gopalpur,Panamax,6M,15.92
2023-06-14,Australia-Gopalpur,Panamax,1Y,16.01
2023-06-14,Australia-Gopalpur,Capesize,1M,16.56
2023-06-14,Australia-Gopalpur,Capesize,3M,16.65
2023-06-14,Australia-Gopalpur,Capesize,6M,17.2
2023-06-14,Australia-Gopalpur,Capesize,1Y,17.17
2023-06-14,Australia-Haldia,Panamax,1M,15.22
2023-06-14,Australia-Haldia,Panamax,3M,15.57
2023-06-14,Australia-Haldia,Panamax,6M,15.93
2023-06-14,Australia-Haldia,Panamax,1Y,16.34
2023-06-14,Australia-Haldia,Capesize,1M,17.26
2023-06-14,Australia-Haldia,Capesize,3M,17.07
2023-06-14,Australia-Haldia,Capesize,6M,17.04
2023-06-14,Australia-Haldia,Capesize,1Y,17.54
2023-06-14,Indonesia-Paradip,Panamax,1M,9.39
2023-06-14,Indonesia-Paradip,Panamax,3M,9.34
2023-06-14,Indonesia-Paradip,Panamax,6M,9.42
2023-06-14,Indonesia-Paradip,Panamax,1Y,10.04
2023-06-14,Indonesia-Paradip,Capesize,1M,10.44
2023-06-14,Indonesia-Paradip,Capesize,3M,10.44
2023-06-14,Indonesia-Paradip,Capesize,6M,10.57
2023-06-14,Indonesia-Paradip,Capesize,1Y,10.73
2023-06-14,Indonesia-Vizag,Panamax,1M,11.06
2023-06-14,Indonesia-Vizag,Panamax,3M,11.34
2023-06-14,Indonesia-Vizag,Panamax,6M,11.03
2023-06-14,Indonesia-Vizag,Panamax,1Y,11.21
2023-06-14,Indonesia-Vizag,Capesize,1M,11.26
2023-06-14,Indonesia-Vizag,Capesize,3M,11.07
2023-06-14,Indonesia-Vizag,Capesize,6M,11.46
2023-06-14,Indonesia-Vizag,Capesize,1Y,11.68
2023-06-14,Indonesia-Dhamra,Panamax,1M,9.63
2023-06-14,Indonesia-Dhamra,Panamax,3M,9.71
2023-06-14,Indonesia-Dhamra,Panamax,6M,9.58
2023-06-14,Indonesia-Dhamra,Panamax,1Y,9.73
2023-06-14,Indonesia-Dhamra,Capesize,1M,9.74
2023-06-14,Indonesia-Dhamra,Capesize,3M,9.74
2023-06-14,Indonesia-Dhamra,Capesize,6M,9.69
2023-06-14,Indonesia-Dhamra,Capesize,1Y,9.99
2023-06-14,Indonesia-Gangavaram,Panamax,1M,9.94
2023-06-14,Indonesia-Gangavaram,Panamax,3M,10.16
2023-06-14,Indonesia-Gangavaram,Panamax,6M,10.05
2023-06-14,Indonesia-Gangavaram,Panamax,1Y,10.12
2023-06-14,Indonesia-Gangavaram,Capesize,1M,9.29
2023-06-14,Indonesia-Gangavaram,Capesize,3M,9.41
2023-06-14,Indonesia-Gangavaram,Capesize,6M,9.46
2023-06-14,Indonesia-Gangavaram,Capesize,1Y,9.63
2023-06-14,Indonesia-Gopalpur,Panamax,1M,9.07
2023-06-14,Indonesia-Gopalpur,Panamax,3M,9.35
2023-06-14,Indonesia-Gopalpur,Panamax,6M,9.32
2023-06-14,Indonesia-Gopalpur,Panamax,1Y,9.74
2023-06-14,Indonesia-Gopalpur,Capesize,1M,10.48
2023-06-14,Indonesia-Gopalpur,Capesize,3M,10.58
2023-06-14,Indonesia-Gopalpur,Capesize,6M,10.77
2023-06-14,Indonesia-Gopalpur,Capesize,1Y,10.82
2023-06-14,Indonesia-Haldia,Panamax,1M,9.46
2023-06-14,Indonesia-Haldia,Panamax,3M,9.68
2023-06-14,Indonesia-Haldia,Panamax,6M,9.75
2023-06-14,Indonesia-Haldia,Panamax,1Y,9.7
2023-06-14,Indonesia-Haldia,Capesize,1M,10.39
2023-06-14,Indonesia-Haldia,Capesize,3M,10.58
2023-06-14,Indonesia-Haldia,Capesize,6M,10.45
2023-06-14,Indonesia-Haldia,Capesize,1Y,10.57
2023-06-14,Russia-Paradip,Panamax,1M,19.67
2023-06-14,Russia-Paradip,Panamax,3M,20.14
2023-06-14,Russia-Paradip,Panamax,6M,20.46
2023-06-14,Russia-Paradip,Panamax,1Y,20.81
2023-06-14,Russia-Paradip,Capesize,1M,21.88
2023-06-14,Russia-Paradip,Capesize,3M,23.09
2023-06-14,Russia-Paradip,Capesize,6M,22.51
2023-06-14,Russia-Paradip,Capesize,1Y,23.58
2023-06-14,Russia-Vizag,Panamax,1M,22.39
2023-06-14,Russia-Vizag,Panamax,3M,22.7
2023-06-14,Russia-Vizag,Panamax,6M,23.51
2023-06-14,Russia-Vizag,Panamax,1Y,23.01
2023-06-14,Russia-Vizag,Capesize,1M,21.4
2023-06-14,Russia-Vizag,Capesize,3M,21.01
2023-06-14,Russia-Vizag,Capesize,6M,21.75
2023-06-14,Russia-Vizag,Capesize,1Y,22.03
2023-06-14,Russia-Dhamra,Panamax,1M,17.83
2023-06-14,Russia-Dhamra,Panamax,3M,18.62
2023-06-14,Russia-Dhamra,Panamax,6M,18.21
2023-06-14,Russia-Dhamra,Panamax,1Y,19.16
2023-06-14,Russia-Dhamra,Capesize,1M,22.69
2023-06-14,Russia-Dhamra,Capesize,3M,23.42
2023-06-14,Russia-Dhamra,Capesize,6M,23.6
2023-06-14,Russia-Dhamra,Capesize,1Y,24.26
2023-06-14,Russia-Gangavaram,Panamax,1M,22.18
2023-06-14,Russia-Gangavaram,Panamax,3M,22.2
2023-06-14,Russia-Gangavaram,Panamax,6M,21.93
2023-06-14,Russia-Gangavaram,Panamax,1Y,23.66
2023-06-14,Russia-Gangavaram,Capesize,1M,22.1
2023-06-14,Russia-Gangavaram,Capesize,3M,21.72
2023-06-14,Russia-Gangavaram,Capesize,6M,22.67
2023-06-14,Russia-Gangavaram,Capesize,1Y,22.37
2023-06-14,Russia-Gopalpur,Panamax,1M,22.45
2023-06-14,Russia-Gopalpur,Panamax,3M,22.68
2023-06-14,Russia-Gopalpur,Panamax,6M,23.09
2023-06-14,Russia-Gopalpur,Panamax,1Y,23.48
2023-06-14,Russia-Gopalpur,Capesize,1M,23.44
2023-06-14,Russia-Gopalpur,Capesize,3M,23.08
2023-06-14,Russia-Gopalpur,Capesize,6M,23.96
2023-06-14,Russia-Gopalpur,Capesize,1Y,23.82
2023-06-14,Russia-Haldia,Panamax,1M,26.49
2023-06-14,Russia-Haldia,Panamax,3M,26.44
2023-06-14,Russia-Haldia,Panamax,6M,27.0
2023-06-14,Russia-Haldia,Panamax,1Y,27.22
2023-06-14,Russia-Haldia,Capesize,1M,20.59
2023-06-14,Russia-Haldia,Capesize,3M,21.43
2023-06-14,Russia-Haldia,Capesize,6M,20.66
2023-06-14,Russia-Haldia,Capesize,1Y,21.33
2023-06-14,Mozambique-Paradip,Panamax,1M,24.15
2023-06-14,Mozambique-Paradip,Panamax,3M,25.61
2023-06-14,Mozambique-Paradip,Panamax,6M,25.39
2023-06-14,Mozambique-Paradip,Panamax,1Y,25.4
2023-06-14,Mozambique-Paradip,Capesize,1M,19.35
2023-06-14,Mozambique-Paradip,Capesize,3M,19.27
2023-06-14,Mozambique-Paradip,Capesize,6M,20.0
2023-06-14,Mozambique-Paradip,Capesize,1Y,20.06
2023-06-14,Mozambique-Vizag,Panamax,1M,19.14
2023-06-14,Mozambique-Vizag,Panamax,3M,19.72
2023-06-14,Mozambique-Vizag,Panamax,6M,19.57
2023-06-14,Mozambique-Vizag,Panamax,1Y,19.53
2023-06-14,Mozambique-Vizag,Capesize,1M,19.82
2023-06-14,Mozambique-Vizag,Capesize,3M,20.38
2023-06-14,Mozambique-Vizag,Capesize,6M,20.94
2023-06-14,Mozambique-Vizag,Capesize,1Y,21.27
2023-06-14,Mozambique-Dhamra,Panamax,1M,20.99
2023-06-14,Mozambique-Dhamra,Panamax,3M,21.04
2023-06-14,Mozambique-Dhamra,Panamax,6M,21.72
2023-06-14,Mozambique-Dhamra,Panamax,1Y,21.79
2023-06-14,Mozambique-Dhamra,Capesize,1M,22.31
2023-06-14,Mozambique-Dhamra,Capesize,3M,23.01
2023-06-14,Mozambique-Dhamra,Capesize,6M,23.85
2023-06-14,Mozambique-Dhamra,Capesize,1Y,24.02
2023-06-14,Mozambique-Gangavaram,Panamax,1M,21.12
2023-06-14,Mozambique-Gangavaram,Panamax,3M,20.83
2023-06-14,Mozambique-Gangavaram,Panamax,6M,21.79
2023-06-14,Mozambique-Gangavaram,Panamax,1Y,22.12
2023-06-14,Mozambique-Gangavaram,Capesize,1M,22.34
2023-06-14,Mozambique-Gangavaram,Capesize,3M,22.28
2023-06-14,Mozambique-Gangavaram,Capesize,6M,23.08
2023-06-14,Mozambique-Gangavaram,Capesize,1Y,23.04
2023-06-14,Mozambique-Gopalpur,Panamax,1M,24.02
2023-06-14,Mozambique-Gopalpur,Panamax,3M,24.65
2023-06-14,Mozambique-Gopalpur,Panamax,6M,24.89
2023-06-14,Mozambique-Gopalpur,Panamax,1Y,25.41
2023-06-14,Mozambique-Gopalpur,Capesize,1M,21.28
2023-06-14,Mozambique-Gopalpur,Capesize,3M,21.6
2023-06-14,Mozambique-Gopalpur,Capesize,6M,21.95
2023-06-14,Mozambique-Gopalpur,Capesize,1Y,22.53
2023-06-14,Mozambique-Haldia,Panamax,1M,20.65
2023-06-14,Mozambique-Haldia,Panamax,3M,21.0
2023-06-14,Mozambique-Haldia,Panamax,6M,21.74
2023-06-14,Mozambique-Haldia,Panamax,1Y,21.97
2023-06-14,Mozambique-Haldia,Capesize,1M,20.08
2023-06-14,Mozambique-Haldia,Capesize,3M,20.31
2023-06-14,Mozambique-Haldia,Capesize,6M,20.57
2023-06-14,Mozambique-Haldia,Capesize,1Y,20.66
2023-06-14,USA-Paradip,Panamax,1M,30.4
2023-06-14,USA-Paradip,Panamax,3M,30.49
2023-06-14,USA-Paradip,Panamax,6M,31.31
2023-06-14,USA-Paradip,Panamax,1Y,32.86
2023-06-14,USA-Paradip,Capesize,1M,34.53
2023-06-14,USA-Paradip,Capesize,3M,35.55
2023-06-14,USA-Paradip,Capesize,6M,35.63
2023-06-14,USA-Paradip,Capesize,1Y,37.17
2023-06-14,USA-Vizag,Panamax,1M,30.39
2023-06-14,USA-Vizag,Panamax,3M,31.51
2023-06-14,USA-Vizag,Panamax,6M,30.59
2023-06-14,USA-Vizag,Panamax,1Y,32.74
2023-06-14,USA-Vizag,Capesize,1M,30.31
2023-06-14,USA-Vizag,Capesize,3M,30.89
2023-06-14,USA-Vizag,Capesize,6M,31.34
2023-06-14,USA-Vizag,Capesize,1Y,32.31
2023-06-14,USA-Dhamra,Panamax,1M,31.68
2023-06-14,USA-Dhamra,Panamax,3M,32.23
2023-06-14,USA-Dhamra,Panamax,6M,32.62
2023-06-14,USA-Dhamra,Panamax,1Y,32.78
2023-06-14,USA-Dhamra,Capesize,1M,33.45
2023-06-14,USA-Dhamra,Capesize,3M,33.31
2023-06-14,USA-Dhamra,Capesize,6M,34.53
2023-06-14,USA-Dhamra,Capesize,1Y,35.66
2023-06-14,USA-Gangavaram,Panamax,1M,35.5
2023-06-14,USA-Gangavaram,Panamax,3M,34.58
2023-06-14,USA-Gangavaram,Panamax,6M,35.72
2023-06-14,USA-Gangavaram,Panamax,1Y,35.85
2023-06-14,USA-Gangavaram,Capesize,1M,31.59
2023-06-14,USA-Gangavaram,Capesize,3M,33.22
2023-06-14,USA-Gangavaram,Capesize,6M,32.8
2023-06-14,USA-Gangavaram,Capesize,1Y,33.94
2023-06-14,USA-Gopalpur,Panamax,1M,32.22
2023-06-14,USA-Gopalpur,Panamax,3M,32.76
2023-06-14,USA-Gopalpur,Panamax,6M,33.05
2023-06-14,USA-Gopalpur,Panamax,1Y,33.07
2023-06-14,USA-Gopalpur,Capesize,1M,32.61
2023-06-14,USA-Gopalpur,Capesize,3M,32.81
2023-06-14,USA-Gopalpur,Capesize,6M,33.24
2023-06-14,USA-Gopalpur,Capesize,1Y,33.47
2023-06-14,USA-Haldia,Panamax,1M,34.75
2023-06-14,USA-Haldia,Panamax,3M,35.61
2023-06-14,USA-Haldia,Panamax,6M,35.81
2023-06-14,USA-Haldia,Panamax,1Y,35.97
2023-06-14,USA-Haldia,Capesize,1M,29.24
2023-06-14,USA-Haldia,Capesize,3M,29.79
2023-06-14,USA-Haldia,Capesize,6M,28.86
2023-06-14,USA-Haldia,Capesize,1Y,31.19
2023-07-14,Australia-Paradip,Panamax,1M,16.3
2023-07-14,Australia-Paradip,Panamax,3M,16.36
2023-07-14,Australia-Paradip,Panamax,6M,16.17
2023-07-14,Australia-Paradip,Panamax,1Y,16.38
2023-07-14,Australia-Paradip,Capesize,1M,16.57
2023-07-14,Australia-Paradip,Capesize,3M,16.44
2023-07-14,Australia-Paradip,Capesize,6M,16.86
2023-07-14,Australia-Paradip,Capesize,1Y,17.19
2023-07-14,Australia-Vizag,Panamax,1M,14.35
2023-07-14,Australia-Vizag,Panamax,3M,14.56
2023-07-14,Australia-Vizag,Panamax,6M,14.55
2023-07-14,Australia-Vizag,Panamax,1Y,14.35
2023-07-14,Australia-Vizag,Capesize,1M,15.75
2023-07-14,Australia-Vizag,Capesize,3M,15.89
2023-07-14,Australia-Vizag,Capesize,6M,16.02
2023-07-14,Australia-Vizag,Capesize,1Y,16.62
2023-07-14,Australia-Dhamra,Panamax,1M,17.59
2023-07-14,Australia-Dhamra,Panamax,3M,17.94
2023-07-14,Australia-Dhamra,Panamax,6M,17.99
2023-07-14,Australia-Dhamra,Panamax,1Y,18.81
2023-07-14,Australia-Dhamra,Capesize,1M,17.15
2023-07-14,Australia-Dhamra,Capesize,3M,17.48
2023-07-14,Australia-Dhamra,Capesize,6M,18.13
2023-07-14,Australia-Dhamra,Capesize,1Y,18.09
2023-07-14,Australia-Gangavaram,Panamax,1M,14.3
2023-07-14,Australia-Gangavaram,Panamax,3M,14.86
2023-07-14,Australia-Gangavaram,Panamax,6M,14.61
2023-07-14,Australia-Gangavaram,Panamax,1Y,15.12
2023-07-14,Australia-Gangavaram,Capesize,1M,18.32
2023-07-14,Australia-Gangavaram,Capesize,3M,19.28
2023-07-14,Australia-Gangavaram,Capesize,6M,18.64
2023-07-14,Australia-Gangavaram,Capesize,1Y,19.21
2023-07-14,Australia-Gopalpur,Panamax,1M,15.07
2023-07-14,Australia-Gopalpur,Panamax,3M,15.55
2023-07-14,Australia-Gopalpur,Panamax,6M,15.86
2023-07-14,Australia-Gopalpur,Panamax,1Y,16.26
2023-07-14,Australia-Gopalpur,Capesize,1M,18.56
2023-07-14,Australia-Gopalpur,Capesize,3M,18.55
2023-07-14,Australia-Gopalpur,Capesize,6M,18.58
2023-07-14,Australia-Gopalpur,Capesize,1Y,18.87
2023-07-14,Australia-Haldia,Panamax,1M,16.87
2023-07-14,Australia-Haldia,Panamax,3M,16.76
2023-07-14,Australia-Haldia,Panamax,6M,16.55
2023-07-14,Australia-Haldia,Panamax,1Y,17.41
2023-07-14,Australia-Haldia,Capesize,1M,18.75
2023-07-14,Australia-Haldia,Capesize,3M,18.68
2023-07-14,Australia-Haldia,Capesize,6M,19.38
2023-07-14,Australia-Haldia,Capesize,1Y,19.39
2023-07-14,Indonesia-Paradip,Panamax,1M,9.46
2023-07-14,Indonesia-Paradip,Panamax,3M,9.4
2023-07-14,Indonesia-Paradip,Panamax,6M,9.6
2023-07-14,Indonesia-Paradip,Panamax,1Y,10.08
2023-07-14,Indonesia-Paradip,Capesize,1M,10.53
2023-07-14,Indonesia-Paradip,Capesize,3M,10.63
2023-07-14,Indonesia-Paradip,Capesize,6M,10.9
2023-07-14,Indonesia-Paradip,Capesize,1Y,11.02
2023-07-14,Indonesia-Vizag,Panamax,1M,12.1
2023-07-14,Indonesia-Vizag,Panamax,3M,11.9
2023-07-14,Indonesia-Vizag,Panamax,6M,12.21
2023-07-14,Indonesia-Vizag,Panamax,1Y,12.46
2023-07-14,Indonesia-Vizag,Capesize,1M,10.62
2023-07-14,Indonesia-Vizag,Capesize,3M,10.5
2023-07-14,Indonesia-Vizag,Capesize,6M,10.98
2023-07-14,Indonesia-Vizag,Capesize,1Y,11.19
2023-07-14,Indonesia-Dhamra,Panamax,1M,10.22
2023-07-14,Indonesia-Dhamra,Panamax,3M,10.34
2023-07-14,Indonesia-Dhamra,Panamax,6M,10.86
2023-07-14,Indonesia-Dhamra,Panamax,1Y,10.57
2023-07-14,Indonesia-Dhamra,Capesize,1M,12.28
2023-07-14,Indonesia-Dhamra,Capesize,3M,12.72
2023-07-14,Indonesia-Dhamra,Capesize,6M,12.62
2023-07-14,Indonesia-Dhamra,Capesize,1Y,13.08
2023-07-14,Indonesia-Gangavaram,Panamax,1M,9.89
2023-07-14,Indonesia-Gangavaram,Panamax,3M,10.03
2023-07-14,Indonesia-Gangavaram,Panamax,6M,10.03
2023-07-14,Indonesia-Gangavaram,Panamax,1Y,10.42
2023-07-14,Indonesia-Gangavaram,Capesize,1M,11.24
2023-07-14,Indonesia-Gangavaram,Capesize,3M,11.69
2023-07-14,Indonesia-Gangavaram,Capesize,6M,11.47
2023-07-14,Indonesia-Gangavaram,Capesize,1Y,11.7
2023-07-14,Indonesia-Gopalpur,Panamax,1M,9.66
2023-07-14,Indonesia-Gopalpur,Panamax,3M,9.53
2023-07-14,Indonesia-Gopalpur,Panamax,6M,9.64
2023-07-14,Indonesia-Gopalpur,Panamax,1Y,9.83
2023-07-14,Indonesia-Gopalpur,Capesize,1M,9.62
2023-07-14,Indonesia-Gopalpur,Capesize,3M,9.86
2023-07-14,Indonesia-Gopalpur,Capesize,6M,9.83
2023-07-14,Indonesia-Gopalpur,Capesize,1Y,10.36
2023-07-14,Indonesia-Haldia,Panamax,1M,9.91
2023-07-14,Indonesia-Haldia,Panamax,3M,10.04
2023-07-14,Indonesia-Haldia,Panamax,6M,10.22
2023-07-14,Indonesia-Haldia,Panamax,1Y,10.71
2023-07-14,Indonesia-Haldia,Capesize,1M,10.17
2023-07-14,Indonesia-Haldia,Capesize,3M,10.03
2023-07-14,Indonesia-Haldia,Capesize,6M,10.13
2023-07-14,Indonesia-Haldia,Capesize,1Y,10.26
2023-07-14,Russia-Paradip,Panamax,1M,24.04
2023-07-14,Russia-Paradip,Panamax,3M,23.84
2023-07-14,Russia-Paradip,Panamax,6M,23.2
2023-07-14,Russia-Paradip,Panamax,1Y,24.64
2023-07-14,Russia-Paradip,Capesize,1M,24.52
2023-07-14,Russia-Paradip,Capesize,3M,24.71
2023-07-14,Russia-Paradip,Capesize,6M,24.87
2023-07-14,Russia-Paradip,Capesize,1Y,25.06
2023-07-14,Russia-Vizag,Panamax,1M,23.37
2023-07-14,Russia-Vizag,Panamax,3M,23.26
2023-07-14,Russia-Vizag,Panamax,6M,23.58
2023-07-14,Russia-Vizag,Panamax,1Y,24.17
2023-07-14,Russia-Vizag,Capesize,1M,24.43
2023-07-14,Russia-Vizag,Capesize,3M,24.21
2023-07-14,Russia-Vizag,Capesize,6M,24.71
2023-07-14,Russia-Vizag,Capesize,1Y,25.26
2023-07-14,Russia-Dhamra,Panamax,1M,23.36
2023-07-14,Russia-Dhamra,Panamax,3M,23.77
2023-07-14,Russia-Dhamra,Panamax,6M,23.84
2023-07-14,Russia-Dhamra,Panamax,1Y,24.45
2023-07-14,Russia-Dhamra,Capesize,1M,20.94
2023-07-14,Russia-Dhamra,Capesize,3M,20.97
2023-07-14,Russia-Dhamra,Capesize,6M,21.13
2023-07-14,Russia-Dhamra,Capesize,1Y,21.53
2023-07-14,Russia-Gangavaram,Panamax,1M,25.53
2023-07-14,Russia-Gangavaram,Panamax,3M,25.42
2023-07-14,Russia-Gangavaram,Panamax,6M,25.84
2023-07-14,Russia-Gangavaram,Panamax,1Y,26.79
2023-07-14,Russia-Gangavaram,Capesize,1M,19.68
2023-07-14,Russia-Gangavaram,Capesize,3M,19.23
2023-07-14,Russia-Gangavaram,Capesize,6M,19.78
2023-07-14,Russia-Gangavaram,Capesize,1Y,20.63
2023-07-14,Russia-Gopalpur,Panamax,1M,24.79
2023-07-14,Russia-Gopalpur,Panamax,3M,24.45
2023-07-14,Russia-Gopalpur,Panamax,6M,24.68
2023-07-14,Russia-Gopalpur,Panamax,1Y,25.29
2023-07-14,Russia-Gopalpur,Capesize,1M,21.86
2023-07-14,Russia-Gopalpur,Capesize,3M,21.8
2023-07-14,Russia-Gopalpur,Capesize,6M,22.53
2023-07-14,Russia-Gopalpur,Capesize,1Y,22.64
2023-07-14,Russia-Haldia,Panamax,1M,21.62
2023-07-14,Russia-Haldia,Panamax,3M,22.35
2023-07-14,Russia-Haldia,Panamax,6M,22.19
2023-07-14,Russia-Haldia,Panamax,1Y,22.73
2023-07-14,Russia-Haldia,Capesize,1M,22.2
2023-07-14,Russia-Haldia,Capesize,3M,22.76
2023-07-14,Russia-Haldia,Capesize,6M,23.52
2023-07-14,Russia-Haldia,Capesize,1Y,22.92
2023-07-14,Mozambique-Paradip,Panamax,1M,20.83
2023-07-14,Mozambique-Paradip,Panamax,3M,20.01
2023-07-14,Mozambique-Paradip,Panamax,6M,20.47
2023-07-14,Mozambique-Paradip,Panamax,1Y,20.84
2023-07-14,Mozambique-Paradip,Capesize,1M,23.66
2023-07-14,Mozambique-Paradip,Capesize,3M,24.87
2023-07-14,Mozambique-Paradip,Capesize,6M,25.15
2023-07-14,Mozambique-Paradip,Capesize,1Y,25.9
2023-07-14,Mozambique-Vizag,Panamax,1M,20.33
2023-07-14,Mozambique-Vizag,Panamax,3M,20.63
2023-07-14,Mozambique-Vizag,Panamax,6M,20.68
2023-07-14,Mozambique-Vizag,Panamax,1Y,21.15
2023-07-14,Mozambique-Vizag,Capesize,1M,20.37
2023-07-14,Mozambique-Vizag,Capesize,3M,20.83
2023-07-14,Mozambique-Vizag,Capesize,6M,20.88
2023-07-14,Mozambique-Vizag,Capesize,1Y,21.86
2023-07-14,Mozambique-Dhamra,Panamax,1M,19.47
2023-07-14,Mozambique-Dhamra,Panamax,3M,19.66
2023-07-14,Mozambique-Dhamra,Panamax,6M,20.25
2023-07-14,Mozambique-Dhamra,Panamax,1Y,19.96
2023-07-14,Mozambique-Dhamra,Capesize,1M,20.91
2023-07-14,Mozambique-Dhamra,Capesize,3M,21.12
2023-07-14,Mozambique-Dhamra,Capesize,6M,21.46
2023-07-14,Mozambique-Dhamra,Capesize,1Y,22.52
2023-07-14,Mozambique-Gangavaram,Panamax,1M,21.12
2023-07-14,Mozambique-Gangavaram,Panamax,3M,21.08
2023-07-14,Mozambique-Gangavaram,Panamax,6M,21.12
2023-07-14,Mozambique-Gangavaram,Panamax,1Y,22.0
2023-07-14,Mozambique-Gangavaram,Capesize,1M,22.41
2023-07-14,Mozambique-Gangavaram,Capesize,3M,22.24
2023-07-14,Mozambique-Gangavaram,Capesize,6M,22.95
2023-07-14,Mozambique-Gangavaram,Capesize,1Y,23.75
2023-07-14,Mozambique-Gopalpur,Panamax,1M,20.03
2023-07-14,Mozambique-Gopalpur,Panamax,3M,20.31
2023-07-14,Mozambique-Gopalpur,Panamax,6M,20.3
2023-07-14,Mozambique-Gopalpur,Panamax,1Y,20.44
2023-07-14,Mozambique-Gopalpur,Capesize,1M,19.68
2023-07-14,Mozambique-Gopalpur,Capesize,3M,19.12
2023-07-14,Mozambique-Gopalpur,Capesize,6M,19.59
2023-07-14,Mozambique-Gopalpur,Capesize,1Y,19.71
2023-07-14,Mozambique-Haldia,Panamax,1M,23.7
2023-07-14,Mozambique-Haldia,Panamax,3M,23.72
2023-07-14,Mozambique-Haldia,Panamax,6M,23.86
2023-07-14,Mozambique-Haldia,Panamax,1Y,24.38
2023-07-14,Mozambique-Haldia,Capesize,1M,18.03
2023-07-14,Mozambique-Haldia,Capesize,3M,18.13
2023-07-14,Mozambique-Haldia,Capesize,6M,18.73
2023-07-14,Mozambique-Haldia,Capesize,1Y,18.68
2023-07-14,USA-Paradip,Panamax,1M,31.39
2023-07-14,USA-Paradip,Panamax,3M,29.98
2023-07-14,USA-Paradip,Panamax,6M,29.79
2023-07-14,USA-Paradip,Panamax,1Y,31.91
2023-07-14,USA-Paradip,Capesize,1M,29.05
2023-07-14,USA-Paradip,Capesize,3M,29.66
2023-07-14,USA-Paradip,Capesize,6M,29.18
2023-07-14,USA-Paradip,Capesize,1Y,29.71
2023-07-14,USA-Vizag,Panamax,1M,31.36
2023-07-14,USA-Vizag,Panamax,3M,31.65
2023-07-14,USA-Vizag,Panamax,6M,32.23
2023-07-14,USA-Vizag,Panamax,1Y,33.27
2023-07-14,USA-Vizag,Capesize,1M,28.01
2023-07-14,USA-Vizag,Capesize,3M,28.65
2023-07-14,USA-Vizag,Capesize,6M,29.32
2023-07-14,USA-Vizag,Capesize,1Y,30.31
2023-07-14,USA-Dhamra,Panamax,1M,27.16
2023-07-14,USA-Dhamra,Panamax,3M,27.0
2023-07-14,USA-Dhamra,Panamax,6M,27.62
2023-07-14,USA-Dhamra,Panamax,1Y,28.77
2023-07-14,USA-Dhamra,Capesize,1M,36.41
2023-07-14,USA-Dhamra,Capesize,3M,36.63
2023-07-14,USA-Dhamra,Capesize,6M,36.21
2023-07-14,USA-Dhamra,Capesize,1Y,37.09
2023-07-14,USA-Gangavaram,Panamax,1M,28.38
2023-07-14,USA-Gangavaram,Panamax,3M,28.45
2023-07-14,USA-Gangavaram,Panamax,6M,28.28
2023-07-14,USA-Gangavaram,Panamax,1Y,29.28
2023-07-14,USA-Gangavaram,Capesize,1M,34.1
2023-07-14,USA-Gangavaram,Capesize,3M,34.9
2023-07-14,USA-Gangavaram,Capesize,6M,35.45
2023-07-14,USA-Gangavaram,Capesize,1Y,35.94
2023-07-14,USA-Gopalpur,Panamax,1M,32.42
2023-07-14,USA-Gopalpur,Panamax,3M,32.77
2023-07-14,USA-Gopalpur,Panamax,6M,33.68
2023-07-14,USA-Gopalpur,Panamax,1Y,33.68
2023-07-14,USA-Gopalpur,Capesize,1M,28.84
2023-07-14,USA-Gopalpur,Capesize,3M,30.46
2023-07-14,USA-Gopalpur,Capesize,6M,30.68
2023-07-14,USA-Gopalpur,Capesize,1Y,30.49
2023-07-14,USA-Haldia,Panamax,1M,35.2
2023-07-14,USA-Haldia,Panamax,3M,35.39
2023-07-14,USA-Haldia,Panamax,6M,35.84
2023-07-14,USA-Haldia,Panamax,1Y,36.35
2023-07-14,USA-Haldia,Capesize,1M,32.2
2023-07-14,USA-Haldia,Capesize,3M,32.24
2023-07-14,USA-Haldia,Capesize,6M,32.85
2023-07-14,USA-Haldia,Capesize,1Y,32.85
2023-08-13,Australia-Paradip,Panamax,1M,17.43
2023-08-13,Australia-Paradip,Panamax,3M,17.87
2023-08-13,Australia-Paradip,Panamax,6M,17.69
2023-08-13,Australia-Paradip,Panamax,1Y,17.98
2023-08-13,Australia-Paradip,Capesize,1M,16.78
2023-08-13,Australia-Paradip,Capesize,3M,18.05
2023-08-13,Australia-Paradip,Capesize,6M,17.69
2023-08-13,Australia-Paradip,Capesize,1Y,18.29
2023-08-13,Australia-Vizag,Panamax,1M,15.96
2023-08-13,Australia-Vizag,Panamax,3M,15.93
2023-08-13,Australia-Vizag,Panamax,6M,16.22
2023-08-13,Australia-Vizag,Panamax,1Y,16.37
2023-08-13,Australia-Vizag,Capesize,1M,17.14
2023-08-13,Australia-Vizag,Capesize,3M,17.08
2023-08-13,Australia-Vizag,Capesize,6M,16.74
2023-08-13,Australia-Vizag,Capesize,1Y,17.3
2023-08-13,Australia-Dhamra,Panamax,1M,16.54
2023-08-13,Australia-Dhamra,Panamax,3M,16.73
2023-08-13,Australia-Dhamra,Panamax,6M,16.86
2023-08-13,Australia-Dhamra,Panamax,1Y,17.46
2023-08-13,Australia-Dhamra,Capesize,1M,18.06
2023-08-13,Australia-Dhamra,Capesize,3M,18.65
2023-08-13,Australia-Dhamra,Capesize,6M,18.51
2023-08-13,Australia-Dhamra,Capesize,1Y,18.81
2023-08-13,Australia-Gangavaram,Panamax,1M,17.73
2023-08-13,Australia-Gangavaram,Panamax,3M,17.64
2023-08-13,Australia-Gangavaram,Panamax,6M,17.84
2023-08-13,Australia-Gangavaram,Panamax,1Y,18.24
2023-08-13,Australia-Gangavaram,Capesize,1M,16.29
2023-08-13,Australia-Gangavaram,Capesize,3M,16.47
2023-08-13,Australia-Gangavaram,Capesize,6M,16.79
2023-08-13,Australia-Gangavaram,Capesize,1Y,17.2
2023-08-13,Australia-Gopalpur,Panamax,1M,14.95
2023-08-13,Australia-Gopalpur,Panamax,3M,14.53
2023-08-13,Australia-Gopalpur,Panamax,6M,15.29
2023-08-13,Australia-Gopalpur,Panamax,1Y,15.17
2023-08-13,Australia-Gopalpur,Capesize,1M,16.42
2023-08-13,Australia-Gopalpur,Capesize,3M,16.22
2023-08-13,Australia-Gopalpur,Capesize,6M,16.87
2023-08-13,Australia-Gopalpur,Capesize,1Y,17.02
2023-08-13,Australia-Haldia,Panamax,1M,17.08
2023-08-13,Australia-Haldia,Panamax,3M,16.94
2023-08-13,Australia-Haldia,Panamax,6M,17.35
2023-08-13,Australia-Haldia,Panamax,1Y,17.64
2023-08-13,Australia-Haldia,Capesize,1M,16.15
2023-08-13,Australia-Haldia,Capesize,3M,16.85
2023-08-13,Australia-Haldia,Capesize,6M,16.59
2023-08-13,Australia-Haldia,Capesize,1Y,17.19
2023-08-13,Indonesia-Paradip,Panamax,1M,11.62
2023-08-13,Indonesia-Paradip,Panamax,3M,11.52
2023-08-13,Indonesia-Paradip,Panamax,6M,11.97
2023-08-13,Indonesia-Paradip,Panamax,1Y,11.74
2023-08-13,Indonesia-Paradip,Capesize,1M,9.83
2023-08-13,Indonesia-Paradip,Capesize,3M,9.9
2023-08-13,Indonesia-Paradip,Capesize,6M,10.09
2023-08-13,Indonesia-Paradip,Capesize,1Y,10.14
2023-08-13,Indonesia-Vizag,Panamax,1M,10.0
2023-08-13,Indonesia-Vizag,Panamax,3M,9.9
2023-08-13,Indonesia-Vizag,Panamax,6M,10.07
2023-08-13,Indonesia-Vizag,Panamax,1Y,9.92
2023-08-13,Indonesia-Vizag,Capesize,1M,10.49
2023-08-13,Indonesia-Vizag,Capesize,3M,10.11
2023-08-13,Indonesia-Vizag,Capesize,6M,10.31
2023-08-13,Indonesia-Vizag,Capesize,1Y,10.45
2023-08-13,Indonesia-Dhamra,Panamax,1M,13.29
2023-08-13,Indonesia-Dhamra,Panamax,3M,13.26
2023-08-13,Indonesia-Dhamra,Panamax,6M,12.88
2023-08-13,Indonesia-Dhamra,Panamax,1Y,13.56
2023-08-13,Indonesia-Dhamra,Capesize,1M,9.75
2023-08-13,Indonesia-Dhamra,Capesize,3M,10.02
2023-08-13,Indonesia-Dhamra,Capesize,6M,9.69
2023-08-13,Indonesia-Dhamra,Capesize,1Y,10.29
2023-08-13,Indonesia-Gangavaram,Panamax,1M,10.97
2023-08-13,Indonesia-Gangavaram,Panamax,3M,10.9
2023-08-13,Indonesia-Gangavaram,Panamax,6M,10.93
2023-08-13,Indonesia-Gangavaram,Panamax,1Y,11.41
2023-08-13,Indonesia-Gangavaram,Capesize,1M,10.63
2023-08-13,Indonesia-Gangavaram,Capesize,3M,10.43
2023-08-13,Indonesia-Gangavaram,Capesize,6M,10.54
2023-08-13,Indonesia-Gangavaram,Capesize,1Y,10.76
2023-08-13,Indonesia-Gopalpur,Panamax,1M,10.26
2023-08-13,Indonesia-Gopalpur,Panamax,3M,10.41
2023-08-13,Indonesia-Gopalpur,Panamax,6M,10.56
2023-08-13,Indonesia-Gopalpur,Panamax,1Y,10.55
2023-08-13,Indonesia-Gopalpur,Capesize,1M,9.49
2023-08-13,Indonesia-Gopalpur,Capesize,3M,9.61
2023-08-13,Indonesia-Gopalpur,Capesize,6M,9.78
2023-08-13,Indonesia-Gopalpur,Capesize,1Y,10.01
2023-08-13,Indonesia-Haldia,Panamax,1M,11.03
2023-08-13,Indonesia-Haldia,Panamax,3M,11.12
2023-08-13,Indonesia-Haldia,Panamax,6M,11.28
2023-08-13,Indonesia-Haldia,Panamax,1Y,11.64
2023-08-13,Indonesia-Haldia,Capesize,1M,10.82
2023-08-13,Indonesia-Haldia,Capesize,3M,10.42
2023-08-13,Indonesia-Haldia,Capesize,6M,10.84
2023-08-13,Indonesia-Haldia,Capesize,1Y,10.87
2023-08-13,Russia-Paradip,Panamax,1M,20.09
2023-08-13,Russia-Paradip,Panamax,3M,20.09
2023-08-13,Russia-Paradip,Panamax,6M,20.34
2023-08-13,Russia-Paradip,Panamax,1Y,20.67
2023-08-13,Russia-Paradip,Capesize,1M,21.72
2023-08-13,Russia-Paradip,Capesize,3M,21.91
2023-08-13,Russia-Paradip,Capesize,6M,22.28
2023-08-13,Russia-Paradip,Capesize,1Y,22.32
2023-08-13,Russia-Vizag,Panamax,1M,24.85
2023-08-13,Russia-Vizag,Panamax,3M,24.97
2023-08-13,Russia-Vizag,Panamax,6M,25.16
2023-08-13,Russia-Vizag,Panamax,1Y,26.21
2023-08-13,Russia-Vizag,Capesize,1M,24.85
2023-08-13,Russia-Vizag,Capesize,3M,24.73
2023-08-13,Russia-Vizag,Capesize,6M,25.09
2023-08-13,Russia-Vizag,Capesize,1Y,25.76
2023-08-13,Russia-Dhamra,Panamax,1M,21.9
2023-08-13,Russia-Dhamra,Panamax,3M,22.6
2023-08-13,Russia-Dhamra,Panamax,6M,22.69
2023-08-13,Russia-Dhamra,Panamax,1Y,23.25
2023-08-13,Russia-Dhamra,Capesize,1M,19.14
2023-08-13,Russia-Dhamra,Capesize,3M,18.7
2023-08-13,Russia-Dhamra,Capesize,6M,19.71
2023-08-13,Russia-Dhamra,Capesize,1Y,19.99
2023-08-13,Russia-Gangavaram,Panamax,1M,23.51
2023-08-13,Russia-Gangavaram,Panamax,3M,23.69
2023-08-13,Russia-Gangavaram,Panamax,6M,23.92
2023-08-13,Russia-Gangavaram,Panamax,1Y,24.28
2023-08-13,Russia-Gangavaram,Capesize,1M,21.56
2023-08-13,Russia-Gangavaram,Capesize,3M,23.2
2023-08-13,Russia-Gangavaram,Capesize,6M,22.84
2023-08-13,Russia-Gangavaram,Capesize,1Y,23.31
2023-08-13,Russia-Gopalpur,Panamax,1M,24.1
2023-08-13,Russia-Gopalpur,Panamax,3M,23.06
2023-08-13,Russia-Gopalpur,Panamax,6M,24.33
2023-08-13,Russia-Gopalpur,Panamax,1Y,24.67
2023-08-13,Russia-Gopalpur,Capesize,1M,20.65
2023-08-13,Russia-Gopalpur,Capesize,3M,20.81
2023-08-13,Russia-Gopalpur,Capesize,6M,21.47
2023-08-13,Russia-Gopalpur,Capesize,1Y,22.42
2023-08-13,Russia-Haldia,Panamax,1M,23.64
2023-08-13,Russia-Haldia,Panamax,3M,23.56
2023-08-13,Russia-Haldia,Panamax,6M,23.92
2023-08-13,Russia-Haldia,Panamax,1Y,24.56
2023-08-13,Russia-Haldia,Capesize,1M,21.92
2023-08-13,Russia-Haldia,Capesize,3M,22.07
2023-08-13,Russia-Haldia,Capesize,6M,23.06
2023-08-13,Russia-Haldia,Capesize,1Y,23.06
2023-08-13,Mozambique-Paradip,Panamax,1M,22.22
2023-08-13,Mozambique-Paradip,Panamax,3M,22.68
2023-08-13,Mozambique-Paradip,Panamax,6M,23.67
2023-08-13,Mozambique-Paradip,Panamax,1Y,23.98
2023-08-13,Mozambique-Paradip,Capesize,1M,20.57
2023-08-13,Mozambique-Paradip,Capesize,3M,20.09
2023-08-13,Mozambique-Paradip,Capesize,6M,20.53
2023-08-13,Mozambique-Paradip,Capesize,1Y,21.04
2023-08-13,Mozambique-Vizag,Panamax,1M,23.96
2023-08-13,Mozambique-Vizag,Panamax,3M,24.47
2023-08-13,Mozambique-Vizag,Panamax,6M,24.93
2023-08-13,Mozambique-Vizag,Panamax,1Y,25.0
2023-08-13,Mozambique-Vizag,Capesize,1M,19.31
2023-08-13,Mozambique-Vizag,Capesize,3M,19.72
2023-08-13,Mozambique-Vizag,Capesize,6M,20.04
2023-08-13,Mozambique-Vizag,Capesize,1Y,20.15
2023-08-13,Mozambique-Dhamra,Panamax,1M,20.59
2023-08-13,Mozambique-Dhamra,Panamax,3M,20.64
2023-08-13,Mozambique-Dhamra,Panamax,6M,21.04
2023-08-13,Mozambique-Dhamra,Panamax,1Y,21.16
2023-08-13,Mozambique-Dhamra,Capesize,1M,22.86
2023-08-13,Mozambique-Dhamra,Capesize,3M,22.79
2023-08-13,Mozambique-Dhamra,Capesize,6M,22.3
2023-08-13,Mozambique-Dhamra,Capesize,1Y,23.13
2023-08-13,Mozambique-Gangavaram,Panamax,1M,18.32
2023-08-13,Mozambique-Gangavaram,Panamax,3M,18.32
2023-08-13,Mozambique-Gangavaram,Panamax,6M,19.04
2023-08-13,Mozambique-Gangavaram,Panamax,1Y,18.83
2023-08-13,Mozambique-Gangavaram,Capesize,1M,21.45
2023-08-13,Mozambique-Gangavaram,Capesize,3M,21.24
2023-08-13,Mozambique-Gangavaram,Capesize,6M,21.83
2023-08-13,Mozambique-Gangavaram,Capesize,1Y,22.61
2023-08-13,Mozambique-Gopalpur,Panamax,1M,22.74
2023-08-13,Mozambique-Gopalpur,Panamax,3M,22.9
2023-08-13,Mozambique-Gopalpur,Panamax,6M,22.83
2023-08-13,Mozambique-Gopalpur,Panamax,1Y,22.97
2023-08-13,Mozambique-Gopalpur,Capesize,1M,23.15
2023-08-13,Mozambique-Gopalpur,Capesize,3M,23.41
2023-08-13,Mozambique-Gopalpur,Capesize,6M,23.74
2023-08-13,Mozambique-Gopalpur,Capesize,1Y,23.49
2023-08-13,Mozambique-Haldia,Panamax,1M,19.33
2023-08-13,Mozambique-Haldia,Panamax,3M,18.92
2023-08-13,Mozambique-Haldia,Panamax,6M,19.46
2023-08-13,Mozambique-Haldia,Panamax,1Y,20.06
2023-08-13,Mozambique-Haldia,Capesize,1M,24.02
2023-08-13,Mozambique-Haldia,Capesize,3M,23.41
2023-08-13,Mozambique-Haldia,Capesize,6M,25.05
2023-08-13,Mozambique-Haldia,Capesize,1Y,25.56
2023-08-13,USA-Paradip,Panamax,1M,36.12
2023-08-13,USA-Paradip,Panamax,3M,35.08
2023-08-13,USA-Paradip,Panamax,6M,36.91
2023-08-13,USA-Paradip,Panamax,1Y,37.13
2023-08-13,USA-Paradip,Capesize,1M,29.88
2023-08-13,USA-Paradip,Capesize,3M,30.5
2023-08-13,USA-Paradip,Capesize,6M,30.91
2023-08-13,USA-Paradip,Capesize,1Y,30.75
2023-08-13,USA-Vizag,Panamax,1M,29.16
2023-08-13,USA-Vizag,Panamax,3M,28.07
2023-08-13,USA-Vizag,Panamax,6M,29.58
2023-08-13,USA-Vizag,Panamax,1Y,30.59
2023-08-13,USA-Vizag,Capesize,1M,34.12
2023-08-13,USA-Vizag,Capesize,3M,32.65
2023-08-13,USA-Vizag,Capesize,6M,34.09
2023-08-13,USA-Vizag,Capesize,1Y,34.78
2023-08-13,USA-Dhamra,Panamax,1M,34.85
2023-08-13,USA-Dhamra,Panamax,3M,34.85
2023-08-13,USA-Dhamra,Panamax,6M,33.69
2023-08-13,USA-Dhamra,Panamax,1Y,35.52
2023-08-13,USA-Dhamra,Capesize,1M,28.31
2023-08-13,USA-Dhamra,Capesize,3M,28.33
2023-08-13,USA-Dhamra,Capesize,6M,28.74
2023-08-13,USA-Dhamra,Capesize,1Y,29.29
2023-08-13,USA-Gangavaram,Panamax,1M,28.73
2023-08-13,USA-Gangavaram,Panamax,3M,29.75
2023-08-13,USA-Gangavaram,Panamax,6M,30.84
2023-08-13,USA-Gangavaram,Panamax,1Y,31.01
2023-08-13,USA-Gangavaram,Capesize,1M,32.98
2023-08-13,USA-Gangavaram,Capesize,3M,32.64
2023-08-13,USA-Gangavaram,Capesize,6M,33.27
2023-08-13,USA-Gangavaram,Capesize,1Y,34.56
2023-08-13,USA-Gopalpur,Panamax,1M,27.98
2023-08-13,USA-Gopalpur,Panamax,3M,27.96
2023-08-13,USA-Gopalpur,Panamax,6M,28.92
2023-08-13,USA-Gopalpur,Panamax,1Y,28.28
2023-08-13,USA-Gopalpur,Capesize,1M,32.07
2023-08-13,USA-Gopalpur,Capesize,3M,32.96
2023-08-13,USA-Gopalpur,Capesize,6M,32.72
2023-08-13,USA-Gopalpur,Capesize,1Y,34.41
2023-08-13,USA-Haldia,Panamax,1M,28.61
2023-08-13,USA-Haldia,Panamax,3M,29.29
2023-08-13,USA-Haldia,Panamax,6M,29.32
2023-08-13,USA-Haldia,Panamax,1Y,29.39
2023-08-13,USA-Haldia,Capesize,1M,32.61
2023-08-13,USA-Haldia,Capesize,3M,33.97
2023-08-13,USA-Haldia,Capesize,6M,33.4
2023-08-13,USA-Haldia,Capesize,1Y,35.4
2023-09-12,Australia-Paradip,Panamax,1M,18.25
2023-09-12,Australia-Paradip,Panamax,3M,18.78
2023-09-12,Australia-Paradip,Panamax,6M,19.04
2023-09-12,Australia-Paradip,Panamax,1Y,19.1
2023-09-12,Australia-Paradip,Capesize,1M,15.75
2023-09-12,Australia-Paradip,Capesize,3M,15.89
2023-09-12,Australia-Paradip,Capesize,6M,15.8
2023-09-12,Australia-Paradip,Capesize,1Y,16.05
2023-09-12,Australia-Vizag,Panamax,1M,17.37
2023-09-12,Australia-Vizag,Panamax,3M,18.22
2023-09-12,Australia-Vizag,Panamax,6M,18.6
2023-09-12,Australia-Vizag,Panamax,1Y,18.76
2023-09-12,Australia-Vizag,Capesize,1M,15.99
2023-09-12,Australia-Vizag,Capesize,3M,16.13
2023-09-12,Australia-Vizag,Capesize,6M,16.07
2023-09-12,Australia-Vizag,Capesize,1Y,17.15
2023-09-12,Australia-Dhamra,Panamax,1M,15.56
2023-09-12,Australia-Dhamra,Panamax,3M,15.5
2023-09-12,Australia-Dhamra,Panamax,6M,15.64
2023-09-12,Australia-Dhamra,Panamax,1Y,16.06
2023-09-12,Australia-Dhamra,Capesize,1M,14.96
2023-09-12,Australia-Dhamra,Capesize,3M,15.62
2023-09-12,Australia-Dhamra,Capesize,6M,15.8
2023-09-12,Australia-Dhamra,Capesize,1Y,15.81
2023-09-12,Australia-Gangavaram,Panamax,1M,18.31
2023-09-12,Australia-Gangavaram,Panamax,3M,18.23
2023-09-12,Australia-Gangavaram,Panamax,6M,19.01
2023-09-12,Australia-Gangavaram,Panamax,1Y,19.04
2023-09-12,Australia-Gangavaram,Capesize,1M,16.77
2023-09-12,Australia-Gangavaram,Capesize,3M,17.95
2023-09-12,Australia-Gangavaram,Capesize,6M,17.4
2023-09-12,Australia-Gangavaram,Capesize,1Y,17.9
2023-09-12,Australia-Gopalpur,Panamax,1M,15.37
2023-09-12,Australia-Gopalpur,Panamax,3M,15.56
2023-09-12,Australia-Gopalpur,Panamax,6M,16.04
2023-09-12,Australia-Gopalpur,Panamax,1Y,15.89
2023-09-12,Australia-Gopalpur,Capesize,1M,14.22
2023-09-12,Australia-Gopalpur,Capesize,3M,14.05
2023-09-12,Australia-Gopalpur,Capesize,6M,14.23
2023-09-12,Australia-Gopalpur,Capesize,1Y,14.63
2023-09-12,Australia-Haldia,Panamax,1M,18.08
2023-09-12,Australia-Haldia,Panamax,3M,17.92
2023-09-12,Australia-Haldia,Panamax,6M,18.19
2023-09-12,Australia-Haldia,Panamax,1Y,18.54
2023-09-12,Australia-Haldia,Capesize,1M,17.05
2023-09-12,Australia-Haldia,Capesize,3M,17.04
2023-09-12,Australia-Haldia,Capesize,6M,17.09
2023-09-12,Australia-Haldia,Capesize,1Y,17.72
2023-09-12,Indonesia-Paradip,Panamax,1M,10.66
2023-09-12,Indonesia-Paradip,Panamax,3M,11.11
2023-09-12,Indonesia-Paradip,Panamax,6M,11.22
2023-09-12,Indonesia-Paradip,Panamax,1Y,11.28
2023-09-12,Indonesia-Paradip,Capesize,1M,10.89
2023-09-12,Indonesia-Paradip,Capesize,3M,11.54
2023-09-12,Indonesia-Paradip,Capesize,6M,11.09
2023-09-12,Indonesia-Paradip,Capesize,1Y,11.72
2023-09-12,Indonesia-Vizag,Panamax,1M,12.09
2023-09-12,Indonesia-Vizag,Panamax,3M,11.78
2023-09-12,Indonesia-Vizag,Panamax,6M,12.18
2023-09-12,Indonesia-Vizag,Panamax,1Y,12.3
2023-09-12,Indonesia-Vizag,Capesize,1M,10.49
2023-09-12,Indonesia-Vizag,Capesize,3M,10.84
2023-09-12,Indonesia-Vizag,Capesize,6M,11.03
2023-09-12,Indonesia-Vizag,Capesize,1Y,11.04
2023-09-12,Indonesia-Dhamra,Panamax,1M,11.73
2023-09-12,Indonesia-Dhamra,Panamax,3M,12.05
2023-09-12,Indonesia-Dhamra,Panamax,6M,12.04
2023-09-12,Indonesia-Dhamra,Panamax,1Y,12.36
2023-09-12,Indonesia-Dhamra,Capesize,1M,8.54
2023-09-12,Indonesia-Dhamra,Capesize,3M,8.51
2023-09-12,Indonesia-Dhamra,Capesize,6M,8.88
2023-09-12,Indonesia-Dhamra,Capesize,1Y,9.13
2023-09-12,Indonesia-Gangavaram,Panamax,1M,10.66
2023-09-12,Indonesia-Gangavaram,Panamax,3M,11.01
2023-09-12,Indonesia-Gangavaram,Panamax,6M,11.17
2023-09-12,Indonesia-Gangavaram,Panamax,1Y,11.2
2023-09-12,Indonesia-Gangavaram,Capesize,1M,11.19
2023-09-12,Indonesia-Gangavaram,Capesize,3M,11.35
2023-09-12,Indonesia-Gangavaram,Capesize,6M,11.3
2023-09-12,Indonesia-Gangavaram,Capesize,1Y,11.4
2023-09-12,Indonesia-Gopalpur,Panamax,1M,9.07
2023-09-12,Indonesia-Gopalpur,Panamax,3M,9.05
2023-09-12,Indonesia-Gopalpur,Panamax,6M,8.94
2023-09-12,Indonesia-Gopalpur,Panamax,1Y,9.35
2023-09-12,Indonesia-Gopalpur,Capesize,1M,9.75
2023-09-12,Indonesia-Gopalpur,Capesize,3M,9.94
2023-09-12,Indonesia-Gopalpur,Capesize,6M,9.81
2023-09-12,Indonesia-Gopalpur,Capesize,1Y,10.06
2023-09-12,Indonesia-Haldia,Panamax,1M,11.8
2023-09-12,Indonesia-Haldia,Panamax,3M,11.4
2023-09-12,Indonesia-Haldia,Panamax,6M,11.62
2023-09-12,Indonesia-Haldia,Panamax,1Y,12.11
2023-09-12,Indonesia-Haldia,Capesize,1M,12.66
2023-09-12,Indonesia-Haldia,Capesize,3M,12.71
2023-09-12,Indonesia-Haldia,Capesize,6M,13.3
2023-09-12,Indonesia-Haldia,Capesize,1Y,13.88
2023-09-12,Russia-Paradip,Panamax,1M,24.78
2023-09-12,Russia-Paradip,Panamax,3M,25.03
2023-09-12,Russia-Paradip,Panamax,6M,25.18
2023-09-12,Russia-Paradip,Panamax,1Y,25.97
2023-09-12,Russia-Paradip,Capesize,1M,25.23
2023-09-12,Russia-Paradip,Capesize,3M,25.65
2023-09-12,Russia-Paradip,Capesize,6M,26.53
2023-09-12,Russia-Paradip,Capesize,1Y,26.97
2023-09-12,Russia-Vizag,Panamax,1M,22.66
2023-09-12,Russia-Vizag,Panamax,3M,22.51
2023-09-12,Russia-Vizag,Panamax,6M,22.48
2023-09-12,Russia-Vizag,Panamax,1Y,23.45
2023-09-12,Russia-Vizag,Capesize,1M,23.55
2023-09-12,Russia-Vizag,Capesize,3M,22.84
2023-09-12,Russia-Vizag,Capesize,6M,23.79
2023-09-12,Russia-Vizag,Capesize,1Y,24.83
2023-09-12,Russia-Dhamra,Panamax,1M,22.31
2023-09-12,Russia-Dhamra,Panamax,3M,22.64
2023-09-12,Russia-Dhamra,Panamax,6M,22.77
2023-09-12,Russia-Dhamra,Panamax,1Y,24.25
2023-09-12,Russia-Dhamra,Capesize,1M,24.48
2023-09-12,Russia-Dhamra,Capesize,3M,25.32
2023-09-12,Russia-Dhamra,Capesize,6M,24.84
2023-09-12,Russia-Dhamra,Capesize,1Y,25.92
2023-09-12,Russia-Gangavaram,Panamax,1M,24.14
2023-09-12,Russia-Gangavaram,Panamax,3M,25.53
2023-09-12,Russia-Gangavaram,Panamax,6M,25.93
2023-09-12,Russia-Gangavaram,Panamax,1Y,26.17
2023-09-12,Russia-Gangavaram,Capesize,1M,22.59
2023-09-12,Russia-Gangavaram,Capesize,3M,22.67
2023-09-12,Russia-Gangavaram,Capesize,6M,22.41
2023-09-12,Russia-Gangavaram,Capesize,1Y,23.14
2023-09-12,Russia-Gopalpur,Panamax,1M,23.04
2023-09-12,Russia-Gopalpur,Panamax,3M,23.74
2023-09-12,Russia-Gopalpur,Panamax,6M,23.65
2023-09-12,Russia-Gopalpur,Panamax,1Y,24.29
2023-09-12,Russia-Gopalpur,Capesize,1M,22.31
2023-09-12,Russia-Gopalpur,Capesize,3M,23.2
2023-09-12,Russia-Gopalpur,Capesize,6M,22.93
2023-09-12,Russia-Gopalpur,Capesize,1Y,23.36
2023-09-12,Russia-Haldia,Panamax,1M,21.97
2023-09-12,Russia-Haldia,Panamax,3M,22.32
2023-09-12,Russia-Haldia,Panamax,6M,22.86
2023-09-12,Russia-Haldia,Panamax,1Y,23.19
2023-09-12,Russia-Haldia,Capesize,1M,25.53
2023-09-12,Russia-Haldia,Capesize,3M,25.58
2023-09-12,Russia-Haldia,Capesize,6M,26.45
2023-09-12,Russia-Haldia,Capesize,1Y,25.96
2023-09-12,Mozambique-Paradip,Panamax,1M,20.29
2023-09-12,Mozambique-Paradip,Panamax,3M,21.21
2023-09-12,Mozambique-Paradip,Panamax,6M,20.75
2023-09-12,Mozambique-Paradip,Panamax,1Y,20.9
2023-09-12,Mozambique-Paradip,Capesize,1M,17.97
2023-09-12,Mozambique-Paradip,Capesize,3M,17.81
2023-09-12,Mozambique-Paradip,Capesize,6M,18.08
2023-09-12,Mozambique-Paradip,Capesize,1Y,18.68
2023-09-12,Mozambique-Vizag,Panamax,1M,19.57
2023-09-12,Mozambique-Vizag,Panamax,3M,19.47
2023-09-12,Mozambique-Vizag,Panamax,6M,19.44
2023-09-12,Mozambique-Vizag,Panamax,1Y,20.05
2023-09-12,Mozambique-Vizag,Capesize,1M,19.71
2023-09-12,Mozambique-Vizag,Capesize,3M,19.44
2023-09-12,Mozambique-Vizag,Capesize,6M,19.81
2023-09-12,Mozambique-Vizag,Capesize,1Y,20.34
2023-09-12,Mozambique-Dhamra,Panamax,1M,21.58
2023-09-12,Mozambique-Dhamra,Panamax,3M,21.2
2023-09-12,Mozambique-Dhamra,Panamax,6M,21.8
2023-09-12,Mozambique-Dhamra,Panamax,1Y,21.5
2023-09-12,Mozambique-Dhamra,Capesize,1M,21.47
2023-09-12,Mozambique-Dhamra,Capesize,3M,21.81
2023-09-12,Mozambique-Dhamra,Capesize,6M,21.76
2023-09-12,Mozambique-Dhamra,Capesize,1Y,22.75
2023-09-12,Mozambique-Gangavaram,Panamax,1M,21.71
2023-09-12,Mozambique-Gangavaram,Panamax,3M,22.54
2023-09-12,Mozambique-Gangavaram,Panamax,6M,22.19
2023-09-12,Mozambique-Gangavaram,Panamax,1Y,22.79
2023-09-12,Mozambique-Gangavaram,Capesize,1M,21.42
2023-09-12,Mozambique-Gangavaram,Capesize,3M,20.91
2023-09-12,Mozambique-Gangavaram,Capesize,6M,21.78
2023-09-12,Mozambique-Gangavaram,Capesize,1Y,22.61
2023-09-12,Mozambique-Gopalpur,Panamax,1M,22.21
2023-09-12,Mozambique-Gopalpur,Panamax,3M,21.59
2023-09-12,Mozambique-Gopalpur,Panamax,6M,21.55
2023-09-12,Mozambique-Gopalpur,Panamax,1Y,22.99
2023-09-12,Mozambique-Gopalpur,Capesize,1M,20.83
2023-09-12,Mozambique-Gopalpur,Capesize,3M,21.07
2023-09-12,Mozambique-Gopalpur,Capesize,6M,21.32
2023-09-12,Mozambique-Gopalpur,Capesize,1Y,21.95
2023-09-12,Mozambique-Haldia,Panamax,1M,23.8
2023-09-12,Mozambique-Haldia,Panamax,3M,23.89
2023-09-12,Mozambique-Haldia,Panamax,6M,24.13
2023-09-12,Mozambique-Haldia,Panamax,1Y,24.24
2023-09-12,Mozambique-Haldia,Capesize,1M,19.25
2023-09-12,Mozambique-Haldia,Capesize,3M,18.82
2023-09-12,Mozambique-Haldia,Capesize,6M,19.84
2023-09-12,Mozambique-Haldia,Capesize,1Y,20.22
2023-09-12,USA-Paradip,Panamax,1M,30.54
2023-09-12,USA-Paradip,Panamax,3M,30.55
2023-09-12,USA-Paradip,Panamax,6M,31.38
2023-09-12,USA-Paradip,Panamax,1Y,31.28
2023-09-12,USA-Paradip,Capesize,1M,34.19
2023-09-12,USA-Paradip,Capesize,3M,34.81
2023-09-12,USA-Paradip,Capesize,6M,35.58
2023-09-12,USA-Paradip,Capesize,1Y,35.01
2023-09-12,USA-Vizag,Panamax,1M,31.21
2023-09-12,USA-Vizag,Panamax,3M,30.21
2023-09-12,USA-Vizag,Panamax,6M,31.39
2023-09-12,USA-Vizag,Panamax,1Y,32.33
2023-09-12,USA-Vizag,Capesize,1M,28.94
2023-09-12,USA-Vizag,Capesize,3M,30.09
2023-09-12,USA-Vizag,Capesize,6M,29.91
2023-09-12,USA-Vizag,Capesize,1Y,30.72
2023-09-12,USA-Dhamra,Panamax,1M,30.51
2023-09-12,USA-Dhamra,Panamax,3M,30.8
2023-09-12,USA-Dhamra,Panamax,6M,31.32
2023-09-12,USA-Dhamra,Panamax,1Y,32.05
2023-09-12,USA-Dhamra,Capesize,1M,29.83
2023-09-12,USA-Dhamra,Capesize,3M,30.63
2023-09-12,USA-Dhamra,Capesize,6M,30.56
2023-09-12,USA-Dhamra,Capesize,1Y,31.13
2023-09-12,USA-Gangavaram,Panamax,1M,34.56
2023-09-12,USA-Gangavaram,Panamax,3M,34.02
2023-09-12,USA-Gangavaram,Panamax,6M,36.1
2023-09-12,USA-Gangavaram,Panamax,1Y,36.25
2023-09-12,USA-Gangavaram,Capesize,1M,28.69
2023-09-12,USA-Gangavaram,Capesize,3M,29.53
2023-09-12,USA-Gangavaram,Capesize,6M,29.16
2023-09-12,USA-Gangavaram,Capesize,1Y,30.34
2023-09-12,USA-Gopalpur,Panamax,1M,29.79
2023-09-12,USA-Gopalpur,Panamax,3M,29.02
2023-09-12,USA-Gopalpur,Panamax,6M,29.91
2023-09-12,USA-Gopalpur,Panamax,1Y,30.17
2023-09-12,USA-Gopalpur,Capesize,1M,27.79
2023-09-12,USA-Gopalpur,Capesize,3M,28.66
2023-09-12,USA-Gopalpur,Capesize,6M,28.13
2023-09-12,USA-Gopalpur,Capesize,1Y,29.25
2023-09-12,USA-Haldia,Panamax,1M,33.05
2023-09-12,USA-Haldia,Panamax,3M,32.73
2023-09-12,USA-Haldia,Panamax,6M,33.22
2023-09-12,USA-Haldia,Panamax,1Y,33.68
2023-09-12,USA-Haldia,Capesize,1M,30.76
2023-09-12,USA-Haldia,Capesize,3M,30.9
2023-09-12,USA-Haldia,Capesize,6M,31.81
2023-09-12,USA-Haldia,Capesize,1Y,32.42
2023-10-12,Australia-Paradip,Panamax,1M,15.32
2023-10-12,Australia-Paradip,Panamax,3M,15.89
2023-10-12,Australia-Paradip,Panamax,6M,15.93
2023-10-12,Australia-Paradip,Panamax,1Y,15.88
2023-10-12,Australia-Paradip,Capesize,1M,16.72
2023-10-12,Australia-Paradip,Capesize,3M,17.38
2023-10-12,Australia-Paradip,Capesize,6M,17.33
2023-10-12,Australia-Paradip,Capesize,1Y,18.09
2023-10-12,Australia-Vizag,Panamax,1M,16.71
2023-10-12,Australia-Vizag,Panamax,3M,17.44
2023-10-12,Australia-Vizag,Panamax,6M,17.41
2023-10-12,Australia-Vizag,Panamax,1Y,17.05
2023-10-12,Australia-Vizag,Capesize,1M,14.73
2023-10-12,Australia-Vizag,Capesize,3M,15.06
2023-10-12,Australia-Vizag,Capesize,6M,14.78
2023-10-12,Australia-Vizag,Capesize,1Y,14.86
2023-10-12,Australia-Dhamra,Panamax,1M,17.04
2023-10-12,Australia-Dhamra,Panamax,3M,16.87
2023-10-12,Australia-Dhamra,Panamax,6M,17.38
2023-10-12,Australia-Dhamra,Panamax,1Y,17.2
2023-10-12,Australia-Dhamra,Capesize,1M,17.21
2023-10-12,Australia-Dhamra,Capesize,3M,17.27
2023-10-12,Australia-Dhamra,Capesize,6M,17.14
2023-10-12,Australia-Dhamra,Capesize,1Y,17.99
2023-10-12,Australia-Gangavaram,Panamax,1M,14.1
2023-10-12,Australia-Gangavaram,Panamax,3M,14.1
2023-10-12,Australia-Gangavaram,Panamax,6M,14.0
2023-10-12,Australia-Gangavaram,Panamax,1Y,14.75
2023-10-12,Australia-Gangavaram,Capesize,1M,15.62
2023-10-12,Australia-Gangavaram,Capesize,3M,15.46
2023-10-12,Australia-Gangavaram,Capesize,6M,15.59
2023-10-12,Australia-Gangavaram,Capesize,1Y,16.24
2023-10-12,Australia-Gopalpur,Panamax,1M,17.43
2023-10-12,Australia-Gopalpur,Panamax,3M,17.23
2023-10-12,Australia-Gopalpur,Panamax,6M,17.99
2023-10-12,Australia-Gopalpur,Panamax,1Y,17.99
2023-10-12,Australia-Gopalpur,Capesize,1M,15.0
2023-10-12,Australia-Gopalpur,Capesize,3M,15.39
2023-10-12,Australia-Gopalpur,Capesize,6M,15.73
2023-10-12,Australia-Gopalpur,Capesize,1Y,16.03
2023-10-12,Australia-Haldia,Panamax,1M,13.57
2023-10-12,Australia-Haldia,Panamax,3M,13.8
2023-10-12,Australia-Haldia,Panamax,6M,14.17
2023-10-12,Australia-Haldia,Panamax,1Y,14.59
2023-10-12,Australia-Haldia,Capesize,1M,15.47
2023-10-12,Australia-Haldia,Capesize,3M,16.07
2023-10-12,Australia-Haldia,Capesize,6M,15.97
2023-10-12,Australia-Haldia,Capesize,1Y,16.48
2023-10-12,Indonesia-Paradip,Panamax,1M,10.4
2023-10-12,Indonesia-Paradip,Panamax,3M,10.59
2023-10-12,Indonesia-Paradip,Panamax,6M,10.56
2023-10-12,Indonesia-Paradip,Panamax,1Y,11.19
2023-10-12,Indonesia-Paradip,Capesize,1M,12.48
2023-10-12,Indonesia-Paradip,Capesize,3M,12.37
2023-10-12,Indonesia-Paradip,Capesize,6M,12.63
2023-10-12,Indonesia-Paradip,Capesize,1Y,12.74
2023-10-12,Indonesia-Vizag,Panamax,1M,10.71
2023-10-12,Indonesia-Vizag,Panamax,3M,10.76
2023-10-12,Indonesia-Vizag,Panamax,6M,10.85
2023-10-12,Indonesia-Vizag,Panamax,1Y,10.97
2023-10-12,Indonesia-Vizag,Capesize,1M,11.48
2023-10-12,Indonesia-Vizag,Capesize,3M,12.01
2023-10-12,Indonesia-Vizag,Capesize,6M,11.84
2023-10-12,Indonesia-Vizag,Capesize,1Y,12.02
2023-10-12,Indonesia-Dhamra,Panamax,1M,9.8
2023-10-12,Indonesia-Dhamra,Panamax,3M,9.98
2023-10-12,Indonesia-Dhamra,Panamax,6M,9.94
2023-10-12,Indonesia-Dhamra,Panamax,1Y,10.72
2023-10-12,Indonesia-Dhamra,Capesize,1M,12.02
2023-10-12,Indonesia-Dhamra,Capesize,3M,11.96
2023-10-12,Indonesia-Dhamra,Capesize,6M,12.33
2023-10-12,Indonesia-Dhamra,Capesize,1Y,12.43
2023-10-12,Indonesia-Gangavaram,Panamax,1M,9.54
2023-10-12,Indonesia-Gangavaram,Panamax,3M,9.9
2023-10-12,Indonesia-Gangavaram,Panamax,6M,10.01
2023-10-12,Indonesia-Gangavaram,Panamax,1Y,10.49
2023-10-12,Indonesia-Gangavaram,Capesize,1M,10.36
2023-10-12,Indonesia-Gangavaram,Capesize,3M,10.09
2023-10-12,Indonesia-Gangavaram,Capesize,6M,10.36
2023-10-12,Indonesia-Gangavaram,Capesize,1Y,10.52
2023-10-12,Indonesia-Gopalpur,Panamax,1M,11.03
2023-10-12,Indonesia-Gopalpur,Panamax,3M,11.63
2023-10-12,Indonesia-Gopalpur,Panamax,6M,11.18
2023-10-12,Indonesia-Gopalpur,Panamax,1Y,11.58
2023-10-12,Indonesia-Gopalpur,Capesize,1M,12.36
2023-10-12,Indonesia-Gopalpur,Capesize,3M,12.4
2023-10-12,Indonesia-Gopalpur,Capesize,6M,12.26
2023-10-12,Indonesia-Gopalpur,Capesize,1Y,12.76
2023-10-12,Indonesia-Haldia,Panamax,1M,11.01
2023-10-12,Indonesia-Haldia,Panamax,3M,11.1
2023-10-12,Indonesia-Haldia,Panamax,6M,11.38
2023-10-12,Indonesia-Haldia,Panamax,1Y,11.64
2023-10-12,Indonesia-Haldia,Capesize,1M,10.65
2023-10-12,Indonesia-Haldia,Capesize,3M,10.79
2023-10-12,Indonesia-Haldia,Capesize,6M,10.93
2023-10-12,Indonesia-Haldia,Capesize,1Y,10.86
2023-10-12,Russia-Paradip,Panamax,1M,24.37
2023-10-12,Russia-Paradip,Panamax,3M,24.82
2023-10-12,Russia-Paradip,Panamax,6M,25.54
2023-10-12,Russia-Paradip,Panamax,1Y,25.6
2023-10-12,Russia-Paradip,Capesize,1M,22.73
2023-10-12,Russia-Paradip,Capesize,3M,23.05
2023-10-12,Russia-Paradip,Capesize,6M,23.51
2023-10-12,Russia-Paradip,Capesize,1Y,24.57
2023-10-12,Russia-Vizag,Panamax,1M,21.79
2023-10-12,Russia-Vizag,Panamax,3M,22.32
2023-10-12,Russia-Vizag,Panamax,6M,22.09
2023-10-12,Russia-Vizag,Panamax,1Y,22.71
2023-10-12,Russia-Vizag,Capesize,1M,20.88
2023-10-12,Russia-Vizag,Capesize,3M,21.06
2023-10-12,Russia-Vizag,Capesize,6M,21.07
2023-10-12,Russia-Vizag,Capesize,1Y,21.93
2023-10-12,Russia-Dhamra,Panamax,1M,19.25
2023-10-12,Russia-Dhamra,Panamax,3M,19.91
2023-10-12,Russia-Dhamra,Panamax,6M,19.66
2023-10-12,Russia-Dhamra,Panamax,1Y,20.26
2023-10-12,Russia-Dhamra,Capesize,1M,21.88
2023-10-12,Russia-Dhamra,Capesize,3M,21.97
2023-10-12,Russia-Dhamra,Capesize,6M,22.4
2023-10-12,Russia-Dhamra,Capesize,1Y,23.09
2023-10-12,Russia-Gangavaram,Panamax,1M,22.51
2023-10-12,Russia-Gangavaram,Panamax,3M,22.6
2023-10-12,Russia-Gangavaram,Panamax,6M,23.39
2023-10-12,Russia-Gangavaram,Panamax,1Y,23.22
2023-10-12,Russia-Gangavaram,Capesize,1M,25.35
2023-10-12,Russia-Gangavaram,Capesize,3M,25.12
2023-10-12,Russia-Gangavaram,Capesize,6M,25.39
2023-10-12,Russia-Gangavaram,Capesize,1Y,26.56
2023-10-12,Russia-Gopalpur,Panamax,1M,25.88
2023-10-12,Russia-Gopalpur,Panamax,3M,25.32
2023-10-12,Russia-Gopalpur,Panamax,6M,25.18
2023-10-12,Russia-Gopalpur,Panamax,1Y,27.13
2023-10-12,Russia-Gopalpur,Capesize,1M,20.06
2023-10-12,Russia-Gopalpur,Capesize,3M,20.04
2023-10-12,Russia-Gopalpur,Capesize,6M,19.79
2023-10-12,Russia-Gopalpur,Capesize,1Y,20.6
2023-10-12,Russia-Haldia,Panamax,1M,21.59
2023-10-12,Russia-Haldia,Panamax,3M,21.61
2023-10-12,Russia-Haldia,Panamax,6M,21.56
2023-10-12,Russia-Haldia,Panamax,1Y,22.15
2023-10-12,Russia-Haldia,Capesize,1M,21.08
2023-10-12,Russia-Haldia,Capesize,3M,21.7
2023-10-12,Russia-Haldia,Capesize,6M,21.21
2023-10-12,Russia-Haldia,Capesize,1Y,22.27
2023-10-12,Mozambique-Paradip,Panamax,1M,20.51
2023-10-12,Mozambique-Paradip,Panamax,3M,20.98
2023-10-12,Mozambique-Paradip,Panamax,6M,20.94
2023-10-12,Mozambique-Paradip,Panamax,1Y,20.95
2023-10-12,Mozambique-Paradip,Capesize,1M,19.49
2023-10-12,Mozambique-Paradip,Capesize,3M,20.0
2023-10-12,Mozambique-Paradip,Capesize,6M,19.89
2023-10-12,Mozambique-Paradip,Capesize,1Y,20.55
2023-10-12,Mozambique-Vizag,Panamax,1M,21.94
2023-10-12,Mozambique-Vizag,Panamax,3M,22.38
2023-10-12,Mozambique-Vizag,Panamax,6M,22.77
2023-10-12,Mozambique-Vizag,Panamax,1Y,22.92
2023-10-12,Mozambique-Vizag,Capesize,1M,20.33
2023-10-12,Mozambique-Vizag,Capesize,3M,20.24
2023-10-12,Mozambique-Vizag,Capesize,6M,20.4
2023-10-12,Mozambique-Vizag,Capesize,1Y,20.73
2023-10-12,Mozambique-Dhamra,Panamax,1M,20.48
2023-10-12,Mozambique-Dhamra,Panamax,3M,21.02
2023-10-12,Mozambique-Dhamra,Panamax,6M,20.71
2023-10-12,Mozambique-Dhamra,Panamax,1Y,21.77
2023-10-12,Mozambique-Dhamra,Capesize,1M,22.23
2023-10-12,Mozambique-Dhamra,Capesize,3M,22.29
2023-10-12,Mozambique-Dhamra,Capesize,6M,21.99
2023-10-12,Mozambique-Dhamra,Capesize,1Y,22.91
2023-10-12,Mozambique-Gangavaram,Panamax,1M,24.6
2023-10-12,Mozambique-Gangavaram,Panamax,3M,24.9
2023-10-12,Mozambique-Gangavaram,Panamax,6M,24.88
2023-10-12,Mozambique-Gangavaram,Panamax,1Y,25.02
2023-10-12,Mozambique-Gangavaram,Capesize,1M,23.77
2023-10-12,Mozambique-Gangavaram,Capesize,3M,22.75
2023-10-12,Mozambique-Gangavaram,Capesize,6M,23.24
2023-10-12,Mozambique-Gangavaram,Capesize,1Y,23.67
2023-10-12,Mozambique-Gopalpur,Panamax,1M,24.02
2023-10-12,Mozambique-Gopalpur,Panamax,3M,24.03
2023-10-12,Mozambique-Gopalpur,Panamax,6M,24.59
2023-10-12,Mozambique-Gopalpur,Panamax,1Y,25.21
2023-10-12,Mozambique-Gopalpur,Capesize,1M,20.04
2023-10-12,Mozambique-Gopalpur,Capesize,3M,20.02
2023-10-12,Mozambique-Gopalpur,Capesize,6M,20.88
2023-10-12,Mozambique-Gopalpur,Capesize,1Y,21.1
2023-10-12,Mozambique-Haldia,Panamax,1M,22.27
2023-10-12,Mozambique-Haldia,Panamax,3M,22.47
2023-10-12,Mozambique-Haldia,Panamax,6M,22.64
2023-10-12,Mozambique-Haldia,Panamax,1Y,23.65
2023-10-12,Mozambique-Haldia,Capesize,1M,20.38
2023-10-12,Mozambique-Haldia,Capesize,3M,19.64
2023-10-12,Mozambique-Haldia,Capesize,6M,20.0
2023-10-12,Mozambique-Haldia,Capesize,1Y,20.58
2023-10-12,USA-Paradip,Panamax,1M,31.34
2023-10-12,USA-Paradip,Panamax,3M,31.35
2023-10-12,USA-Paradip,Panamax,6M,32.93
2023-10-12,USA-Paradip,Panamax,1Y,33.43
2023-10-12,USA-Paradip,Capesize,1M,31.37
2023-10-12,USA-Paradip,Capesize,3M,31.25
2023-10-12,USA-Paradip,Capesize,6M,30.56
2023-10-12,USA-Paradip,Capesize,1Y,31.43
2023-10-12,USA-Vizag,Panamax,1M,34.46
2023-10-12,USA-Vizag,Panamax,3M,33.78
2023-10-12,USA-Vizag,Panamax,6M,35.79
2023-10-12,USA-Vizag,Panamax,1Y,35.95
2023-10-12,USA-Vizag,Capesize,1M,33.69
2023-10-12,USA-Vizag,Capesize,3M,33.99
2023-10-12,USA-Vizag,Capesize,6M,35.77
2023-10-12,USA-Vizag,Capesize,1Y,35.87
2023-10-12,USA-Dhamra,Panamax,1M,31.73
2023-10-12,USA-Dhamra,Panamax,3M,33.0
2023-10-12,USA-Dhamra,Panamax,6M,33.57
2023-10-12,USA-Dhamra,Panamax,1Y,34.1
2023-10-12,USA-Dhamra,Capesize,1M,34.49
2023-10-12,USA-Dhamra,Capesize,3M,34.77
2023-10-12,USA-Dhamra,Capesize,6M,35.43
2023-10-12,USA-Dhamra,Capesize,1Y,36.15
2023-10-12,USA-Gangavaram,Panamax,1M,36.07
2023-10-12,USA-Gangavaram,Panamax,3M,36.15
2023-10-12,USA-Gangavaram,Panamax,6M,37.01
2023-10-12,USA-Gangavaram,Panamax,1Y,36.91
2023-10-12,USA-Gangavaram,Capesize,1M,31.27
2023-10-12,USA-Gangavaram,Capesize,3M,31.36
2023-10-12,USA-Gangavaram,Capesize,6M,31.34
2023-10-12,USA-Gangavaram,Capesize,1Y,32.58
2023-10-12,USA-Gopalpur,Panamax,1M,32.7
2023-10-12,USA-Gopalpur,Panamax,3M,33.14
2023-10-12,USA-Gopalpur,Panamax,6M,33.68
2023-10-12,USA-Gopalpur,Panamax,1Y,34.58
2023-10-12,USA-Gopalpur,Capesize,1M,31.38
2023-10-12,USA-Gopalpur,Capesize,3M,31.1
2023-10-12,USA-Gopalpur,Capesize,6M,31.9
2023-10-12,USA-Gopalpur,Capesize,1Y,33.38
2023-10-12,USA-Haldia,Panamax,1M,34.95
2023-10-12,USA-Haldia,Panamax,3M,34.04
2023-10-12,USA-Haldia,Panamax,6M,34.35
2023-10-12,USA-Haldia,Panamax,1Y,33.88
2023-10-12,USA-Haldia,Capesize,1M,28.39
2023-10-12,USA-Haldia,Capesize,3M,28.94
2023-10-12,USA-Haldia,Capesize,6M,28.76
2023-10-12,USA-Haldia,Capesize,1Y,29.49
2023-11-11,Australia-Paradip,Panamax,1M,16.22
2023-11-11,Australia-Paradip,Panamax,3M,16.1
2023-11-11,Australia-Paradip,Panamax,6M,16.24
2023-11-11,Australia-Paradip,Panamax,1Y,17.14
2023-11-11,Australia-Paradip,Capesize,1M,15.03
2023-11-11,Australia-Paradip,Capesize,3M,14.56
2023-11-11,Australia-Paradip,Capesize,6M,14.69
2023-11-11,Australia-Paradip,Capesize,1Y,15.22
2023-11-11,Australia-Vizag,Panamax,1M,14.91
2023-11-11,Australia-Vizag,Panamax,3M,15.13
2023-11-11,Australia-Vizag,Panamax,6M,15.07
2023-11-11,Australia-Vizag,Panamax,1Y,15.42
2023-11-11,Australia-Vizag,Capesize,1M,15.61
2023-11-11,Australia-Vizag,Capesize,3M,16.11
2023-11-11,Australia-Vizag,Capesize,6M,15.81
2023-11-11,Australia-Vizag,Capesize,1Y,15.52
2023-11-11,Australia-Dhamra,Panamax,1M,15.38
2023-11-11,Australia-Dhamra,Panamax,3M,15.57
2023-11-11,Australia-Dhamra,Panamax,6M,15.56
2023-11-11,Australia-Dhamra,Panamax,1Y,16.09
2023-11-11,Australia-Dhamra,Capesize,1M,15.46
2023-11-11,Australia-Dhamra,Capesize,3M,15.98
2023-11-11,Australia-Dhamra,Capesize,6M,15.82
2023-11-11,Australia-Dhamra,Capesize,1Y,16.61
2023-11-11,Australia-Gangavaram,Panamax,1M,16.4
2023-11-11,Australia-Gangavaram,Panamax,3M,16.72
2023-11-11,Australia-Gangavaram,Panamax,6M,17.42
2023-11-11,Australia-Gangavaram,Panamax,1Y,17.09
2023-11-11,Australia-Gangavaram,Capesize,1M,16.76
2023-11-11,Australia-Gangavaram,Capesize,3M,17.02
2023-11-11,Australia-Gangavaram,Capesize,6M,16.97
2023-11-11,Australia-Gangavaram,Capesize,1Y,17.56
2023-11-11,Australia-Gopalpur,Panamax,1M,16.07
2023-11-11,Australia-Gopalpur,Panamax,3M,15.98
2023-11-11,Australia-Gopalpur,Panamax,6M,16.08
2023-11-11,Australia-Gopalpur,Panamax,1Y,16.5
2023-11-11,Australia-Gopalpur,Capesize,1M,17.59
2023-11-11,Australia-Gopalpur,Capesize,3M,17.97
2023-11-11,Australia-Gopalpur,Capesize,6M,17.6
2023-11-11,Australia-Gopalpur,Capesize,1Y,17.82
2023-11-11,Australia-Haldia,Panamax,1M,19.32
2023-11-11,Australia-Haldia,Panamax,3M,19.1
2023-11-11,Australia-Haldia,Panamax,6M,19.01
2023-11-11,Australia-Haldia,Panamax,1Y,19.88
2023-11-11,Australia-Haldia,Capesize,1M,16.6
2023-11-11,Australia-Haldia,Capesize,3M,17.14
2023-11-11,Australia-Haldia,Capesize,6M,16.93
2023-11-11,Australia-Haldia,Capesize,1Y,16.97
2023-11-11,Indonesia-Paradip,Panamax,1M,10.89
2023-11-11,Indonesia-Paradip,Panamax,3M,10.83
2023-11-11,Indonesia-Paradip,Panamax,6M,10.85
2023-11-11,Indonesia-Paradip,Panamax,1Y,11.03
2023-11-11,Indonesia-Paradip,Capesize,1M,11.58
2023-11-11,Indonesia-Paradip,Capesize,3M,11.88
2023-11-11,Indonesia-Paradip,Capesize,6M,12.01
2023-11-11,Indonesia-Paradip,Capesize,1Y,11.95
2023-11-11,Indonesia-Vizag,Panamax,1M,10.87
2023-11-11,Indonesia-Vizag,Panamax,3M,10.98
2023-11-11,Indonesia-Vizag,Panamax,6M,10.69
2023-11-11,Indonesia-Vizag,Panamax,1Y,11.21
2023-11-11,Indonesia-Vizag,Capesize,1M,9.04
2023-11-11,Indonesia-Vizag,Capesize,3M,9.23
2023-11-11,Indonesia-Vizag,Capesize,6M,9.42
2023-11-11,Indonesia-Vizag,Capesize,1Y,9.36
2023-11-11,Indonesia-Dhamra,Panamax,1M,10.19
2023-11-11,Indonesia-Dhamra,Panamax,3M,10.5
2023-11-11,Indonesia-Dhamra,Panamax,6M,10.47
2023-11-11,Indonesia-Dhamra,Panamax,1Y,10.33
2023-11-11,Indonesia-Dhamra,Capesize,1M,11.71
2023-11-11,Indonesia-Dhamra,Capesize,3M,11.64
2023-11-11,Indonesia-Dhamra,Capesize,6M,11.58
2023-11-11,Indonesia-Dhamra,Capesize,1Y,12.21
2023-11-11,Indonesia-Gangavaram,Panamax,1M,11.36
2023-11-11,Indonesia-Gangavaram,Panamax,3M,11.22
2023-11-11,Indonesia-Gangavaram,Panamax,6M,11.34
2023-11-11,Indonesia-Gangavaram,Panamax,1Y,11.59
2023-11-11,Indonesia-Gangavaram,Capesize,1M,8.75
2023-11-11,Indonesia-Gangavaram,Capesize,3M,8.9
2023-11-11,Indonesia-Gangavaram,Capesize,6M,9.04
2023-11-11,Indonesia-Gangavaram,Capesize,1Y,9.21
2023-11-11,Indonesia-Gopalpur,Panamax,1M,10.72
2023-11-11,Indonesia-Gopalpur,Panamax,3M,10.85
2023-11-11,Indonesia-Gopalpur,Panamax,6M,10.83
2023-11-11,Indonesia-Gopalpur,Panamax,1Y,10.96
2023-11-11,Indonesia-Gopalpur,Capesize,1M,10.26
2023-11-11,Indonesia-Gopalpur,Capesize,3M,10.23
2023-11-11,Indonesia-Gopalpur,Capesize,6M,10.44
2023-11-11,Indonesia-Gopalpur,Capesize,1Y,11.17
2023-11-11,Indonesia-Haldia,Panamax,1M,12.6
2023-11-11,Indonesia-Haldia,Panamax,3M,12.54
2023-11-11,Indonesia-Haldia,Panamax,6M,12.62
2023-11-11,Indonesia-Haldia,Panamax,1Y,12.87
2023-11-11,Indonesia-Haldia,Capesize,1M,11.39
2023-11-11,Indonesia-Haldia,Capesize,3M,11.69
2023-11-11,Indonesia-Haldia,Capesize,6M,11.35
2023-11-11,Indonesia-Haldia,Capesize,1Y,11.84
2023-11-11,Russia-Paradip,Panamax,1M,23.08
2023-11-11,Russia-Paradip,Panamax,3M,24.02
2023-11-11,Russia-Paradip,Panamax,6M,24.36
2023-11-11,Russia-Paradip,Panamax,1Y,25.3
2023-11-11,Russia-Paradip,Capesize,1M,23.12
2023-11-11,Russia-Paradip,Capesize,3M,24.19
2023-11-11,Russia-Paradip,Capesize,6M,24.12
2023-11-11,Russia-Paradip,Capesize,1Y,24.19
2023-11-11,Russia-Vizag,Panamax,1M,20.55
2023-11-11,Russia-Vizag,Panamax,3M,21.28
2023-11-11,Russia-Vizag,Panamax,6M,21.16
2023-11-11,Russia-Vizag,Panamax,1Y,21.84
2023-11-11,Russia-Vizag,Capesize,1M,24.93
2023-11-11,Russia-Vizag,Capesize,3M,24.68
2023-11-11,Russia-Vizag,Capesize,6M,24.97
2023-11-11,Russia-Vizag,Capesize,1Y,24.39
2023-11-11,Russia-Dhamra,Panamax,1M,23.33
2023-11-11,Russia-Dhamra,Panamax,3M,24.84
2023-11-11,Russia-Dhamra,Panamax,6M,25.08
2023-11-11,Russia-Dhamra,Panamax,1Y,24.58
2023-11-11,Russia-Dhamra,Capesize,1M,24.82
2023-11-11,Russia-Dhamra,Capesize,3M,25.51
2023-11-11,Russia-Dhamra,Capesize,6M,24.23
2023-11-11,Russia-Dhamra,Capesize,1Y,24.94
2023-11-11,Russia-Gangavaram,Panamax,1M,20.35
2023-11-11,Russia-Gangavaram,Panamax,3M,20.4
2023-11-11,Russia-Gangavaram,Panamax,6M,20.01
2023-11-11,Russia-Gangavaram,Panamax,1Y,20.9
2023-11-11,Russia-Gangavaram,Capesize,1M,22.81
2023-11-11,Russia-Gangavaram,Capesize,3M,23.43
2023-11-11,Russia-Gangavaram,Capesize,6M,23.46
2023-11-11,Russia-Gangavaram,Capesize,1Y,23.87
2023-11-11,Russia-Gopalpur,Panamax,1M,23.1
2023-11-11,Russia-Gopalpur,Panamax,3M,23.24
2023-11-11,Russia-Gopalpur,Panamax,6M,23.81
2023-11-11,Russia-Gopalpur,Panamax,1Y,24.42
2023-11-11,Russia-Gopalpur,Capesize,1M,25.77
2023-11-11,Russia-Gopalpur,Capesize,3M,26.41
2023-11-11,Russia-Gopalpur,Capesize,6M,26.61
2023-11-11,Russia-Gopalpur,Capesize,1Y,27.58
2023-11-11,Russia-Haldia,Panamax,1M,21.35
2023-11-11,Russia-Haldia,Panamax,3M,22.08
2023-11-11,Russia-Haldia,Panamax,6M,22.15
2023-11-11,Russia-Haldia,Panamax,1Y,21.88
2023-11-11,Russia-Haldia,Capesize,1M,20.7
2023-11-11,Russia-Haldia,Capesize,3M,20.87
2023-11-11,Russia-Haldia,Capesize,6M,21.07
2023-11-11,Russia-Haldia,Capesize,1Y,22.03
2023-11-11,Mozambique-Paradip,Panamax,1M,23.26
2023-11-11,Mozambique-Paradip,Panamax,3M,24.37
2023-11-11,Mozambique-Paradip,Panamax,6M,23.7
2023-11-11,Mozambique-Paradip,Panamax,1Y,24.78
2023-11-11,Mozambique-Paradip,Capesize,1M,20.16
2023-11-11,Mozambique-Paradip,Capesize,3M,19.75
2023-11-11,Mozambique-Paradip,Capesize,6M,20.72
2023-11-11,Mozambique-Paradip,Capesize,1Y,21.26
2023-11-11,Mozambique-Vizag,Panamax,1M,19.15
2023-11-11,Mozambique-Vizag,Panamax,3M,19.99
2023-11-11,Mozambique-Vizag,Panamax,6M,19.58
2023-11-11,Mozambique-Vizag,Panamax,1Y,20.54
2023-11-11,Mozambique-Vizag,Capesize,1M,18.37
2023-11-11,Mozambique-Vizag,Capesize,3M,18.96
2023-11-11,Mozambique-Vizag,Capesize,6M,19.1
2023-11-11,Mozambique-Vizag,Capesize,1Y,19.17
2023-11-11,Mozambique-Dhamra,Panamax,1M,21.77
2023-11-11,Mozambique-Dhamra,Panamax,3M,21.7
2023-11-11,Mozambique-Dhamra,Panamax,6M,22.04
2023-11-11,Mozambique-Dhamra,Panamax,1Y,22.76
2023-11-11,Mozambique-Dhamra,Capesize,1M,19.69
2023-11-11,Mozambique-Dhamra,Capesize,3M,19.75
2023-11-11,Mozambique-Dhamra,Capesize,6M,20.23
2023-11-11,Mozambique-Dhamra,Capesize,1Y,20.87
2023-11-11,Mozambique-Gangavaram,Panamax,1M,22.9
2023-11-11,Mozambique-Gangavaram,Panamax,3M,22.92
2023-11-11,Mozambique-Gangavaram,Panamax,6M,24.18
2023-11-11,Mozambique-Gangavaram,Panamax,1Y,23.78
2023-11-11,Mozambique-Gangavaram,Capesize,1M,20.23
2023-11-11,Mozambique-Gangavaram,Capesize,3M,21.22
2023-11-11,Mozambique-Gangavaram,Capesize,6M,20.83
2023-11-11,Mozambique-Gangavaram,Capesize,1Y,20.85
2023-11-11,Mozambique-Gopalpur,Panamax,1M,22.58
2023-11-11,Mozambique-Gopalpur,Panamax,3M,23.41
2023-11-11,Mozambique-Gopalpur,Panamax,6M,23.04
2023-11-11,Mozambique-Gopalpur,Panamax,1Y,23.87
2023-11-11,Mozambique-Gopalpur,Capesize,1M,20.67
2023-11-11,Mozambique-Gopalpur,Capesize,3M,21.31
2023-11-11,Mozambique-Gopalpur,Capesize,6M,20.75
2023-11-11,Mozambique-Gopalpur,Capesize,1Y,21.85
2023-11-11,Mozambique-Haldia,Panamax,1M,19.66
2023-11-11,Mozambique-Haldia,Panamax,3M,20.19
2023-11-11,Mozambique-Haldia,Panamax,6M,20.15
2023-11-11,Mozambique-Haldia,Panamax,1Y,20.51
2023-11-11,Mozambique-Haldia,Capesize,1M,19.79
2023-11-11,Mozambique-Haldia,Capesize,3M,20.21
2023-11-11,Mozambique-Haldia,Capesize,6M,20.63
2023-11-11,Mozambique-Haldia,Capesize,1Y,20.72
2023-11-11,USA-Paradip,Panamax,1M,27.14
2023-11-11,USA-Paradip,Panamax,3M,27.17
2023-11-11,USA-Paradip,Panamax,6M,27.94
2023-11-11,USA-Paradip,Panamax,1Y,29.36
2023-11-11,USA-Paradip,Capesize,1M,28.25
2023-11-11,USA-Paradip,Capesize,3M,28.44
2023-11-11,USA-Paradip,Capesize,6M,28.97
2023-11-11,USA-Paradip,Capesize,1Y,28.84
2023-11-11,USA-Vizag,Panamax,1M,32.9
2023-11-11,USA-Vizag,Panamax,3M,33.42
2023-11-11,USA-Vizag,Panamax,6M,33.31
2023-11-11,USA-Vizag,Panamax,1Y,32.83
2023-11-11,USA-Vizag,Capesize,1M,29.87
2023-11-11,USA-Vizag,Capesize,3M,29.86
2023-11-11,USA-Vizag,Capesize,6M,30.59
2023-11-11,USA-Vizag,Capesize,1Y,30.91
2023-11-11,USA-Dhamra,Panamax,1M,33.06
2023-11-11,USA-Dhamra,Panamax,3M,33.56
2023-11-11,USA-Dhamra,Panamax,6M,34.64
2023-11-11,USA-Dhamra,Panamax,1Y,35.65
2023-11-11,USA-Dhamra,Capesize,1M,30.07
2023-11-11,USA-Dhamra,Capesize,3M,30.51
2023-11-11,USA-Dhamra,Capesize,6M,30.77
2023-11-11,USA-Dhamra,Capesize,1Y,32.46
2023-11-11,USA-Gangavaram,Panamax,1M,27.66
2023-11-11,USA-Gangavaram,Panamax,3M,28.01
2023-11-11,USA-Gangavaram,Panamax,6M,27.78
2023-11-11,USA-Gangavaram,Panamax,1Y,28.15
2023-11-11,USA-Gangavaram,Capesize,1M,31.18
2023-11-11,USA-Gangavaram,Capesize,3M,33.14
2023-11-11,USA-Gangavaram,Capesize,6M,32.92
2023-11-11,USA-Gangavaram,Capesize,1Y,33.49
2023-11-11,USA-Gopalpur,Panamax,1M,35.26
2023-11-11,USA-Gopalpur,Panamax,3M,36.57
2023-11-11,USA-Gopalpur,Panamax,6M,36.5
2023-11-11,USA-Gopalpur,Panamax,1Y,38.46
2023-11-11,USA-Gopalpur,Capesize,1M,31.41
2023-11-11,USA-Gopalpur,Capesize,3M,32.27
2023-11-11,USA-Gopalpur,Capesize,6M,32.96
2023-11-11,USA-Gopalpur,Capesize,1Y,34.09
2023-11-11,USA-Haldia,Panamax,1M,35.98
2023-11-11,USA-Haldia,Panamax,3M,37.73
2023-11-11,USA-Haldia,Panamax,6M,37.14
2023-11-11,USA-Haldia,Panamax,1Y,38.52
2023-11-11,USA-Haldia,Capesize,1M,34.2
2023-11-11,USA-Haldia,Capesize,3M,34.37
2023-11-11,USA-Haldia,Capesize,6M,34.04
2023-11-11,USA-Haldia,Capesize,1Y,35.37
2023-12-11,Australia-Paradip,Panamax,1M,14.73
2023-12-11,Australia-Paradip,Panamax,3M,15.2
2023-12-11,Australia-Paradip,Panamax,6M,15.03
2023-12-11,Australia-Paradip,Panamax,1Y,15.61
2023-12-11,Australia-Paradip,Capesize,1M,17.57
2023-12-11,Australia-Paradip,Capesize,3M,17.94
2023-12-11,Australia-Paradip,Capesize,6M,17.75
2023-12-11,Australia-Paradip,Capesize,1Y,18.2
2023-12-11,Australia-Vizag,Panamax,1M,15.35
2023-12-11,Australia-Vizag,Panamax,3M,15.81
2023-12-11,Australia-Vizag,Panamax,6M,15.88
2023-12-11,Australia-Vizag,Panamax,1Y,15.83
2023-12-11,Australia-Vizag,Capesize,1M,14.65
2023-12-11,Australia-Vizag,Capesize,3M,14.64
2023-12-11,Australia-Vizag,Capesize,6M,14.32
2023-12-11,Australia-Vizag,Capesize,1Y,14.67
2023-12-11,Australia-Dhamra,Panamax,1M,15.45
2023-12-11,Australia-Dhamra,Panamax,3M,15.59
2023-12-11,Australia-Dhamra,Panamax,6M,16.23
2023-12-11,Australia-Dhamra,Panamax,1Y,15.82
2023-12-11,Australia-Dhamra,Capesize,1M,15.47
2023-12-11,Australia-Dhamra,Capesize,3M,15.62
2023-12-11,Australia-Dhamra,Capesize,6M,16.31
2023-12-11,Australia-Dhamra,Capesize,1Y,16.13
2023-12-11,Australia-Gangavaram,Panamax,1M,15.3
2023-12-11,Australia-Gangavaram,Panamax,3M,15.89
2023-12-11,Australia-Gangavaram,Panamax,6M,15.65
2023-12-11,Australia-Gangavaram,Panamax,1Y,16.62
2023-12-11,Australia-Gangavaram,Capesize,1M,17.1
2023-12-11,Australia-Gangavaram,Capesize,3M,17.58
2023-12-11,Australia-Gangavaram,Capesize,6M,17.57
2023-12-11,Australia-Gangavaram,Capesize,1Y,17.63
2023-12-11,Australia-Gopalpur,Panamax,1M,17.4
2023-12-11,Australia-Gopalpur,Panamax,3M,17.4
2023-12-11,Australia-Gopalpur,Panamax,6M,17.56
2023-12-11,Australia-Gopalpur,Panamax,1Y,17.99
2023-12-11,Australia-Gopalpur,Capesize,1M,16.04
2023-12-11,Australia-Gopalpur,Capesize,3M,16.42
2023-12-11,Australia-Gopalpur,Capesize,6M,16.35
2023-12-11,Australia-Gopalpur,Capesize,1Y,16.45
2023-12-11,Australia-Haldia,Panamax,1M,16.9
2023-12-11,Australia-Haldia,Panamax,3M,17.46
2023-12-11,Australia-Haldia,Panamax,6M,17.72
2023-12-11,Australia-Haldia,Panamax,1Y,17.9
2023-12-11,Australia-Haldia,Capesize,1M,14.67
2023-12-11,Australia-Haldia,Capesize,3M,14.36
2023-12-11,Australia-Haldia,Capesize,6M,14.58
2023-12-11,Australia-Haldia,Capesize,1Y,14.98
2023-12-11,Indonesia-Paradip,Panamax,1M,11.16
2023-12-11,Indonesia-Paradip,Panamax,3M,11.08
2023-12-11,Indonesia-Paradip,Panamax,6M,11.35
2023-12-11,Indonesia-Paradip,Panamax,1Y,11.42
2023-12-11,Indonesia-Paradip,Capesize,1M,9.96
2023-12-11,Indonesia-Paradip,Capesize,3M,10.25
2023-12-11,Indonesia-Paradip,Capesize,6M,9.99
2023-12-11,Indonesia-Paradip,Capesize,1Y,10.36
2023-12-11,Indonesia-Vizag,Panamax,1M,9.24
2023-12-11,Indonesia-Vizag,Panamax,3M,9.39
2023-12-11,Indonesia-Vizag,Panamax,6M,9.59
2023-12-11,Indonesia-Vizag,Panamax,1Y,9.84
2023-12-11,Indonesia-Vizag,Capesize,1M,9.82
2023-12-11,Indonesia-Vizag,Capesize,3M,10.13
2023-12-11,Indonesia-Vizag,Capesize,6M,10.06
2023-12-11,Indonesia-Vizag,Capesize,1Y,10.3
2023-12-11,Indonesia-Dhamra,Panamax,1M,10.68
2023-12-11,Indonesia-Dhamra,Panamax,3M,10.97
2023-12-11,Indonesia-Dhamra,Panamax,6M,11.32
2023-12-11,Indonesia-Dhamra,Panamax,1Y,11.79
2023-12-11,Indonesia-Dhamra,Capesize,1M,8.73
2023-12-11,Indonesia-Dhamra,Capesize,3M,8.74
2023-12-11,Indonesia-Dhamra,Capesize,6M,8.99
2023-12-11,Indonesia-Dhamra,Capesize,1Y,9.1
2023-12-11,Indonesia-Gangavaram,Panamax,1M,9.9
2023-12-11,Indonesia-Gangavaram,Panamax,3M,9.63
2023-12-11,Indonesia-Gangavaram,Panamax,6M,9.78
2023-12-11,Indonesia-Gangavaram,Panamax,1Y,10.02
2023-12-11,Indonesia-Gangavaram,Capesize,1M,12.28
2023-12-11,Indonesia-Gangavaram,Capesize,3M,12.41
2023-12-11,Indonesia-Gangavaram,Capesize,6M,12.29
2023-12-11,Indonesia-Gangavaram,Capesize,1Y,12.79
2023-12-11,Indonesia-Gopalpur,Panamax,1M,10.59
2023-12-11,Indonesia-Gopalpur,Panamax,3M,10.69
2023-12-11,Indonesia-Gopalpur,Panamax,6M,10.64
2023-12-11,Indonesia-Gopalpur,Panamax,1Y,10.74
2023-12-11,Indonesia-Gopalpur,Capesize,1M,11.15
2023-12-11,Indonesia-Gopalpur,Capesize,3M,11.17
2023-12-11,Indonesia-Gopalpur,Capesize,6M,10.96
2023-12-11,Indonesia-Gopalpur,Capesize,1Y,10.9
2023-12-11,Indonesia-Haldia,Panamax,1M,11.81
2023-12-11,Indonesia-Haldia,Panamax,3M,12.24
2023-12-11,Indonesia-Haldia,Panamax,6M,12.44
2023-12-11,Indonesia-Haldia,Panamax,1Y,12.84
2023-12-11,Indonesia-Haldia,Capesize,1M,9.86
2023-12-11,Indonesia-Haldia,Capesize,3M,9.39
2023-12-11,Indonesia-Haldia,Capesize,6M,9.89
2023-12-11,Indonesia-Haldia,Capesize,1Y,9.98
2023-12-11,Russia-Paradip,Panamax,1M,18.27
2023-12-11,Russia-Paradip,Panamax,3M,18.69
2023-12-11,Russia-Paradip,Panamax,6M,19.13
2023-12-11,Russia-Paradip,Panamax,1Y,19.38
2023-12-11,Russia-Paradip,Capesize,1M,22.07
2023-12-11,Russia-Paradip,Capesize,3M,21.99
2023-12-11,Russia-Paradip,Capesize,6M,22.7
2023-12-11,Russia-Paradip,Capesize,1Y,22.07
2023-12-11,Russia-Vizag,Panamax,1M,21.99
2023-12-11,Russia-Vizag,Panamax,3M,22.17
2023-12-11,Russia-Vizag,Panamax,6M,23.13
2023-12-11,Russia-Vizag,Panamax,1Y,22.49
2023-12-11,Russia-Vizag,Capesize,1M,23.7
2023-12-11,Russia-Vizag,Capesize,3M,24.78
2023-12-11,Russia-Vizag,Capesize,6M,25.11
2023-12-11,Russia-Vizag,Capesize,1Y,25.02
2023-12-11,Russia-Dhamra,Panamax,1M,22.61
2023-12-11,Russia-Dhamra,Panamax,3M,22.86
2023-12-11,Russia-Dhamra,Panamax,6M,22.51
2023-12-11,Russia-Dhamra,Panamax,1Y,22.76
2023-12-11,Russia-Dhamra,Capesize,1M,18.83
2023-12-11,Russia-Dhamra,Capesize,3M,18.85
2023-12-11,Russia-Dhamra,Capesize,6M,20.01
2023-12-11,Russia-Dhamra,Capesize,1Y,19.84
2023-12-11,Russia-Gangavaram,Panamax,1M,19.58
2023-12-11,Russia-Gangavaram,Panamax,3M,20.15
2023-12-11,Russia-Gangavaram,Panamax,6M,20.49
2023-12-11,Russia-Gangavaram,Panamax,1Y,20.25
2023-12-11,Russia-Gangavaram,Capesize,1M,20.17
2023-12-11,Russia-Gangavaram,Capesize,3M,21.37
2023-12-11,Russia-Gangavaram,Capesize,6M,21.48
2023-12-11,Russia-Gangavaram,Capesize,1Y,21.55
2023-12-11,Russia-Gopalpur,Panamax,1M,23.54
2023-12-11,Russia-Gopalpur,Panamax,3M,23.65
2023-12-11,Russia-Gopalpur,Panamax,6M,23.83
2023-12-11,Russia-Gopalpur,Panamax,1Y,24.42
2023-12-11,Russia-Gopalpur,Capesize,1M,24.72
2023-12-11,Russia-Gopalpur,Capesize,3M,25.14
2023-12-11,Russia-Gopalpur,Capesize,6M,25.75
2023-12-11,Russia-Gopalpur,Capesize,1Y,25.99
2023-12-11,Russia-Haldia,Panamax,1M,25.36
2023-12-11,Russia-Haldia,Panamax,3M,25.97
2023-12-11,Russia-Haldia,Panamax,6M,26.43
2023-12-11,Russia-Haldia,Panamax,1Y,27.02
2023-12-11,Russia-Haldia,Capesize,1M,22.58
2023-12-11,Russia-Haldia,Capesize,3M,22.67
2023-12-11,Russia-Haldia,Capesize,6M,22.98
2023-12-11,Russia-Haldia,Capesize,1Y,23.35
2023-12-11,Mozambique-Paradip,Panamax,1M,23.03
2023-12-11,Mozambique-Paradip,Panamax,3M,23.72
2023-12-11,Mozambique-Paradip,Panamax,6M,23.73
2023-12-11,Mozambique-Paradip,Panamax,1Y,24.81
2023-12-11,Mozambique-Paradip,Capesize,1M,24.88
2023-12-11,Mozambique-Paradip,Capesize,3M,24.93
2023-12-11,Mozambique-Paradip,Capesize,6M,25.38
2023-12-11,Mozambique-Paradip,Capesize,1Y,26.27
2023-12-11,Mozambique-Vizag,Panamax,1M,21.86
2023-12-11,Mozambique-Vizag,Panamax,3M,21.16
2023-12-11,Mozambique-Vizag,Panamax,6M,22.1
2023-12-11,Mozambique-Vizag,Panamax,1Y,22.77
2023-12-11,Mozambique-Vizag,Capesize,1M,20.89
2023-12-11,Mozambique-Vizag,Capesize,3M,20.89
2023-12-11,Mozambique-Vizag,Capesize,6M,21.21
2023-12-11,Mozambique-Vizag,Capesize,1Y,21.54
2023-12-11,Mozambique-Dhamra,Panamax,1M,20.91
2023-12-11,Mozambique-Dhamra,Panamax,3M,21.07
2023-12-11,Mozambique-Dhamra,Panamax,6M,21.0
2023-12-11,Mozambique-Dhamra,Panamax,1Y,22.01
2023-12-11,Mozambique-Dhamra,Capesize,1M,20.68
2023-12-11,Mozambique-Dhamra,Capesize,3M,21.48
2023-12-11,Mozambique-Dhamra,Capesize,6M,21.6
2023-12-11,Mozambique-Dhamra,Capesize,1Y,21.7
2023-12-11,Mozambique-Gangavaram,Panamax,1M,17.73
2023-12-11,Mozambique-Gangavaram,Panamax,3M,17.83
2023-12-11,Mozambique-Gangavaram,Panamax,6M,17.73
2023-12-11,Mozambique-Gangavaram,Panamax,1Y,18.45
2023-12-11,Mozambique-Gangavaram,Capesize,1M,20.69
2023-12-11,Mozambique-Gangavaram,Capesize,3M,20.4
2023-12-11,Mozambique-Gangavaram,Capesize,6M,20.57
2023-12-11,Mozambique-Gangavaram,Capesize,1Y,21.52
2023-12-11,Mozambique-Gopalpur,Panamax,1M,20.32
2023-12-11,Mozambique-Gopalpur,Panamax,3M,21.29
2023-12-11,Mozambique-Gopalpur,Panamax,6M,20.89
2023-12-11,Mozambique-Gopalpur,Panamax,1Y,21.58
2023-12-11,Mozambique-Gopalpur,Capesize,1M,19.89
2023-12-11,Mozambique-Gopalpur,Capesize,3M,20.53
2023-12-11,Mozambique-Gopalpur,Capesize,6M,20.64
2023-12-11,Mozambique-Gopalpur,Capesize,1Y,21.22
2023-12-11,Mozambique-Haldia,Panamax,1M,18.08
2023-12-11,Mozambique-Haldia,Panamax,3M,18.39
2023-12-11,Mozambique-Haldia,Panamax,6M,18.17
2023-12-11,Mozambique-Haldia,Panamax,1Y,19.02
2023-12-11,Mozambique-Haldia,Capesize,1M,18.49
2023-12-11,Mozambique-Haldia,Capesize,3M,19.06
2023-12-11,Mozambique-Haldia,Capesize,6M,18.96
2023-12-11,Mozambique-Haldia,Capesize,1Y,19.25
2023-12-11,USA-Paradip,Panamax,1M,29.5
2023-12-11,USA-Paradip,Panamax,3M,30.12
2023-12-11,USA-Paradip,Panamax,6M,29.52
2023-12-11,USA-Paradip,Panamax,1Y,31.01
2023-12-11,USA-Paradip,Capesize,1M,31.59
2023-12-11,USA-Paradip,Capesize,3M,32.17
2023-12-11,USA-Paradip,Capesize,6M,31.36
2023-12-11,USA-Paradip,Capesize,1Y,32.34
2023-12-11,USA-Vizag,Panamax,1M,35.86
2023-12-11,USA-Vizag,Panamax,3M,36.24
2023-12-11,USA-Vizag,Panamax,6M,36.19
2023-12-11,USA-Vizag,Panamax,1Y,36.6
2023-12-11,USA-Vizag,Capesize,1M,29.59
2023-12-11,USA-Vizag,Capesize,3M,31.32
2023-12-11,USA-Vizag,Capesize,6M,31.78
2023-12-11,USA-Vizag,Capesize,1Y,30.71
2023-12-11,USA-Dhamra,Panamax,1M,36.63
2023-12-11,USA-Dhamra,Panamax,3M,36.95
2023-12-11,USA-Dhamra,Panamax,6M,36.5
2023-12-11,USA-Dhamra,Panamax,1Y,38.29
2023-12-11,USA-Dhamra,Capesize,1M,33.6
2023-12-11,USA-Dhamra,Capesize,3M,33.47
2023-12-11,USA-Dhamra,Capesize,6M,33.62
2023-12-11,USA-Dhamra,Capesize,1Y,33.27
2023-12-11,USA-Gangavaram,Panamax,1M,35.12
2023-12-11,USA-Gangavaram,Panamax,3M,36.36
2023-12-11,USA-Gangavaram,Panamax,6M,37.19
2023-12-11,USA-Gangavaram,Panamax,1Y,37.13
2023-12-11,USA-Gangavaram,Capesize,1M,32.83
2023-12-11,USA-Gangavaram,Capesize,3M,34.09
2023-12-11,USA-Gangavaram,Capesize,6M,33.99
2023-12-11,USA-Gangavaram,Capesize,1Y,34.35
2023-12-11,USA-Gopalpur,Panamax,1M,31.55
2023-12-11,USA-Gopalpur,Panamax,3M,31.36
2023-12-11,USA-Gopalpur,Panamax,6M,31.25
2023-12-11,USA-Gopalpur,Panamax,1Y,31.96
2023-12-11,USA-Gopalpur,Capesize,1M,31.04
2023-12-11,USA-Gopalpur,Capesize,3M,31.63
2023-12-11,USA-Gopalpur,Capesize,6M,32.35
2023-12-11,USA-Gopalpur,Capesize,1Y,32.16
2023-12-11,USA-Haldia,Panamax,1M,33.34
2023-12-11,USA-Haldia,Panamax,3M,33.22
2023-12-11,USA-Haldia,Panamax,6M,32.67
2023-12-11,USA-Haldia,Panamax,1Y,33.42
2023-12-11,USA-Haldia,Capesize,1M,34.1
2023-12-11,USA-Haldia,Capesize,3M,34.74
2023-12-11,USA-Haldia,Capesize,6M,34.63
2023-12-11,USA-Haldia,Capesize,1Y,36.12
2024-01-10,Australia-Paradip,Panamax,1M,16.06
2024-01-10,Australia-Paradip,Panamax,3M,15.97
2024-01-10,Australia-Paradip,Panamax,6M,16.42
2024-01-10,Australia-Paradip,Panamax,1Y,16.71
2024-01-10,Australia-Paradip,Capesize,1M,16.03
2024-01-10,Australia-Paradip,Capesize,3M,17.16
2024-01-10,Australia-Paradip,Capesize,6M,16.9
2024-01-10,Australia-Paradip,Capesize,1Y,17.01
2024-01-10,Australia-Vizag,Panamax,1M,15.69
2024-01-10,Australia-Vizag,Panamax,3M,16.13
2024-01-10,Australia-Vizag,Panamax,6M,16.01
2024-01-10,Australia-Vizag,Panamax,1Y,16.32
2024-01-10,Australia-Vizag,Capesize,1M,14.23
2024-01-10,Australia-Vizag,Capesize,3M,14.03
2024-01-10,Australia-Vizag,Capesize,6M,14.12
2024-01-10,Australia-Vizag,Capesize,1Y,14.86
2024-01-10,Australia-Dhamra,Panamax,1M,15.5
2024-01-10,Australia-Dhamra,Panamax,3M,16.16
2024-01-10,Australia-Dhamra,Panamax,6M,15.74
2024-01-10,Australia-Dhamra,Panamax,1Y,16.21
2024-01-10,Australia-Dhamra,Capesize,1M,15.6
2024-01-10,Australia-Dhamra,Capesize,3M,16.41
2024-01-10,Australia-Dhamra,Capesize,6M,16.38
2024-01-10,Australia-Dhamra,Capesize,1Y,16.79
2024-01-10,Australia-Gangavaram,Panamax,1M,18.58
2024-01-10,Australia-Gangavaram,Panamax,3M,18.27
2024-01-10,Australia-Gangavaram,Panamax,6M,18.55
2024-01-10,Australia-Gangavaram,Panamax,1Y,18.67
2024-01-10,Australia-Gangavaram,Capesize,1M,18.11
2024-01-10,Australia-Gangavaram,Capesize,3M,18.57
2024-01-10,Australia-Gangavaram,Capesize,6M,18.57
2024-01-10,Australia-Gangavaram,Capesize,1Y,19.19
2024-01-10,Australia-Gopalpur,Panamax,1M,14.84
2024-01-10,Australia-Gopalpur,Panamax,3M,14.84
2024-01-10,Australia-Gopalpur,Panamax,6M,15.18
2024-01-10,Australia-Gopalpur,Panamax,1Y,15.29
2024-01-10,Australia-Gopalpur,Capesize,1M,17.82
2024-01-10,Australia-Gopalpur,Capesize,3M,18.1
2024-01-10,Australia-Gopalpur,Capesize,6M,18.1
2024-01-10,Australia-Gopalpur,Capesize,1Y,18.72
2024-01-10,Australia-Haldia,Panamax,1M,15.62
2024-01-10,Australia-Haldia,Panamax,3M,15.65
2024-01-10,Australia-Haldia,Panamax,6M,15.36
2024-01-10,Australia-Haldia,Panamax,1Y,15.77
2024-01-10,Australia-Haldia,Capesize,1M,14.83
2024-01-10,Australia-Haldia,Capesize,3M,14.96
2024-01-10,Australia-Haldia,Capesize,6M,15.35
2024-01-10,Australia-Haldia,Capesize,1Y,15.58
2024-01-10,Indonesia-Paradip,Panamax,1M,10.27
2024-01-10,Indonesia-Paradip,Panamax,3M,9.95
2024-01-10,Indonesia-Paradip,Panamax,6M,10.43
2024-01-10,Indonesia-Paradip,Panamax,1Y,10.36
2024-01-10,Indonesia-Paradip,Capesize,1M,10.4
2024-01-10,Indonesia-Paradip,Capesize,3M,10.53
2024-01-10,Indonesia-Paradip,Capesize,6M,10.69
2024-01-10,Indonesia-Paradip,Capesize,1Y,10.5
2024-01-10,Indonesia-Vizag,Panamax,1M,9.22
2024-01-10,Indonesia-Vizag,Panamax,3M,9.63
2024-01-10,Indonesia-Vizag,Panamax,6M,9.36
2024-01-10,Indonesia-Vizag,Panamax,1Y,9.64
2024-01-10,Indonesia-Vizag,Capesize,1M,9.54
2024-01-10,Indonesia-Vizag,Capesize,3M,10.23
2024-01-10,Indonesia-Vizag,Capesize,6M,10.26
2024-01-10,Indonesia-Vizag,Capesize,1Y,10.26
2024-01-10,Indonesia-Dhamra,Panamax,1M,9.86
2024-01-10,Indonesia-Dhamra,Panamax,3M,10.01
2024-01-10,Indonesia-Dhamra,Panamax,6M,10.02
2024-01-10,Indonesia-Dhamra,Panamax,1Y,10.02
2024-01-10,Indonesia-Dhamra,Capesize,1M,12.08
2024-01-10,Indonesia-Dhamra,Capesize,3M,12.34
2024-01-10,Indonesia-Dhamra,Capesize,6M,12.37
2024-01-10,Indonesia-Dhamra,Capesize,1Y,12.72
2024-01-10,Indonesia-Gangavaram,Panamax,1M,9.61
2024-01-10,Indonesia-Gangavaram,Panamax,3M,9.75
2024-01-10,Indonesia-Gangavaram,Panamax,6M,9.95
2024-01-10,Indonesia-Gangavaram,Panamax,1Y,9.98
2024-01-10,Indonesia-Gangavaram,Capesize,1M,10.3
2024-01-10,Indonesia-Gangavaram,Capesize,3M,10.29
2024-01-10,Indonesia-Gangavaram,Capesize,6M,10.47
2024-01-10,Indonesia-Gangavaram,Capesize,1Y,10.55
2024-01-10,Indonesia-Gopalpur,Panamax,1M,9.8
2024-01-10,Indonesia-Gopalpur,Panamax,3M,9.67
2024-01-10,Indonesia-Gopalpur,Panamax,6M,9.95
2024-01-10,Indonesia-Gopalpur,Panamax,1Y,10.21
2024-01-10,Indonesia-Gopalpur,Capesize,1M,8.82
2024-01-10,Indonesia-Gopalpur,Capesize,3M,8.84
2024-01-10,Indonesia-Gopalpur,Capesize,6M,9.06
2024-01-10,Indonesia-Gopalpur,Capesize,1Y,8.83
2024-01-10,Indonesia-Haldia,Panamax,1M,9.3
2024-01-10,Indonesia-Haldia,Panamax,3M,9.67
2024-01-10,Indonesia-Haldia,Panamax,6M,9.71
2024-01-10,Indonesia-Haldia,Panamax,1Y,9.63
2024-01-10,Indonesia-Haldia,Capesize,1M,12.53
2024-01-10,Indonesia-Haldia,Capesize,3M,12.55
2024-01-10,Indonesia-Haldia,Capesize,6M,13.09
2024-01-10,Indonesia-Haldia,Capesize,1Y,13.13
2024-01-10,Russia-Paradip,Panamax,1M,21.95
2024-01-10,Russia-Paradip,Panamax,3M,21.43
2024-01-10,Russia-Paradip,Panamax,6M,21.85
2024-01-10,Russia-Paradip,Panamax,1Y,22.55
2024-01-10,Russia-Paradip,Capesize,1M,21.74
2024-01-10,Russia-Paradip,Capesize,3M,22.26
2024-01-10,Russia-Paradip,Capesize,6M,22.72
2024-01-10,Russia-Paradip,Capesize,1Y,22.36
2024-01-10,Russia-Vizag,Panamax,1M,22.94
2024-01-10,Russia-Vizag,Panamax,3M,22.62
2024-01-10,Russia-Vizag,Panamax,6M,22.67
2024-01-10,Russia-Vizag,Panamax,1Y,23.23
2024-01-10,Russia-Vizag,Capesize,1M,22.13
2024-01-10,Russia-Vizag,Capesize,3M,22.43
2024-01-10,Russia-Vizag,Capesize,6M,22.58
2024-01-10,Russia-Vizag,Capesize,1Y,22.81
2024-01-10,Russia-Dhamra,Panamax,1M,22.47
2024-01-10,Russia-Dhamra,Panamax,3M,22.09
2024-01-10,Russia-Dhamra,Panamax,6M,23.37
2024-01-10,Russia-Dhamra,Panamax,1Y,23.21
2024-01-10,Russia-Dhamra,Capesize,1M,21.86
2024-01-10,Russia-Dhamra,Capesize,3M,22.79
2024-01-10,Russia-Dhamra,Capesize,6M,22.01
2024-01-10,Russia-Dhamra,Capesize,1Y,22.54
2024-01-10,Russia-Gangavaram,Panamax,1M,21.58
2024-01-10,Russia-Gangavaram,Panamax,3M,22.05
2024-01-10,Russia-Gangavaram,Panamax,6M,22.4
2024-01-10,Russia-Gangavaram,Panamax,1Y,22.21
2024-01-10,Russia-Gangavaram,Capesize,1M,19.49
2024-01-10,Russia-Gangavaram,Capesize,3M,20.56
2024-01-10,Russia-Gangavaram,Capesize,6M,20.37
2024-01-10,Russia-Gangavaram,Capesize,1Y,21.17
2024-01-10,Russia-Gopalpur,Panamax,1M,23.68
2024-01-10,Russia-Gopalpur,Panamax,3M,23.74
2024-01-10,Russia-Gopalpur,Panamax,6M,23.94
2024-01-10,Russia-Gopalpur,Panamax,1Y,24.11
2024-01-10,Russia-Gopalpur,Capesize,1M,22.44
2024-01-10,Russia-Gopalpur,Capesize,3M,22.34
2024-01-10,Russia-Gopalpur,Capesize,6M,22.33
2024-01-10,Russia-Gopalpur,Capesize,1Y,23.26
2024-01-10,Russia-Haldia,Panamax,1M,22.21
2024-01-10,Russia-Haldia,Panamax,3M,22.43
2024-01-10,Russia-Haldia,Panamax,6M,22.73
2024-01-10,Russia-Haldia,Panamax,1Y,23.42
2024-01-10,Russia-Haldia,Capesize,1M,21.69
2024-01-10,Russia-Haldia,Capesize,3M,21.25
2024-01-10,Russia-Haldia,Capesize,6M,20.85
2024-01-10,Russia-Haldia,Capesize,1Y,21.01
2024-01-10,Mozambique-Paradip,Panamax,1M,23.12
2024-01-10,Mozambique-Paradip,Panamax,3M,23.5
2024-01-10,Mozambique-Paradip,Panamax,6M,23.27
2024-01-10,Mozambique-Paradip,Panamax,1Y,24.83
2024-01-10,Mozambique-Paradip,Capesize,1M,20.72
2024-01-10,Mozambique-Paradip,Capesize,3M,21.64
2024-01-10,Mozambique-Paradip,Capesize,6M,21.02
2024-01-10,Mozambique-Paradip,Capesize,1Y,21.85
2024-01-10,Mozambique-Vizag,Panamax,1M,20.89
2024-01-10,Mozambique-Vizag,Panamax,3M,21.37
2024-01-10,Mozambique-Vizag,Panamax,6M,21.15
2024-01-10,Mozambique-Vizag,Panamax,1Y,22.26
2024-01-10,Mozambique-Vizag,Capesize,1M,21.01
2024-01-10,Mozambique-Vizag,Capesize,3M,21.59
2024-01-10,Mozambique-Vizag,Capesize,6M,21.35
2024-01-10,Mozambique-Vizag,Capesize,1Y,22.23
2024-01-10,Mozambique-Dhamra,Panamax,1M,19.25
2024-01-10,Mozambique-Dhamra,Panamax,3M,19.98
2024-01-10,Mozambique-Dhamra,Panamax,6M,20.16
2024-01-10,Mozambique-Dhamra,Panamax,1Y,20.51
2024-01-10,Mozambique-Dhamra,Capesize,1M,20.04
2024-01-10,Mozambique-Dhamra,Capesize,3M,20.42
2024-01-10,Mozambique-Dhamra,Capesize,6M,20.56
2024-01-10,Mozambique-Dhamra,Capesize,1Y,19.92
2024-01-10,Mozambique-Gangavaram,Panamax,1M,21.03
2024-01-10,Mozambique-Gangavaram,Panamax,3M,20.84
2024-01-10,Mozambique-Gangavaram,Panamax,6M,21.04
2024-01-10,Mozambique-Gangavaram,Panamax,1Y,21.93
2024-01-10,Mozambique-Gangavaram,Capesize,1M,22.01
2024-01-10,Mozambique-Gangavaram,Capesize,3M,22.05
2024-01-10,Mozambique-Gangavaram,Capesize,6M,22.5
2024-01-10,Mozambique-Gangavaram,Capesize,1Y,23.33
2024-01-10,Mozambique-Gopalpur,Panamax,1M,21.24
2024-01-10,Mozambique-Gopalpur,Panamax,3M,21.04
2024-01-10,Mozambique-Gopalpur,Panamax,6M,22.1
2024-01-10,Mozambique-Gopalpur,Panamax,1Y,22.38
2024-01-10,Mozambique-Gopalpur,Capesize,1M,24.55
2024-01-10,Mozambique-Gopalpur,Capesize,3M,25.54
2024-01-10,Mozambique-Gopalpur,Capesize,6M,24.79
2024-01-10,Mozambique-Gopalpur,Capesize,1Y,26.46
2024-01-10,Mozambique-Haldia,Panamax,1M,22.83
2024-01-10,Mozambique-Haldia,Panamax,3M,22.51
2024-01-10,Mozambique-Haldia,Panamax,6M,22.63
2024-01-10,Mozambique-Haldia,Panamax,1Y,23.19
2024-01-10,Mozambique-Haldia,Capesize,1M,18.9
2024-01-10,Mozambique-Haldia,Capesize,3M,18.7
2024-01-10,Mozambique-Haldia,Capesize,6M,19.3
2024-01-10,Mozambique-Haldia,Capesize,1Y,19.4
2024-01-10,USA-Paradip,Panamax,1M,32.27
2024-01-10,USA-Paradip,Panamax,3M,32.61
2024-01-10,USA-Paradip,Panamax,6M,33.28
2024-01-10,USA-Paradip,Panamax,1Y,34.14
2024-01-10,USA-Paradip,Capesize,1M,32.76
2024-01-10,USA-Paradip,Capesize,3M,32.49
2024-01-10,USA-Paradip,Capesize,6M,33.01
2024-01-10,USA-Paradip,Capesize,1Y,34.58
2024-01-10,USA-Vizag,Panamax,1M,33.76
2024-01-10,USA-Vizag,Panamax,3M,35.02
2024-01-10,USA-Vizag,Panamax,6M,34.42
2024-01-10,USA-Vizag,Panamax,1Y,36.3
2024-01-10,USA-Vizag,Capesize,1M,36.06
2024-01-10,USA-Vizag,Capesize,3M,35.69
2024-01-10,USA-Vizag,Capesize,6M,35.18
2024-01-10,USA-Vizag,Capesize,1Y,36.68
2024-01-10,USA-Dhamra,Panamax,1M,30.39
2024-01-10,USA-Dhamra,Panamax,3M,31.31
2024-01-10,USA-Dhamra,Panamax,6M,31.33
2024-01-10,USA-Dhamra,Panamax,1Y,31.05
2024-01-10,USA-Dhamra,Capesize,1M,32.56
2024-01-10,USA-Dhamra,Capesize,3M,32.78
2024-01-10,USA-Dhamra,Capesize,6M,33.03
2024-01-10,USA-Dhamra,Capesize,1Y,34.32
2024-01-10,USA-Gangavaram,Panamax,1M,32.73
2024-01-10,USA-Gangavaram,Panamax,3M,32.82
2024-01-10,USA-Gangavaram,Panamax,6M,34.93
2024-01-10,USA-Gangavaram,Panamax,1Y,34.44
2024-01-10,USA-Gangavaram,Capesize,1M,32.77
2024-01-10,USA-Gangavaram,Capesize,3M,33.12
2024-01-10,USA-Gangavaram,Capesize,6M,34.57
2024-01-10,USA-Gangavaram,Capesize,1Y,34.83
2024-01-10,USA-Gopalpur,Panamax,1M,29.67
2024-01-10,USA-Gopalpur,Panamax,3M,31.05
2024-01-10,USA-Gopalpur,Panamax,6M,31.84
2024-01-10,USA-Gopalpur,Panamax,1Y,31.72
2024-01-10,USA-Gopalpur,Capesize,1M,29.32
2024-01-10,USA-Gopalpur,Capesize,3M,28.97
2024-01-10,USA-Gopalpur,Capesize,6M,29.19
2024-01-10,USA-Gopalpur,Capesize,1Y,30.3
2024-01-10,USA-Haldia,Panamax,1M,32.62
2024-01-10,USA-Haldia,Panamax,3M,33.1
2024-01-10,USA-Haldia,Panamax,6M,32.92
2024-01-10,USA-Haldia,Panamax,1Y,34.97
2024-01-10,USA-Haldia,Capesize,1M,32.54
2024-01-10,USA-Haldia,Capesize,3M,32.68
2024-01-10,USA-Haldia,Capesize,6M,33.36
2024-01-10,USA-Haldia,Capesize,1Y,34.09
2024-02-09,Australia-Paradip,Panamax,1M,17.73
2024-02-09,Australia-Paradip,Panamax,3M,18.06
2024-02-09,Australia-Paradip,Panamax,6M,17.26
2024-02-09,Australia-Paradip,Panamax,1Y,18.23
2024-02-09,Australia-Paradip,Capesize,1M,16.54
2024-02-09,Australia-Paradip,Capesize,3M,17.04
2024-02-09,Australia-Paradip,Capesize,6M,17.41
2024-02-09,Australia-Paradip,Capesize,1Y,18.2
2024-02-09,Australia-Vizag,Panamax,1M,15.51
2024-02-09,Australia-Vizag,Panamax,3M,15.64
2024-02-09,Australia-Vizag,Panamax,6M,15.74
2024-02-09,Australia-Vizag,Panamax,1Y,15.73
2024-02-09,Australia-Vizag,Capesize,1M,17.84
2024-02-09,Australia-Vizag,Capesize,3M,18.22
2024-02-09,Australia-Vizag,Capesize,6M,18.56
2024-02-09,Australia-Vizag,Capesize,1Y,18.54
2024-02-09,Australia-Dhamra,Panamax,1M,17.74
2024-02-09,Australia-Dhamra,Panamax,3M,17.9
2024-02-09,Australia-Dhamra,Panamax,6M,17.94
2024-02-09,Australia-Dhamra,Panamax,1Y,18.27
2024-02-09,Australia-Dhamra,Capesize,1M,16.21
2024-02-09,Australia-Dhamra,Capesize,3M,16.68
2024-02-09,Australia-Dhamra,Capesize,6M,16.64
2024-02-09,Australia-Dhamra,Capesize,1Y,16.72
2024-02-09,Australia-Gangavaram,Panamax,1M,16.14
2024-02-09,Australia-Gangavaram,Panamax,3M,16.0
2024-02-09,Australia-Gangavaram,Panamax,6M,15.54
2024-02-09,Australia-Gangavaram,Panamax,1Y,16.43
2024-02-09,Australia-Gangavaram,Capesize,1M,15.46
2024-02-09,Australia-Gangavaram,Capesize,3M,15.82
2024-02-09,Australia-Gangavaram,Capesize,6M,15.84
2024-02-09,Australia-Gangavaram,Capesize,1Y,16.43
2024-02-09,Australia-Gopalpur,Panamax,1M,16.17
2024-02-09,Australia-Gopalpur,Panamax,3M,16.19
2024-02-09,Australia-Gopalpur,Panamax,6M,15.97
2024-02-09,Australia-Gopalpur,Panamax,1Y,16.5
2024-02-09,Australia-Gopalpur,Capesize,1M,14.27
2024-02-09,Australia-Gopalpur,Capesize,3M,14.68
2024-02-09,Australia-Gopalpur,Capesize,6M,14.95
2024-02-09,Australia-Gopalpur,Capesize,1Y,14.92
2024-02-09,Australia-Haldia,Panamax,1M,16.93
2024-02-09,Australia-Haldia,Panamax,3M,17.11
2024-02-09,Australia-Haldia,Panamax,6M,16.92
2024-02-09,Australia-Haldia,Panamax,1Y,17.12
2024-02-09,Australia-Haldia,Capesize,1M,16.45
2024-02-09,Australia-Haldia,Capesize,3M,15.95
2024-02-09,Australia-Haldia,Capesize,6M,16.62
2024-02-09,Australia-Haldia,Capesize,1Y,17.01
2024-02-09,Indonesia-Paradip,Panamax,1M,13.1
2024-02-09,Indonesia-Paradip,Panamax,3M,13.34
2024-02-09,Indonesia-Paradip,Panamax,6M,13.7
2024-02-09,Indonesia-Paradip,Panamax,1Y,13.36
2024-02-09,Indonesia-Paradip,Capesize,1M,10.29
2024-02-09,Indonesia-Paradip,Capesize,3M,10.63
2024-02-09,Indonesia-Paradip,Capesize,6M,10.42
2024-02-09,Indonesia-Paradip,Capesize,1Y,10.66
2024-02-09,Indonesia-Vizag,Panamax,1M,11.92
2024-02-09,Indonesia-Vizag,Panamax,3M,12.15
2024-02-09,Indonesia-Vizag,Panamax,6M,12.11
2024-02-09,Indonesia-Vizag,Panamax,1Y,12.38
2024-02-09,Indonesia-Vizag,Capesize,1M,9.8
2024-02-09,Indonesia-Vizag,Capesize,3M,9.98
2024-02-09,Indonesia-Vizag,Capesize,6M,9.95
2024-02-09,Indonesia-Vizag,Capesize,1Y,10.42
2024-02-09,Indonesia-Dhamra,Panamax,1M,8.83
2024-02-09,Indonesia-Dhamra,Panamax,3M,8.92
2024-02-09,Indonesia-Dhamra,Panamax,6M,8.95
2024-02-09,Indonesia-Dhamra,Panamax,1Y,9.34
2024-02-09,Indonesia-Dhamra,Capesize,1M,10.84
2024-02-09,Indonesia-Dhamra,Capesize,3M,11.11
2024-02-09,Indonesia-Dhamra,Capesize,6M,10.98
2024-02-09,Indonesia-Dhamra,Capesize,1Y,11.39
2024-02-09,Indonesia-Gangavaram,Panamax,1M,9.56
2024-02-09,Indonesia-Gangavaram,Panamax,3M,9.62
2024-02-09,Indonesia-Gangavaram,Panamax,6M,9.7
2024-02-09,Indonesia-Gangavaram,Panamax,1Y,9.93
2024-02-09,Indonesia-Gangavaram,Capesize,1M,12.45
2024-02-09,Indonesia-Gangavaram,Capesize,3M,12.85
2024-02-09,Indonesia-Gangavaram,Capesize,6M,13.11
2024-02-09,Indonesia-Gangavaram,Capesize,1Y,13.13
2024-02-09,Indonesia-Gopalpur,Panamax,1M,10.21
2024-02-09,Indonesia-Gopalpur,Panamax,3M,10.35
2024-02-09,Indonesia-Gopalpur,Panamax,6M,10.5
2024-02-09,Indonesia-Gopalpur,Panamax,1Y,10.64
2024-02-09,Indonesia-Gopalpur,Capesize,1M,10.35
2024-02-09,Indonesia-Gopalpur,Capesize,3M,10.52
2024-02-09,Indonesia-Gopalpur,Capesize,6M,10.66
2024-02-09,Indonesia-Gopalpur,Capesize,1Y,10.66
2024-02-09,Indonesia-Haldia,Panamax,1M,11.5
2024-02-09,Indonesia-Haldia,Panamax,3M,11.79
2024-02-09,Indonesia-Haldia,Panamax,6M,11.93
2024-02-09,Indonesia-Haldia,Panamax,1Y,11.89
2024-02-09,Indonesia-Haldia,Capesize,1M,10.79
2024-02-09,Indonesia-Haldia,Capesize,3M,11.37
2024-02-09,Indonesia-Haldia,Capesize,6M,11.05
2024-02-09,Indonesia-Haldia,Capesize,1Y,11.22
2024-02-09,Russia-Paradip,Panamax,1M,21.41
2024-02-09,Russia-Paradip,Panamax,3M,21.93
2024-02-09,Russia-Paradip,Panamax,6M,21.27
2024-02-09,Russia-Paradip,Panamax,1Y,22.59
2024-02-09,Russia-Paradip,Capesize,1M,26.57
2024-02-09,Russia-Paradip,Capesize,3M,27.13
2024-02-09,Russia-Paradip,Capesize,6M,27.78
2024-02-09,Russia-Paradip,Capesize,1Y,27.61
2024-02-09,Russia-Vizag,Panamax,1M,23.28
2024-02-09,Russia-Vizag,Panamax,3M,24.16
2024-02-09,Russia-Vizag,Panamax,6M,24.39
2024-02-09,Russia-Vizag,Panamax,1Y,24.49
2024-02-09,Russia-Vizag,Capesize,1M,19.58
2024-02-09,Russia-Vizag,Capesize,3M,19.84
2024-02-09,Russia-Vizag,Capesize,6M,19.56
2024-02-09,Russia-Vizag,Capesize,1Y,20.29
2024-02-09,Russia-Dhamra,Panamax,1M,21.58
2024-02-09,Russia-Dhamra,Panamax,3M,21.7
2024-02-09,Russia-Dhamra,Panamax,6M,21.85
2024-02-09,Russia-Dhamra,Panamax,1Y,22.41
2024-02-09,Russia-Dhamra,Capesize,1M,20.87
2024-02-09,Russia-Dhamra,Capesize,3M,21.34
2024-02-09,Russia-Dhamra,Capesize,6M,21.88
2024-02-09,Russia-Dhamra,Capesize,1Y,22.52
2024-02-09,Russia-Gangavaram,Panamax,1M,24.37
2024-02-09,Russia-Gangavaram,Panamax,3M,24.94
2024-02-09,Russia-Gangavaram,Panamax,6M,24.73
2024-02-09,Russia-Gangavaram,Panamax,1Y,25.26
2024-02-09,Russia-Gangavaram,Capesize,1M,22.32
2024-02-09,Russia-Gangavaram,Capesize,3M,22.8
2024-02-09,Russia-Gangavaram,Capesize,6M,22.25
2024-02-09,Russia-Gangavaram,Capesize,1Y,22.97
2024-02-09,Russia-Gopalpur,Panamax,1M,26.13
2024-02-09,Russia-Gopalpur,Panamax,3M,26.08
2024-02-09,Russia-Gopalpur,Panamax,6M,26.86
2024-02-09,Russia-Gopalpur,Panamax,1Y,26.07
2024-02-09,Russia-Gopalpur,Capesize,1M,21.83
2024-02-09,Russia-Gopalpur,Capesize,3M,21.3
2024-02-09,Russia-Gopalpur,Capesize,6M,21.8
2024-02-09,Russia-Gopalpur,Capesize,1Y,22.6
2024-02-09,Russia-Haldia,Panamax,1M,22.54
2024-02-09,Russia-Haldia,Panamax,3M,22.86
2024-02-09,Russia-Haldia,Panamax,6M,23.16
2024-02-09,Russia-Haldia,Panamax,1Y,22.87
2024-02-09,Russia-Haldia,Capesize,1M,22.62
2024-02-09,Russia-Haldia,Capesize,3M,22.13
2024-02-09,Russia-Haldia,Capesize,6M,21.78
2024-02-09,Russia-Haldia,Capesize,1Y,22.75
2024-02-09,Mozambique-Paradip,Panamax,1M,19.95
2024-02-09,Mozambique-Paradip,Panamax,3M,19.87
2024-02-09,Mozambique-Paradip,Panamax,6M,20.45
2024-02-09,Mozambique-Paradip,Panamax,1Y,21.64
2024-02-09,Mozambique-Paradip,Capesize,1M,20.65
2024-02-09,Mozambique-Paradip,Capesize,3M,19.8
2024-02-09,Mozambique-Paradip,Capesize,6M,20.87
2024-02-09,Mozambique-Paradip,Capesize,1Y,21.15
2024-02-09,Mozambique-Vizag,Panamax,1M,23.42
2024-02-09,Mozambique-Vizag,Panamax,3M,24.39
2024-02-09,Mozambique-Vizag,Panamax,6M,23.63
2024-02-09,Mozambique-Vizag,Panamax,1Y,24.58
2024-02-09,Mozambique-Vizag,Capesize,1M,21.67
2024-02-09,Mozambique-Vizag,Capesize,3M,21.37
2024-02-09,Mozambique-Vizag,Capesize,6M,21.6
2024-02-09,Mozambique-Vizag,Capesize,1Y,22.4
2024-02-09,Mozambique-Dhamra,Panamax,1M,21.79
2024-02-09,Mozambique-Dhamra,Panamax,3M,22.16
2024-02-09,Mozambique-Dhamra,Panamax,6M,22.56
2024-02-09,Mozambique-Dhamra,Panamax,1Y,22.95
2024-02-09,Mozambique-Dhamra,Capesize,1M,21.27
2024-02-09,Mozambique-Dhamra,Capesize,3M,20.59
2024-02-09,Mozambique-Dhamra,Capesize,6M,21.36
2024-02-09,Mozambique-Dhamra,Capesize,1Y,22.04
2024-02-09,Mozambique-Gangavaram,Panamax,1M,17.75
2024-02-09,Mozambique-Gangavaram,Panamax,3M,18.33
2024-02-09,Mozambique-Gangavaram,Panamax,6M,18.87
2024-02-09,Mozambique-Gangavaram,Panamax,1Y,18.53
2024-02-09,Mozambique-Gangavaram,Capesize,1M,18.91
2024-02-09,Mozambique-Gangavaram,Capesize,3M,19.8
2024-02-09,Mozambique-Gangavaram,Capesize,6M,19.64
2024-02-09,Mozambique-Gangavaram,Capesize,1Y,20.04
2024-02-09,Mozambique-Gopalpur,Panamax,1M,21.51
2024-02-09,Mozambique-Gopalpur,Panamax,3M,21.31
2024-02-09,Mozambique-Gopalpur,Panamax,6M,21.97
2024-02-09,Mozambique-Gopalpur,Panamax,1Y,21.94
2024-02-09,Mozambique-Gopalpur,Capesize,1M,23.69
2024-02-09,Mozambique-Gopalpur,Capesize,3M,24.12
2024-02-09,Mozambique-Gopalpur,Capesize,6M,24.45
2024-02-09,Mozambique-Gopalpur,Capesize,1Y,24.93
2024-02-09,Mozambique-Haldia,Panamax,1M,20.68
2024-02-09,Mozambique-Haldia,Panamax,3M,20.98
2024-02-09,Mozambique-Haldia,Panamax,6M,21.39
2024-02-09,Mozambique-Haldia,Panamax,1Y,20.98
2024-02-09,Mozambique-Haldia,Capesize,1M,21.35
2024-02-09,Mozambique-Haldia,Capesize,3M,21.45
2024-02-09,Mozambique-Haldia,Capesize,6M,21.94
2024-02-09,Mozambique-Haldia,Capesize,1Y,21.49
2024-02-09,USA-Paradip,Panamax,1M,32.82
2024-02-09,USA-Paradip,Panamax,3M,32.0
2024-02-09,USA-Paradip,Panamax,6M,33.27
2024-02-09,USA-Paradip,Panamax,1Y,33.96
2024-02-09,USA-Paradip,Capesize,1M,33.18
2024-02-09,USA-Paradip,Capesize,3M,33.55
2024-02-09,USA-Paradip,Capesize,6M,33.86
2024-02-09,USA-Paradip,Capesize,1Y,34.31
2024-02-09,USA-Vizag,Panamax,1M,31.74
2024-02-09,USA-Vizag,Panamax,3M,32.05
2024-02-09,USA-Vizag,Panamax,6M,32.42
2024-02-09,USA-Vizag,Panamax,1Y,32.5
2024-02-09,USA-Vizag,Capesize,1M,33.22
2024-02-09,USA-Vizag,Capesize,3M,33.5
2024-02-09,USA-Vizag,Capesize,6M,34.97
2024-02-09,USA-Vizag,Capesize,1Y,34.24
2024-02-09,USA-Dhamra,Panamax,1M,30.85
2024-02-09,USA-Dhamra,Panamax,3M,32.0
2024-02-09,USA-Dhamra,Panamax,6M,31.79
2024-02-09,USA-Dhamra,Panamax,1Y,31.91
2024-02-09,USA-Dhamra,Capesize,1M,30.59
2024-02-09,USA-Dhamra,Capesize,3M,31.87
2024-02-09,USA-Dhamra,Capesize,6M,31.71
2024-02-09,USA-Dhamra,Capesize,1Y,32.49
2024-02-09,USA-Gangavaram,Panamax,1M,35.63
2024-02-09,USA-Gangavaram,Panamax,3M,35.54
2024-02-09,USA-Gangavaram,Panamax,6M,36.13
2024-02-09,USA-Gangavaram,Panamax,1Y,37.26
2024-02-09,USA-Gangavaram,Capesize,1M,32.5
2024-02-09,USA-Gangavaram,Capesize,3M,32.35
2024-02-09,USA-Gangavaram,Capesize,6M,32.85
2024-02-09,USA-Gangavaram,Capesize,1Y,33.46
2024-02-09,USA-Gopalpur,Panamax,1M,30.31
2024-02-09,USA-Gopalpur,Panamax,3M,31.09
2024-02-09,USA-Gopalpur,Panamax,6M,31.41
2024-02-09,USA-Gopalpur,Panamax,1Y,32.07
2024-02-09,USA-Gopalpur,Capesize,1M,38.05
2024-02-09,USA-Gopalpur,Capesize,3M,37.25
2024-02-09,USA-Gopalpur,Capesize,6M,38.26
2024-02-09,USA-Gopalpur,Capesize,1Y,38.23
2024-02-09,USA-Haldia,Panamax,1M,35.52
2024-02-09,USA-Haldia,Panamax,3M,35.6
2024-02-09,USA-Haldia,Panamax,6M,35.51
2024-02-09,USA-Haldia,Panamax,1Y,36.58
2024-02-09,USA-Haldia,Capesize,1M,28.77
2024-02-09,USA-Haldia,Capesize,3M,29.48
2024-02-09,USA-Haldia,Capesize,6M,29.71
2024-02-09,USA-Haldia,Capesize,1Y,29.22
2024-03-10,Australia-Paradip,Panamax,1M,15.82
2024-03-10,Australia-Paradip,Panamax,3M,16.08
2024-03-10,Australia-Paradip,Panamax,6M,15.67
2024-03-10,Australia-Paradip,Panamax,1Y,16.29
2024-03-10,Australia-Paradip,Capesize,1M,18.16
2024-03-10,Australia-Paradip,Capesize,3M,18.16
2024-03-10,Australia-Paradip,Capesize,6M,18.33
2024-03-10,Australia-Paradip,Capesize,1Y,18.91
2024-03-10,Australia-Vizag,Panamax,1M,16.55
2024-03-10,Australia-Vizag,Panamax,3M,16.71
2024-03-10,Australia-Vizag,Panamax,6M,16.52
2024-03-10,Australia-Vizag,Panamax,1Y,17.13
2024-03-10,Australia-Vizag,Capesize,1M,16.5
2024-03-10,Australia-Vizag,Capesize,3M,16.38
2024-03-10,Australia-Vizag,Capesize,6M,16.5
2024-03-10,Australia-Vizag,Capesize,1Y,16.98
2024-03-10,Australia-Dhamra,Panamax,1M,14.46
2024-03-10,Australia-Dhamra,Panamax,3M,14.61
2024-03-10,Australia-Dhamra,Panamax,6M,14.67
2024-03-10,Australia-Dhamra,Panamax,1Y,14.93
2024-03-10,Australia-Dhamra,Capesize,1M,17.48
2024-03-10,Australia-Dhamra,Capesize,3M,18.26
2024-03-10,Australia-Dhamra,Capesize,6M,18.48
2024-03-10,Australia-Dhamra,Capesize,1Y,18.57
2024-03-10,Australia-Gangavaram,Panamax,1M,16.8
2024-03-10,Australia-Gangavaram,Panamax,3M,17.41
2024-03-10,Australia-Gangavaram,Panamax,6M,17.6
2024-03-10,Australia-Gangavaram,Panamax,1Y,17.74
2024-03-10,Australia-Gangavaram,Capesize,1M,15.34
2024-03-10,Australia-Gangavaram,Capesize,3M,16.15
2024-03-10,Australia-Gangavaram,Capesize,6M,15.96
2024-03-10,Australia-Gangavaram,Capesize,1Y,16.01
2024-03-10,Australia-Gopalpur,Panamax,1M,18.78
2024-03-10,Australia-Gopalpur,Panamax,3M,18.86
2024-03-10,Australia-Gopalpur,Panamax,6M,19.27
2024-03-10,Australia-Gopalpur,Panamax,1Y,18.94
2024-03-10,Australia-Gopalpur,Capesize,1M,14.92
2024-03-10,Australia-Gopalpur,Capesize,3M,14.94
2024-03-10,Australia-Gopalpur,Capesize,6M,14.95
2024-03-10,Australia-Gopalpur,Capesize,1Y,15.32
2024-03-10,Australia-Haldia,Panamax,1M,18.61
2024-03-10,Australia-Haldia,Panamax,3M,18.3
2024-03-10,Australia-Haldia,Panamax,6M,18.44
2024-03-10,Australia-Haldia,Panamax,1Y,19.54
2024-03-10,Australia-Haldia,Capesize,1M,16.27
2024-03-10,Australia-Haldia,Capesize,3M,16.41
2024-03-10,Australia-Haldia,Capesize,6M,16.52
2024-03-10,Australia-Haldia,Capesize,1Y,16.35
2024-03-10,Indonesia-Paradip,Panamax,1M,12.76
2024-03-10,Indonesia-Paradip,Panamax,3M,12.64
2024-03-10,Indonesia-Paradip,Panamax,6M,12.91
2024-03-10,Indonesia-Paradip,Panamax,1Y,12.94
2024-03-10,Indonesia-Paradip,Capesize,1M,10.27
2024-03-10,Indonesia-Paradip,Capesize,3M,10.59
2024-03-10,Indonesia-Paradip,Capesize,6M,10.63
2024-03-10,Indonesia-Paradip,Capesize,1Y,10.9
2024-03-10,Indonesia-Vizag,Panamax,1M,10.49
2024-03-10,Indonesia-Vizag,Panamax,3M,10.54
2024-03-10,Indonesia-Vizag,Panamax,6M,10.86
2024-03-10,Indonesia-Vizag,Panamax,1Y,10.7
2024-03-10,Indonesia-Vizag,Capesize,1M,10.53
2024-03-10,Indonesia-Vizag,Capesize,3M,10.87
2024-03-10,Indonesia-Vizag,Capesize,6M,10.89
2024-03-10,Indonesia-Vizag,Capesize,1Y,11.38
2024-03-10,Indonesia-Dhamra,Panamax,1M,10.27
2024-03-10,Indonesia-Dhamra,Panamax,3M,10.22
2024-03-10,Indonesia-Dhamra,Panamax,6M,10.46
2024-03-10,Indonesia-Dhamra,Panamax,1Y,10.53
2024-03-10,Indonesia-Dhamra,Capesize,1M,10.65
2024-03-10,Indonesia-Dhamra,Capesize,3M,10.63
2024-03-10,Indonesia-Dhamra,Capesize,6M,10.93
2024-03-10,Indonesia-Dhamra,Capesize,1Y,11.16
2024-03-10,Indonesia-Gangavaram,Panamax,1M,8.34
2024-03-10,Indonesia-Gangavaram,Panamax,3M,8.21
2024-03-10,Indonesia-Gangavaram,Panamax,6M,8.6
2024-03-10,Indonesia-Gangavaram,Panamax,1Y,8.76
2024-03-10,Indonesia-Gangavaram,Capesize,1M,9.92
2024-03-10,Indonesia-Gangavaram,Capesize,3M,9.86
2024-03-10,Indonesia-Gangavaram,Capesize,6M,10.09
2024-03-10,Indonesia-Gangavaram,Capesize,1Y,10.34
2024-03-10,Indonesia-Gopalpur,Panamax,1M,10.23
2024-03-10,Indonesia-Gopalpur,Panamax,3M,10.13
2024-03-10,Indonesia-Gopalpur,Panamax,6M,10.41
2024-03-10,Indonesia-Gopalpur,Panamax,1Y,10.33
2024-03-10,Indonesia-Gopalpur,Capesize,1M,11.69
2024-03-10,Indonesia-Gopalpur,Capesize,3M,12.04
2024-03-10,Indonesia-Gopalpur,Capesize,6M,11.97
2024-03-10,Indonesia-Gopalpur,Capesize,1Y,12.17
2024-03-10,Indonesia-Haldia,Panamax,1M,9.91
2024-03-10,Indonesia-Haldia,Panamax,3M,10.16
2024-03-10,Indonesia-Haldia,Panamax,6M,9.93
2024-03-10,Indonesia-Haldia,Panamax,1Y,10.28
2024-03-10,Indonesia-Haldia,Capesize,1M,8.97
2024-03-10,Indonesia-Haldia,Capesize,3M,9.15
2024-03-10,Indonesia-Haldia,Capesize,6M,9.24
2024-03-10,Indonesia-Haldia,Capesize,1Y,9.33
2024-03-10,Russia-Paradip,Panamax,1M,23.32
2024-03-10,Russia-Paradip,Panamax,3M,22.97
2024-03-10,Russia-Paradip,Panamax,6M,23.77
2024-03-10,Russia-Paradip,Panamax,1Y,24.01
2024-03-10,Russia-Paradip,Capesize,1M,23.92
2024-03-10,Russia-Paradip,Capesize,3M,24.26
2024-03-10,Russia-Paradip,Capesize,6M,24.33
2024-03-10,Russia-Paradip,Capesize,1Y,24.64
2024-03-10,Russia-Vizag,Panamax,1M,20.03
2024-03-10,Russia-Vizag,Panamax,3M,20.01
2024-03-10,Russia-Vizag,Panamax,6M,20.86
2024-03-10,Russia-Vizag,Panamax,1Y,20.73
2024-03-10,Russia-Vizag,Capesize,1M,23.68
2024-03-10,Russia-Vizag,Capesize,3M,23.66
2024-03-10,Russia-Vizag,Capesize,6M,23.6
2024-03-10,Russia-Vizag,Capesize,1Y,24.24
2024-03-10,Russia-Dhamra,Panamax,1M,22.92
2024-03-10,Russia-Dhamra,Panamax,3M,22.95
2024-03-10,Russia-Dhamra,Panamax,6M,23.65
2024-03-10,Russia-Dhamra,Panamax,1Y,23.75
2024-03-10,Russia-Dhamra,Capesize,1M,22.15
2024-03-10,Russia-Dhamra,Capesize,3M,21.8
2024-03-10,Russia-Dhamra,Capesize,6M,22.5
2024-03-10,Russia-Dhamra,Capesize,1Y,23.39
2024-03-10,Russia-Gangavaram,Panamax,1M,27.42
2024-03-10,Russia-Gangavaram,Panamax,3M,27.84
2024-03-10,Russia-Gangavaram,Panamax,6M,28.46
2024-03-10,Russia-Gangavaram,Panamax,1Y,27.77
2024-03-10,Russia-Gangavaram,Capesize,1M,18.94
2024-03-10,Russia-Gangavaram,Capesize,3M,18.92
2024-03-10,Russia-Gangavaram,Capesize,6M,19.1
2024-03-10,Russia-Gangavaram,Capesize,1Y,19.2
2024-03-10,Russia-Gopalpur,Panamax,1M,21.42
2024-03-10,Russia-Gopalpur,Panamax,3M,21.69
2024-03-10,Russia-Gopalpur,Panamax,6M,21.79
2024-03-10,Russia-Gopalpur,Panamax,1Y,21.93
2024-03-10,Russia-Gopalpur,Capesize,1M,22.81
2024-03-10,Russia-Gopalpur,Capesize,3M,23.33
2024-03-10,Russia-Gopalpur,Capesize,6M,23.46
2024-03-10,Russia-Gopalpur,Capesize,1Y,23.72
2024-03-10,Russia-Haldia,Panamax,1M,22.72
2024-03-10,Russia-Haldia,Panamax,3M,23.41
2024-03-10,Russia-Haldia,Panamax,6M,23.71
2024-03-10,Russia-Haldia,Panamax,1Y,24.3
2024-03-10,Russia-Haldia,Capesize,1M,19.38
2024-03-10,Russia-Haldia,Capesize,3M,19.44
2024-03-10,Russia-Haldia,Capesize,6M,19.73
2024-03-10,Russia-Haldia,Capesize,1Y,20.48
2024-03-10,Mozambique-Paradip,Panamax,1M,21.38
2024-03-10,Mozambique-Paradip,Panamax,3M,21.72
2024-03-10,Mozambique-Paradip,Panamax,6M,21.8
2024-03-10,Mozambique-Paradip,Panamax,1Y,22.14
2024-03-10,Mozambique-Paradip,Capesize,1M,19.83
2024-03-10,Mozambique-Paradip,Capesize,3M,19.8
2024-03-10,Mozambique-Paradip,Capesize,6M,20.25
2024-03-10,Mozambique-Paradip,Capesize,1Y,20.64
2024-03-10,Mozambique-Vizag,Panamax,1M,19.18
2024-03-10,Mozambique-Vizag,Panamax,3M,19.78
2024-03-10,Mozambique-Vizag,Panamax,6M,20.25
2024-03-10,Mozambique-Vizag,Panamax,1Y,20.64
2024-03-10,Mozambique-Vizag,Capesize,1M,22.54
2024-03-10,Mozambique-Vizag,Capesize,3M,22.17
2024-03-10,Mozambique-Vizag,Capesize,6M,23.56
2024-03-10,Mozambique-Vizag,Capesize,1Y,23.58
2024-03-10,Mozambique-Dhamra,Panamax,1M,19.59
2024-03-10,Mozambique-Dhamra,Panamax,3M,19.64
2024-03-10,Mozambique-Dhamra,Panamax,6M,19.89
2024-03-10,Mozambique-Dhamra,Panamax,1Y,20.16
2024-03-10,Mozambique-Dhamra,Capesize,1M,23.61
2024-03-10,Mozambique-Dhamra,Capesize,3M,23.03
2024-03-10,Mozambique-Dhamra,Capesize,6M,23.17
2024-03-10,Mozambique-Dhamra,Capesize,1Y,23.74
2024-03-10,Mozambique-Gangavaram,Panamax,1M,20.55
2024-03-10,Mozambique-Gangavaram,Panamax,3M,21.8
2024-03-10,Mozambique-Gangavaram,Panamax,6M,20.97
2024-03-10,Mozambique-Gangavaram,Panamax,1Y,21.79
2024-03-10,Mozambique-Gangavaram,Capesize,1M,21.88
2024-03-10,Mozambique-Gangavaram,Capesize,3M,21.89
2024-03-10,Mozambique-Gangavaram,Capesize,6M,22.59
2024-03-10,Mozambique-Gangavaram,Capesize,1Y,22.45
2024-03-10,Mozambique-Gopalpur,Panamax,1M,20.97
2024-03-10,Mozambique-Gopalpur,Panamax,3M,21.32
2024-03-10,Mozambique-Gopalpur,Panamax,6M,20.73
2024-03-10,Mozambique-Gopalpur,Panamax,1Y,22.16
2024-03-10,Mozambique-Gopalpur,Capesize,1M,21.53
2024-03-10,Mozambique-Gopalpur,Capesize,3M,21.87
2024-03-10,Mozambique-Gopalpur,Capesize,6M,21.61
2024-03-10,Mozambique-Gopalpur,Capesize,1Y,22.03
2024-03-10,Mozambique-Haldia,Panamax,1M,19.67
2024-03-10,Mozambique-Haldia,Panamax,3M,20.49
2024-03-10,Mozambique-Haldia,Panamax,6M,20.78
2024-03-10,Mozambique-Haldia,Panamax,1Y,21.01
2024-03-10,Mozambique-Haldia,Capesize,1M,22.02
2024-03-10,Mozambique-Haldia,Capesize,3M,22.34
2024-03-10,Mozambique-Haldia,Capesize,6M,22.3
2024-03-10,Mozambique-Haldia,Capesize,1Y,23.14
2024-03-10,USA-Paradip,Panamax,1M,31.74
2024-03-10,USA-Paradip,Panamax,3M,33.77
2024-03-10,USA-Paradip,Panamax,6M,33.36
2024-03-10,USA-Paradip,Panamax,1Y,34.22
2024-03-10,USA-Paradip,Capesize,1M,34.77
2024-03-10,USA-Paradip,Capesize,3M,35.15
2024-03-10,USA-Paradip,Capesize,6M,35.88
2024-03-10,USA-Paradip,Capesize,1Y,37.45
2024-03-10,USA-Vizag,Panamax,1M,28.94
2024-03-10,USA-Vizag,Panamax,3M,28.43
2024-03-10,USA-Vizag,Panamax,6M,29.73
2024-03-10,USA-Vizag,Panamax,1Y,30.42
2024-03-10,USA-Vizag,Capesize,1M,29.89
2024-03-10,USA-Vizag,Capesize,3M,30.12
2024-03-10,USA-Vizag,Capesize,6M,30.58
2024-03-10,USA-Vizag,Capesize,1Y,31.01
2024-03-10,USA-Dhamra,Panamax,1M,32.94
2024-03-10,USA-Dhamra,Panamax,3M,34.28
2024-03-10,USA-Dhamra,Panamax,6M,34.17
2024-03-10,USA-Dhamra,Panamax,1Y,34.91
2024-03-10,USA-Dhamra,Capesize,1M,36.96
2024-03-10,USA-Dhamra,Capesize,3M,37.82
2024-03-10,USA-Dhamra,Capesize,6M,36.72
2024-03-10,USA-Dhamra,Capesize,1Y,38.37
2024-03-10,USA-Gangavaram,Panamax,1M,31.42
2024-03-10,USA-Gangavaram,Panamax,3M,31.65
2024-03-10,USA-Gangavaram,Panamax,6M,31.89
2024-03-10,USA-Gangavaram,Panamax,1Y,32.75
2024-03-10,USA-Gangavaram,Capesize,1M,31.84
2024-03-10,USA-Gangavaram,Capesize,3M,31.27
2024-03-10,USA-Gangavaram,Capesize,6M,31.45
2024-03-10,USA-Gangavaram,Capesize,1Y,33.36
2024-03-10,USA-Gopalpur,Panamax,1M,32.66
2024-03-10,USA-Gopalpur,Panamax,3M,32.15
2024-03-10,USA-Gopalpur,Panamax,6M,33.71
2024-03-10,USA-Gopalpur,Panamax,1Y,34.22
2024-03-10,USA-Gopalpur,Capesize,1M,34.75
2024-03-10,USA-Gopalpur,Capesize,3M,34.95
2024-03-10,USA-Gopalpur,Capesize,6M,35.7
2024-03-10,USA-Gopalpur,Capesize,1Y,36.1
2024-03-10,USA-Haldia,Panamax,1M,34.44
2024-03-10,USA-Haldia,Panamax,3M,34.92
2024-03-10,USA-Haldia,Panamax,6M,35.48
2024-03-10,USA-Haldia,Panamax,1Y,36.24
2024-03-10,USA-Haldia,Capesize,1M,32.29
2024-03-10,USA-Haldia,Capesize,3M,32.54
2024-03-10,USA-Haldia,Capesize,6M,32.62
2024-03-10,USA-Haldia,Capesize,1Y,34.1
2024-04-09,Australia-Paradip,Panamax,1M,18.12
2024-04-09,Australia-Paradip,Panamax,3M,18.27
2024-04-09,Australia-Paradip,Panamax,6M,18.15
2024-04-09,Australia-Paradip,Panamax,1Y,19.11
2024-04-09,Australia-Paradip,Capesize,1M,16.48
2024-04-09,Australia-Paradip,Capesize,3M,16.64
2024-04-09,Australia-Paradip,Capesize,6M,16.32
2024-04-09,Australia-Paradip,Capesize,1Y,16.96
2024-04-09,Australia-Vizag,Panamax,1M,16.14
2024-04-09,Australia-Vizag,Panamax,3M,16.27
2024-04-09,Australia-Vizag,Panamax,6M,16.57
2024-04-09,Australia-Vizag,Panamax,1Y,16.53
2024-04-09,Australia-Vizag,Capesize,1M,17.27
2024-04-09,Australia-Vizag,Capesize,3M,17.97
2024-04-09,Australia-Vizag,Capesize,6M,17.95
2024-04-09,Australia-Vizag,Capesize,1Y,18.73
2024-04-09,Australia-Dhamra,Panamax,1M,14.94
2024-04-09,Australia-Dhamra,Panamax,3M,14.41
2024-04-09,Australia-Dhamra,Panamax,6M,14.99
2024-04-09,Australia-Dhamra,Panamax,1Y,15.12
2024-04-09,Australia-Dhamra,Capesize,1M,17.5
2024-04-09,Australia-Dhamra,Capesize,3M,17.36
2024-04-09,Australia-Dhamra,Capesize,6M,17.86
2024-04-09,Australia-Dhamra,Capesize,1Y,18.06
2024-04-09,Australia-Gangavaram,Panamax,1M,16.23
2024-04-09,Australia-Gangavaram,Panamax,3M,16.16
2024-04-09,Australia-Gangavaram,Panamax,6M,16.65
2024-04-09,Australia-Gangavaram,Panamax,1Y,17.33
2024-04-09,Australia-Gangavaram,Capesize,1M,16.01
2024-04-09,Australia-Gangavaram,Capesize,3M,16.86
2024-04-09,Australia-Gangavaram,Capesize,6M,16.91
2024-04-09,Australia-Gangavaram,Capesize,1Y,17.15
2024-04-09,Australia-Gopalpur,Panamax,1M,16.44
2024-04-09,Australia-Gopalpur,Panamax,3M,16.11
2024-04-09,Australia-Gopalpur,Panamax,6M,16.71
2024-04-09,Australia-Gopalpur,Panamax,1Y,17.67
2024-04-09,Australia-Gopalpur,Capesize,1M,18.63
2024-04-09,Australia-Gopalpur,Capesize,3M,18.61
2024-04-09,Australia-Gopalpur,Capesize,6M,18.75
2024-04-09,Australia-Gopalpur,Capesize,1Y,18.82
2024-04-09,Australia-Haldia,Panamax,1M,16.61
2024-04-09,Australia-Haldia,Panamax,3M,16.31
2024-04-09,Australia-Haldia,Panamax,6M,16.15
2024-04-09,Australia-Haldia,Panamax,1Y,17.33
2024-04-09,Australia-Haldia,Capesize,1M,15.48
2024-04-09,Australia-Haldia,Capesize,3M,15.79
2024-04-09,Australia-Haldia,Capesize,6M,15.77
2024-04-09,Australia-Haldia,Capesize,1Y,16.3
2024-04-09,Indonesia-Paradip,Panamax,1M,11.12
2024-04-09,Indonesia-Paradip,Panamax,3M,11.17
2024-04-09,Indonesia-Paradip,Panamax,6M,11.44
2024-04-09,Indonesia-Paradip,Panamax,1Y,11.58
2024-04-09,Indonesia-Paradip,Capesize,1M,10.91
2024-04-09,Indonesia-Paradip,Capesize,3M,10.66
2024-04-09,Indonesia-Paradip,Capesize,6M,10.96
2024-04-09,Indonesia-Paradip,Capesize,1Y,11.26
2024-04-09,Indonesia-Vizag,Panamax,1M,11.87
2024-04-09,Indonesia-Vizag,Panamax,3M,12.58
2024-04-09,Indonesia-Vizag,Panamax,6M,12.44
2024-04-09,Indonesia-Vizag,Panamax,1Y,13.03
2024-04-09,Indonesia-Vizag,Capesize,1M,11.56
2024-04-09,Indonesia-Vizag,Capesize,3M,11.86
2024-04-09,Indonesia-Vizag,Capesize,6M,11.48
2024-04-09,Indonesia-Vizag,Capesize,1Y,11.96
2024-04-09,Indonesia-Dhamra,Panamax,1M,12.82
2024-04-09,Indonesia-Dhamra,Panamax,3M,12.59
2024-04-09,Indonesia-Dhamra,Panamax,6M,12.96
2024-04-09,Indonesia-Dhamra,Panamax,1Y,13.21
2024-04-09,Indonesia-Dhamra,Capesize,1M,10.44
2024-04-09,Indonesia-Dhamra,Capesize,3M,10.43
2024-04-09,Indonesia-Dhamra,Capesize,6M,10.64
2024-04-09,Indonesia-Dhamra,Capesize,1Y,10.77
2024-04-09,Indonesia-Gangavaram,Panamax,1M,9.97
2024-04-09,Indonesia-Gangavaram,Panamax,3M,10.36
2024-04-09,Indonesia-Gangavaram,Panamax,6M,10.35
2024-04-09,Indonesia-Gangavaram,Panamax,1Y,10.62
2024-04-09,Indonesia-Gangavaram,Capesize,1M,8.49
2024-04-09,Indonesia-Gangavaram,Capesize,3M,8.71
2024-04-09,Indonesia-Gangavaram,Capesize,6M,8.67
2024-04-09,Indonesia-Gangavaram,Capesize,1Y,9.13
2024-04-09,Indonesia-Gopalpur,Panamax,1M,9.98
2024-04-09,Indonesia-Gopalpur,Panamax,3M,10.28
2024-04-09,Indonesia-Gopalpur,Panamax,6M,10.22
2024-04-09,Indonesia-Gopalpur,Panamax,1Y,10.66
2024-04-09,Indonesia-Gopalpur,Capesize,1M,10.42
2024-04-09,Indonesia-Gopalpur,Capesize,3M,10.51
2024-04-09,Indonesia-Gopalpur,Capesize,6M,10.67
2024-04-09,Indonesia-Gopalpur,Capesize,1Y,10.77
2024-04-09,Indonesia-Haldia,Panamax,1M,10.21
2024-04-09,Indonesia-Haldia,Panamax,3M,10.47
2024-04-09,Indonesia-Haldia,Panamax,6M,10.76
2024-04-09,Indonesia-Haldia,Panamax,1Y,10.4
2024-04-09,Indonesia-Haldia,Capesize,1M,11.13
2024-04-09,Indonesia-Haldia,Capesize,3M,11.25
2024-04-09,Indonesia-Haldia,Capesize,6M,11.6
2024-04-09,Indonesia-Haldia,Capesize,1Y,11.57
2024-04-09,Russia-Paradip,Panamax,1M,22.2
2024-04-09,Russia-Paradip,Panamax,3M,22.4
2024-04-09,Russia-Paradip,Panamax,6M,22.98
2024-04-09,Russia-Paradip,Panamax,1Y,23.61
2024-04-09,Russia-Paradip,Capesize,1M,23.52
2024-04-09,Russia-Paradip,Capesize,3M,23.36
2024-04-09,Russia-Paradip,Capesize,6M,23.3
2024-04-09,Russia-Paradip,Capesize,1Y,23.72
2024-04-09,Russia-Vizag,Panamax,1M,19.39
2024-04-09,Russia-Vizag,Panamax,3M,19.63
2024-04-09,Russia-Vizag,Panamax,6M,20.0
2024-04-09,Russia-Vizag,Panamax,1Y,19.72
2024-04-09,Russia-Vizag,Capesize,1M,23.04
2024-04-09,Russia-Vizag,Capesize,3M,22.51
2024-04-09,Russia-Vizag,Capesize,6M,22.99
2024-04-09,Russia-Vizag,Capesize,1Y,23.36
2024-04-09,Russia-Dhamra,Panamax,1M,22.22
2024-04-09,Russia-Dhamra,Panamax,3M,23.2
2024-04-09,Russia-Dhamra,Panamax,6M,22.48
2024-04-09,Russia-Dhamra,Panamax,1Y,22.53
2024-04-09,Russia-Dhamra,Capesize,1M,20.96
2024-04-09,Russia-Dhamra,Capesize,3M,20.6
2024-04-09,Russia-Dhamra,Capesize,6M,21.42
2024-04-09,Russia-Dhamra,Capesize,1Y,20.93
2024-04-09,Russia-Gangavaram,Panamax,1M,24.3
2024-04-09,Russia-Gangavaram,Panamax,3M,24.48
2024-04-09,Russia-Gangavaram,Panamax,6M,24.1
2024-04-09,Russia-Gangavaram,Panamax,1Y,24.89
2024-04-09,Russia-Gangavaram,Capesize,1M,23.3
2024-04-09,Russia-Gangavaram,Capesize,3M,23.72
2024-04-09,Russia-Gangavaram,Capesize,6M,24.17
2024-04-09,Russia-Gangavaram,Capesize,1Y,24.48
2024-04-09,Russia-Gopalpur,Panamax,1M,19.99
2024-04-09,Russia-Gopalpur,Panamax,3M,19.92
2024-04-09,Russia-Gopalpur,Panamax,6M,20.38
2024-04-09,Russia-Gopalpur,Panamax,1Y,20.5
2024-04-09,Russia-Gopalpur,Capesize,1M,19.15
2024-04-09,Russia-Gopalpur,Capesize,3M,18.94
2024-04-09,Russia-Gopalpur,Capesize,6M,19.18
2024-04-09,Russia-Gopalpur,Capesize,1Y,19.23
2024-04-09,Russia-Haldia,Panamax,1M,21.87
2024-04-09,Russia-Haldia,Panamax,3M,21.97
2024-04-09,Russia-Haldia,Panamax,6M,22.7
2024-04-09,Russia-Haldia,Panamax,1Y,23.1
2024-04-09,Russia-Haldia,Capesize,1M,20.66
2024-04-09,Russia-Haldia,Capesize,3M,20.93
2024-04-09,Russia-Haldia,Capesize,6M,21.03
2024-04-09,Russia-Haldia,Capesize,1Y,21.73
2024-04-09,Mozambique-Paradip,Panamax,1M,21.68
2024-04-09,Mozambique-Paradip,Panamax,3M,22.67
2024-04-09,Mozambique-Paradip,Panamax,6M,22.47
2024-04-09,Mozambique-Paradip,Panamax,1Y,23.0
2024-04-09,Mozambique-Paradip,Capesize,1M,21.21
2024-04-09,Mozambique-Paradip,Capesize,3M,21.21
2024-04-09,Mozambique-Paradip,Capesize,6M,21.38
2024-04-09,Mozambique-Paradip,Capesize,1Y,21.57
2024-04-09,Mozambique-Vizag,Panamax,1M,22.77
2024-04-09,Mozambique-Vizag,Panamax,3M,22.64
2024-04-09,Mozambique-Vizag,Panamax,6M,22.27
2024-04-09,Mozambique-Vizag,Panamax,1Y,23.88
2024-04-09,Mozambique-Vizag,Capesize,1M,21.04
2024-04-09,Mozambique-Vizag,Capesize,3M,21.34
2024-04-09,Mozambique-Vizag,Capesize,6M,21.45
2024-04-09,Mozambique-Vizag,Capesize,1Y,22.27
2024-04-09,Mozambique-Dhamra,Panamax,1M,21.22
2024-04-09,Mozambique-Dhamra,Panamax,3M,21.41
2024-04-09,Mozambique-Dhamra,Panamax,6M,21.63
2024-04-09,Mozambique-Dhamra,Panamax,1Y,21.92
2024-04-09,Mozambique-Dhamra,Capesize,1M,20.26
2024-04-09,Mozambique-Dhamra,Capesize,3M,21.38
2024-04-09,Mozambique-Dhamra,Capesize,6M,20.43
2024-04-09,Mozambique-Dhamra,Capesize,1Y,21.28
2024-04-09,Mozambique-Gangavaram,Panamax,1M,19.91
2024-04-09,Mozambique-Gangavaram,Panamax,3M,19.24
2024-04-09,Mozambique-Gangavaram,Panamax,6M,19.95
2024-04-09,Mozambique-Gangavaram,Panamax,1Y,19.57
2024-04-09,Mozambique-Gangavaram,Capesize,1M,20.79
2024-04-09,Mozambique-Gangavaram,Capesize,3M,20.48
2024-04-09,Mozambique-Gangavaram,Capesize,6M,20.98
2024-04-09,Mozambique-Gangavaram,Capesize,1Y,21.51
2024-04-09,Mozambique-Gopalpur,Panamax,1M,19.9
2024-04-09,Mozambique-Gopalpur,Panamax,3M,19.93
2024-04-09,Mozambique-Gopalpur,Panamax,6M,20.36
2024-04-09,Mozambique-Gopalpur,Panamax,1Y,20.77
2024-04-09,Mozambique-Gopalpur,Capesize,1M,21.59
2024-04-09,Mozambique-Gopalpur,Capesize,3M,21.35
2024-04-09,Mozambique-Gopalpur,Capesize,6M,22.47
2024-04-09,Mozambique-Gopalpur,Capesize,1Y,21.7
2024-04-09,Mozambique-Haldia,Panamax,1M,23.13
2024-04-09,Mozambique-Haldia,Panamax,3M,23.82
2024-04-09,Mozambique-Haldia,Panamax,6M,23.5
2024-04-09,Mozambique-Haldia,Panamax,1Y,23.77
2024-04-09,Mozambique-Haldia,Capesize,1M,18.88
2024-04-09,Mozambique-Haldia,Capesize,3M,19.56
2024-04-09,Mozambique-Haldia,Capesize,6M,19.61
2024-04-09,Mozambique-Haldia,Capesize,1Y,19.67
2024-04-09,USA-Paradip,Panamax,1M,30.22
2024-04-09,USA-Paradip,Panamax,3M,29.75
2024-04-09,USA-Paradip,Panamax,6M,30.38
2024-04-09,USA-Paradip,Panamax,1Y,30.83
2024-04-09,USA-Paradip,Capesize,1M,32.58
2024-04-09,USA-Paradip,Capesize,3M,32.96
2024-04-09,USA-Paradip,Capesize,6M,32.63
2024-04-09,USA-Paradip,Capesize,1Y,33.52
2024-04-09,USA-Vizag,Panamax,1M,34.78
2024-04-09,USA-Vizag,Panamax,3M,34.47
2024-04-09,USA-Vizag,Panamax,6M,34.09
2024-04-09,USA-Vizag,Panamax,1Y,35.97
2024-04-09,USA-Vizag,Capesize,1M,31.39
2024-04-09,USA-Vizag,Capesize,3M,33.01
2024-04-09,USA-Vizag,Capesize,6M,32.47
2024-04-09,USA-Vizag,Capesize,1Y,32.76
2024-04-09,USA-Dhamra,Panamax,1M,32.52
2024-04-09,USA-Dhamra,Panamax,3M,31.89
2024-04-09,USA-Dhamra,Panamax,6M,32.45
2024-04-09,USA-Dhamra,Panamax,1Y,33.18
2024-04-09,USA-Dhamra,Capesize,1M,33.92
2024-04-09,USA-Dhamra,Capesize,3M,33.93
2024-04-09,USA-Dhamra,Capesize,6M,34.56
2024-04-09,USA-Dhamra,Capesize,1Y,35.5
2024-04-09,USA-Gangavaram,Panamax,1M,32.03
2024-04-09,USA-Gangavaram,Panamax,3M,32.39
2024-04-09,USA-Gangavaram,Panamax,6M,32.94
2024-04-09,USA-Gangavaram,Panamax,1Y,32.61
2024-04-09,USA-Gangavaram,Capesize,1M,30.23
2024-04-09,USA-Gangavaram,Capesize,3M,30.16
2024-04-09,USA-Gangavaram,Capesize,6M,29.77
2024-04-09,USA-Gangavaram,Capesize,1Y,30.57
2024-04-09,USA-Gopalpur,Panamax,1M,29.61
2024-04-09,USA-Gopalpur,Panamax,3M,29.37
2024-04-09,USA-Gopalpur,Panamax,6M,30.23
2024-04-09,USA-Gopalpur,Panamax,1Y,30.78
2024-04-09,USA-Gopalpur,Capesize,1M,35.28
2024-04-09,USA-Gopalpur,Capesize,3M,34.71
2024-04-09,USA-Gopalpur,Capesize,6M,36.18
2024-04-09,USA-Gopalpur,Capesize,1Y,36.2
2024-04-09,USA-Haldia,Panamax,1M,30.19
2024-04-09,USA-Haldia,Panamax,3M,29.91
2024-04-09,USA-Haldia,Panamax,6M,30.87
2024-04-09,USA-Haldia,Panamax,1Y,30.91
2024-04-09,USA-Haldia,Capesize,1M,31.72
2024-04-09,USA-Haldia,Capesize,3M,32.11
2024-04-09,USA-Haldia,Capesize,6M,32.08
2024-04-09,USA-Haldia,Capesize,1Y,32.77
2024-05-09,Australia-Paradip,Panamax,1M,17.96
2024-05-09,Australia-Paradip,Panamax,3M,17.68
2024-05-09,Australia-Paradip,Panamax,6M,18.11
2024-05-09,Australia-Paradip,Panamax,1Y,18.3
2024-05-09,Australia-Paradip,Capesize,1M,16.8
2024-05-09,Australia-Paradip,Capesize,3M,16.81
2024-05-09,Australia-Paradip,Capesize,6M,16.86
2024-05-09,Australia-Paradip,Capesize,1Y,16.81
2024-05-09,Australia-Vizag,Panamax,1M,17.75
2024-05-09,Australia-Vizag,Panamax,3M,18.07
2024-05-09,Australia-Vizag,Panamax,6M,17.8
2024-05-09,Australia-Vizag,Panamax,1Y,18.27
2024-05-09,Australia-Vizag,Capesize,1M,16.77
2024-05-09,Australia-Vizag,Capesize,3M,16.65
2024-05-09,Australia-Vizag,Capesize,6M,16.53
2024-05-09,Australia-Vizag,Capesize,1Y,17.21
2024-05-09,Australia-Dhamra,Panamax,1M,15.18
2024-05-09,Australia-Dhamra,Panamax,3M,15.29
2024-05-09,Australia-Dhamra,Panamax,6M,15.13
2024-05-09,Australia-Dhamra,Panamax,1Y,15.78
2024-05-09,Australia-Dhamra,Capesize,1M,15.67
2024-05-09,Australia-Dhamra,Capesize,3M,16.56
2024-05-09,Australia-Dhamra,Capesize,6M,16.52
2024-05-09,Australia-Dhamra,Capesize,1Y,16.42
2024-05-09,Australia-Gangavaram,Panamax,1M,16.21
2024-05-09,Australia-Gangavaram,Panamax,3M,16.54
2024-05-09,Australia-Gangavaram,Panamax,6M,16.99
2024-05-09,Australia-Gangavaram,Panamax,1Y,17.25
2024-05-09,Australia-Gangavaram,Capesize,1M,18.5
2024-05-09,Australia-Gangavaram,Capesize,3M,18.68
2024-05-09,Australia-Gangavaram,Capesize,6M,18.94
2024-05-09,Australia-Gangavaram,Capesize,1Y,19.37
2024-05-09,Australia-Gopalpur,Panamax,1M,18.49
2024-05-09,Australia-Gopalpur,Panamax,3M,18.37
2024-05-09,Australia-Gopalpur,Panamax,6M,18.62
2024-05-09,Australia-Gopalpur,Panamax,1Y,19.54
2024-05-09,Australia-Gopalpur,Capesize,1M,18.56
2024-05-09,Australia-Gopalpur,Capesize,3M,18.66
2024-05-09,Australia-Gopalpur,Capesize,6M,18.28
2024-05-09,Australia-Gopalpur,Capesize,1Y,18.58
2024-05-09,Australia-Haldia,Panamax,1M,17.5
2024-05-09,Australia-Haldia,Panamax,3M,17.68
2024-05-09,Australia-Haldia,Panamax,6M,17.29
2024-05-09,Australia-Haldia,Panamax,1Y,18.35
2024-05-09,Australia-Haldia,Capesize,1M,15.86
2024-05-09,Australia-Haldia,Capesize,3M,16.26
2024-05-09,Australia-Haldia,Capesize,6M,15.99
2024-05-09,Australia-Haldia,Capesize,1Y,16.67
2024-05-09,Indonesia-Paradip,Panamax,1M,9.39
2024-05-09,Indonesia-Paradip,Panamax,3M,9.33
2024-05-09,Indonesia-Paradip,Panamax,6M,9.57
2024-05-09,Indonesia-Paradip,Panamax,1Y,9.55
2024-05-09,Indonesia-Paradip,Capesize,1M,8.75
2024-05-09,Indonesia-Paradip,Capesize,3M,8.92
2024-05-09,Indonesia-Paradip,Capesize,6M,9.24
2024-05-09,Indonesia-Paradip,Capesize,1Y,9.23
2024-05-09,Indonesia-Vizag,Panamax,1M,10.69
2024-05-09,Indonesia-Vizag,Panamax,3M,10.93
2024-05-09,Indonesia-Vizag,Panamax,6M,11.22
2024-05-09,Indonesia-Vizag,Panamax,1Y,11.13
2024-05-09,Indonesia-Vizag,Capesize,1M,10.6
2024-05-09,Indonesia-Vizag,Capesize,3M,10.71
2024-05-09,Indonesia-Vizag,Capesize,6M,10.63
2024-05-09,Indonesia-Vizag,Capesize,1Y,11.02
2024-05-09,Indonesia-Dhamra,Panamax,1M,10.42
2024-05-09,Indonesia-Dhamra,Panamax,3M,10.32
2024-05-09,Indonesia-Dhamra,Panamax,6M,10.6
2024-05-09,Indonesia-Dhamra,Panamax,1Y,10.76
2024-05-09,Indonesia-Dhamra,Capesize,1M,11.69
2024-05-09,Indonesia-Dhamra,Capesize,3M,11.8
2024-05-09,Indonesia-Dhamra,Capesize,6M,11.99
2024-05-09,Indonesia-Dhamra,Capesize,1Y,12.29
2024-05-09,Indonesia-Gangavaram,Panamax,1M,10.46
2024-05-09,Indonesia-Gangavaram,Panamax,3M,11.1
2024-05-09,Indonesia-Gangavaram,Panamax,6M,10.9
2024-05-09,Indonesia-Gangavaram,Panamax,1Y,11.1
2024-05-09,Indonesia-Gangavaram,Capesize,1M,10.85
2024-05-09,Indonesia-Gangavaram,Capesize,3M,10.99
2024-05-09,Indonesia-Gangavaram,Capesize,6M,10.98
2024-05-09,Indonesia-Gangavaram,Capesize,1Y,11.23
2024-05-09,Indonesia-Gopalpur,Panamax,1M,9.72
2024-05-09,Indonesia-Gopalpur,Panamax,3M,9.88
2024-05-09,Indonesia-Gopalpur,Panamax,6M,10.03
2024-05-09,Indonesia-Gopalpur,Panamax,1Y,10.08
2024-05-09,Indonesia-Gopalpur,Capesize,1M,12.44
2024-05-09,Indonesia-Gopalpur,Capesize,3M,12.44
2024-05-09,Indonesia-Gopalpur,Capesize,6M,12.86
2024-05-09,Indonesia-Gopalpur,Capesize,1Y,12.69
2024-05-09,Indonesia-Haldia,Panamax,1M,10.43
2024-05-09,Indonesia-Haldia,Panamax,3M,10.21
2024-05-09,Indonesia-Haldia,Panamax,6M,10.71
2024-05-09,Indonesia-Haldia,Panamax,1Y,10.7
2024-05-09,Indonesia-Haldia,Capesize,1M,10.71
2024-05-09,Indonesia-Haldia,Capesize,3M,10.88
2024-05-09,Indonesia-Haldia,Capesize,6M,10.85
2024-05-09,Indonesia-Haldia,Capesize,1Y,11.07
2024-05-09,Russia-Paradip,Panamax,1M,24.22
2024-05-09,Russia-Paradip,Panamax,3M,24.3
2024-05-09,Russia-Paradip,Panamax,6M,23.77
2024-05-09,Russia-Paradip,Panamax,1Y,24.71
2024-05-09,Russia-Paradip,Capesize,1M,25.75
2024-05-09,Russia-Paradip,Capesize,3M,26.95
2024-05-09,Russia-Paradip,Capesize,6M,26.45
2024-05-09,Russia-Paradip,Capesize,1Y,27.51
2024-05-09,Russia-Vizag,Panamax,1M,22.55
2024-05-09,Russia-Vizag,Panamax,3M,23.02
2024-05-09,Russia-Vizag,Panamax,6M,22.78
2024-05-09,Russia-Vizag,Panamax,1Y,23.13
2024-05-09,Russia-Vizag,Capesize,1M,24.8
2024-05-09,Russia-Vizag,Capesize,3M,24.67
2024-05-09,Russia-Vizag,Capesize,6M,25.07
2024-05-09,Russia-Vizag,Capesize,1Y,25.52
2024-05-09,Russia-Dhamra,Panamax,1M,20.71
2024-05-09,Russia-Dhamra,Panamax,3M,21.03
2024-05-09,Russia-Dhamra,Panamax,6M,21.4
2024-05-09,Russia-Dhamra,Panamax,1Y,22.32
2024-05-09,Russia-Dhamra,Capesize,1M,23.9
2024-05-09,Russia-Dhamra,Capesize,3M,24.14
2024-05-09,Russia-Dhamra,Capesize,6M,24.4
2024-05-09,Russia-Dhamra,Capesize,1Y,25.66
2024-05-09,Russia-Gangavaram,Panamax,1M,20.9
2024-05-09,Russia-Gangavaram,Panamax,3M,20.71
2024-05-09,Russia-Gangavaram,Panamax,6M,20.59
2024-05-09,Russia-Gangavaram,Panamax,1Y,21.08
2024-05-09,Russia-Gangavaram,Capesize,1M,22.59
2024-05-09,Russia-Gangavaram,Capesize,3M,23.36
2024-05-09,Russia-Gangavaram,Capesize,6M,23.2
2024-05-09,Russia-Gangavaram,Capesize,1Y,23.72
2024-05-09,Russia-Gopalpur,Panamax,1M,25.48
2024-05-09,Russia-Gopalpur,Panamax,3M,26.65
2024-05-09,Russia-Gopalpur,Panamax,6M,26.37
2024-05-09,Russia-Gopalpur,Panamax,1Y,26.13
2024-05-09,Russia-Gopalpur,Capesize,1M,22.18
2024-05-09,Russia-Gopalpur,Capesize,3M,22.61
2024-05-09,Russia-Gopalpur,Capesize,6M,22.62
2024-05-09,Russia-Gopalpur,Capesize,1Y,23.57
2024-05-09,Russia-Haldia,Panamax,1M,25.57
2024-05-09,Russia-Haldia,Panamax,3M,25.47
2024-05-09,Russia-Haldia,Panamax,6M,25.52
2024-05-09,Russia-Haldia,Panamax,1Y,26.49
2024-05-09,Russia-Haldia,Capesize,1M,26.9
2024-05-09,Russia-Haldia,Capesize,3M,26.46
2024-05-09,Russia-Haldia,Capesize,6M,27.84
2024-05-09,Russia-Haldia,Capesize,1Y,27.67
2024-05-09,Mozambique-Paradip,Panamax,1M,23.86
2024-05-09,Mozambique-Paradip,Panamax,3M,23.02
2024-05-09,Mozambique-Paradip,Panamax,6M,24.35
2024-05-09,Mozambique-Paradip,Panamax,1Y,24.87
2024-05-09,Mozambique-Paradip,Capesize,1M,17.43
2024-05-09,Mozambique-Paradip,Capesize,3M,17.67
2024-05-09,Mozambique-Paradip,Capesize,6M,17.98
2024-05-09,Mozambique-Paradip,Capesize,1Y,18.06
2024-05-09,Mozambique-Vizag,Panamax,1M,21.61
2024-05-09,Mozambique-Vizag,Panamax,3M,21.53
2024-05-09,Mozambique-Vizag,Panamax,6M,21.94
2024-05-09,Mozambique-Vizag,Panamax,1Y,23.01
2024-05-09,Mozambique-Vizag,Capesize,1M,18.6
2024-05-09,Mozambique-Vizag,Capesize,3M,19.32
2024-05-09,Mozambique-Vizag,Capesize,6M,19.64
2024-05-09,Mozambique-Vizag,Capesize,1Y,19.11
2024-05-09,Mozambique-Dhamra,Panamax,1M,23.05
2024-05-09,Mozambique-Dhamra,Panamax,3M,22.76
2024-05-09,Mozambique-Dhamra,Panamax,6M,23.61
2024-05-09,Mozambique-Dhamra,Panamax,1Y,24.07
2024-05-09,Mozambique-Dhamra,Capesize,1M,18.76
2024-05-09,Mozambique-Dhamra,Capesize,3M,19.21
2024-05-09,Mozambique-Dhamra,Capesize,6M,19.49
2024-05-09,Mozambique-Dhamra,Capesize,1Y,19.78
2024-05-09,Mozambique-Gangavaram,Panamax,1M,20.2
2024-05-09,Mozambique-Gangavaram,Panamax,3M,20.51
2024-05-09,Mozambique-Gangavaram,Panamax,6M,20.84
2024-05-09,Mozambique-Gangavaram,Panamax,1Y,20.98
2024-05-09,Mozambique-Gangavaram,Capesize,1M,21.82
2024-05-09,Mozambique-Gangavaram,Capesize,3M,21.59
2024-05-09,Mozambique-Gangavaram,Capesize,6M,21.75
2024-05-09,Mozambique-Gangavaram,Capesize,1Y,22.35
2024-05-09,Mozambique-Gopalpur,Panamax,1M,20.98
2024-05-09,Mozambique-Gopalpur,Panamax,3M,21.69
2024-05-09,Mozambique-Gopalpur,Panamax,6M,21.85
2024-05-09,Mozambique-Gopalpur,Panamax,1Y,22.01
2024-05-09,Mozambique-Gopalpur,Capesize,1M,19.5
2024-05-09,Mozambique-Gopalpur,Capesize,3M,20.41
2024-05-09,Mozambique-Gopalpur,Capesize,6M,19.72
2024-05-09,Mozambique-Gopalpur,Capesize,1Y,19.63
2024-05-09,Mozambique-Haldia,Panamax,1M,18.43
2024-05-09,Mozambique-Haldia,Panamax,3M,18.79
2024-05-09,Mozambique-Haldia,Panamax,6M,18.93
2024-05-09,Mozambique-Haldia,Panamax,1Y,19.42
2024-05-09,Mozambique-Haldia,Capesize,1M,18.77
2024-05-09,Mozambique-Haldia,Capesize,3M,18.65
2024-05-09,Mozambique-Haldia,Capesize,6M,18.8
2024-05-09,Mozambique-Haldia,Capesize,1Y,19.45
2024-05-09,USA-Paradip,Panamax,1M,32.32
2024-05-09,USA-Paradip,Panamax,3M,31.88
2024-05-09,USA-Paradip,Panamax,6M,31.71
2024-05-09,USA-Paradip,Panamax,1Y,33.64
2024-05-09,USA-Paradip,Capesize,1M,34.75
2024-05-09,USA-Paradip,Capesize,3M,36.51
2024-05-09,USA-Paradip,Capesize,6M,36.3
2024-05-09,USA-Paradip,Capesize,1Y,37.08
2024-05-09,USA-Vizag,Panamax,1M,29.08
2024-05-09,USA-Vizag,Panamax,3M,29.96
2024-05-09,USA-Vizag,Panamax,6M,30.01
2024-05-09,USA-Vizag,Panamax,1Y,30.92
2024-05-09,USA-Vizag,Capesize,1M,30.73
2024-05-09,USA-Vizag,Capesize,3M,30.99
2024-05-09,USA-Vizag,Capesize,6M,31.36
2024-05-09,USA-Vizag,Capesize,1Y,32.85
2024-05-09,USA-Dhamra,Panamax,1M,30.82
2024-05-09,USA-Dhamra,Panamax,3M,30.3
2024-05-09,USA-Dhamra,Panamax,6M,30.14
2024-05-09,USA-Dhamra,Panamax,1Y,31.25
2024-05-09,USA-Dhamra,Capesize,1M,30.32
2024-05-09,USA-Dhamra,Capesize,3M,30.61
2024-05-09,USA-Dhamra,Capesize,6M,30.94
2024-05-09,USA-Dhamra,Capesize,1Y,31.75
2024-05-09,USA-Gangavaram,Panamax,1M,30.42
2024-05-09,USA-Gangavaram,Panamax,3M,30.58
2024-05-09,USA-Gangavaram,Panamax,6M,30.02
2024-05-09,USA-Gangavaram,Panamax,1Y,32.81
2024-05-09,USA-Gangavaram,Capesize,1M,37.55
2024-05-09,USA-Gangavaram,Capesize,3M,37.45
2024-05-09,USA-Gangavaram,Capesize,6M,38.86
2024-05-09,USA-Gangavaram,Capesize,1Y,38.81
2024-05-09,USA-Gopalpur,Panamax,1M,33.89
2024-05-09,USA-Gopalpur,Panamax,3M,33.49
2024-05-09,USA-Gopalpur,Panamax,6M,34.03
2024-05-09,USA-Gopalpur,Panamax,1Y,35.61
2024-05-09,USA-Gopalpur,Capesize,1M,28.26
2024-05-09,USA-Gopalpur,Capesize,3M,29.83
2024-05-09,USA-Gopalpur,Capesize,6M,29.67
2024-05-09,USA-Gopalpur,Capesize,1Y,29.63
2024-05-09,USA-Haldia,Panamax,1M,32.88
2024-05-09,USA-Haldia,Panamax,3M,32.87
2024-05-09,USA-Haldia,Panamax,6M,32.6
2024-05-09,USA-Haldia,Panamax,1Y,33.81
2024-05-09,USA-Haldia,Capesize,1M,35.33
2024-05-09,USA-Haldia,Capesize,3M,34.15
2024-05-09,USA-Haldia,Capesize,6M,34.83
2024-05-09,USA-Haldia,Capesize,1Y,35.89
2024-06-08,Australia-Paradip,Panamax,1M,16.38
2024-06-08,Australia-Paradip,Panamax,3M,16.66
2024-06-08,Australia-Paradip,Panamax,6M,16.36
2024-06-08,Australia-Paradip,Panamax,1Y,17.27
2024-06-08,Australia-Paradip,Capesize,1M,15.31
2024-06-08,Australia-Paradip,Capesize,3M,15.96
2024-06-08,Australia-Paradip,Capesize,6M,16.09
2024-06-08,Australia-Paradip,Capesize,1Y,16.51
2024-06-08,Australia-Vizag,Panamax,1M,16.96
2024-06-08,Australia-Vizag,Panamax,3M,16.98
2024-06-08,Australia-Vizag,Panamax,6M,16.99
2024-06-08,Australia-Vizag,Panamax,1Y,17.58
2024-06-08,Australia-Vizag,Capesize,1M,14.78
2024-06-08,Australia-Vizag,Capesize,3M,14.89
2024-06-08,Australia-Vizag,Capesize,6M,15.05
2024-06-08,Australia-Vizag,Capesize,1Y,15.28
2024-06-08,Australia-Dhamra,Panamax,1M,14.42
2024-06-08,Australia-Dhamra,Panamax,3M,14.38
2024-06-08,Australia-Dhamra,Panamax,6M,13.92
2024-06-08,Australia-Dhamra,Panamax,1Y,14.76
2024-06-08,Australia-Dhamra,Capesize,1M,16.28
2024-06-08,Australia-Dhamra,Capesize,3M,16.95
2024-06-08,Australia-Dhamra,Capesize,6M,16.87
2024-06-08,Australia-Dhamra,Capesize,1Y,16.91
2024-06-08,Australia-Gangavaram,Panamax,1M,16.39
2024-06-08,Australia-Gangavaram,Panamax,3M,16.62
2024-06-08,Australia-Gangavaram,Panamax,6M,16.72
2024-06-08,Australia-Gangavaram,Panamax,1Y,16.53
2024-06-08,Australia-Gangavaram,Capesize,1M,17.94
2024-06-08,Australia-Gangavaram,Capesize,3M,17.87
2024-06-08,Australia-Gangavaram,Capesize,6M,17.8
2024-06-08,Australia-Gangavaram,Capesize,1Y,18.78
2024-06-08,Australia-Gopalpur,Panamax,1M,16.74
2024-06-08,Australia-Gopalpur,Panamax,3M,16.66
2024-06-08,Australia-Gopalpur,Panamax,6M,16.92
2024-06-08,Australia-Gopalpur,Panamax,1Y,17.18
2024-06-08,Australia-Gopalpur,Capesize,1M,15.24
2024-06-08,Australia-Gopalpur,Capesize,3M,15.63
2024-06-08,Australia-Gopalpur,Capesize,6M,15.72
2024-06-08,Australia-Gopalpur,Capesize,1Y,15.87
2024-06-08,Australia-Haldia,Panamax,1M,16.16
2024-06-08,Australia-Haldia,Panamax,3M,16.18
2024-06-08,Australia-Haldia,Panamax,6M,16.59
2024-06-08,Australia-Haldia,Panamax,1Y,16.74
2024-06-08,Australia-Haldia,Capesize,1M,16.48
2024-06-08,Australia-Haldia,Capesize,3M,16.38
2024-06-08,Australia-Haldia,Capesize,6M,16.59
2024-06-08,Australia-Haldia,Capesize,1Y,16.75
2024-06-08,Indonesia-Paradip,Panamax,1M,9.59
2024-06-08,Indonesia-Paradip,Panamax,3M,9.44
2024-06-08,Indonesia-Paradip,Panamax,6M,9.44
2024-06-08,Indonesia-Paradip,Panamax,1Y,10.05
2024-06-08,Indonesia-Paradip,Capesize,1M,11.48
2024-06-08,Indonesia-Paradip,Capesize,3M,11.74
2024-06-08,Indonesia-Paradip,Capesize,6M,11.79
2024-06-08,Indonesia-Paradip,Capesize,1Y,12.15
2024-06-08,Indonesia-Vizag,Panamax,1M,9.33
2024-06-08,Indonesia-Vizag,Panamax,3M,9.29
2024-06-08,Indonesia-Vizag,Panamax,6M,9.07
2024-06-08,Indonesia-Vizag,Panamax,1Y,9.39
2024-06-08,Indonesia-Vizag,Capesize,1M,11.76
2024-06-08,Indonesia-Vizag,Capesize,3M,11.57
2024-06-08,Indonesia-Vizag,Capesize,6M,11.52
2024-06-08,Indonesia-Vizag,Capesize,1Y,11.84
2024-06-08,Indonesia-Dhamra,Panamax,1M,8.09
2024-06-08,Indonesia-Dhamra,Panamax,3M,8.47
2024-06-08,Indonesia-Dhamra,Panamax,6M,8.35
2024-06-08,Indonesia-Dhamra,Panamax,1Y,8.71
2024-06-08,Indonesia-Dhamra,Capesize,1M,9.65
2024-06-08,Indonesia-Dhamra,Capesize,3M,9.6
2024-06-08,Indonesia-Dhamra,Capesize,6M,10.11
2024-06-08,Indonesia-Dhamra,Capesize,1Y,10.03
2024-06-08,Indonesia-Gangavaram,Panamax,1M,10.34
2024-06-08,Indonesia-Gangavaram,Panamax,3M,10.71
2024-06-08,Indonesia-Gangavaram,Panamax,6M,10.44
2024-06-08,Indonesia-Gangavaram,Panamax,1Y,10.86
2024-06-08,Indonesia-Gangavaram,Capesize,1M,10.67
2024-06-08,Indonesia-Gangavaram,Capesize,3M,10.82
2024-06-08,Indonesia-Gangavaram,Capesize,6M,10.87
2024-06-08,Indonesia-Gangavaram,Capesize,1Y,11.42
2024-06-08,Indonesia-Gopalpur,Panamax,1M,11.33
2024-06-08,Indonesia-Gopalpur,Panamax,3M,11.52
2024-06-08,Indonesia-Gopalpur,Panamax,6M,11.69
2024-06-08,Indonesia-Gopalpur,Panamax,1Y,11.61
2024-06-08,Indonesia-Gopalpur,Capesize,1M,9.35
2024-06-08,Indonesia-Gopalpur,Capesize,3M,9.55
2024-06-08,Indonesia-Gopalpur,Capesize,6M,9.65
2024-06-08,Indonesia-Gopalpur,Capesize,1Y,10.03
2024-06-08,Indonesia-Haldia,Panamax,1M,9.2
2024-06-08,Indonesia-Haldia,Panamax,3M,9.64
2024-06-08,Indonesia-Haldia,Panamax,6M,9.36
2024-06-08,Indonesia-Haldia,Panamax,1Y,9.63
2024-06-08,Indonesia-Haldia,Capesize,1M,10.92
2024-06-08,Indonesia-Haldia,Capesize,3M,11.01
2024-06-08,Indonesia-Haldia,Capesize,6M,11.13
2024-06-08,Indonesia-Haldia,Capesize,1Y,11.37
2024-06-08,Russia-Paradip,Panamax,1M,21.35
2024-06-08,Russia-Paradip,Panamax,3M,21.2
2024-06-08,Russia-Paradip,Panamax,6M,22.36
2024-06-08,Russia-Paradip,Panamax,1Y,22.45
2024-06-08,Russia-Paradip,Capesize,1M,23.5
2024-06-08,Russia-Paradip,Capesize,3M,22.79
2024-06-08,Russia-Paradip,Capesize,6M,23.38
2024-06-08,Russia-Paradip,Capesize,1Y,24.43
2024-06-08,Russia-Vizag,Panamax,1M,20.38
2024-06-08,Russia-Vizag,Panamax,3M,20.72
2024-06-08,Russia-Vizag,Panamax,6M,21.02
2024-06-08,Russia-Vizag,Panamax,1Y,21.08
2024-06-08,Russia-Vizag,Capesize,1M,27.08
2024-06-08,Russia-Vizag,Capesize,3M,27.16
2024-06-08,Russia-Vizag,Capesize,6M,27.83
2024-06-08,Russia-Vizag,Capesize,1Y,28.13
2024-06-08,Russia-Dhamra,Panamax,1M,21.88
2024-06-08,Russia-Dhamra,Panamax,3M,21.91
2024-06-08,Russia-Dhamra,Panamax,6M,22.17
2024-06-08,Russia-Dhamra,Panamax,1Y,22.55
2024-06-08,Russia-Dhamra,Capesize,1M,23.18
2024-06-08,Russia-Dhamra,Capesize,3M,23.88
2024-06-08,Russia-Dhamra,Capesize,6M,23.33
2024-06-08,Russia-Dhamra,Capesize,1Y,24.55
2024-06-08,Russia-Gangavaram,Panamax,1M,21.86
2024-06-08,Russia-Gangavaram,Panamax,3M,21.62
2024-06-08,Russia-Gangavaram,Panamax,6M,21.91
2024-06-08,Russia-Gangavaram,Panamax,1Y,22.48
2024-06-08,Russia-Gangavaram,Capesize,1M,21.98
2024-06-08,Russia-Gangavaram,Capesize,3M,22.0
2024-06-08,Russia-Gangavaram,Capesize,6M,22.84
2024-06-08,Russia-Gangavaram,Capesize,1Y,22.37
2024-06-08,Russia-Gopalpur,Panamax,1M,23.31
2024-06-08,Russia-Gopalpur,Panamax,3M,22.85
2024-06-08,Russia-Gopalpur,Panamax,6M,22.84
2024-06-08,Russia-Gopalpur,Panamax,1Y,23.77
2024-06-08,Russia-Gopalpur,Capesize,1M,22.17
2024-06-08,Russia-Gopalpur,Capesize,3M,22.18
2024-06-08,Russia-Gopalpur,Capesize,6M,22.93
2024-06-08,Russia-Gopalpur,Capesize,1Y,23.06
2024-06-08,Russia-Haldia,Panamax,1M,21.89
2024-06-08,Russia-Haldia,Panamax,3M,22.41
2024-06-08,Russia-Haldia,Panamax,6M,22.83
2024-06-08,Russia-Haldia,Panamax,1Y,22.87
2024-06-08,Russia-Haldia,Capesize,1M,21.39
2024-06-08,Russia-Haldia,Capesize,3M,21.28
2024-06-08,Russia-Haldia,Capesize,6M,22.19
2024-06-08,Russia-Haldia,Capesize,1Y,21.98
2024-06-08,Mozambique-Paradip,Panamax,1M,20.22
2024-06-08,Mozambique-Paradip,Panamax,3M,20.25
2024-06-08,Mozambique-Paradip,Panamax,6M,20.99
2024-06-08,Mozambique-Paradip,Panamax,1Y,21.95
2024-06-08,Mozambique-Paradip,Capesize,1M,22.24
2024-06-08,Mozambique-Paradip,Capesize,3M,23.28
2024-06-08,Mozambique-Paradip,Capesize,6M,22.56
2024-06-08,Mozambique-Paradip,Capesize,1Y,23.16
2024-06-08,Mozambique-Vizag,Panamax,1M,21.58
2024-06-08,Mozambique-Vizag,Panamax,3M,21.9
2024-06-08,Mozambique-Vizag,Panamax,6M,22.31
2024-06-08,Mozambique-Vizag,Panamax,1Y,22.22
2024-06-08,Mozambique-Vizag,Capesize,1M,22.32
2024-06-08,Mozambique-Vizag,Capesize,3M,22.36
2024-06-08,Mozambique-Vizag,Capesize,6M,23.29
2024-06-08,Mozambique-Vizag,Capesize,1Y,22.94
2024-06-08,Mozambique-Dhamra,Panamax,1M,21.36
2024-06-08,Mozambique-Dhamra,Panamax,3M,21.72
2024-06-08,Mozambique-Dhamra,Panamax,6M,22.29
2024-06-08,Mozambique-Dhamra,Panamax,1Y,22.86
2024-06-08,Mozambique-Dhamra,Capesize,1M,23.41
2024-06-08,Mozambique-Dhamra,Capesize,3M,23.49
2024-06-08,Mozambique-Dhamra,Capesize,6M,24.07
2024-06-08,Mozambique-Dhamra,Capesize,1Y,24.34
2024-06-08,Mozambique-Gangavaram,Panamax,1M,19.46
2024-06-08,Mozambique-Gangavaram,Panamax,3M,19.75
2024-06-08,Mozambique-Gangavaram,Panamax,6M,19.88
2024-06-08,Mozambique-Gangavaram,Panamax,1Y,20.71
2024-06-08,Mozambique-Gangavaram,Capesize,1M,17.99
2024-06-08,Mozambique-Gangavaram,Capesize,3M,18.63
2024-06-08,Mozambique-Gangavaram,Capesize,6M,18.65
2024-06-08,Mozambique-Gangavaram,Capesize,1Y,18.82
2024-06-08,Mozambique-Gopalpur,Panamax,1M,19.19
2024-06-08,Mozambique-Gopalpur,Panamax,3M,19.11
2024-06-08,Mozambique-Gopalpur,Panamax,6M,19.27
2024-06-08,Mozambique-Gopalpur,Panamax,1Y,19.61
2024-06-08,Mozambique-Gopalpur,Capesize,1M,21.59
2024-06-08,Mozambique-Gopalpur,Capesize,3M,21.1
2024-06-08,Mozambique-Gopalpur,Capesize,6M,22.48
2024-06-08,Mozambique-Gopalpur,Capesize,1Y,22.0
2024-06-08,Mozambique-Haldia,Panamax,1M,19.09
2024-06-08,Mozambique-Haldia,Panamax,3M,19.79
2024-06-08,Mozambique-Haldia,Panamax,6M,19.56
2024-06-08,Mozambique-Haldia,Panamax,1Y,19.84
2024-06-08,Mozambique-Haldia,Capesize,1M,20.26
2024-06-08,Mozambique-Haldia,Capesize,3M,20.57
2024-06-08,Mozambique-Haldia,Capesize,6M,20.47
2024-06-08,Mozambique-Haldia,Capesize,1Y,21.04
2024-06-08,USA-Paradip,Panamax,1M,36.59
2024-06-08,USA-Paradip,Panamax,3M,37.44
2024-06-08,USA-Paradip,Panamax,6M,37.53
2024-06-08,USA-Paradip,Panamax,1Y,38.54
2024-06-08,USA-Paradip,Capesize,1M,34.18
2024-06-08,USA-Paradip,Capesize,3M,34.09
2024-06-08,USA-Paradip,Capesize,6M,34.29
2024-06-08,USA-Paradip,Capesize,1Y,36.04
2024-06-08,USA-Vizag,Panamax,1M,32.4
2024-06-08,USA-Vizag,Panamax,3M,32.59
2024-06-08,USA-Vizag,Panamax,6M,32.7
2024-06-08,USA-Vizag,Panamax,1Y,33.66
2024-06-08,USA-Vizag,Capesize,1M,32.33
2024-06-08,USA-Vizag,Capesize,3M,32.76
2024-06-08,USA-Vizag,Capesize,6M,32.54
2024-06-08,USA-Vizag,Capesize,1Y,32.69
2024-06-08,USA-Dhamra,Panamax,1M,31.41
2024-06-08,USA-Dhamra,Panamax,3M,32.84
2024-06-08,USA-Dhamra,Panamax,6M,31.58
2024-06-08,USA-Dhamra,Panamax,1Y,33.31
2024-06-08,USA-Dhamra,Capesize,1M,31.33
2024-06-08,USA-Dhamra,Capesize,3M,32.19
2024-06-08,USA-Dhamra,Capesize,6M,32.7
2024-06-08,USA-Dhamra,Capesize,1Y,32.83
2024-06-08,USA-Gangavaram,Panamax,1M,33.34
2024-06-08,USA-Gangavaram,Panamax,3M,33.3
2024-06-08,USA-Gangavaram,Panamax,6M,34.36
2024-06-08,USA-Gangavaram,Panamax,1Y,35.32
2024-06-08,USA-Gangavaram,Capesize,1M,29.3
2024-06-08,USA-Gangavaram,Capesize,3M,29.58
2024-06-08,USA-Gangavaram,Capesize,6M,29.72
2024-06-08,USA-Gangavaram,Capesize,1Y,29.29
2024-06-08,USA-Gopalpur,Panamax,1M,33.8
2024-06-08,USA-Gopalpur,Panamax,3M,34.7
2024-06-08,USA-Gopalpur,Panamax,6M,34.91
2024-06-08,USA-Gopalpur,Panamax,1Y,35.8
2024-06-08,USA-Gopalpur,Capesize,1M,33.52
2024-06-08,USA-Gopalpur,Capesize,3M,35.16
2024-06-08,USA-Gopalpur,Capesize,6M,35.25
2024-06-08,USA-Gopalpur,Capesize,1Y,35.31
2024-06-08,USA-Haldia,Panamax,1M,29.87
2024-06-08,USA-Haldia,Panamax,3M,30.9
2024-06-08,USA-Haldia,Panamax,6M,31.11
2024-06-08,USA-Haldia,Panamax,1Y,31.24
2024-06-08,USA-Haldia,Capesize,1M,28.7
2024-06-08,USA-Haldia,Capesize,3M,28.94
2024-06-08,USA-Haldia,Capesize,6M,29.71
2024-06-08,USA-Haldia,Capesize,1Y,31.06
2024-07-08,Australia-Paradip,Panamax,1M,18.88
2024-07-08,Australia-Paradip,Panamax,3M,20.54
2024-07-08,Australia-Paradip,Panamax,6M,19.72
2024-07-08,Australia-Paradip,Panamax,1Y,20.11
2024-07-08,Australia-Paradip,Capesize,1M,14.36
2024-07-08,Australia-Paradip,Capesize,3M,14.94
2024-07-08,Australia-Paradip,Capesize,6M,15.17
2024-07-08,Australia-Paradip,Capesize,1Y,15.41
2024-07-08,Australia-Vizag,Panamax,1M,15.02
2024-07-08,Australia-Vizag,Panamax,3M,15.55
2024-07-08,Australia-Vizag,Panamax,6M,15.98
2024-07-08,Australia-Vizag,Panamax,1Y,15.93
2024-07-08,Australia-Vizag,Capesize,1M,15.9
2024-07-08,Australia-Vizag,Capesize,3M,16.51
2024-07-08,Australia-Vizag,Capesize,6M,16.81
2024-07-08,Australia-Vizag,Capesize,1Y,16.91
2024-07-08,Australia-Dhamra,Panamax,1M,16.62
2024-07-08,Australia-Dhamra,Panamax,3M,16.58
2024-07-08,Australia-Dhamra,Panamax,6M,17.09
2024-07-08,Australia-Dhamra,Panamax,1Y,17.27
2024-07-08,Australia-Dhamra,Capesize,1M,14.76
2024-07-08,Australia-Dhamra,Capesize,3M,15.33
2024-07-08,Australia-Dhamra,Capesize,6M,14.56
2024-07-08,Australia-Dhamra,Capesize,1Y,15.52
2024-07-08,Australia-Gangavaram,Panamax,1M,18.0
2024-07-08,Australia-Gangavaram,Panamax,3M,18.03
2024-07-08,Australia-Gangavaram,Panamax,6M,17.87
2024-07-08,Australia-Gangavaram,Panamax,1Y,18.68
2024-07-08,Australia-Gangavaram,Capesize,1M,17.86
2024-07-08,Australia-Gangavaram,Capesize,3M,18.28
2024-07-08,Australia-Gangavaram,Capesize,6M,18.58
2024-07-08,Australia-Gangavaram,Capesize,1Y,18.68
2024-07-08,Australia-Gopalpur,Panamax,1M,16.72
2024-07-08,Australia-Gopalpur,Panamax,3M,17.23
2024-07-08,Australia-Gopalpur,Panamax,6M,17.52
2024-07-08,Australia-Gopalpur,Panamax,1Y,17.31
2024-07-08,Australia-Gopalpur,Capesize,1M,15.76
2024-07-08,Australia-Gopalpur,Capesize,3M,15.73
2024-07-08,Australia-Gopalpur,Capesize,6M,16.5
2024-07-08,Australia-Gopalpur,Capesize,1Y,16.64
2024-07-08,Australia-Haldia,Panamax,1M,15.58
2024-07-08,Australia-Haldia,Panamax,3M,15.26
2024-07-08,Australia-Haldia,Panamax,6M,15.63
2024-07-08,Australia-Haldia,Panamax,1Y,15.8
2024-07-08,Australia-Haldia,Capesize,1M,19.13
2024-07-08,Australia-Haldia,Capesize,3M,19.04
2024-07-08,Australia-Haldia,Capesize,6M,19.02
2024-07-08,Australia-Haldia,Capesize,1Y,19.5
2024-07-08,Indonesia-Paradip,Panamax,1M,12.2
2024-07-08,Indonesia-Paradip,Panamax,3M,12.32
2024-07-08,Indonesia-Paradip,Panamax,6M,12.86
2024-07-08,Indonesia-Paradip,Panamax,1Y,12.4
2024-07-08,Indonesia-Paradip,Capesize,1M,12.13
2024-07-08,Indonesia-Paradip,Capesize,3M,12.03
2024-07-08,Indonesia-Paradip,Capesize,6M,12.32
2024-07-08,Indonesia-Paradip,Capesize,1Y,12.51
2024-07-08,Indonesia-Vizag,Panamax,1M,10.33
2024-07-08,Indonesia-Vizag,Panamax,3M,10.25
2024-07-08,Indonesia-Vizag,Panamax,6M,10.32
2024-07-08,Indonesia-Vizag,Panamax,1Y,10.61
2024-07-08,Indonesia-Vizag,Capesize,1M,9.83
2024-07-08,Indonesia-Vizag,Capesize,3M,10.07
2024-07-08,Indonesia-Vizag,Capesize,6M,10.21
2024-07-08,Indonesia-Vizag,Capesize,1Y,10.06
2024-07-08,Indonesia-Dhamra,Panamax,1M,13.05
2024-07-08,Indonesia-Dhamra,Panamax,3M,12.68
2024-07-08,Indonesia-Dhamra,Panamax,6M,12.97
2024-07-08,Indonesia-Dhamra,Panamax,1Y,13.02
2024-07-08,Indonesia-Dhamra,Capesize,1M,8.83
2024-07-08,Indonesia-Dhamra,Capesize,3M,9.05
2024-07-08,Indonesia-Dhamra,Capesize,6M,9.1
2024-07-08,Indonesia-Dhamra,Capesize,1Y,9.51
2024-07-08,Indonesia-Gangavaram,Panamax,1M,9.2
2024-07-08,Indonesia-Gangavaram,Panamax,3M,9.27
2024-07-08,Indonesia-Gangavaram,Panamax,6M,9.03
2024-07-08,Indonesia-Gangavaram,Panamax,1Y,9.63
2024-07-08,Indonesia-Gangavaram,Capesize,1M,9.15
2024-07-08,Indonesia-Gangavaram,Capesize,3M,8.91
2024-07-08,Indonesia-Gangavaram,Capesize,6M,9.16
2024-07-08,Indonesia-Gangavaram,Capesize,1Y,9.17
2024-07-08,Indonesia-Gopalpur,Panamax,1M,10.16
2024-07-08,Indonesia-Gopalpur,Panamax,3M,10.56
2024-07-08,Indonesia-Gopalpur,Panamax,6M,10.6
2024-07-08,Indonesia-Gopalpur,Panamax,1Y,10.87
2024-07-08,Indonesia-Gopalpur,Capesize,1M,10.07
2024-07-08,Indonesia-Gopalpur,Capesize,3M,10.13
2024-07-08,Indonesia-Gopalpur,Capesize,6M,10.42
2024-07-08,Indonesia-Gopalpur,Capesize,1Y,10.75
2024-07-08,Indonesia-Haldia,Panamax,1M,12.24
2024-07-08,Indonesia-Haldia,Panamax,3M,12.7
2024-07-08,Indonesia-Haldia,Panamax,6M,12.48
2024-07-08,Indonesia-Haldia,Panamax,1Y,12.43
2024-07-08,Indonesia-Haldia,Capesize,1M,10.64
2024-07-08,Indonesia-Haldia,Capesize,3M,11.06
2024-07-08,Indonesia-Haldia,Capesize,6M,10.92
2024-07-08,Indonesia-Haldia,Capesize,1Y,10.92
2024-07-08,Russia-Paradip,Panamax,1M,19.73
2024-07-08,Russia-Paradip,Panamax,3M,19.98
2024-07-08,Russia-Paradip,Panamax,6M,20.16
2024-07-08,Russia-Paradip,Panamax,1Y,20.76
2024-07-08,Russia-Paradip,Capesize,1M,22.53
2024-07-08,Russia-Paradip,Capesize,3M,23.19
2024-07-08,Russia-Paradip,Capesize,6M,23.04
2024-07-08,Russia-Paradip,Capesize,1Y,24.07
2024-07-08,Russia-Vizag,Panamax,1M,24.26
2024-07-08,Russia-Vizag,Panamax,3M,24.27
2024-07-08,Russia-Vizag,Panamax,6M,24.66
2024-07-08,Russia-Vizag,Panamax,1Y,24.7
2024-07-08,Russia-Vizag,Capesize,1M,25.41
2024-07-08,Russia-Vizag,Capesize,3M,25.63
2024-07-08,Russia-Vizag,Capesize,6M,24.65
2024-07-08,Russia-Vizag,Capesize,1Y,25.29
2024-07-08,Russia-Dhamra,Panamax,1M,20.38
2024-07-08,Russia-Dhamra,Panamax,3M,20.11
2024-07-08,Russia-Dhamra,Panamax,6M,20.68
2024-07-08,Russia-Dhamra,Panamax,1Y,20.9
2024-07-08,Russia-Dhamra,Capesize,1M,24.74
2024-07-08,Russia-Dhamra,Capesize,3M,24.92
2024-07-08,Russia-Dhamra,Capesize,6M,25.17
2024-07-08,Russia-Dhamra,Capesize,1Y,26.21
2024-07-08,Russia-Gangavaram,Panamax,1M,24.55
2024-07-08,Russia-Gangavaram,Panamax,3M,24.85
2024-07-08,Russia-Gangavaram,Panamax,6M,25.45
2024-07-08,Russia-Gangavaram,Panamax,1Y,26.26
2024-07-08,Russia-Gangavaram,Capesize,1M,25.07
2024-07-08,Russia-Gangavaram,Capesize,3M,25.28
2024-07-08,Russia-Gangavaram,Capesize,6M,25.73
2024-07-08,Russia-Gangavaram,Capesize,1Y,25.68
2024-07-08,Russia-Gopalpur,Panamax,1M,24.51
2024-07-08,Russia-Gopalpur,Panamax,3M,24.71
2024-07-08,Russia-Gopalpur,Panamax,6M,24.42
2024-07-08,Russia-Gopalpur,Panamax,1Y,25.11
2024-07-08,Russia-Gopalpur,Capesize,1M,25.98
2024-07-08,Russia-Gopalpur,Capesize,3M,26.72
2024-07-08,Russia-Gopalpur,Capesize,6M,25.85
2024-07-08,Russia-Gopalpur,Capesize,1Y,27.7
2024-07-08,Russia-Haldia,Panamax,1M,21.85
2024-07-08,Russia-Haldia,Panamax,3M,22.43
2024-07-08,Russia-Haldia,Panamax,6M,22.22
2024-07-08,Russia-Haldia,Panamax,1Y,23.01
2024-07-08,Russia-Haldia,Capesize,1M,18.95
2024-07-08,Russia-Haldia,Capesize,3M,18.29
2024-07-08,Russia-Haldia,Capesize,6M,18.54
2024-07-08,Russia-Haldia,Capesize,1Y,19.0
2024-07-08,Mozambique-Paradip,Panamax,1M,20.25
2024-07-08,Mozambique-Paradip,Panamax,3M,20.78
2024-07-08,Mozambique-Paradip,Panamax,6M,20.68
2024-07-08,Mozambique-Paradip,Panamax,1Y,20.82
2024-07-08,Mozambique-Paradip,Capesize,1M,22.36
2024-07-08,Mozambique-Paradip,Capesize,3M,22.47
2024-07-08,Mozambique-Paradip,Capesize,6M,23.56
2024-07-08,Mozambique-Paradip,Capesize,1Y,22.73
2024-07-08,Mozambique-Vizag,Panamax,1M,24.26
2024-07-08,Mozambique-Vizag,Panamax,3M,24.14
2024-07-08,Mozambique-Vizag,Panamax,6M,24.44
2024-07-08,Mozambique-Vizag,Panamax,1Y,25.12
2024-07-08,Mozambique-Vizag,Capesize,1M,22.55
2024-07-08,Mozambique-Vizag,Capesize,3M,23.16
2024-07-08,Mozambique-Vizag,Capesize,6M,23.52
2024-07-08,Mozambique-Vizag,Capesize,1Y,22.53
2024-07-08,Mozambique-Dhamra,Panamax,1M,17.58
2024-07-08,Mozambique-Dhamra,Panamax,3M,18.1
2024-07-08,Mozambique-Dhamra,Panamax,6M,17.99
2024-07-08,Mozambique-Dhamra,Panamax,1Y,18.89
2024-07-08,Mozambique-Dhamra,Capesize,1M,19.62
2024-07-08,Mozambique-Dhamra,Capesize,3M,20.54
2024-07-08,Mozambique-Dhamra,Capesize,6M,20.23
2024-07-08,Mozambique-Dhamra,Capesize,1Y,21.07
2024-07-08,Mozambique-Gangavaram,Panamax,1M,20.45
2024-07-08,Mozambique-Gangavaram,Panamax,3M,20.37
2024-07-08,Mozambique-Gangavaram,Panamax,6M,21.15
2024-07-08,Mozambique-Gangavaram,Panamax,1Y,21.29
2024-07-08,Mozambique-Gangavaram,Capesize,1M,20.87
2024-07-08,Mozambique-Gangavaram,Capesize,3M,20.48
2024-07-08,Mozambique-Gangavaram,Capesize,6M,21.01
2024-07-08,Mozambique-Gangavaram,Capesize,1Y,21.17
2024-07-08,Mozambique-Gopalpur,Panamax,1M,20.84
2024-07-08,Mozambique-Gopalpur,Panamax,3M,21.21
2024-07-08,Mozambique-Gopalpur,Panamax,6M,21.4
2024-07-08,Mozambique-Gopalpur,Panamax,1Y,21.86
2024-07-08,Mozambique-Gopalpur,Capesize,1M,23.7
2024-07-08,Mozambique-Gopalpur,Capesize,3M,23.95
2024-07-08,Mozambique-Gopalpur,Capesize,6M,24.17
2024-07-08,Mozambique-Gopalpur,Capesize,1Y,24.71
2024-07-08,Mozambique-Haldia,Panamax,1M,21.01
2024-07-08,Mozambique-Haldia,Panamax,3M,21.05
2024-07-08,Mozambique-Haldia,Panamax,6M,21.02
2024-07-08,Mozambique-Haldia,Panamax,1Y,21.35
2024-07-08,Mozambique-Haldia,Capesize,1M,24.5
2024-07-08,Mozambique-Haldia,Capesize,3M,24.71
2024-07-08,Mozambique-Haldia,Capesize,6M,24.81
2024-07-08,Mozambique-Haldia,Capesize,1Y,25.98
2024-07-08,USA-Paradip,Panamax,1M,30.96
2024-07-08,USA-Paradip,Panamax,3M,31.45
2024-07-08,USA-Paradip,Panamax,6M,31.9
2024-07-08,USA-Paradip,Panamax,1Y,32.01
2024-07-08,USA-Paradip,Capesize,1M,28.96
2024-07-08,USA-Paradip,Capesize,3M,29.17
2024-07-08,USA-Paradip,Capesize,6M,29.48
2024-07-08,USA-Paradip,Capesize,1Y,30.88
2024-07-08,USA-Vizag,Panamax,1M,34.06
2024-07-08,USA-Vizag,Panamax,3M,33.73
2024-07-08,USA-Vizag,Panamax,6M,34.83
2024-07-08,USA-Vizag,Panamax,1Y,34.71
2024-07-08,USA-Vizag,Capesize,1M,33.26
2024-07-08,USA-Vizag,Capesize,3M,33.36
2024-07-08,USA-Vizag,Capesize,6M,33.98
2024-07-08,USA-Vizag,Capesize,1Y,34.98
2024-07-08,USA-Dhamra,Panamax,1M,31.95
2024-07-08,USA-Dhamra,Panamax,3M,32.33
2024-07-08,USA-Dhamra,Panamax,6M,33.54
2024-07-08,USA-Dhamra,Panamax,1Y,33.59
2024-07-08,USA-Dhamra,Capesize,1M,28.06
2024-07-08,USA-Dhamra,Capesize,3M,28.62
2024-07-08,USA-Dhamra,Capesize,6M,28.98
2024-07-08,USA-Dhamra,Capesize,1Y,29.99
2024-07-08,USA-Gangavaram,Panamax,1M,30.82
2024-07-08,USA-Gangavaram,Panamax,3M,32.22
2024-07-08,USA-Gangavaram,Panamax,6M,31.91
2024-07-08,USA-Gangavaram,Panamax,1Y,31.91
2024-07-08,USA-Gangavaram,Capesize,1M,36.76
2024-07-08,USA-Gangavaram,Capesize,3M,37.52
2024-07-08,USA-Gangavaram,Capesize,6M,36.81
2024-07-08,USA-Gangavaram,Capesize,1Y,37.75
2024-07-08,USA-Gopalpur,Panamax,1M,33.84
2024-07-08,USA-Gopalpur,Panamax,3M,33.16
2024-07-08,USA-Gopalpur,Panamax,6M,35.18
2024-07-08,USA-Gopalpur,Panamax,1Y,35.68
2024-07-08,USA-Gopalpur,Capesize,1M,31.75
2024-07-08,USA-Gopalpur,Capesize,3M,32.44
2024-07-08,USA-Gopalpur,Capesize,6M,32.0
2024-07-08,USA-Gopalpur,Capesize,1Y,33.2
2024-07-08,USA-Haldia,Panamax,1M,30.66
2024-07-08,USA-Haldia,Panamax,3M,31.84
2024-07-08,USA-Haldia,Panamax,6M,32.36
2024-07-08,USA-Haldia,Panamax,1Y,32.74
2024-07-08,USA-Haldia,Capesize,1M,30.42
2024-07-08,USA-Haldia,Capesize,3M,30.1
2024-07-08,USA-Haldia,Capesize,6M,30.27
2024-07-08,USA-Haldia,Capesize,1Y,31.36
2024-08-07,Australia-Paradip,Panamax,1M,15.94
2024-08-07,Australia-Paradip,Panamax,3M,15.75
2024-08-07,Australia-Paradip,Panamax,6M,16.35
2024-08-07,Australia-Paradip,Panamax,1Y,16.39
2024-08-07,Australia-Paradip,Capesize,1M,17.95
2024-08-07,Australia-Paradip,Capesize,3M,17.64
2024-08-07,Australia-Paradip,Capesize,6M,17.77
2024-08-07,Australia-Paradip,Capesize,1Y,18.43
2024-08-07,Australia-Vizag,Panamax,1M,18.41
2024-08-07,Australia-Vizag,Panamax,3M,17.77
2024-08-07,Australia-Vizag,Panamax,6M,18.1
2024-08-07,Australia-Vizag,Panamax,1Y,18.54
2024-08-07,Australia-Vizag,Capesize,1M,14.89
2024-08-07,Australia-Vizag,Capesize,3M,15.13
2024-08-07,Australia-Vizag,Capesize,6M,15.92
2024-08-07,Australia-Vizag,Capesize,1Y,15.96
2024-08-07,Australia-Dhamra,Panamax,1M,15.16
2024-08-07,Australia-Dhamra,Panamax,3M,15.48
2024-08-07,Australia-Dhamra,Panamax,6M,15.77
2024-08-07,Australia-Dhamra,Panamax,1Y,15.55
2024-08-07,Australia-Dhamra,Capesize,1M,15.78
2024-08-07,Australia-Dhamra,Capesize,3M,15.5
2024-08-07,Australia-Dhamra,Capesize,6M,16.1
2024-08-07,Australia-Dhamra,Capesize,1Y,16.29
2024-08-07,Australia-Gangavaram,Panamax,1M,15.01
2024-08-07,Australia-Gangavaram,Panamax,3M,15.18
2024-08-07,Australia-Gangavaram,Panamax,6M,15.34
2024-08-07,Australia-Gangavaram,Panamax,1Y,15.59
2024-08-07,Australia-Gangavaram,Capesize,1M,17.46
2024-08-07,Australia-Gangavaram,Capesize,3M,17.51
2024-08-07,Australia-Gangavaram,Capesize,6M,18.0
2024-08-07,Australia-Gangavaram,Capesize,1Y,18.18
2024-08-07,Australia-Gopalpur,Panamax,1M,15.68
2024-08-07,Australia-Gopalpur,Panamax,3M,15.13
2024-08-07,Australia-Gopalpur,Panamax,6M,15.31
2024-08-07,Australia-Gopalpur,Panamax,1Y,15.63
2024-08-07,Australia-Gopalpur,Capesize,1M,18.31
2024-08-07,Australia-Gopalpur,Capesize,3M,17.88
2024-08-07,Australia-Gopalpur,Capesize,6M,18.26
2024-08-07,Australia-Gopalpur,Capesize,1Y,18.71
2024-08-07,Australia-Haldia,Panamax,1M,16.88
2024-08-07,Australia-Haldia,Panamax,3M,16.85
2024-08-07,Australia-Haldia,Panamax,6M,17.42
2024-08-07,Australia-Haldia,Panamax,1Y,17.63
2024-08-07,Australia-Haldia,Capesize,1M,15.46
2024-08-07,Australia-Haldia,Capesize,3M,15.79
2024-08-07,Australia-Haldia,Capesize,6M,15.77
2024-08-07,Australia-Haldia,Capesize,1Y,15.89
2024-08-07,Indonesia-Paradip,Panamax,1M,11.17
2024-08-07,Indonesia-Paradip,Panamax,3M,11.19
2024-08-07,Indonesia-Paradip,Panamax,6M,11.19
2024-08-07,Indonesia-Paradip,Panamax,1Y,11.66
2024-08-07,Indonesia-Paradip,Capesize,1M,9.52
2024-08-07,Indonesia-Paradip,Capesize,3M,9.3
2024-08-07,Indonesia-Paradip,Capesize,6M,9.63
2024-08-07,Indonesia-Paradip,Capesize,1Y,9.58
2024-08-07,Indonesia-Vizag,Panamax,1M,9.22
2024-08-07,Indonesia-Vizag,Panamax,3M,9.25
2024-08-07,Indonesia-Vizag,Panamax,6M,9.23
2024-08-07,Indonesia-Vizag,Panamax,1Y,9.65
2024-08-07,Indonesia-Vizag,Capesize,1M,11.27
2024-08-07,Indonesia-Vizag,Capesize,3M,11.32
2024-08-07,Indonesia-Vizag,Capesize,6M,11.18
2024-08-07,Indonesia-Vizag,Capesize,1Y,11.71
2024-08-07,Indonesia-Dhamra,Panamax,1M,10.95
2024-08-07,Indonesia-Dhamra,Panamax,3M,11.12
2024-08-07,Indonesia-Dhamra,Panamax,6M,11.29
2024-08-07,Indonesia-Dhamra,Panamax,1Y,11.75
2024-08-07,Indonesia-Dhamra,Capesize,1M,11.89
2024-08-07,Indonesia-Dhamra,Capesize,3M,11.57
2024-08-07,Indonesia-Dhamra,Capesize,6M,11.81
2024-08-07,Indonesia-Dhamra,Capesize,1Y,12.08
2024-08-07,Indonesia-Gangavaram,Panamax,1M,10.34
2024-08-07,Indonesia-Gangavaram,Panamax,3M,10.4
2024-08-07,Indonesia-Gangavaram,Panamax,6M,10.23
2024-08-07,Indonesia-Gangavaram,Panamax,1Y,10.48
2024-08-07,Indonesia-Gangavaram,Capesize,1M,10.96
2024-08-07,Indonesia-Gangavaram,Capesize,3M,10.94
2024-08-07,Indonesia-Gangavaram,Capesize,6M,10.85
2024-08-07,Indonesia-Gangavaram,Capesize,1Y,11.75
2024-08-07,Indonesia-Gopalpur,Panamax,1M,9.75
2024-08-07,Indonesia-Gopalpur,Panamax,3M,9.7
2024-08-07,Indonesia-Gopalpur,Panamax,6M,10.08
2024-08-07,Indonesia-Gopalpur,Panamax,1Y,10.21
2024-08-07,Indonesia-Gopalpur,Capesize,1M,8.46
2024-08-07,Indonesia-Gopalpur,Capesize,3M,8.61
2024-08-07,Indonesia-Gopalpur,Capesize,6M,8.47
2024-08-07,Indonesia-Gopalpur,Capesize,1Y,8.95
2024-08-07,Indonesia-Haldia,Panamax,1M,9.98
2024-08-07,Indonesia-Haldia,Panamax,3M,9.72
2024-08-07,Indonesia-Haldia,Panamax,6M,10.2
2024-08-07,Indonesia-Haldia,Panamax,1Y,10.06
2024-08-07,Indonesia-Haldia,Capesize,1M,10.04
2024-08-07,Indonesia-Haldia,Capesize,3M,10.43
2024-08-07,Indonesia-Haldia,Capesize,6M,10.14
2024-08-07,Indonesia-Haldia,Capesize,1Y,10.64
2024-08-07,Russia-Paradip,Panamax,1M,21.75
2024-08-07,Russia-Paradip,Panamax,3M,22.42
2024-08-07,Russia-Paradip,Panamax,6M,22.39
2024-08-07,Russia-Paradip,Panamax,1Y,22.82
2024-08-07,Russia-Paradip,Capesize,1M,23.91
2024-08-07,Russia-Paradip,Capesize,3M,24.41
2024-08-07,Russia-Paradip,Capesize,6M,24.68
2024-08-07,Russia-Paradip,Capesize,1Y,24.46
2024-08-07,Russia-Vizag,Panamax,1M,20.62
2024-08-07,Russia-Vizag,Panamax,3M,20.06
2024-08-07,Russia-Vizag,Panamax,6M,20.95
2024-08-07,Russia-Vizag,Panamax,1Y,20.85
2024-08-07,Russia-Vizag,Capesize,1M,20.45
2024-08-07,Russia-Vizag,Capesize,3M,20.94
2024-08-07,Russia-Vizag,Capesize,6M,20.25
2024-08-07,Russia-Vizag,Capesize,1Y,21.06
2024-08-07,Russia-Dhamra,Panamax,1M,23.8
2024-08-07,Russia-Dhamra,Panamax,3M,23.55
2024-08-07,Russia-Dhamra,Panamax,6M,24.2
2024-08-07,Russia-Dhamra,Panamax,1Y,24.27
2024-08-07,Russia-Dhamra,Capesize,1M,25.31
2024-08-07,Russia-Dhamra,Capesize,3M,25.95
2024-08-07,Russia-Dhamra,Capesize,6M,26.47
2024-08-07,Russia-Dhamra,Capesize,1Y,27.22
2024-08-07,Russia-Gangavaram,Panamax,1M,23.41
2024-08-07,Russia-Gangavaram,Panamax,3M,23.62
2024-08-07,Russia-Gangavaram,Panamax,6M,24.32
2024-08-07,Russia-Gangavaram,Panamax,1Y,24.04
2024-08-07,Russia-Gangavaram,Capesize,1M,21.05
2024-08-07,Russia-Gangavaram,Capesize,3M,21.15
2024-08-07,Russia-Gangavaram,Capesize,6M,21.08
2024-08-07,Russia-Gangavaram,Capesize,1Y,21.87
2024-08-07,Russia-Gopalpur,Panamax,1M,22.99
2024-08-07,Russia-Gopalpur,Panamax,3M,24.05
2024-08-07,Russia-Gopalpur,Panamax,6M,23.81
2024-08-07,Russia-Gopalpur,Panamax,1Y,24.08
2024-08-07,Russia-Gopalpur,Capesize,1M,24.04
2024-08-07,Russia-Gopalpur,Capesize,3M,24.14
2024-08-07,Russia-Gopalpur,Capesize,6M,25.12
2024-08-07,Russia-Gopalpur,Capesize,1Y,25.37
2024-08-07,Russia-Haldia,Panamax,1M,22.96
2024-08-07,Russia-Haldia,Panamax,3M,23.05
2024-08-07,Russia-Haldia,Panamax,6M,22.83
2024-08-07,Russia-Haldia,Panamax,1Y,23.07
2024-08-07,Russia-Haldia,Capesize,1M,20.17
2024-08-07,Russia-Haldia,Capesize,3M,20.48
2024-08-07,Russia-Haldia,Capesize,6M,21.08
2024-08-07,Russia-Haldia,Capesize,1Y,21.53
2024-08-07,Mozambique-Paradip,Panamax,1M,21.69
2024-08-07,Mozambique-Paradip,Panamax,3M,22.48
2024-08-07,Mozambique-Paradip,Panamax,6M,22.91
2024-08-07,Mozambique-Paradip,Panamax,1Y,23.5
2024-08-07,Mozambique-Paradip,Capesize,1M,19.83
2024-08-07,Mozambique-Paradip,Capesize,3M,20.04
2024-08-07,Mozambique-Paradip,Capesize,6M,20.5
2024-08-07,Mozambique-Paradip,Capesize,1Y,21.27
2024-08-07,Mozambique-Vizag,Panamax,1M,21.36
2024-08-07,Mozambique-Vizag,Panamax,3M,21.51
2024-08-07,Mozambique-Vizag,Panamax,6M,21.56
2024-08-07,Mozambique-Vizag,Panamax,1Y,22.49
2024-08-07,Mozambique-Vizag,Capesize,1M,22.38
2024-08-07,Mozambique-Vizag,Capesize,3M,22.65
2024-08-07,Mozambique-Vizag,Capesize,6M,23.09
2024-08-07,Mozambique-Vizag,Capesize,1Y,23.5
2024-08-07,Mozambique-Dhamra,Panamax,1M,23.81
2024-08-07,Mozambique-Dhamra,Panamax,3M,23.77
2024-08-07,Mozambique-Dhamra,Panamax,6M,23.85
2024-08-07,Mozambique-Dhamra,Panamax,1Y,24.25
2024-08-07,Mozambique-Dhamra,Capesize,1M,19.13
2024-08-07,Mozambique-Dhamra,Capesize,3M,19.33
2024-08-07,Mozambique-Dhamra,Capesize,6M,19.77
2024-08-07,Mozambique-Dhamra,Capesize,1Y,20.31
2024-08-07,Mozambique-Gangavaram,Panamax,1M,23.32
2024-08-07,Mozambique-Gangavaram,Panamax,3M,23.7
2024-08-07,Mozambique-Gangavaram,Panamax,6M,24.26
2024-08-07,Mozambique-Gangavaram,Panamax,1Y,24.75
2024-08-07,Mozambique-Gangavaram,Capesize,1M,23.11
2024-08-07,Mozambique-Gangavaram,Capesize,3M,22.46
2024-08-07,Mozambique-Gangavaram,Capesize,6M,22.66
2024-08-07,Mozambique-Gangavaram,Capesize,1Y,23.51
2024-08-07,Mozambique-Gopalpur,Panamax,1M,22.72
2024-08-07,Mozambique-Gopalpur,Panamax,3M,23.46
2024-08-07,Mozambique-Gopalpur,Panamax,6M,23.71
2024-08-07,Mozambique-Gopalpur,Panamax,1Y,23.28
2024-08-07,Mozambique-Gopalpur,Capesize,1M,21.02
2024-08-07,Mozambique-Gopalpur,Capesize,3M,21.36
2024-08-07,Mozambique-Gopalpur,Capesize,6M,21.25
2024-08-07,Mozambique-Gopalpur,Capesize,1Y,22.06
2024-08-07,Mozambique-Haldia,Panamax,1M,21.98
2024-08-07,Mozambique-Haldia,Panamax,3M,22.52
2024-08-07,Mozambique-Haldia,Panamax,6M,22.3
2024-08-07,Mozambique-Haldia,Panamax,1Y,23.04
2024-08-07,Mozambique-Haldia,Capesize,1M,18.09
2024-08-07,Mozambique-Haldia,Capesize,3M,18.66
2024-08-07,Mozambique-Haldia,Capesize,6M,18.58
2024-08-07,Mozambique-Haldia,Capesize,1Y,18.81
2024-08-07,USA-Paradip,Panamax,1M,28.11
2024-08-07,USA-Paradip,Panamax,3M,29.39
2024-08-07,USA-Paradip,Panamax,6M,29.58
2024-08-07,USA-Paradip,Panamax,1Y,30.36
2024-08-07,USA-Paradip,Capesize,1M,31.32
2024-08-07,USA-Paradip,Capesize,3M,31.01
2024-08-07,USA-Paradip,Capesize,6M,30.24
2024-08-07,USA-Paradip,Capesize,1Y,31.52
2024-08-07,USA-Vizag,Panamax,1M,35.62
2024-08-07,USA-Vizag,Panamax,3M,35.89
2024-08-07,USA-Vizag,Panamax,6M,36.38
2024-08-07,USA-Vizag,Panamax,1Y,37.54
2024-08-07,USA-Vizag,Capesize,1M,37.94
2024-08-07,USA-Vizag,Capesize,3M,37.8
2024-08-07,USA-Vizag,Capesize,6M,38.65
2024-08-07,USA-Vizag,Capesize,1Y,38.41
2024-08-07,USA-Dhamra,Panamax,1M,35.5
2024-08-07,USA-Dhamra,Panamax,3M,35.64
2024-08-07,USA-Dhamra,Panamax,6M,36.48
2024-08-07,USA-Dhamra,Panamax,1Y,37.14
2024-08-07,USA-Dhamra,Capesize,1M,31.98
2024-08-07,USA-Dhamra,Capesize,3M,33.79
2024-08-07,USA-Dhamra,Capesize,6M,34.16
2024-08-07,USA-Dhamra,Capesize,1Y,33.93
2024-08-07,USA-Gangavaram,Panamax,1M,30.89
2024-08-07,USA-Gangavaram,Panamax,3M,31.1
2024-08-07,USA-Gangavaram,Panamax,6M,31.94
2024-08-07,USA-Gangavaram,Panamax,1Y,31.77
2024-08-07,USA-Gangavaram,Capesize,1M,32.15
2024-08-07,USA-Gangavaram,Capesize,3M,32.88
2024-08-07,USA-Gangavaram,Capesize,6M,33.18
2024-08-07,USA-Gangavaram,Capesize,1Y,33.82
2024-08-07,USA-Gopalpur,Panamax,1M,33.2
2024-08-07,USA-Gopalpur,Panamax,3M,34.3
2024-08-07,USA-Gopalpur,Panamax,6M,34.08
2024-08-07,USA-Gopalpur,Panamax,1Y,34.29
2024-08-07,USA-Gopalpur,Capesize,1M,32.98
2024-08-07,USA-Gopalpur,Capesize,3M,33.57
2024-08-07,USA-Gopalpur,Capesize,6M,33.84
2024-08-07,USA-Gopalpur,Capesize,1Y,34.94
2024-08-07,USA-Haldia,Panamax,1M,31.92
2024-08-07,USA-Haldia,Panamax,3M,31.98
2024-08-07,USA-Haldia,Panamax,6M,31.72
2024-08-07,USA-Haldia,Panamax,1Y,32.44
2024-08-07,USA-Haldia,Capesize,1M,35.66
2024-08-07,USA-Haldia,Capesize,3M,35.23
2024-08-07,USA-Haldia,Capesize,6M,36.4
2024-08-07,USA-Haldia,Capesize,1Y,35.75
2024-09-06,Australia-Paradip,Panamax,1M,15.62
2024-09-06,Australia-Paradip,Panamax,3M,15.98
2024-09-06,Australia-Paradip,Panamax,6M,15.7
2024-09-06,Australia-Paradip,Panamax,1Y,16.41
2024-09-06,Australia-Paradip,Capesize,1M,14.98
2024-09-06,Australia-Paradip,Capesize,3M,15.05
2024-09-06,Australia-Paradip,Capesize,6M,14.8
2024-09-06,Australia-Paradip,Capesize,1Y,15.25
2024-09-06,Australia-Vizag,Panamax,1M,15.72
2024-09-06,Australia-Vizag,Panamax,3M,15.95
2024-09-06,Australia-Vizag,Panamax,6M,15.68
2024-09-06,Australia-Vizag,Panamax,1Y,16.18
2024-09-06,Australia-Vizag,Capesize,1M,15.16
2024-09-06,Australia-Vizag,Capesize,3M,15.25
2024-09-06,Australia-Vizag,Capesize,6M,15.58
2024-09-06,Australia-Vizag,Capesize,1Y,15.18
2024-09-06,Australia-Dhamra,Panamax,1M,16.22
2024-09-06,Australia-Dhamra,Panamax,3M,16.28
2024-09-06,Australia-Dhamra,Panamax,6M,16.61
2024-09-06,Australia-Dhamra,Panamax,1Y,16.98
2024-09-06,Australia-Dhamra,Capesize,1M,15.53
2024-09-06,Australia-Dhamra,Capesize,3M,15.07
2024-09-06,Australia-Dhamra,Capesize,6M,15.51
2024-09-06,Australia-Dhamra,Capesize,1Y,15.66
2024-09-06,Australia-Gangavaram,Panamax,1M,16.4
2024-09-06,Australia-Gangavaram,Panamax,3M,16.69
2024-09-06,Australia-Gangavaram,Panamax,6M,16.71
2024-09-06,Australia-Gangavaram,Panamax,1Y,16.97
2024-09-06,Australia-Gangavaram,Capesize,1M,16.31
2024-09-06,Australia-Gangavaram,Capesize,3M,16.71
2024-09-06,Australia-Gangavaram,Capesize,6M,16.31
2024-09-06,Australia-Gangavaram,Capesize,1Y,17.05
2024-09-06,Australia-Gopalpur,Panamax,1M,16.62
2024-09-06,Australia-Gopalpur,Panamax,3M,16.5
2024-09-06,Australia-Gopalpur,Panamax,6M,16.47
2024-09-06,Australia-Gopalpur,Panamax,1Y,16.73
2024-09-06,Australia-Gopalpur,Capesize,1M,15.57
2024-09-06,Australia-Gopalpur,Capesize,3M,16.07
2024-09-06,Australia-Gopalpur,Capesize,6M,15.9
2024-09-06,Australia-Gopalpur,Capesize,1Y,16.33
2024-09-06,Australia-Haldia,Panamax,1M,19.44
2024-09-06,Australia-Haldia,Panamax,3M,19.21
2024-09-06,Australia-Haldia,Panamax,6M,19.5
2024-09-06,Australia-Haldia,Panamax,1Y,20.3
2024-09-06,Australia-Haldia,Capesize,1M,15.75
2024-09-06,Australia-Haldia,Capesize,3M,15.38
2024-09-06,Australia-Haldia,Capesize,6M,16.03
2024-09-06,Australia-Haldia,Capesize,1Y,16.49
2024-09-06,Indonesia-Paradip,Panamax,1M,10.75
2024-09-06,Indonesia-Paradip,Panamax,3M,11.17
2024-09-06,Indonesia-Paradip,Panamax,6M,11.03
2024-09-06,Indonesia-Paradip,Panamax,1Y,11.14
2024-09-06,Indonesia-Paradip,Capesize,1M,12.02
2024-09-06,Indonesia-Paradip,Capesize,3M,12.16
2024-09-06,Indonesia-Paradip,Capesize,6M,12.38
2024-09-06,Indonesia-Paradip,Capesize,1Y,12.88
2024-09-06,Indonesia-Vizag,Panamax,1M,10.77
2024-09-06,Indonesia-Vizag,Panamax,3M,10.89
2024-09-06,Indonesia-Vizag,Panamax,6M,10.63
2024-09-06,Indonesia-Vizag,Panamax,1Y,10.93
2024-09-06,Indonesia-Vizag,Capesize,1M,11.13
2024-09-06,Indonesia-Vizag,Capesize,3M,11.15
2024-09-06,Indonesia-Vizag,Capesize,6M,11.06
2024-09-06,Indonesia-Vizag,Capesize,1Y,11.22
2024-09-06,Indonesia-Dhamra,Panamax,1M,9.75
2024-09-06,Indonesia-Dhamra,Panamax,3M,9.85
2024-09-06,Indonesia-Dhamra,Panamax,6M,9.76
2024-09-06,Indonesia-Dhamra,Panamax,1Y,10.4
2024-09-06,Indonesia-Dhamra,Capesize,1M,12.03
2024-09-06,Indonesia-Dhamra,Capesize,3M,12.53
2024-09-06,Indonesia-Dhamra,Capesize,6M,12.17
2024-09-06,Indonesia-Dhamra,Capesize,1Y,11.91
2024-09-06,Indonesia-Gangavaram,Panamax,1M,10.54
2024-09-06,Indonesia-Gangavaram,Panamax,3M,11.06
2024-09-06,Indonesia-Gangavaram,Panamax,6M,10.52
2024-09-06,Indonesia-Gangavaram,Panamax,1Y,11.24
2024-09-06,Indonesia-Gangavaram,Capesize,1M,10.58
2024-09-06,Indonesia-Gangavaram,Capesize,3M,10.29
2024-09-06,Indonesia-Gangavaram,Capesize,6M,10.74
2024-09-06,Indonesia-Gangavaram,Capesize,1Y,10.94
2024-09-06,Indonesia-Gopalpur,Panamax,1M,9.52
2024-09-06,Indonesia-Gopalpur,Panamax,3M,9.26
2024-09-06,Indonesia-Gopalpur,Panamax,6M,9.7
2024-09-06,Indonesia-Gopalpur,Panamax,1Y,9.7
2024-09-06,Indonesia-Gopalpur,Capesize,1M,9.12
2024-09-06,Indonesia-Gopalpur,Capesize,3M,9.26
2024-09-06,Indonesia-Gopalpur,Capesize,6M,9.37
2024-09-06,Indonesia-Gopalpur,Capesize,1Y,9.63
2024-09-06,Indonesia-Haldia,Panamax,1M,12.75
2024-09-06,Indonesia-Haldia,Panamax,3M,13.12
2024-09-06,Indonesia-Haldia,Panamax,6M,13.24
2024-09-06,Indonesia-Haldia,Panamax,1Y,13.68
2024-09-06,Indonesia-Haldia,Capesize,1M,9.35
2024-09-06,Indonesia-Haldia,Capesize,3M,9.65
2024-09-06,Indonesia-Haldia,Capesize,6M,10.08
2024-09-06,Indonesia-Haldia,Capesize,1Y,10.35
2024-09-06,Russia-Paradip,Panamax,1M,20.93
2024-09-06,Russia-Paradip,Panamax,3M,21.42
2024-09-06,Russia-Paradip,Panamax,6M,21.04
2024-09-06,Russia-Paradip,Panamax,1Y,21.46
2024-09-06,Russia-Paradip,Capesize,1M,20.04
2024-09-06,Russia-Paradip,Capesize,3M,19.78
2024-09-06,Russia-Paradip,Capesize,6M,21.07
2024-09-06,Russia-Paradip,Capesize,1Y,20.54
2024-09-06,Russia-Vizag,Panamax,1M,19.81
2024-09-06,Russia-Vizag,Panamax,3M,20.28
2024-09-06,Russia-Vizag,Panamax,6M,20.1
2024-09-06,Russia-Vizag,Panamax,1Y,20.34
2024-09-06,Russia-Vizag,Capesize,1M,18.52
2024-09-06,Russia-Vizag,Capesize,3M,18.79
2024-09-06,Russia-Vizag,Capesize,6M,18.84
2024-09-06,Russia-Vizag,Capesize,1Y,19.37
2024-09-06,Russia-Dhamra,Panamax,1M,21.37
2024-09-06,Russia-Dhamra,Panamax,3M,21.87
2024-09-06,Russia-Dhamra,Panamax,6M,22.52
2024-09-06,Russia-Dhamra,Panamax,1Y,22.61
2024-09-06,Russia-Dhamra,Capesize,1M,21.83
2024-09-06,Russia-Dhamra,Capesize,3M,21.91
2024-09-06,Russia-Dhamra,Capesize,6M,21.95
2024-09-06,Russia-Dhamra,Capesize,1Y,22.11
2024-09-06,Russia-Gangavaram,Panamax,1M,20.83
2024-09-06,Russia-Gangavaram,Panamax,3M,20.95
2024-09-06,Russia-Gangavaram,Panamax,6M,21.3
2024-09-06,Russia-Gangavaram,Panamax,1Y,21.2
2024-09-06,Russia-Gangavaram,Capesize,1M,21.99
2024-09-06,Russia-Gangavaram,Capesize,3M,22.85
2024-09-06,Russia-Gangavaram,Capesize,6M,23.14
2024-09-06,Russia-Gangavaram,Capesize,1Y,23.06
2024-09-06,Russia-Gopalpur,Panamax,1M,27.08
2024-09-06,Russia-Gopalpur,Panamax,3M,26.62
2024-09-06,Russia-Gopalpur,Panamax,6M,26.65
2024-09-06,Russia-Gopalpur,Panamax,1Y,27.71
2024-09-06,Russia-Gopalpur,Capesize,1M,21.93
2024-09-06,Russia-Gopalpur,Capesize,3M,22.6
2024-09-06,Russia-Gopalpur,Capesize,6M,23.15
2024-09-06,Russia-Gopalpur,Capesize,1Y,23.13
2024-09-06,Russia-Haldia,Panamax,1M,24.27
2024-09-06,Russia-Haldia,Panamax,3M,25.23
2024-09-06,Russia-Haldia,Panamax,6M,24.89
2024-09-06,Russia-Haldia,Panamax,1Y,25.44
2024-09-06,Russia-Haldia,Capesize,1M,20.22
2024-09-06,Russia-Haldia,Capesize,3M,20.46
2024-09-06,Russia-Haldia,Capesize,6M,20.89
2024-09-06,Russia-Haldia,Capesize,1Y,21.39
2024-09-06,Mozambique-Paradip,Panamax,1M,19.16
2024-09-06,Mozambique-Paradip,Panamax,3M,19.35
2024-09-06,Mozambique-Paradip,Panamax,6M,19.9
2024-09-06,Mozambique-Paradip,Panamax,1Y,19.84
2024-09-06,Mozambique-Paradip,Capesize,1M,23.94
2024-09-06,Mozambique-Paradip,Capesize,3M,23.71
2024-09-06,Mozambique-Paradip,Capesize,6M,24.37
2024-09-06,Mozambique-Paradip,Capesize,1Y,24.46
2024-09-06,Mozambique-Vizag,Panamax,1M,20.68
2024-09-06,Mozambique-Vizag,Panamax,3M,20.74
2024-09-06,Mozambique-Vizag,Panamax,6M,20.94
2024-09-06,Mozambique-Vizag,Panamax,1Y,21.39
2024-09-06,Mozambique-Vizag,Capesize,1M,21.84
2024-09-06,Mozambique-Vizag,Capesize,3M,22.57
2024-09-06,Mozambique-Vizag,Capesize,6M,23.47
2024-09-06,Mozambique-Vizag,Capesize,1Y,23.76
2024-09-06,Mozambique-Dhamra,Panamax,1M,20.56
2024-09-06,Mozambique-Dhamra,Panamax,3M,20.27
2024-09-06,Mozambique-Dhamra,Panamax,6M,20.74
2024-09-06,Mozambique-Dhamra,Panamax,1Y,22.22
2024-09-06,Mozambique-Dhamra,Capesize,1M,22.58
2024-09-06,Mozambique-Dhamra,Capesize,3M,22.99
2024-09-06,Mozambique-Dhamra,Capesize,6M,23.71
2024-09-06,Mozambique-Dhamra,Capesize,1Y,24.01
2024-09-06,Mozambique-Gangavaram,Panamax,1M,20.74
2024-09-06,Mozambique-Gangavaram,Panamax,3M,21.88
2024-09-06,Mozambique-Gangavaram,Panamax,6M,22.15
2024-09-06,Mozambique-Gangavaram,Panamax,1Y,22.16
2024-09-06,Mozambique-Gangavaram,Capesize,1M,21.86
2024-09-06,Mozambique-Gangavaram,Capesize,3M,21.67
2024-09-06,Mozambique-Gangavaram,Capesize,6M,21.89
2024-09-06,Mozambique-Gangavaram,Capesize,1Y,22.33
2024-09-06,Mozambique-Gopalpur,Panamax,1M,21.0
2024-09-06,Mozambique-Gopalpur,Panamax,3M,21.23
2024-09-06,Mozambique-Gopalpur,Panamax,6M,20.98
2024-09-06,Mozambique-Gopalpur,Panamax,1Y,21.58
2024-09-06,Mozambique-Gopalpur,Capesize,1M,22.82
2024-09-06,Mozambique-Gopalpur,Capesize,3M,23.15
2024-09-06,Mozambique-Gopalpur,Capesize,6M,23.78
2024-09-06,Mozambique-Gopalpur,Capesize,1Y,24.1
2024-09-06,Mozambique-Haldia,Panamax,1M,21.22
2024-09-06,Mozambique-Haldia,Panamax,3M,21.55
2024-09-06,Mozambique-Haldia,Panamax,6M,21.57
2024-09-06,Mozambique-Haldia,Panamax,1Y,22.42
2024-09-06,Mozambique-Haldia,Capesize,1M,20.97
2024-09-06,Mozambique-Haldia,Capesize,3M,20.77
2024-09-06,Mozambique-Haldia,Capesize,6M,20.9
2024-09-06,Mozambique-Haldia,Capesize,1Y,20.96
2024-09-06,USA-Paradip,Panamax,1M,32.64
2024-09-06,USA-Paradip,Panamax,3M,33.06
2024-09-06,USA-Paradip,Panamax,6M,33.74
2024-09-06,USA-Paradip,Panamax,1Y,33.85
2024-09-06,USA-Paradip,Capesize,1M,29.85
2024-09-06,USA-Paradip,Capesize,3M,30.73
2024-09-06,USA-Paradip,Capesize,6M,30.49
2024-09-06,USA-Paradip,Capesize,1Y,31.73
2024-09-06,USA-Vizag,Panamax,1M,36.58
2024-09-06,USA-Vizag,Panamax,3M,36.76
2024-09-06,USA-Vizag,Panamax,6M,37.96
2024-09-06,USA-Vizag,Panamax,1Y,38.18
2024-09-06,USA-Vizag,Capesize,1M,29.34
2024-09-06,USA-Vizag,Capesize,3M,28.62
2024-09-06,USA-Vizag,Capesize,6M,29.47
2024-09-06,USA-Vizag,Capesize,1Y,30.01
2024-09-06,USA-Dhamra,Panamax,1M,34.73
2024-09-06,USA-Dhamra,Panamax,3M,36.07
2024-09-06,USA-Dhamra,Panamax,6M,35.88
2024-09-06,USA-Dhamra,Panamax,1Y,36.92
2024-09-06,USA-Dhamra,Capesize,1M,34.75
2024-09-06,USA-Dhamra,Capesize,3M,34.38
2024-09-06,USA-Dhamra,Capesize,6M,34.97
2024-09-06,USA-Dhamra,Capesize,1Y,35.56
2024-09-06,USA-Gangavaram,Panamax,1M,33.12
2024-09-06,USA-Gangavaram,Panamax,3M,32.87
2024-09-06,USA-Gangavaram,Panamax,6M,32.47
2024-09-06,USA-Gangavaram,Panamax,1Y,33.51
2024-09-06,USA-Gangavaram,Capesize,1M,35.55
2024-09-06,USA-Gangavaram,Capesize,3M,35.35
2024-09-06,USA-Gangavaram,Capesize,6M,35.54
2024-09-06,USA-Gangavaram,Capesize,1Y,36.44
2024-09-06,USA-Gopalpur,Panamax,1M,32.35
2024-09-06,USA-Gopalpur,Panamax,3M,32.31
2024-09-06,USA-Gopalpur,Panamax,6M,33.52
2024-09-06,USA-Gopalpur,Panamax,1Y,33.81
2024-09-06,USA-Gopalpur,Capesize,1M,32.62
2024-09-06,USA-Gopalpur,Capesize,3M,32.57
2024-09-06,USA-Gopalpur,Capesize,6M,32.01
2024-09-06,USA-Gopalpur,Capesize,1Y,33.34
2024-09-06,USA-Haldia,Panamax,1M,32.75
2024-09-06,USA-Haldia,Panamax,3M,35.14
2024-09-06,USA-Haldia,Panamax,6M,34.58
2024-09-06,USA-Haldia,Panamax,1Y,35.47
2024-09-06,USA-Haldia,Capesize,1M,32.76
2024-09-06,USA-Haldia,Capesize,3M,33.7
2024-09-06,USA-Haldia,Capesize,6M,33.63
2024-09-06,USA-Haldia,Capesize,1Y,34.35
2024-10-06,Australia-Paradip,Panamax,1M,16.73
2024-10-06,Australia-Paradip,Panamax,3M,17.86
2024-10-06,Australia-Paradip,Panamax,6M,17.93
2024-10-06,Australia-Paradip,Panamax,1Y,17.94
2024-10-06,Australia-Paradip,Capesize,1M,15.27
2024-10-06,Australia-Paradip,Capesize,3M,15.42
2024-10-06,Australia-Paradip,Capesize,6M,15.5
2024-10-06,Australia-Paradip,Capesize,1Y,15.68
2024-10-06,Australia-Vizag,Panamax,1M,18.61
2024-10-06,Australia-Vizag,Panamax,3M,18.16
2024-10-06,Australia-Vizag,Panamax,6M,18.58
2024-10-06,Australia-Vizag,Panamax,1Y,19.2
2024-10-06,Australia-Vizag,Capesize,1M,16.58
2024-10-06,Australia-Vizag,Capesize,3M,17.13
2024-10-06,Australia-Vizag,Capesize,6M,17.06
2024-10-06,Australia-Vizag,Capesize,1Y,17.39
2024-10-06,Australia-Dhamra,Panamax,1M,14.15
2024-10-06,Australia-Dhamra,Panamax,3M,14.47
2024-10-06,Australia-Dhamra,Panamax,6M,15.04
2024-10-06,Australia-Dhamra,Panamax,1Y,14.83
2024-10-06,Australia-Dhamra,Capesize,1M,16.23
2024-10-06,Australia-Dhamra,Capesize,3M,16.15
2024-10-06,Australia-Dhamra,Capesize,6M,16.18
2024-10-06,Australia-Dhamra,Capesize,1Y,16.54
2024-10-06,Australia-Gangavaram,Panamax,1M,16.69
2024-10-06,Australia-Gangavaram,Panamax,3M,16.18
2024-10-06,Australia-Gangavaram,Panamax,6M,16.89
2024-10-06,Australia-Gangavaram,Panamax,1Y,17.0
2024-10-06,Australia-Gangavaram,Capesize,1M,17.96
2024-10-06,Australia-Gangavaram,Capesize,3M,17.56
2024-10-06,Australia-Gangavaram,Capesize,6M,18.06
2024-10-06,Australia-Gangavaram,Capesize,1Y,18.59
2024-10-06,Australia-Gopalpur,Panamax,1M,17.91
2024-10-06,Australia-Gopalpur,Panamax,3M,18.05
2024-10-06,Australia-Gopalpur,Panamax,6M,18.09
2024-10-06,Australia-Gopalpur,Panamax,1Y,18.18
2024-10-06,Australia-Gopalpur,Capesize,1M,14.66
2024-10-06,Australia-Gopalpur,Capesize,3M,14.68
2024-10-06,Australia-Gopalpur,Capesize,6M,15.03
2024-10-06,Australia-Gopalpur,Capesize,1Y,15.17
2024-10-06,Australia-Haldia,Panamax,1M,18.87
2024-10-06,Australia-Haldia,Panamax,3M,19.87
2024-10-06,Australia-Haldia,Panamax,6M,19.6
2024-10-06,Australia-Haldia,Panamax,1Y,20.56
2024-10-06,Australia-Haldia,Capesize,1M,16.02
2024-10-06,Australia-Haldia,Capesize,3M,15.69
2024-10-06,Australia-Haldia,Capesize,6M,16.67
2024-10-06,Australia-Haldia,Capesize,1Y,16.7
2024-10-06,Indonesia-Paradip,Panamax,1M,9.99
2024-10-06,Indonesia-Paradip,Panamax,3M,9.59
2024-10-06,Indonesia-Paradip,Panamax,6M,9.67
2024-10-06,Indonesia-Paradip,Panamax,1Y,9.84
2024-10-06,Indonesia-Paradip,Capesize,1M,11.1
2024-10-06,Indonesia-Paradip,Capesize,3M,11.33
2024-10-06,Indonesia-Paradip,Capesize,6M,11.3
2024-10-06,Indonesia-Paradip,Capesize,1Y,11.62
2024-10-06,Indonesia-Vizag,Panamax,1M,9.91
2024-10-06,Indonesia-Vizag,Panamax,3M,10.05
2024-10-06,Indonesia-Vizag,Panamax,6M,10.21
2024-10-06,Indonesia-Vizag,Panamax,1Y,10.27
2024-10-06,Indonesia-Vizag,Capesize,1M,11.02
2024-10-06,Indonesia-Vizag,Capesize,3M,10.89
2024-10-06,Indonesia-Vizag,Capesize,6M,11.21
2024-10-06,Indonesia-Vizag,Capesize,1Y,11.33
2024-10-06,Indonesia-Dhamra,Panamax,1M,10.25
2024-10-06,Indonesia-Dhamra,Panamax,3M,10.82
2024-10-06,Indonesia-Dhamra,Panamax,6M,10.98
2024-10-06,Indonesia-Dhamra,Panamax,1Y,10.94
2024-10-06,Indonesia-Dhamra,Capesize,1M,11.75
2024-10-06,Indonesia-Dhamra,Capesize,3M,11.59
2024-10-06,Indonesia-Dhamra,Capesize,6M,12.12
2024-10-06,Indonesia-Dhamra,Capesize,1Y,12.15
2024-10-06,Indonesia-Gangavaram,Panamax,1M,11.52
2024-10-06,Indonesia-Gangavaram,Panamax,3M,11.58
2024-10-06,Indonesia-Gangavaram,Panamax,6M,11.65
2024-10-06,Indonesia-Gangavaram,Panamax,1Y,12.01
2024-10-06,Indonesia-Gangavaram,Capesize,1M,12.4
2024-10-06,Indonesia-Gangavaram,Capesize,3M,12.2
2024-10-06,Indonesia-Gangavaram,Capesize,6M,12.48
2024-10-06,Indonesia-Gangavaram,Capesize,1Y,12.85
2024-10-06,Indonesia-Gopalpur,Panamax,1M,11.74
2024-10-06,Indonesia-Gopalpur,Panamax,3M,11.85
2024-10-06,Indonesia-Gopalpur,Panamax,6M,11.74
2024-10-06,Indonesia-Gopalpur,Panamax,1Y,11.75
2024-10-06,Indonesia-Gopalpur,Capesize,1M,9.43
2024-10-06,Indonesia-Gopalpur,Capesize,3M,9.79
2024-10-06,Indonesia-Gopalpur,Capesize,6M,9.55
2024-10-06,Indonesia-Gopalpur,Capesize,1Y,9.79
2024-10-06,Indonesia-Haldia,Panamax,1M,10.79
2024-10-06,Indonesia-Haldia,Panamax,3M,11.14
2024-10-06,Indonesia-Haldia,Panamax,6M,10.94
2024-10-06,Indonesia-Haldia,Panamax,1Y,11.22
2024-10-06,Indonesia-Haldia,Capesize,1M,10.55
2024-10-06,Indonesia-Haldia,Capesize,3M,10.78
2024-10-06,Indonesia-Haldia,Capesize,6M,11.17
2024-10-06,Indonesia-Haldia,Capesize,1Y,11.33
2024-10-06,Russia-Paradip,Panamax,1M,22.32
2024-10-06,Russia-Paradip,Panamax,3M,23.01
2024-10-06,Russia-Paradip,Panamax,6M,23.78
2024-10-06,Russia-Paradip,Panamax,1Y,23.56
2024-10-06,Russia-Paradip,Capesize,1M,22.94
2024-10-06,Russia-Paradip,Capesize,3M,23.19
2024-10-06,Russia-Paradip,Capesize,6M,23.07
2024-10-06,Russia-Paradip,Capesize,1Y,23.96
2024-10-06,Russia-Vizag,Panamax,1M,20.6
2024-10-06,Russia-Vizag,Panamax,3M,21.0
2024-10-06,Russia-Vizag,Panamax,6M,20.79
2024-10-06,Russia-Vizag,Panamax,1Y,20.69
2024-10-06,Russia-Vizag,Capesize,1M,26.42
2024-10-06,Russia-Vizag,Capesize,3M,26.42
2024-10-06,Russia-Vizag,Capesize,6M,26.0
2024-10-06,Russia-Vizag,Capesize,1Y,27.04
2024-10-06,Russia-Dhamra,Panamax,1M,22.82
2024-10-06,Russia-Dhamra,Panamax,3M,23.27
2024-10-06,Russia-Dhamra,Panamax,6M,23.53
2024-10-06,Russia-Dhamra,Panamax,1Y,23.34
2024-10-06,Russia-Dhamra,Capesize,1M,22.33
2024-10-06,Russia-Dhamra,Capesize,3M,22.65
2024-10-06,Russia-Dhamra,Capesize,6M,22.31
2024-10-06,Russia-Dhamra,Capesize,1Y,22.91
2024-10-06,Russia-Gangavaram,Panamax,1M,24.05
2024-10-06,Russia-Gangavaram,Panamax,3M,24.17
2024-10-06,Russia-Gangavaram,Panamax,6M,24.18
2024-10-06,Russia-Gangavaram,Panamax,1Y,25.07
2024-10-06,Russia-Gangavaram,Capesize,1M,23.61
2024-10-06,Russia-Gangavaram,Capesize,3M,23.83
2024-10-06,Russia-Gangavaram,Capesize,6M,24.05
2024-10-06,Russia-Gangavaram,Capesize,1Y,24.14
2024-10-06,Russia-Gopalpur,Panamax,1M,21.78
2024-10-06,Russia-Gopalpur,Panamax,3M,21.11
2024-10-06,Russia-Gopalpur,Panamax,6M,22.03
2024-10-06,Russia-Gopalpur,Panamax,1Y,22.54
2024-10-06,Russia-Gopalpur,Capesize,1M,21.53
2024-10-06,Russia-Gopalpur,Capesize,3M,21.31
2024-10-06,Russia-Gopalpur,Capesize,6M,21.72
2024-10-06,Russia-Gopalpur,Capesize,1Y,22.46
2024-10-06,Russia-Haldia,Panamax,1M,21.29
2024-10-06,Russia-Haldia,Panamax,3M,20.8
2024-10-06,Russia-Haldia,Panamax,6M,21.4
2024-10-06,Russia-Haldia,Panamax,1Y,21.59
2024-10-06,Russia-Haldia,Capesize,1M,24.91
2024-10-06,Russia-Haldia,Capesize,3M,25.4
2024-10-06,Russia-Haldia,Capesize,6M,26.36
2024-10-06,Russia-Haldia,Capesize,1Y,26.21
2024-10-06,Mozambique-Paradip,Panamax,1M,18.91
2024-10-06,Mozambique-Paradip,Panamax,3M,19.43
2024-10-06,Mozambique-Paradip,Panamax,6M,19.49
2024-10-06,Mozambique-Paradip,Panamax,1Y,20.36
2024-10-06,Mozambique-Paradip,Capesize,1M,18.79
2024-10-06,Mozambique-Paradip,Capesize,3M,19.06
2024-10-06,Mozambique-Paradip,Capesize,6M,19.13
2024-10-06,Mozambique-Paradip,Capesize,1Y,19.38
2024-10-06,Mozambique-Vizag,Panamax,1M,22.8
2024-10-06,Mozambique-Vizag,Panamax,3M,21.71
2024-10-06,Mozambique-Vizag,Panamax,6M,22.5
2024-10-06,Mozambique-Vizag,Panamax,1Y,22.26
2024-10-06,Mozambique-Vizag,Capesize,1M,21.4
2024-10-06,Mozambique-Vizag,Capesize,3M,21.61
2024-10-06,Mozambique-Vizag,Capesize,6M,21.71
2024-10-06,Mozambique-Vizag,Capesize,1Y,22.73
2024-10-06,Mozambique-Dhamra,Panamax,1M,20.9
2024-10-06,Mozambique-Dhamra,Panamax,3M,21.54
2024-10-06,Mozambique-Dhamra,Panamax,6M,22.0
2024-10-06,Mozambique-Dhamra,Panamax,1Y,21.71
2024-10-06,Mozambique-Dhamra,Capesize,1M,17.83
2024-10-06,Mozambique-Dhamra,Capesize,3M,18.04
2024-10-06,Mozambique-Dhamra,Capesize,6M,18.17
2024-10-06,Mozambique-Dhamra,Capesize,1Y,18.33
2024-10-06,Mozambique-Gangavaram,Panamax,1M,20.69
2024-10-06,Mozambique-Gangavaram,Panamax,3M,21.33
2024-10-06,Mozambique-Gangavaram,Panamax,6M,21.79
2024-10-06,Mozambique-Gangavaram,Panamax,1Y,21.85
2024-10-06,Mozambique-Gangavaram,Capesize,1M,21.01
2024-10-06,Mozambique-Gangavaram,Capesize,3M,21.12
2024-10-06,Mozambique-Gangavaram,Capesize,6M,21.36
2024-10-06,Mozambique-Gangavaram,Capesize,1Y,21.72
2024-10-06,Mozambique-Gopalpur,Panamax,1M,18.68
2024-10-06,Mozambique-Gopalpur,Panamax,3M,18.52
2024-10-06,Mozambique-Gopalpur,Panamax,6M,18.57
2024-10-06,Mozambique-Gopalpur,Panamax,1Y,18.75
2024-10-06,Mozambique-Gopalpur,Capesize,1M,23.45
2024-10-06,Mozambique-Gopalpur,Capesize,3M,23.27
2024-10-06,Mozambique-Gopalpur,Capesize,6M,24.01
2024-10-06,Mozambique-Gopalpur,Capesize,1Y,23.69
2024-10-06,Mozambique-Haldia,Panamax,1M,18.39
2024-10-06,Mozambique-Haldia,Panamax,3M,18.93
2024-10-06,Mozambique-Haldia,Panamax,6M,18.61
2024-10-06,Mozambique-Haldia,Panamax,1Y,19.41
2024-10-06,Mozambique-Haldia,Capesize,1M,22.45
2024-10-06,Mozambique-Haldia,Capesize,3M,22.23
2024-10-06,Mozambique-Haldia,Capesize,6M,22.3
2024-10-06,Mozambique-Haldia,Capesize,1Y,23.02
2024-10-06,USA-Paradip,Panamax,1M,34.61
2024-10-06,USA-Paradip,Panamax,3M,35.44
2024-10-06,USA-Paradip,Panamax,6M,34.84
2024-10-06,USA-Paradip,Panamax,1Y,36.29
2024-10-06,USA-Paradip,Capesize,1M,34.88
2024-10-06,USA-Paradip,Capesize,3M,35.19
2024-10-06,USA-Paradip,Capesize,6M,35.85
2024-10-06,USA-Paradip,Capesize,1Y,37.32
2024-10-06,USA-Vizag,Panamax,1M,31.85
2024-10-06,USA-Vizag,Panamax,3M,32.35
2024-10-06,USA-Vizag,Panamax,6M,32.41
2024-10-06,USA-Vizag,Panamax,1Y,32.93
2024-10-06,USA-Vizag,Capesize,1M,35.68
2024-10-06,USA-Vizag,Capesize,3M,36.7
2024-10-06,USA-Vizag,Capesize,6M,35.92
2024-10-06,USA-Vizag,Capesize,1Y,36.36
2024-10-06,USA-Dhamra,Panamax,1M,28.32
2024-10-06,USA-Dhamra,Panamax,3M,28.77
2024-10-06,USA-Dhamra,Panamax,6M,29.25
2024-10-06,USA-Dhamra,Panamax,1Y,29.79
2024-10-06,USA-Dhamra,Capesize,1M,30.83
2024-10-06,USA-Dhamra,Capesize,3M,31.53
2024-10-06,USA-Dhamra,Capesize,6M,32.12
2024-10-06,USA-Dhamra,Capesize,1Y,31.61
2024-10-06,USA-Gangavaram,Panamax,1M,31.74
2024-10-06,USA-Gangavaram,Panamax,3M,33.36
2024-10-06,USA-Gangavaram,Panamax,6M,31.76
2024-10-06,USA-Gangavaram,Panamax,1Y,33.06
2024-10-06,USA-Gangavaram,Capesize,1M,32.18
2024-10-06,USA-Gangavaram,Capesize,3M,32.78
2024-10-06,USA-Gangavaram,Capesize,6M,31.63
2024-10-06,USA-Gangavaram,Capesize,1Y,32.78
2024-10-06,USA-Gopalpur,Panamax,1M,35.39
2024-10-06,USA-Gopalpur,Panamax,3M,35.46
2024-10-06,USA-Gopalpur,Panamax,6M,34.85
2024-10-06,USA-Gopalpur,Panamax,1Y,38.44
2024-10-06,USA-Gopalpur,Capesize,1M,31.92
2024-10-06,USA-Gopalpur,Capesize,3M,32.01
2024-10-06,USA-Gopalpur,Capesize,6M,33.26
2024-10-06,USA-Gopalpur,Capesize,1Y,33.4
2024-10-06,USA-Haldia,Panamax,1M,30.15
2024-10-06,USA-Haldia,Panamax,3M,31.46
2024-10-06,USA-Haldia,Panamax,6M,31.38
2024-10-06,USA-Haldia,Panamax,1Y,31.04
2024-10-06,USA-Haldia,Capesize,1M,28.29
2024-10-06,USA-Haldia,Capesize,3M,29.56
2024-10-06,USA-Haldia,Capesize,6M,28.98
2024-10-06,USA-Haldia,Capesize,1Y,30.69
2024-11-05,Australia-Paradip,Panamax,1M,19.43
2024-11-05,Australia-Paradip,Panamax,3M,19.26
2024-11-05,Australia-Paradip,Panamax,6M,19.69
2024-11-05,Australia-Paradip,Panamax,1Y,19.89
2024-11-05,Australia-Paradip,Capesize,1M,15.44
2024-11-05,Australia-Paradip,Capesize,3M,16.07
2024-11-05,Australia-Paradip,Capesize,6M,15.88
2024-11-05,Australia-Paradip,Capesize,1Y,16.14
2024-11-05,Australia-Vizag,Panamax,1M,15.94
2024-11-05,Australia-Vizag,Panamax,3M,16.06
2024-11-05,Australia-Vizag,Panamax,6M,16.87
2024-11-05,Australia-Vizag,Panamax,1Y,16.78
2024-11-05,Australia-Vizag,Capesize,1M,17.35
2024-11-05,Australia-Vizag,Capesize,3M,17.37
2024-11-05,Australia-Vizag,Capesize,6M,18.09
2024-11-05,Australia-Vizag,Capesize,1Y,17.82
2024-11-05,Australia-Dhamra,Panamax,1M,18.51
2024-11-05,Australia-Dhamra,Panamax,3M,18.43
2024-11-05,Australia-Dhamra,Panamax,6M,18.66
2024-11-05,Australia-Dhamra,Panamax,1Y,19.04
2024-11-05,Australia-Dhamra,Capesize,1M,16.57
2024-11-05,Australia-Dhamra,Capesize,3M,16.48
2024-11-05,Australia-Dhamra,Capesize,6M,16.94
2024-11-05,Australia-Dhamra,Capesize,1Y,17.19
2024-11-05,Australia-Gangavaram,Panamax,1M,15.01
2024-11-05,Australia-Gangavaram,Panamax,3M,15.46
2024-11-05,Australia-Gangavaram,Panamax,6M,15.57
2024-11-05,Australia-Gangavaram,Panamax,1Y,15.16
2024-11-05,Australia-Gangavaram,Capesize,1M,15.6
2024-11-05,Australia-Gangavaram,Capesize,3M,15.6
2024-11-05,Australia-Gangavaram,Capesize,6M,16.41
2024-11-05,Australia-Gangavaram,Capesize,1Y,16.39
2024-11-05,Australia-Gopalpur,Panamax,1M,16.23
2024-11-05,Australia-Gopalpur,Panamax,3M,16.78
2024-11-05,Australia-Gopalpur,Panamax,6M,16.67
2024-11-05,Australia-Gopalpur,Panamax,1Y,17.11
2024-11-05,Australia-Gopalpur,Capesize,1M,17.74
2024-11-05,Australia-Gopalpur,Capesize,3M,17.01
2024-11-05,Australia-Gopalpur,Capesize,6M,17.72
2024-11-05,Australia-Gopalpur,Capesize,1Y,17.88
2024-11-05,Australia-Haldia,Panamax,1M,17.85
2024-11-05,Australia-Haldia,Panamax,3M,17.39
2024-11-05,Australia-Haldia,Panamax,6M,18.35
2024-11-05,Australia-Haldia,Panamax,1Y,18.3
2024-11-05,Australia-Haldia,Capesize,1M,18.92
2024-11-05,Australia-Haldia,Capesize,3M,18.68
2024-11-05,Australia-Haldia,Capesize,6M,18.82
2024-11-05,Australia-Haldia,Capesize,1Y,19.09
2024-11-05,Indonesia-Paradip,Panamax,1M,9.63
2024-11-05,Indonesia-Paradip,Panamax,3M,9.82
2024-11-05,Indonesia-Paradip,Panamax,6M,10.05
2024-11-05,Indonesia-Paradip,Panamax,1Y,10.24
2024-11-05,Indonesia-Paradip,Capesize,1M,10.08
2024-11-05,Indonesia-Paradip,Capesize,3M,10.28
2024-11-05,Indonesia-Paradip,Capesize,6M,10.61
2024-11-05,Indonesia-Paradip,Capesize,1Y,10.51
2024-11-05,Indonesia-Vizag,Panamax,1M,11.97
2024-11-05,Indonesia-Vizag,Panamax,3M,12.21
2024-11-05,Indonesia-Vizag,Panamax,6M,12.28
2024-11-05,Indonesia-Vizag,Panamax,1Y,12.34
2024-11-05,Indonesia-Vizag,Capesize,1M,11.43
2024-11-05,Indonesia-Vizag,Capesize,3M,11.34
2024-11-05,Indonesia-Vizag,Capesize,6M,11.51
2024-11-05,Indonesia-Vizag,Capesize,1Y,11.66
2024-11-05,Indonesia-Dhamra,Panamax,1M,12.61
2024-11-05,Indonesia-Dhamra,Panamax,3M,12.69
2024-11-05,Indonesia-Dhamra,Panamax,6M,13.05
2024-11-05,Indonesia-Dhamra,Panamax,1Y,13.23
2024-11-05,Indonesia-Dhamra,Capesize,1M,9.53
2024-11-05,Indonesia-Dhamra,Capesize,3M,9.5
2024-11-05,Indonesia-Dhamra,Capesize,6M,9.83
2024-11-05,Indonesia-Dhamra,Capesize,1Y,9.96
2024-11-05,Indonesia-Gangavaram,Panamax,1M,10.47
2024-11-05,Indonesia-Gangavaram,Panamax,3M,10.83
2024-11-05,Indonesia-Gangavaram,Panamax,6M,10.55
2024-11-05,Indonesia-Gangavaram,Panamax,1Y,11.06
2024-11-05,Indonesia-Gangavaram,Capesize,1M,11.37
2024-11-05,Indonesia-Gangavaram,Capesize,3M,11.52
2024-11-05,Indonesia-Gangavaram,Capesize,6M,11.89
2024-11-05,Indonesia-Gangavaram,Capesize,1Y,11.64
2024-11-05,Indonesia-Gopalpur,Panamax,1M,12.04
2024-11-05,Indonesia-Gopalpur,Panamax,3M,11.96
2024-11-05,Indonesia-Gopalpur,Panamax,6M,12.63
2024-11-05,Indonesia-Gopalpur,Panamax,1Y,12.36
2024-11-05,Indonesia-Gopalpur,Capesize,1M,8.52
2024-11-05,Indonesia-Gopalpur,Capesize,3M,8.83
2024-11-05,Indonesia-Gopalpur,Capesize,6M,8.95
2024-11-05,Indonesia-Gopalpur,Capesize,1Y,8.93
2024-11-05,Indonesia-Haldia,Panamax,1M,11.2
2024-11-05,Indonesia-Haldia,Panamax,3M,11.16
2024-11-05,Indonesia-Haldia,Panamax,6M,11.29
2024-11-05,Indonesia-Haldia,Panamax,1Y,11.37
2024-11-05,Indonesia-Haldia,Capesize,1M,11.0
2024-11-05,Indonesia-Haldia,Capesize,3M,10.97
2024-11-05,Indonesia-Haldia,Capesize,6M,11.41
2024-11-05,Indonesia-Haldia,Capesize,1Y,11.55
2024-11-05,Russia-Paradip,Panamax,1M,21.24
2024-11-05,Russia-Paradip,Panamax,3M,20.95
2024-11-05,Russia-Paradip,Panamax,6M,20.85
2024-11-05,Russia-Paradip,Panamax,1Y,21.96
2024-11-05,Russia-Paradip,Capesize,1M,22.27
2024-11-05,Russia-Paradip,Capesize,3M,22.43
2024-11-05,Russia-Paradip,Capesize,6M,22.37
2024-11-05,Russia-Paradip,Capesize,1Y,23.2
2024-11-05,Russia-Vizag,Panamax,1M,24.45
2024-11-05,Russia-Vizag,Panamax,3M,25.11
2024-11-05,Russia-Vizag,Panamax,6M,25.48
2024-11-05,Russia-Vizag,Panamax,1Y,24.94
2024-11-05,Russia-Vizag,Capesize,1M,20.41
2024-11-05,Russia-Vizag,Capesize,3M,20.81
2024-11-05,Russia-Vizag,Capesize,6M,21.12
2024-11-05,Russia-Vizag,Capesize,1Y,21.97
2024-11-05,Russia-Dhamra,Panamax,1M,24.14
2024-11-05,Russia-Dhamra,Panamax,3M,24.69
2024-11-05,Russia-Dhamra,Panamax,6M,25.37
2024-11-05,Russia-Dhamra,Panamax,1Y,25.06
2024-11-05,Russia-Dhamra,Capesize,1M,20.75
2024-11-05,Russia-Dhamra,Capesize,3M,20.94
2024-11-05,Russia-Dhamra,Capesize,6M,20.35
2024-11-05,Russia-Dhamra,Capesize,1Y,21.48
2024-11-05,Russia-Gangavaram,Panamax,1M,23.71
2024-11-05,Russia-Gangavaram,Panamax,3M,24.7
2024-11-05,Russia-Gangavaram,Panamax,6M,24.55
2024-11-05,Russia-Gangavaram,Panamax,1Y,25.44
2024-11-05,Russia-Gangavaram,Capesize,1M,22.96
2024-11-05,Russia-Gangavaram,Capesize,3M,23.68
2024-11-05,Russia-Gangavaram,Capesize,6M,23.21
2024-11-05,Russia-Gangavaram,Capesize,1Y,23.85
2024-11-05,Russia-Gopalpur,Panamax,1M,18.93
2024-11-05,Russia-Gopalpur,Panamax,3M,19.68
2024-11-05,Russia-Gopalpur,Panamax,6M,19.94
2024-11-05,Russia-Gopalpur,Panamax,1Y,20.57
2024-11-05,Russia-Gopalpur,Capesize,1M,21.78
2024-11-05,Russia-Gopalpur,Capesize,3M,21.77
2024-11-05,Russia-Gopalpur,Capesize,6M,21.91
2024-11-05,Russia-Gopalpur,Capesize,1Y,22.73
2024-11-05,Russia-Haldia,Panamax,1M,21.95
2024-11-05,Russia-Haldia,Panamax,3M,22.29
2024-11-05,Russia-Haldia,Panamax,6M,22.88
2024-11-05,Russia-Haldia,Panamax,1Y,23.17
2024-11-05,Russia-Haldia,Capesize,1M,23.82
2024-11-05,Russia-Haldia,Capesize,3M,24.14
2024-11-05,Russia-Haldia,Capesize,6M,23.91
2024-11-05,Russia-Haldia,Capesize,1Y,24.17
2024-11-05,Mozambique-Paradip,Panamax,1M,22.92
2024-11-05,Mozambique-Paradip,Panamax,3M,22.27
2024-11-05,Mozambique-Paradip,Panamax,6M,22.73
2024-11-05,Mozambique-Paradip,Panamax,1Y,23.37
2024-11-05,Mozambique-Paradip,Capesize,1M,20.64
2024-11-05,Mozambique-Paradip,Capesize,3M,20.98
2024-11-05,Mozambique-Paradip,Capesize,6M,21.62
2024-11-05,Mozambique-Paradip,Capesize,1Y,22.38
2024-11-05,Mozambique-Vizag,Panamax,1M,20.53
2024-11-05,Mozambique-Vizag,Panamax,3M,21.07
2024-11-05,Mozambique-Vizag,Panamax,6M,21.13
2024-11-05,Mozambique-Vizag,Panamax,1Y,21.91
2024-11-05,Mozambique-Vizag,Capesize,1M,22.79
2024-11-05,Mozambique-Vizag,Capesize,3M,23.03
2024-11-05,Mozambique-Vizag,Capesize,6M,23.5
2024-11-05,Mozambique-Vizag,Capesize,1Y,23.38
2024-11-05,Mozambique-Dhamra,Panamax,1M,22.68
2024-11-05,Mozambique-Dhamra,Panamax,3M,22.69
2024-11-05,Mozambique-Dhamra,Panamax,6M,22.28
2024-11-05,Mozambique-Dhamra,Panamax,1Y,23.76
2024-11-05,Mozambique-Dhamra,Capesize,1M,21.88
2024-11-05,Mozambique-Dhamra,Capesize,3M,21.57
2024-11-05,Mozambique-Dhamra,Capesize,6M,21.93
2024-11-05,Mozambique-Dhamra,Capesize,1Y,22.2
2024-11-05,Mozambique-Gangavaram,Panamax,1M,23.21
2024-11-05,Mozambique-Gangavaram,Panamax,3M,23.34
2024-11-05,Mozambique-Gangavaram,Panamax,6M,24.05
2024-11-05,Mozambique-Gangavaram,Panamax,1Y,24.24
2024-11-05,Mozambique-Gangavaram,Capesize,1M,22.91
2024-11-05,Mozambique-Gangavaram,Capesize,3M,22.09
2024-11-05,Mozambique-Gangavaram,Capesize,6M,21.91
2024-11-05,Mozambique-Gangavaram,Capesize,1Y,22.7
2024-11-05,Mozambique-Gopalpur,Panamax,1M,21.61
2024-11-05,Mozambique-Gopalpur,Panamax,3M,22.48
2024-11-05,Mozambique-Gopalpur,Panamax,6M,22.64
2024-11-05,Mozambique-Gopalpur,Panamax,1Y,23.24
2024-11-05,Mozambique-Gopalpur,Capesize,1M,21.78
2024-11-05,Mozambique-Gopalpur,Capesize,3M,22.3
2024-11-05,Mozambique-Gopalpur,Capesize,6M,21.83
2024-11-05,Mozambique-Gopalpur,Capesize,1Y,22.78
2024-11-05,Mozambique-Haldia,Panamax,1M,21.05
2024-11-05,Mozambique-Haldia,Panamax,3M,21.38
2024-11-05,Mozambique-Haldia,Panamax,6M,22.23
2024-11-05,Mozambique-Haldia,Panamax,1Y,21.79
2024-11-05,Mozambique-Haldia,Capesize,1M,22.75
2024-11-05,Mozambique-Haldia,Capesize,3M,23.05
2024-11-05,Mozambique-Haldia,Capesize,6M,23.82
2024-11-05,Mozambique-Haldia,Capesize,1Y,23.29
2024-11-05,USA-Paradip,Panamax,1M,32.44
2024-11-05,USA-Paradip,Panamax,3M,32.39
2024-11-05,USA-Paradip,Panamax,6M,33.59
2024-11-05,USA-Paradip,Panamax,1Y,33.52
2024-11-05,USA-Paradip,Capesize,1M,33.36
2024-11-05,USA-Paradip,Capesize,3M,34.29
2024-11-05,USA-Paradip,Capesize,6M,33.51
2024-11-05,USA-Paradip,Capesize,1Y,33.87
2024-11-05,USA-Vizag,Panamax,1M,32.08
2024-11-05,USA-Vizag,Panamax,3M,30.96
2024-11-05,USA-Vizag,Panamax,6M,31.18
2024-11-05,USA-Vizag,Panamax,1Y,32.81
2024-11-05,USA-Vizag,Capesize,1M,33.77
2024-11-05,USA-Vizag,Capesize,3M,34.17
2024-11-05,USA-Vizag,Capesize,6M,33.52
2024-11-05,USA-Vizag,Capesize,1Y,34.39
2024-11-05,USA-Dhamra,Panamax,1M,30.95
2024-11-05,USA-Dhamra,Panamax,3M,30.76
2024-11-05,USA-Dhamra,Panamax,6M,32.34
2024-11-05,USA-Dhamra,Panamax,1Y,32.65
2024-11-05,USA-Dhamra,Capesize,1M,29.17
2024-11-05,USA-Dhamra,Capesize,3M,28.98
2024-11-05,USA-Dhamra,Capesize,6M,30.24
2024-11-05,USA-Dhamra,Capesize,1Y,30.29
2024-11-05,USA-Gangavaram,Panamax,1M,32.5
2024-11-05,USA-Gangavaram,Panamax,3M,32.35
2024-11-05,USA-Gangavaram,Panamax,6M,33.0
2024-11-05,USA-Gangavaram,Panamax,1Y,34.43
2024-11-05,USA-Gangavaram,Capesize,1M,30.77
2024-11-05,USA-Gangavaram,Capesize,3M,32.27
2024-11-05,USA-Gangavaram,Capesize,6M,31.89
2024-11-05,USA-Gangavaram,Capesize,1Y,32.46
2024-11-05,USA-Gopalpur,Panamax,1M,33.45
2024-11-05,USA-Gopalpur,Panamax,3M,33.37
2024-11-05,USA-Gopalpur,Panamax,6M,33.96
2024-11-05,USA-Gopalpur,Panamax,1Y,34.66
2024-11-05,USA-Gopalpur,Capesize,1M,28.62
2024-11-05,USA-Gopalpur,Capesize,3M,29.69
2024-11-05,USA-Gopalpur,Capesize,6M,29.31
2024-11-05,USA-Gopalpur,Capesize,1Y,31.03
2024-11-05,USA-Haldia,Panamax,1M,35.2
2024-11-05,USA-Haldia,Panamax,3M,35.82
2024-11-05,USA-Haldia,Panamax,6M,35.74
2024-11-05,USA-Haldia,Panamax,1Y,36.05
2024-11-05,USA-Haldia,Capesize,1M,29.28
2024-11-05,USA-Haldia,Capesize,3M,29.81
2024-11-05,USA-Haldia,Capesize,6M,30.87
2024-11-05,USA-Haldia,Capesize,1Y,30.8
2024-12-05,Australia-Paradip,Panamax,1M,16.65
2024-12-05,Australia-Paradip,Panamax,3M,16.6
2024-12-05,Australia-Paradip,Panamax,6M,16.97
2024-12-05,Australia-Paradip,Panamax,1Y,17.31
2024-12-05,Australia-Paradip,Capesize,1M,16.74
2024-12-05,Australia-Paradip,Capesize,3M,16.86
2024-12-05,Australia-Paradip,Capesize,6M,17.01
2024-12-05,Australia-Paradip,Capesize,1Y,17.78
2024-12-05,Australia-Vizag,Panamax,1M,17.76
2024-12-05,Australia-Vizag,Panamax,3M,18.54
2024-12-05,Australia-Vizag,Panamax,6M,18.25
2024-12-05,Australia-Vizag,Panamax,1Y,18.74
2024-12-05,Australia-Vizag,Capesize,1M,15.03
2024-12-05,Australia-Vizag,Capesize,3M,14.98
2024-12-05,Australia-Vizag,Capesize,6M,14.89
2024-12-05,Australia-Vizag,Capesize,1Y,15.4
2024-12-05,Australia-Dhamra,Panamax,1M,16.3
2024-12-05,Australia-Dhamra,Panamax,3M,17.17
2024-12-05,Australia-Dhamra,Panamax,6M,16.88
2024-12-05,Australia-Dhamra,Panamax,1Y,17.58
2024-12-05,Australia-Dhamra,Capesize,1M,15.66
2024-12-05,Australia-Dhamra,Capesize,3M,15.03
2024-12-05,Australia-Dhamra,Capesize,6M,15.64
2024-12-05,Australia-Dhamra,Capesize,1Y,15.93
2024-12-05,Australia-Gangavaram,Panamax,1M,15.47
2024-12-05,Australia-Gangavaram,Panamax,3M,15.65
2024-12-05,Australia-Gangavaram,Panamax,6M,15.21
2024-12-05,Australia-Gangavaram,Panamax,1Y,15.77
2024-12-05,Australia-Gangavaram,Capesize,1M,17.68
2024-12-05,Australia-Gangavaram,Capesize,3M,18.12
2024-12-05,Australia-Gangavaram,Capesize,6M,17.78
2024-12-05,Australia-Gangavaram,Capesize,1Y,18.13
2024-12-05,Australia-Gopalpur,Panamax,1M,16.38
2024-12-05,Australia-Gopalpur,Panamax,3M,16.94
2024-12-05,Australia-Gopalpur,Panamax,6M,17.03
2024-12-05,Australia-Gopalpur,Panamax,1Y,17.55
2024-12-05,Australia-Gopalpur,Capesize,1M,16.28
2024-12-05,Australia-Gopalpur,Capesize,3M,16.77
2024-12-05,Australia-Gopalpur,Capesize,6M,16.47
2024-12-05,Australia-Gopalpur,Capesize,1Y,16.94
2024-12-05,Australia-Haldia,Panamax,1M,17.39
2024-12-05,Australia-Haldia,Panamax,3M,17.38
2024-12-05,Australia-Haldia,Panamax,6M,18.17
2024-12-05,Australia-Haldia,Panamax,1Y,18.28
2024-12-05,Australia-Haldia,Capesize,1M,15.83
2024-12-05,Australia-Haldia,Capesize,3M,16.15
2024-12-05,Australia-Haldia,Capesize,6M,16.31
2024-12-05,Australia-Haldia,Capesize,1Y,16.45
2024-12-05,Indonesia-Paradip,Panamax,1M,10.84
2024-12-05,Indonesia-Paradip,Panamax,3M,11.02
2024-12-05,Indonesia-Paradip,Panamax,6M,11.43
2024-12-05,Indonesia-Paradip,Panamax,1Y,11.66
2024-12-05,Indonesia-Paradip,Capesize,1M,9.25
2024-12-05,Indonesia-Paradip,Capesize,3M,9.08
2024-12-05,Indonesia-Paradip,Capesize,6M,9.22
2024-12-05,Indonesia-Paradip,Capesize,1Y,9.34
2024-12-05,Indonesia-Vizag,Panamax,1M,9.69
2024-12-05,Indonesia-Vizag,Panamax,3M,9.84
2024-12-05,Indonesia-Vizag,Panamax,6M,9.88
2024-12-05,Indonesia-Vizag,Panamax,1Y,10.25
2024-12-05,Indonesia-Vizag,Capesize,1M,11.32
2024-12-05,Indonesia-Vizag,Capesize,3M,11.4
2024-12-05,Indonesia-Vizag,Capesize,6M,11.47
2024-12-05,Indonesia-Vizag,Capesize,1Y,11.84
2024-12-05,Indonesia-Dhamra,Panamax,1M,10.82
2024-12-05,Indonesia-Dhamra,Panamax,3M,10.5
2024-12-05,Indonesia-Dhamra,Panamax,6M,10.54
2024-12-05,Indonesia-Dhamra,Panamax,1Y,10.91
2024-12-05,Indonesia-Dhamra,Capesize,1M,8.88
2024-12-05,Indonesia-Dhamra,Capesize,3M,9.19
2024-12-05,Indonesia-Dhamra,Capesize,6M,9.44
2024-12-05,Indonesia-Dhamra,Capesize,1Y,9.33
2024-12-05,Indonesia-Gangavaram,Panamax,1M,8.9
2024-12-05,Indonesia-Gangavaram,Panamax,3M,8.78
2024-12-05,Indonesia-Gangavaram,Panamax,6M,8.98
2024-12-05,Indonesia-Gangavaram,Panamax,1Y,9.29
2024-12-05,Indonesia-Gangavaram,Capesize,1M,11.7
2024-12-05,Indonesia-Gangavaram,Capesize,3M,12.13
2024-12-05,Indonesia-Gangavaram,Capesize,6M,11.75
2024-12-05,Indonesia-Gangavaram,Capesize,1Y,11.81
2024-12-05,Indonesia-Gopalpur,Panamax,1M,12.99
2024-12-05,Indonesia-Gopalpur,Panamax,3M,13.41
2024-12-05,Indonesia-Gopalpur,Panamax,6M,13.21
2024-12-05,Indonesia-Gopalpur,Panamax,1Y,13.11
2024-12-05,Indonesia-Gopalpur,Capesize,1M,8.69
2024-12-05,Indonesia-Gopalpur,Capesize,3M,8.91
2024-12-05,Indonesia-Gopalpur,Capesize,6M,9.42
2024-12-05,Indonesia-Gopalpur,Capesize,1Y,9.14
2024-12-05,Indonesia-Haldia,Panamax,1M,8.37
2024-12-05,Indonesia-Haldia,Panamax,3M,8.31
2024-12-05,Indonesia-Haldia,Panamax,6M,8.39
2024-12-05,Indonesia-Haldia,Panamax,1Y,8.59
2024-12-05,Indonesia-Haldia,Capesize,1M,11.36
2024-12-05,Indonesia-Haldia,Capesize,3M,11.29
2024-12-05,Indonesia-Haldia,Capesize,6M,11.94
2024-12-05,Indonesia-Haldia,Capesize,1Y,11.36
2024-12-05,Russia-Paradip,Panamax,1M,23.37
2024-12-05,Russia-Paradip,Panamax,3M,23.35
2024-12-05,Russia-Paradip,Panamax,6M,23.68
2024-12-05,Russia-Paradip,Panamax,1Y,24.28
2024-12-05,Russia-Paradip,Capesize,1M,21.02
2024-12-05,Russia-Paradip,Capesize,3M,21.54
2024-12-05,Russia-Paradip,Capesize,6M,21.24
2024-12-05,Russia-Paradip,Capesize,1Y,21.97
2024-12-05,Russia-Vizag,Panamax,1M,23.47
2024-12-05,Russia-Vizag,Panamax,3M,22.82
2024-12-05,Russia-Vizag,Panamax,6M,23.97
2024-12-05,Russia-Vizag,Panamax,1Y,23.91
2024-12-05,Russia-Vizag,Capesize,1M,24.28
2024-12-05,Russia-Vizag,Capesize,3M,24.48
2024-12-05,Russia-Vizag,Capesize,6M,25.72
2024-12-05,Russia-Vizag,Capesize,1Y,24.93
2024-12-05,Russia-Dhamra,Panamax,1M,24.83
2024-12-05,Russia-Dhamra,Panamax,3M,25.33
2024-12-05,Russia-Dhamra,Panamax,6M,25.01
2024-12-05,Russia-Dhamra,Panamax,1Y,24.89
2024-12-05,Russia-Dhamra,Capesize,1M,25.69
2024-12-05,Russia-Dhamra,Capesize,3M,26.03
2024-12-05,Russia-Dhamra,Capesize,6M,26.43
2024-12-05,Russia-Dhamra,Capesize,1Y,27.26
2024-12-05,Russia-Gangavaram,Panamax,1M,23.98
2024-12-05,Russia-Gangavaram,Panamax,3M,24.01
2024-12-05,Russia-Gangavaram,Panamax,6M,24.42
2024-12-05,Russia-Gangavaram,Panamax,1Y,24.46
2024-12-05,Russia-Gangavaram,Capesize,1M,26.44
2024-12-05,Russia-Gangavaram,Capesize,3M,26.57
2024-12-05,Russia-Gangavaram,Capesize,6M,26.97
2024-12-05,Russia-Gangavaram,Capesize,1Y,26.86
2024-12-05,Russia-Gopalpur,Panamax,1M,21.91
2024-12-05,Russia-Gopalpur,Panamax,3M,22.2
2024-12-05,Russia-Gopalpur,Panamax,6M,22.92
2024-12-05,Russia-Gopalpur,Panamax,1Y,23.33
2024-12-05,Russia-Gopalpur,Capesize,1M,21.75
2024-12-05,Russia-Gopalpur,Capesize,3M,22.09
2024-12-05,Russia-Gopalpur,Capesize,6M,22.1
2024-12-05,Russia-Gopalpur,Capesize,1Y,22.49
2024-12-05,Russia-Haldia,Panamax,1M,27.27
2024-12-05,Russia-Haldia,Panamax,3M,27.62
2024-12-05,Russia-Haldia,Panamax,6M,28.33
2024-12-05,Russia-Haldia,Panamax,1Y,28.44
2024-12-05,Russia-Haldia,Capesize,1M,20.17
2024-12-05,Russia-Haldia,Capesize,3M,20.55
2024-12-05,Russia-Haldia,Capesize,6M,20.62
2024-12-05,Russia-Haldia,Capesize,1Y,21.02
2024-12-05,Mozambique-Paradip,Panamax,1M,21.9
2024-12-05,Mozambique-Paradip,Panamax,3M,21.89
2024-12-05,Mozambique-Paradip,Panamax,6M,22.32
2024-12-05,Mozambique-Paradip,Panamax,1Y,22.64
2024-12-05,Mozambique-Paradip,Capesize,1M,20.57
2024-12-05,Mozambique-Paradip,Capesize,3M,21.56
2024-12-05,Mozambique-Paradip,Capesize,6M,20.83
2024-12-05,Mozambique-Paradip,Capesize,1Y,22.41
2024-12-05,Mozambique-Vizag,Panamax,1M,23.45
2024-12-05,Mozambique-Vizag,Panamax,3M,23.79
2024-12-05,Mozambique-Vizag,Panamax,6M,24.09
2024-12-05,Mozambique-Vizag,Panamax,1Y,23.72
2024-12-05,Mozambique-Vizag,Capesize,1M,21.12
2024-12-05,Mozambique-Vizag,Capesize,3M,21.75
2024-12-05,Mozambique-Vizag,Capesize,6M,21.21
2024-12-05,Mozambique-Vizag,Capesize,1Y,21.93
2024-12-05,Mozambique-Dhamra,Panamax,1M,21.11
2024-12-05,Mozambique-Dhamra,Panamax,3M,21.32
2024-12-05,Mozambique-Dhamra,Panamax,6M,21.28
2024-12-05,Mozambique-Dhamra,Panamax,1Y,22.16
2024-12-05,Mozambique-Dhamra,Capesize,1M,20.84
2024-12-05,Mozambique-Dhamra,Capesize,3M,20.89
2024-12-05,Mozambique-Dhamra,Capesize,6M,21.3
2024-12-05,Mozambique-Dhamra,Capesize,1Y,21.54
2024-12-05,Mozambique-Gangavaram,Panamax,1M,20.29
2024-12-05,Mozambique-Gangavaram,Panamax,3M,20.33
2024-12-05,Mozambique-Gangavaram,Panamax,6M,20.41
2024-12-05,Mozambique-Gangavaram,Panamax,1Y,21.1
2024-12-05,Mozambique-Gangavaram,Capesize,1M,21.55
2024-12-05,Mozambique-Gangavaram,Capesize,3M,21.64
2024-12-05,Mozambique-Gangavaram,Capesize,6M,21.91
2024-12-05,Mozambique-Gangavaram,Capesize,1Y,22.15
2024-12-05,Mozambique-Gopalpur,Panamax,1M,19.74
2024-12-05,Mozambique-Gopalpur,Panamax,3M,19.82
2024-12-05,Mozambique-Gopalpur,Panamax,6M,20.28
2024-12-05,Mozambique-Gopalpur,Panamax,1Y,20.32
2024-12-05,Mozambique-Gopalpur,Capesize,1M,18.17
2024-12-05,Mozambique-Gopalpur,Capesize,3M,18.68
2024-12-05,Mozambique-Gopalpur,Capesize,6M,18.87
2024-12-05,Mozambique-Gopalpur,Capesize,1Y,19.48
2024-12-05,Mozambique-Haldia,Panamax,1M,21.44
2024-12-05,Mozambique-Haldia,Panamax,3M,22.21
2024-12-05,Mozambique-Haldia,Panamax,6M,22.4
2024-12-05,Mozambique-Haldia,Panamax,1Y,24.13
2024-12-05,Mozambique-Haldia,Capesize,1M,22.65
2024-12-05,Mozambique-Haldia,Capesize,3M,23.07
2024-12-05,Mozambique-Haldia,Capesize,6M,23.04
2024-12-05,Mozambique-Haldia,Capesize,1Y,22.65
2024-12-05,USA-Paradip,Panamax,1M,32.18
2024-12-05,USA-Paradip,Panamax,3M,32.69
2024-12-05,USA-Paradip,Panamax,6M,32.19
2024-12-05,USA-Paradip,Panamax,1Y,33.75
2024-12-05,USA-Paradip,Capesize,1M,32.39
2024-12-05,USA-Paradip,Capesize,3M,34.63
2024-12-05,USA-Paradip,Capesize,6M,34.66
2024-12-05,USA-Paradip,Capesize,1Y,34.94
2024-12-05,USA-Vizag,Panamax,1M,34.42
2024-12-05,USA-Vizag,Panamax,3M,33.79
2024-12-05,USA-Vizag,Panamax,6M,34.39
2024-12-05,USA-Vizag,Panamax,1Y,35.4
2024-12-05,USA-Vizag,Capesize,1M,30.55
2024-12-05,USA-Vizag,Capesize,3M,30.76
2024-12-05,USA-Vizag,Capesize,6M,31.56
2024-12-05,USA-Vizag,Capesize,1Y,30.51
2024-12-05,USA-Dhamra,Panamax,1M,30.82
2024-12-05,USA-Dhamra,Panamax,3M,30.78
2024-12-05,USA-Dhamra,Panamax,6M,31.17
2024-12-05,USA-Dhamra,Panamax,1Y,32.22
2024-12-05,USA-Dhamra,Capesize,1M,34.9
2024-12-05,USA-Dhamra,Capesize,3M,35.02
2024-12-05,USA-Dhamra,Capesize,6M,34.72
2024-12-05,USA-Dhamra,Capesize,1Y,34.88
2024-12-05,USA-Gangavaram,Panamax,1M,32.19
2024-12-05,USA-Gangavaram,Panamax,3M,33.13
2024-12-05,USA-Gangavaram,Panamax,6M,32.71
2024-12-05,USA-Gangavaram,Panamax,1Y,34.49
2024-12-05,USA-Gangavaram,Capesize,1M,30.03
2024-12-05,USA-Gangavaram,Capesize,3M,30.08
2024-12-05,USA-Gangavaram,Capesize,6M,30.04
2024-12-05,USA-Gangavaram,Capesize,1Y,30.99
2024-12-05,USA-Gopalpur,Panamax,1M,31.25
2024-12-05,USA-Gopalpur,Panamax,3M,30.91
2024-12-05,USA-Gopalpur,Panamax,6M,31.97
2024-12-05,USA-Gopalpur,Panamax,1Y,31.94
2024-12-05,USA-Gopalpur,Capesize,1M,31.2
2024-12-05,USA-Gopalpur,Capesize,3M,32.15
2024-12-05,USA-Gopalpur,Capesize,6M,32.41
2024-12-05,USA-Gopalpur,Capesize,1Y,32.78
2024-12-05,USA-Haldia,Panamax,1M,32.94
2024-12-05,USA-Haldia,Panamax,3M,33.22
2024-12-05,USA-Haldia,Panamax,6M,34.42
2024-12-05,USA-Haldia,Panamax,1Y,34.28
2024-12-05,USA-Haldia,Capesize,1M,29.12
2024-12-05,USA-Haldia,Capesize,3M,29.44
2024-12-05,USA-Haldia,Capesize,6M,29.75
2024-12-05,USA-Haldia,Capesize,1Y,30.55
2025-01-04,Australia-Paradip,Panamax,1M,14.55
2025-01-04,Australia-Paradip,Panamax,3M,14.23
2025-01-04,Australia-Paradip,Panamax,6M,14.85
2025-01-04,Australia-Paradip,Panamax,1Y,14.65
2025-01-04,Australia-Paradip,Capesize,1M,15.51
2025-01-04,Australia-Paradip,Capesize,3M,15.16
2025-01-04,Australia-Paradip,Capesize,6M,16.16
2025-01-04,Australia-Paradip,Capesize,1Y,15.52
2025-01-04,Australia-Vizag,Panamax,1M,16.51
2025-01-04,Australia-Vizag,Panamax,3M,16.61
2025-01-04,Australia-Vizag,Panamax,6M,17.65
2025-01-04,Australia-Vizag,Panamax,1Y,16.86
2025-01-04,Australia-Vizag,Capesize,1M,16.39
2025-01-04,Australia-Vizag,Capesize,3M,16.38
2025-01-04,Australia-Vizag,Capesize,6M,16.74
2025-01-04,Australia-Vizag,Capesize,1Y,17.07
2025-01-04,Australia-Dhamra,Panamax,1M,15.37
2025-01-04,Australia-Dhamra,Panamax,3M,15.53
2025-01-04,Australia-Dhamra,Panamax,6M,16.1
2025-01-04,Australia-Dhamra,Panamax,1Y,15.96
2025-01-04,Australia-Dhamra,Capesize,1M,15.57
2025-01-04,Australia-Dhamra,Capesize,3M,15.66
2025-01-04,Australia-Dhamra,Capesize,6M,15.86
2025-01-04,Australia-Dhamra,Capesize,1Y,16.09
2025-01-04,Australia-Gangavaram,Panamax,1M,16.52
2025-01-04,Australia-Gangavaram,Panamax,3M,16.53
2025-01-04,Australia-Gangavaram,Panamax,6M,16.58
2025-01-04,Australia-Gangavaram,Panamax,1Y,17.19
2025-01-04,Australia-Gangavaram,Capesize,1M,16.22
2025-01-04,Australia-Gangavaram,Capesize,3M,16.19
2025-01-04,Australia-Gangavaram,Capesize,6M,16.41
2025-01-04,Australia-Gangavaram,Capesize,1Y,16.4
2025-01-04,Australia-Gopalpur,Panamax,1M,18.05
2025-01-04,Australia-Gopalpur,Panamax,3M,17.72
2025-01-04,Australia-Gopalpur,Panamax,6M,18.24
2025-01-04,Australia-Gopalpur,Panamax,1Y,18.45
2025-01-04,Australia-Gopalpur,Capesize,1M,15.99
2025-01-04,Australia-Gopalpur,Capesize,3M,16.14
2025-01-04,Australia-Gopalpur,Capesize,6M,15.87
2025-01-04,Australia-Gopalpur,Capesize,1Y,17.04
2025-01-04,Australia-Haldia,Panamax,1M,16.62
2025-01-04,Australia-Haldia,Panamax,3M,17.47
2025-01-04,Australia-Haldia,Panamax,6M,17.24
2025-01-04,Australia-Haldia,Panamax,1Y,18.39
2025-01-04,Australia-Haldia,Capesize,1M,17.28
2025-01-04,Australia-Haldia,Capesize,3M,18.52
2025-01-04,Australia-Haldia,Capesize,6M,18.34
2025-01-04,Australia-Haldia,Capesize,1Y,18.74
2025-01-04,Indonesia-Paradip,Panamax,1M,9.09
2025-01-04,Indonesia-Paradip,Panamax,3M,9.11
2025-01-04,Indonesia-Paradip,Panamax,6M,9.33
2025-01-04,Indonesia-Paradip,Panamax,1Y,9.51
2025-01-04,Indonesia-Paradip,Capesize,1M,10.97
2025-01-04,Indonesia-Paradip,Capesize,3M,11.07
2025-01-04,Indonesia-Paradip,Capesize,6M,11.3
2025-01-04,Indonesia-Paradip,Capesize,1Y,11.35
2025-01-04,Indonesia-Vizag,Panamax,1M,10.23
2025-01-04,Indonesia-Vizag,Panamax,3M,10.19
2025-01-04,Indonesia-Vizag,Panamax,6M,10.46
2025-01-04,Indonesia-Vizag,Panamax,1Y,10.2
2025-01-04,Indonesia-Vizag,Capesize,1M,11.69
2025-01-04,Indonesia-Vizag,Capesize,3M,11.82
2025-01-04,Indonesia-Vizag,Capesize,6M,11.94
2025-01-04,Indonesia-Vizag,Capesize,1Y,12.35
2025-01-04,Indonesia-Dhamra,Panamax,1M,9.54
2025-01-04,Indonesia-Dhamra,Panamax,3M,9.7
2025-01-04,Indonesia-Dhamra,Panamax,6M,9.59
2025-01-04,Indonesia-Dhamra,Panamax,1Y,9.7
2025-01-04,Indonesia-Dhamra,Capesize,1M,9.71
2025-01-04,Indonesia-Dhamra,Capesize,3M,10.15
2025-01-04,Indonesia-Dhamra,Capesize,6M,10.15
2025-01-04,Indonesia-Dhamra,Capesize,1Y,10.44
2025-01-04,Indonesia-Gangavaram,Panamax,1M,10.65
2025-01-04,Indonesia-Gangavaram,Panamax,3M,10.85
2025-01-04,Indonesia-Gangavaram,Panamax,6M,10.94
2025-01-04,Indonesia-Gangavaram,Panamax,1Y,10.87
2025-01-04,Indonesia-Gangavaram,Capesize,1M,12.1
2025-01-04,Indonesia-Gangavaram,Capesize,3M,11.93
2025-01-04,Indonesia-Gangavaram,Capesize,6M,12.11
2025-01-04,Indonesia-Gangavaram,Capesize,1Y,12.7
2025-01-04,Indonesia-Gopalpur,Panamax,1M,12.84
2025-01-04,Indonesia-Gopalpur,Panamax,3M,13.01
2025-01-04,Indonesia-Gopalpur,Panamax,6M,13.34
2025-01-04,Indonesia-Gopalpur,Panamax,1Y,13.34
2025-01-04,Indonesia-Gopalpur,Capesize,1M,11.1
2025-01-04,Indonesia-Gopalpur,Capesize,3M,11.48
2025-01-04,Indonesia-Gopalpur,Capesize,6M,11.9
2025-01-04,Indonesia-Gopalpur,Capesize,1Y,11.8
2025-01-04,Indonesia-Haldia,Panamax,1M,9.52
2025-01-04,Indonesia-Haldia,Panamax,3M,9.96
2025-01-04,Indonesia-Haldia,Panamax,6M,9.84
2025-01-04,Indonesia-Haldia,Panamax,1Y,10.06
2025-01-04,Indonesia-Haldia,Capesize,1M,8.71
2025-01-04,Indonesia-Haldia,Capesize,3M,8.87
2025-01-04,Indonesia-Haldia,Capesize,6M,9.11
2025-01-04,Indonesia-Haldia,Capesize,1Y,9.35
2025-01-04,Russia-Paradip,Panamax,1M,19.98
2025-01-04,Russia-Paradip,Panamax,3M,20.33
2025-01-04,Russia-Paradip,Panamax,6M,19.95
2025-01-04,Russia-Paradip,Panamax,1Y,20.61
2025-01-04,Russia-Paradip,Capesize,1M,23.13
2025-01-04,Russia-Paradip,Capesize,3M,23.58
2025-01-04,Russia-Paradip,Capesize,6M,23.05
2025-01-04,Russia-Paradip,Capesize,1Y,24.04
2025-01-04,Russia-Vizag,Panamax,1M,21.06
2025-01-04,Russia-Vizag,Panamax,3M,21.58
2025-01-04,Russia-Vizag,Panamax,6M,21.16
2025-01-04,Russia-Vizag,Panamax,1Y,21.94
2025-01-04,Russia-Vizag,Capesize,1M,20.18
2025-01-04,Russia-Vizag,Capesize,3M,20.66
2025-01-04,Russia-Vizag,Capesize,6M,20.88
2025-01-04,Russia-Vizag,Capesize,1Y,21.33
2025-01-04,Russia-Dhamra,Panamax,1M,20.19
2025-01-04,Russia-Dhamra,Panamax,3M,21.13
2025-01-04,Russia-Dhamra,Panamax,6M,21.2
2025-01-04,Russia-Dhamra,Panamax,1Y,21.49
2025-01-04,Russia-Dhamra,Capesize,1M,22.31
2025-01-04,Russia-Dhamra,Capesize,3M,22.02
2025-01-04,Russia-Dhamra,Capesize,6M,22.92
2025-01-04,Russia-Dhamra,Capesize,1Y,23.69
2025-01-04,Russia-Gangavaram,Panamax,1M,18.95
2025-01-04,Russia-Gangavaram,Panamax,3M,18.82
2025-01-04,Russia-Gangavaram,Panamax,6M,19.48
2025-01-04,Russia-Gangavaram,Panamax,1Y,19.38
2025-01-04,Russia-Gangavaram,Capesize,1M,23.21
2025-01-04,Russia-Gangavaram,Capesize,3M,23.18
2025-01-04,Russia-Gangavaram,Capesize,6M,23.87
2025-01-04,Russia-Gangavaram,Capesize,1Y,24.24
2025-01-04,Russia-Gopalpur,Panamax,1M,22.67
2025-01-04,Russia-Gopalpur,Panamax,3M,22.44
2025-01-04,Russia-Gopalpur,Panamax,6M,22.58
2025-01-04,Russia-Gopalpur,Panamax,1Y,23.15
2025-01-04,Russia-Gopalpur,Capesize,1M,23.69
2025-01-04,Russia-Gopalpur,Capesize,3M,24.57
2025-01-04,Russia-Gopalpur,Capesize,6M,25.19
2025-01-04,Russia-Gopalpur,Capesize,1Y,25.59
2025-01-04,Russia-Haldia,Panamax,1M,22.41
2025-01-04,Russia-Haldia,Panamax,3M,22.52
2025-01-04,Russia-Haldia,Panamax,6M,23.12
2025-01-04,Russia-Haldia,Panamax,1Y,23.51
2025-01-04,Russia-Haldia,Capesize,1M,24.86
2025-01-04,Russia-Haldia,Capesize,3M,24.7
2025-01-04,Russia-Haldia,Capesize,6M,24.71
2025-01-04,Russia-Haldia,Capesize,1Y,25.52
2025-01-04,Mozambique-Paradip,Panamax,1M,22.06
2025-01-04,Mozambique-Paradip,Panamax,3M,22.27
2025-01-04,Mozambique-Paradip,Panamax,6M,22.48
2025-01-04,Mozambique-Paradip,Panamax,1Y,23.25
2025-01-04,Mozambique-Paradip,Capesize,1M,21.12
2025-01-04,Mozambique-Paradip,Capesize,3M,21.47
2025-01-04,Mozambique-Paradip,Capesize,6M,21.78
2025-01-04,Mozambique-Paradip,Capesize,1Y,21.77
2025-01-04,Mozambique-Vizag,Panamax,1M,20.4
2025-01-04,Mozambique-Vizag,Panamax,3M,20.35
2025-01-04,Mozambique-Vizag,Panamax,6M,20.38
2025-01-04,Mozambique-Vizag,Panamax,1Y,20.48
2025-01-04,Mozambique-Vizag,Capesize,1M,23.62
2025-01-04,Mozambique-Vizag,Capesize,3M,24.53
2025-01-04,Mozambique-Vizag,Capesize,6M,24.13
2025-01-04,Mozambique-Vizag,Capesize,1Y,24.07
2025-01-04,Mozambique-Dhamra,Panamax,1M,22.63
2025-01-04,Mozambique-Dhamra,Panamax,3M,22.41
2025-01-04,Mozambique-Dhamra,Panamax,6M,23.28
2025-01-04,Mozambique-Dhamra,Panamax,1Y,23.25
2025-01-04,Mozambique-Dhamra,Capesize,1M,19.08
2025-01-04,Mozambique-Dhamra,Capesize,3M,18.61
2025-01-04,Mozambique-Dhamra,Capesize,6M,19.32
2025-01-04,Mozambique-Dhamra,Capesize,1Y,19.42
2025-01-04,Mozambique-Gangavaram,Panamax,1M,22.57
2025-01-04,Mozambique-Gangavaram,Panamax,3M,22.43
2025-01-04,Mozambique-Gangavaram,Panamax,6M,22.3
2025-01-04,Mozambique-Gangavaram,Panamax,1Y,23.39
2025-01-04,Mozambique-Gangavaram,Capesize,1M,21.59
2025-01-04,Mozambique-Gangavaram,Capesize,3M,22.22
2025-01-04,Mozambique-Gangavaram,Capesize,6M,22.43
2025-01-04,Mozambique-Gangavaram,Capesize,1Y,22.89
2025-01-04,Mozambique-Gopalpur,Panamax,1M,18.95
2025-01-04,Mozambique-Gopalpur,Panamax,3M,19.15
2025-01-04,Mozambique-Gopalpur,Panamax,6M,19.32
2025-01-04,Mozambique-Gopalpur,Panamax,1Y,19.8
2025-01-04,Mozambique-Gopalpur,Capesize,1M,24.14
2025-01-04,Mozambique-Gopalpur,Capesize,3M,24.57
2025-01-04,Mozambique-Gopalpur,Capesize,6M,24.85
2025-01-04,Mozambique-Gopalpur,Capesize,1Y,25.59
2025-01-04,Mozambique-Haldia,Panamax,1M,18.84
2025-01-04,Mozambique-Haldia,Panamax,3M,19.14
2025-01-04,Mozambique-Haldia,Panamax,6M,19.01
2025-01-04,Mozambique-Haldia,Panamax,1Y,19.96
2025-01-04,Mozambique-Haldia,Capesize,1M,24.05
2025-01-04,Mozambique-Haldia,Capesize,3M,23.89
2025-01-04,Mozambique-Haldia,Capesize,6M,23.5
2025-01-04,Mozambique-Haldia,Capesize,1Y,24.96
2025-01-04,USA-Paradip,Panamax,1M,31.43
2025-01-04,USA-Paradip,Panamax,3M,31.53
2025-01-04,USA-Paradip,Panamax,6M,31.71
2025-01-04,USA-Paradip,Panamax,1Y,32.41
2025-01-04,USA-Paradip,Capesize,1M,30.55
2025-01-04,USA-Paradip,Capesize,3M,31.36
2025-01-04,USA-Paradip,Capesize,6M,32.61
2025-01-04,USA-Paradip,Capesize,1Y,32.9
2025-01-04,USA-Vizag,Panamax,1M,35.74
2025-01-04,USA-Vizag,Panamax,3M,35.75
2025-01-04,USA-Vizag,Panamax,6M,37.0
2025-01-04,USA-Vizag,Panamax,1Y,36.95
2025-01-04,USA-Vizag,Capesize,1M,32.19
2025-01-04,USA-Vizag,Capesize,3M,32.2
2025-01-04,USA-Vizag,Capesize,6M,31.75
2025-01-04,USA-Vizag,Capesize,1Y,33.18
2025-01-04,USA-Dhamra,Panamax,1M,31.61
2025-01-04,USA-Dhamra,Panamax,3M,32.0
2025-01-04,USA-Dhamra,Panamax,6M,32.86
2025-01-04,USA-Dhamra,Panamax,1Y,33.23
2025-01-04,USA-Dhamra,Capesize,1M,30.56
2025-01-04,USA-Dhamra,Capesize,3M,30.89
2025-01-04,USA-Dhamra,Capesize,6M,31.1
2025-01-04,USA-Dhamra,Capesize,1Y,31.2
2025-01-04,USA-Gangavaram,Panamax,1M,30.09
2025-01-04,USA-Gangavaram,Panamax,3M,30.84
2025-01-04,USA-Gangavaram,Panamax,6M,30.98
2025-01-04,USA-Gangavaram,Panamax,1Y,31.43
2025-01-04,USA-Gangavaram,Capesize,1M,35.08
2025-01-04,USA-Gangavaram,Capesize,3M,35.73
2025-01-04,USA-Gangavaram,Capesize,6M,36.22
2025-01-04,USA-Gangavaram,Capesize,1Y,36.78
2025-01-04,USA-Gopalpur,Panamax,1M,28.15
2025-01-04,USA-Gopalpur,Panamax,3M,28.85
2025-01-04,USA-Gopalpur,Panamax,6M,29.28
2025-01-04,USA-Gopalpur,Panamax,1Y,29.95
2025-01-04,USA-Gopalpur,Capesize,1M,32.32
2025-01-04,USA-Gopalpur,Capesize,3M,32.34
2025-01-04,USA-Gopalpur,Capesize,6M,32.19
2025-01-04,USA-Gopalpur,Capesize,1Y,32.71
2025-01-04,USA-Haldia,Panamax,1M,32.07
2025-01-04,USA-Haldia,Panamax,3M,33.32
2025-01-04,USA-Haldia,Panamax,6M,34.47
2025-01-04,USA-Haldia,Panamax,1Y,34.35
2025-01-04,USA-Haldia,Capesize,1M,34.8
2025-01-04,USA-Haldia,Capesize,3M,34.72
2025-01-04,USA-Haldia,Capesize,6M,34.27
2025-01-04,USA-Haldia,Capesize,1Y,34.36
2025-02-03,Australia-Paradip,Panamax,1M,15.48
2025-02-03,Australia-Paradip,Panamax,3M,15.09
2025-02-03,Australia-Paradip,Panamax,6M,15.3
2025-02-03,Australia-Paradip,Panamax,1Y,15.79
2025-02-03,Australia-Paradip,Capesize,1M,16.05
2025-02-03,Australia-Paradip,Capesize,3M,16.08
2025-02-03,Australia-Paradip,Capesize,6M,16.47
2025-02-03,Australia-Paradip,Capesize,1Y,16.56
2025-02-03,Australia-Vizag,Panamax,1M,15.75
2025-02-03,Australia-Vizag,Panamax,3M,16.12
2025-02-03,Australia-Vizag,Panamax,6M,16.28
2025-02-03,Australia-Vizag,Panamax,1Y,16.56
2025-02-03,Australia-Vizag,Capesize,1M,14.7
2025-02-03,Australia-Vizag,Capesize,3M,14.7
2025-02-03,Australia-Vizag,Capesize,6M,15.26
2025-02-03,Australia-Vizag,Capesize,1Y,15.28
2025-02-03,Australia-Dhamra,Panamax,1M,17.63
2025-02-03,Australia-Dhamra,Panamax,3M,17.4
2025-02-03,Australia-Dhamra,Panamax,6M,17.98
2025-02-03,Australia-Dhamra,Panamax,1Y,18.57
2025-02-03,Australia-Dhamra,Capesize,1M,17.58
2025-02-03,Australia-Dhamra,Capesize,3M,17.55
2025-02-03,Australia-Dhamra,Capesize,6M,17.22
2025-02-03,Australia-Dhamra,Capesize,1Y,18.36
2025-02-03,Australia-Gangavaram,Panamax,1M,16.0
2025-02-03,Australia-Gangavaram,Panamax,3M,15.58
2025-02-03,Australia-Gangavaram,Panamax,6M,16.17
2025-02-03,Australia-Gangavaram,Panamax,1Y,16.37
2025-02-03,Australia-Gangavaram,Capesize,1M,18.17
2025-02-03,Australia-Gangavaram,Capesize,3M,19.27
2025-02-03,Australia-Gangavaram,Capesize,6M,19.15
2025-02-03,Australia-Gangavaram,Capesize,1Y,19.53
2025-02-03,Australia-Gopalpur,Panamax,1M,13.8
2025-02-03,Australia-Gopalpur,Panamax,3M,14.79
2025-02-03,Australia-Gopalpur,Panamax,6M,14.9
2025-02-03,Australia-Gopalpur,Panamax,1Y,14.67
2025-02-03,Australia-Gopalpur,Capesize,1M,18.47
2025-02-03,Australia-Gopalpur,Capesize,3M,18.46
2025-02-03,Australia-Gopalpur,Capesize,6M,18.9
2025-02-03,Australia-Gopalpur,Capesize,1Y,19.16
2025-02-03,Australia-Haldia,Panamax,1M,15.63
2025-02-03,Australia-Haldia,Panamax,3M,16.31
2025-02-03,Australia-Haldia,Panamax,6M,15.71
2025-02-03,Australia-Haldia,Panamax,1Y,16.64
2025-02-03,Australia-Haldia,Capesize,1M,16.7
2025-02-03,Australia-Haldia,Capesize,3M,16.77
2025-02-03,Australia-Haldia,Capesize,6M,17.24
2025-02-03,Australia-Haldia,Capesize,1Y,17.46
2025-02-03,Indonesia-Paradip,Panamax,1M,11.29
2025-02-03,Indonesia-Paradip,Panamax,3M,11.25
2025-02-03,Indonesia-Paradip,Panamax,6M,11.17
2025-02-03,Indonesia-Paradip,Panamax,1Y,11.68
2025-02-03,Indonesia-Paradip,Capesize,1M,8.78
2025-02-03,Indonesia-Paradip,Capesize,3M,8.74
2025-02-03,Indonesia-Paradip,Capesize,6M,9.05
2025-02-03,Indonesia-Paradip,Capesize,1Y,9.04
2025-02-03,Indonesia-Vizag,Panamax,1M,11.83
2025-02-03,Indonesia-Vizag,Panamax,3M,11.93
2025-02-03,Indonesia-Vizag,Panamax,6M,12.03
2025-02-03,Indonesia-Vizag,Panamax,1Y,12.38
2025-02-03,Indonesia-Vizag,Capesize,1M,10.7
2025-02-03,Indonesia-Vizag,Capesize,3M,10.72
2025-02-03,Indonesia-Vizag,Capesize,6M,11.22
2025-02-03,Indonesia-Vizag,Capesize,1Y,11.14
2025-02-03,Indonesia-Dhamra,Panamax,1M,10.6
2025-02-03,Indonesia-Dhamra,Panamax,3M,10.81
2025-02-03,Indonesia-Dhamra,Panamax,6M,10.52
2025-02-03,Indonesia-Dhamra,Panamax,1Y,11.1
2025-02-03,Indonesia-Dhamra,Capesize,1M,10.75
2025-02-03,Indonesia-Dhamra,Capesize,3M,10.61
2025-02-03,Indonesia-Dhamra,Capesize,6M,10.75
2025-02-03,Indonesia-Dhamra,Capesize,1Y,11.35
2025-02-03,Indonesia-Gangavaram,Panamax,1M,10.7
2025-02-03,Indonesia-Gangavaram,Panamax,3M,10.76
2025-02-03,Indonesia-Gangavaram,Panamax,6M,10.99
2025-02-03,Indonesia-Gangavaram,Panamax,1Y,10.92
2025-02-03,Indonesia-Gangavaram,Capesize,1M,9.58
2025-02-03,Indonesia-Gangavaram,Capesize,3M,9.81
2025-02-03,Indonesia-Gangavaram,Capesize,6M,9.81
2025-02-03,Indonesia-Gangavaram,Capesize,1Y,9.78
2025-02-03,Indonesia-Gopalpur,Panamax,1M,10.22
2025-02-03,Indonesia-Gopalpur,Panamax,3M,10.2
2025-02-03,Indonesia-Gopalpur,Panamax,6M,10.33
2025-02-03,Indonesia-Gopalpur,Panamax,1Y,10.79
2025-02-03,Indonesia-Gopalpur,Capesize,1M,12.06
2025-02-03,Indonesia-Gopalpur,Capesize,3M,12.14
2025-02-03,Indonesia-Gopalpur,Capesize,6M,12.18
2025-02-03,Indonesia-Gopalpur,Capesize,1Y,12.58
2025-02-03,Indonesia-Haldia,Panamax,1M,11.67
2025-02-03,Indonesia-Haldia,Panamax,3M,11.79
2025-02-03,Indonesia-Haldia,Panamax,6M,12.12
2025-02-03,Indonesia-Haldia,Panamax,1Y,11.97
2025-02-03,Indonesia-Haldia,Capesize,1M,11.69
2025-02-03,Indonesia-Haldia,Capesize,3M,11.66
2025-02-03,Indonesia-Haldia,Capesize,6M,11.97
2025-02-03,Indonesia-Haldia,Capesize,1Y,12.19
2025-02-03,Russia-Paradip,Panamax,1M,22.46
2025-02-03,Russia-Paradip,Panamax,3M,22.9
2025-02-03,Russia-Paradip,Panamax,6M,24.22
2025-02-03,Russia-Paradip,Panamax,1Y,23.78
2025-02-03,Russia-Paradip,Capesize,1M,23.39
2025-02-03,Russia-Paradip,Capesize,3M,23.03
2025-02-03,Russia-Paradip,Capesize,6M,23.47
2025-02-03,Russia-Paradip,Capesize,1Y,24.08
2025-02-03,Russia-Vizag,Panamax,1M,24.35
2025-02-03,Russia-Vizag,Panamax,3M,24.78
2025-02-03,Russia-Vizag,Panamax,6M,25.54
2025-02-03,Russia-Vizag,Panamax,1Y,24.94
2025-02-03,Russia-Vizag,Capesize,1M,21.93
2025-02-03,Russia-Vizag,Capesize,3M,21.76
2025-02-03,Russia-Vizag,Capesize,6M,22.56
2025-02-03,Russia-Vizag,Capesize,1Y,22.09
2025-02-03,Russia-Dhamra,Panamax,1M,23.67
2025-02-03,Russia-Dhamra,Panamax,3M,23.7
2025-02-03,Russia-Dhamra,Panamax,6M,23.97
2025-02-03,Russia-Dhamra,Panamax,1Y,24.87
2025-02-03,Russia-Dhamra,Capesize,1M,22.3
2025-02-03,Russia-Dhamra,Capesize,3M,22.11
2025-02-03,Russia-Dhamra,Capesize,6M,22.6
2025-02-03,Russia-Dhamra,Capesize,1Y,22.79
2025-02-03,Russia-Gangavaram,Panamax,1M,22.56
2025-02-03,Russia-Gangavaram,Panamax,3M,23.34
2025-02-03,Russia-Gangavaram,Panamax,6M,23.07
2025-02-03,Russia-Gangavaram,Panamax,1Y,23.61
2025-02-03,Russia-Gangavaram,Capesize,1M,24.06
2025-02-03,Russia-Gangavaram,Capesize,3M,24.23
2025-02-03,Russia-Gangavaram,Capesize,6M,24.25
2025-02-03,Russia-Gangavaram,Capesize,1Y,24.49
2025-02-03,Russia-Gopalpur,Panamax,1M,22.62
2025-02-03,Russia-Gopalpur,Panamax,3M,22.34
2025-02-03,Russia-Gopalpur,Panamax,6M,23.25
2025-02-03,Russia-Gopalpur,Panamax,1Y,23.74
2025-02-03,Russia-Gopalpur,Capesize,1M,21.96
2025-02-03,Russia-Gopalpur,Capesize,3M,22.53
2025-02-03,Russia-Gopalpur,Capesize,6M,23.29
2025-02-03,Russia-Gopalpur,Capesize,1Y,23.55
2025-02-03,Russia-Haldia,Panamax,1M,20.31
2025-02-03,Russia-Haldia,Panamax,3M,20.4
2025-02-03,Russia-Haldia,Panamax,6M,20.67
2025-02-03,Russia-Haldia,Panamax,1Y,21.31
2025-02-03,Russia-Haldia,Capesize,1M,24.4
2025-02-03,Russia-Haldia,Capesize,3M,23.66
2025-02-03,Russia-Haldia,Capesize,6M,24.35
2025-02-03,Russia-Haldia,Capesize,1Y,24.53
2025-02-03,Mozambique-Paradip,Panamax,1M,22.02
2025-02-03,Mozambique-Paradip,Panamax,3M,22.12
2025-02-03,Mozambique-Paradip,Panamax,6M,22.72
2025-02-03,Mozambique-Paradip,Panamax,1Y,23.25
2025-02-03,Mozambique-Paradip,Capesize,1M,19.82
2025-02-03,Mozambique-Paradip,Capesize,3M,20.77
2025-02-03,Mozambique-Paradip,Capesize,6M,20.54
2025-02-03,Mozambique-Paradip,Capesize,1Y,20.44
2025-02-03,Mozambique-Vizag,Panamax,1M,21.86
2025-02-03,Mozambique-Vizag,Panamax,3M,22.27
2025-02-03,Mozambique-Vizag,Panamax,6M,22.11
2025-02-03,Mozambique-Vizag,Panamax,1Y,21.89
2025-02-03,Mozambique-Vizag,Capesize,1M,19.98
2025-02-03,Mozambique-Vizag,Capesize,3M,19.95
2025-02-03,Mozambique-Vizag,Capesize,6M,20.43
2025-02-03,Mozambique-Vizag,Capesize,1Y,20.6
2025-02-03,Mozambique-Dhamra,Panamax,1M,18.29
2025-02-03,Mozambique-Dhamra,Panamax,3M,18.98
2025-02-03,Mozambique-Dhamra,Panamax,6M,19.18
2025-02-03,Mozambique-Dhamra,Panamax,1Y,19.59
2025-02-03,Mozambique-Dhamra,Capesize,1M,22.47
2025-02-03,Mozambique-Dhamra,Capesize,3M,22.15
2025-02-03,Mozambique-Dhamra,Capesize,6M,21.99
2025-02-03,Mozambique-Dhamra,Capesize,1Y,22.87
2025-02-03,Mozambique-Gangavaram,Panamax,1M,21.66
2025-02-03,Mozambique-Gangavaram,Panamax,3M,22.47
2025-02-03,Mozambique-Gangavaram,Panamax,6M,22.75
2025-02-03,Mozambique-Gangavaram,Panamax,1Y,22.76
2025-02-03,Mozambique-Gangavaram,Capesize,1M,20.0
2025-02-03,Mozambique-Gangavaram,Capesize,3M,19.49
2025-02-03,Mozambique-Gangavaram,Capesize,6M,20.49
2025-02-03,Mozambique-Gangavaram,Capesize,1Y,20.28
2025-02-03,Mozambique-Gopalpur,Panamax,1M,24.34
2025-02-03,Mozambique-Gopalpur,Panamax,3M,23.73
2025-02-03,Mozambique-Gopalpur,Panamax,6M,24.97
2025-02-03,Mozambique-Gopalpur,Panamax,1Y,24.77
2025-02-03,Mozambique-Gopalpur,Capesize,1M,21.09
2025-02-03,Mozambique-Gopalpur,Capesize,3M,21.42
2025-02-03,Mozambique-Gopalpur,Capesize,6M,21.93
2025-02-03,Mozambique-Gopalpur,Capesize,1Y,21.75
2025-02-03,Mozambique-Haldia,Panamax,1M,21.08
2025-02-03,Mozambique-Haldia,Panamax,3M,20.31
2025-02-03,Mozambique-Haldia,Panamax,6M,21.13
2025-02-03,Mozambique-Haldia,Panamax,1Y,21.36
2025-02-03,Mozambique-Haldia,Capesize,1M,23.79
2025-02-03,Mozambique-Haldia,Capesize,3M,23.64
2025-02-03,Mozambique-Haldia,Capesize,6M,24.37
2025-02-03,Mozambique-Haldia,Capesize,1Y,24.68
2025-02-03,USA-Paradip,Panamax,1M,35.71
2025-02-03,USA-Paradip,Panamax,3M,36.19
2025-02-03,USA-Paradip,Panamax,6M,37.33
2025-02-03,USA-Paradip,Panamax,1Y,36.78
2025-02-03,USA-Paradip,Capesize,1M,36.71
2025-02-03,USA-Paradip,Capesize,3M,38.31
2025-02-03,USA-Paradip,Capesize,6M,37.43
2025-02-03,USA-Paradip,Capesize,1Y,37.5
2025-02-03,USA-Vizag,Panamax,1M,30.71
2025-02-03,USA-Vizag,Panamax,3M,31.43
2025-02-03,USA-Vizag,Panamax,6M,31.87
2025-02-03,USA-Vizag,Panamax,1Y,31.99
2025-02-03,USA-Vizag,Capesize,1M,32.24
2025-02-03,USA-Vizag,Capesize,3M,31.59
2025-02-03,USA-Vizag,Capesize,6M,32.31
2025-02-03,USA-Vizag,Capesize,1Y,32.93
2025-02-03,USA-Dhamra,Panamax,1M,34.12
2025-02-03,USA-Dhamra,Panamax,3M,36.15
2025-02-03,USA-Dhamra,Panamax,6M,34.83
2025-02-03,USA-Dhamra,Panamax,1Y,36.22
2025-02-03,USA-Dhamra,Capesize,1M,33.53
2025-02-03,USA-Dhamra,Capesize,3M,33.09
2025-02-03,USA-Dhamra,Capesize,6M,34.06
2025-02-03,USA-Dhamra,Capesize,1Y,35.24
2025-02-03,USA-Gangavaram,Panamax,1M,31.7
2025-02-03,USA-Gangavaram,Panamax,3M,31.49
2025-02-03,USA-Gangavaram,Panamax,6M,32.45
2025-02-03,USA-Gangavaram,Panamax,1Y,33.04
2025-02-03,USA-Gangavaram,Capesize,1M,35.05
2025-02-03,USA-Gangavaram,Capesize,3M,35.53
2025-02-03,USA-Gangavaram,Capesize,6M,35.82
2025-02-03,USA-Gangavaram,Capesize,1Y,36.98
2025-02-03,USA-Gopalpur,Panamax,1M,34.72
2025-02-03,USA-Gopalpur,Panamax,3M,33.94
2025-02-03,USA-Gopalpur,Panamax,6M,34.82
2025-02-03,USA-Gopalpur,Panamax,1Y,35.75
2025-02-03,USA-Gopalpur,Capesize,1M,31.69
2025-02-03,USA-Gopalpur,Capesize,3M,32.35
2025-02-03,USA-Gopalpur,Capesize,6M,32.6
2025-02-03,USA-Gopalpur,Capesize,1Y,33.42
2025-02-03,USA-Haldia,Panamax,1M,35.53
2025-02-03,USA-Haldia,Panamax,3M,35.83
2025-02-03,USA-Haldia,Panamax,6M,36.37
2025-02-03,USA-Haldia,Panamax,1Y,37.08
2025-02-03,USA-Haldia,Capesize,1M,34.55
2025-02-03,USA-Haldia,Capesize,3M,34.59
2025-02-03,USA-Haldia,Capesize,6M,34.72
2025-02-03,USA-Haldia,Capesize,1Y,34.75
2025-03-05,Australia-Paradip,Panamax,1M,17.01
2025-03-05,Australia-Paradip,Panamax,3M,17.47
2025-03-05,Australia-Paradip,Panamax,6M,18.13
2025-03-05,Australia-Paradip,Panamax,1Y,18.15
2025-03-05,Australia-Paradip,Capesize,1M,16.46
2025-03-05,Australia-Paradip,Capesize,3M,16.29
2025-03-05,Australia-Paradip,Capesize,6M,16.77
2025-03-05,Australia-Paradip,Capesize,1Y,16.34
2025-03-05,Australia-Vizag,Panamax,1M,18.32
2025-03-05,Australia-Vizag,Panamax,3M,18.5
2025-03-05,Australia-Vizag,Panamax,6M,18.1
2025-03-05,Australia-Vizag,Panamax,1Y,19.13
2025-03-05,Australia-Vizag,Capesize,1M,15.31
2025-03-05,Australia-Vizag,Capesize,3M,15.92
2025-03-05,Australia-Vizag,Capesize,6M,16.3
2025-03-05,Australia-Vizag,Capesize,1Y,16.45
2025-03-05,Australia-Dhamra,Panamax,1M,16.18
2025-03-05,Australia-Dhamra,Panamax,3M,16.92
2025-03-05,Australia-Dhamra,Panamax,6M,16.61
2025-03-05,Australia-Dhamra,Panamax,1Y,17.05
2025-03-05,Australia-Dhamra,Capesize,1M,18.46
2025-03-05,Australia-Dhamra,Capesize,3M,18.65
2025-03-05,Australia-Dhamra,Capesize,6M,18.83
2025-03-05,Australia-Dhamra,Capesize,1Y,18.75
2025-03-05,Australia-Gangavaram,Panamax,1M,16.83
2025-03-05,Australia-Gangavaram,Panamax,3M,16.56
2025-03-05,Australia-Gangavaram,Panamax,6M,16.86
2025-03-05,Australia-Gangavaram,Panamax,1Y,17.01
2025-03-05,Australia-Gangavaram,Capesize,1M,18.37
2025-03-05,Australia-Gangavaram,Capesize,3M,18.94
2025-03-05,Australia-Gangavaram,Capesize,6M,18.96
2025-03-05,Australia-Gangavaram,Capesize,1Y,19.06
2025-03-05,Australia-Gopalpur,Panamax,1M,18.25
2025-03-05,Australia-Gopalpur,Panamax,3M,18.55
2025-03-05,Australia-Gopalpur,Panamax,6M,17.87
2025-03-05,Australia-Gopalpur,Panamax,1Y,19.0
2025-03-05,Australia-Gopalpur,Capesize,1M,17.0
2025-03-05,Australia-Gopalpur,Capesize,3M,17.03
2025-03-05,Australia-Gopalpur,Capesize,6M,17.25
2025-03-05,Australia-Gopalpur,Capesize,1Y,17.37
2025-03-05,Australia-Haldia,Panamax,1M,15.9
2025-03-05,Australia-Haldia,Panamax,3M,16.36
2025-03-05,Australia-Haldia,Panamax,6M,16.89
2025-03-05,Australia-Haldia,Panamax,1Y,17.5
2025-03-05,Australia-Haldia,Capesize,1M,18.01
2025-03-05,Australia-Haldia,Capesize,3M,18.26
2025-03-05,Australia-Haldia,Capesize,6M,18.13
2025-03-05,Australia-Haldia,Capesize,1Y,18.91
2025-03-05,Indonesia-Paradip,Panamax,1M,9.78
2025-03-05,Indonesia-Paradip,Panamax,3M,10.0
2025-03-05,Indonesia-Paradip,Panamax,6M,9.96
2025-03-05,Indonesia-Paradip,Panamax,1Y,10.12
2025-03-05,Indonesia-Paradip,Capesize,1M,9.6
2025-03-05,Indonesia-Paradip,Capesize,3M,9.57
2025-03-05,Indonesia-Paradip,Capesize,6M,9.77
2025-03-05,Indonesia-Paradip,Capesize,1Y,10.24
2025-03-05,Indonesia-Vizag,Panamax,1M,10.8
2025-03-05,Indonesia-Vizag,Panamax,3M,10.68
2025-03-05,Indonesia-Vizag,Panamax,6M,10.92
2025-03-05,Indonesia-Vizag,Panamax,1Y,11.13
2025-03-05,Indonesia-Vizag,Capesize,1M,11.09
2025-03-05,Indonesia-Vizag,Capesize,3M,11.26
2025-03-05,Indonesia-Vizag,Capesize,6M,11.14
2025-03-05,Indonesia-Vizag,Capesize,1Y,11.01
2025-03-05,Indonesia-Dhamra,Panamax,1M,11.97
2025-03-05,Indonesia-Dhamra,Panamax,3M,12.25
2025-03-05,Indonesia-Dhamra,Panamax,6M,12.3
2025-03-05,Indonesia-Dhamra,Panamax,1Y,12.72
2025-03-05,Indonesia-Dhamra,Capesize,1M,9.44
2025-03-05,Indonesia-Dhamra,Capesize,3M,9.48
2025-03-05,Indonesia-Dhamra,Capesize,6M,9.7
2025-03-05,Indonesia-Dhamra,Capesize,1Y,9.81
2025-03-05,Indonesia-Gangavaram,Panamax,1M,9.08
2025-03-05,Indonesia-Gangavaram,Panamax,3M,9.22
2025-03-05,Indonesia-Gangavaram,Panamax,6M,9.19
2025-03-05,Indonesia-Gangavaram,Panamax,1Y,9.51
2025-03-05,Indonesia-Gangavaram,Capesize,1M,11.28
2025-03-05,Indonesia-Gangavaram,Capesize,3M,11.32
2025-03-05,Indonesia-Gangavaram,Capesize,6M,11.48
2025-03-05,Indonesia-Gangavaram,Capesize,1Y,11.67
2025-03-05,Indonesia-Gopalpur,Panamax,1M,9.47
2025-03-05,Indonesia-Gopalpur,Panamax,3M,9.87
2025-03-05,Indonesia-Gopalpur,Panamax,6M,10.05
2025-03-05,Indonesia-Gopalpur,Panamax,1Y,10.26
2025-03-05,Indonesia-Gopalpur,Capesize,1M,10.26
2025-03-05,Indonesia-Gopalpur,Capesize,3M,10.52
2025-03-05,Indonesia-Gopalpur,Capesize,6M,10.45
2025-03-05,Indonesia-Gopalpur,Capesize,1Y,11.13
2025-03-05,Indonesia-Haldia,Panamax,1M,8.46
2025-03-05,Indonesia-Haldia,Panamax,3M,8.46
2025-03-05,Indonesia-Haldia,Panamax,6M,8.78
2025-03-05,Indonesia-Haldia,Panamax,1Y,9.02
2025-03-05,Indonesia-Haldia,Capesize,1M,9.67
2025-03-05,Indonesia-Haldia,Capesize,3M,9.68
2025-03-05,Indonesia-Haldia,Capesize,6M,9.84
2025-03-05,Indonesia-Haldia,Capesize,1Y,10.2
2025-03-05,Russia-Paradip,Panamax,1M,23.23
2025-03-05,Russia-Paradip,Panamax,3M,23.83
2025-03-05,Russia-Paradip,Panamax,6M,23.67
2025-03-05,Russia-Paradip,Panamax,1Y,24.39
2025-03-05,Russia-Paradip,Capesize,1M,21.77
2025-03-05,Russia-Paradip,Capesize,3M,22.29
2025-03-05,Russia-Paradip,Capesize,6M,22.49
2025-03-05,Russia-Paradip,Capesize,1Y,23.39
2025-03-05,Russia-Vizag,Panamax,1M,22.33
2025-03-05,Russia-Vizag,Panamax,3M,22.6
2025-03-05,Russia-Vizag,Panamax,6M,23.09
2025-03-05,Russia-Vizag,Panamax,1Y,23.58
2025-03-05,Russia-Vizag,Capesize,1M,19.87
2025-03-05,Russia-Vizag,Capesize,3M,20.73
2025-03-05,Russia-Vizag,Capesize,6M,20.25
2025-03-05,Russia-Vizag,Capesize,1Y,20.5
2025-03-05,Russia-Dhamra,Panamax,1M,24.62
2025-03-05,Russia-Dhamra,Panamax,3M,24.97
2025-03-05,Russia-Dhamra,Panamax,6M,25.13
2025-03-05,Russia-Dhamra,Panamax,1Y,25.4
2025-03-05,Russia-Dhamra,Capesize,1M,20.44
2025-03-05,Russia-Dhamra,Capesize,3M,19.5
2025-03-05,Russia-Dhamra,Capesize,6M,20.22
2025-03-05,Russia-Dhamra,Capesize,1Y,20.64
2025-03-05,Russia-Gangavaram,Panamax,1M,25.32
2025-03-05,Russia-Gangavaram,Panamax,3M,24.67
2025-03-05,Russia-Gangavaram,Panamax,6M,26.2
2025-03-05,Russia-Gangavaram,Panamax,1Y,25.8
2025-03-05,Russia-Gangavaram,Capesize,1M,20.52
2025-03-05,Russia-Gangavaram,Capesize,3M,21.0
2025-03-05,Russia-Gangavaram,Capesize,6M,21.2
2025-03-05,Russia-Gangavaram,Capesize,1Y,21.77
2025-03-05,Russia-Gopalpur,Panamax,1M,23.41
2025-03-05,Russia-Gopalpur,Panamax,3M,23.24
2025-03-05,Russia-Gopalpur,Panamax,6M,23.45
2025-03-05,Russia-Gopalpur,Panamax,1Y,24.12
2025-03-05,Russia-Gopalpur,Capesize,1M,20.82
2025-03-05,Russia-Gopalpur,Capesize,3M,21.44
2025-03-05,Russia-Gopalpur,Capesize,6M,21.51
2025-03-05,Russia-Gopalpur,Capesize,1Y,22.11
2025-03-05,Russia-Haldia,Panamax,1M,21.75
2025-03-05,Russia-Haldia,Panamax,3M,21.7
2025-03-05,Russia-Haldia,Panamax,6M,21.78
2025-03-05,Russia-Haldia,Panamax,1Y,22.44
2025-03-05,Russia-Haldia,Capesize,1M,25.77
2025-03-05,Russia-Haldia,Capesize,3M,26.16
2025-03-05,Russia-Haldia,Capesize,6M,25.84
2025-03-05,Russia-Haldia,Capesize,1Y,27.32
2025-03-05,Mozambique-Paradip,Panamax,1M,21.03
2025-03-05,Mozambique-Paradip,Panamax,3M,20.67
2025-03-05,Mozambique-Paradip,Panamax,6M,21.84
2025-03-05,Mozambique-Paradip,Panamax,1Y,21.59
2025-03-05,Mozambique-Paradip,Capesize,1M,19.59
2025-03-05,Mozambique-Paradip,Capesize,3M,20.24
2025-03-05,Mozambique-Paradip,Capesize,6M,20.26
2025-03-05,Mozambique-Paradip,Capesize,1Y,21.39
2025-03-05,Mozambique-Vizag,Panamax,1M,19.27
2025-03-05,Mozambique-Vizag,Panamax,3M,20.15
2025-03-05,Mozambique-Vizag,Panamax,6M,19.79
2025-03-05,Mozambique-Vizag,Panamax,1Y,20.14
2025-03-05,Mozambique-Vizag,Capesize,1M,17.68
2025-03-05,Mozambique-Vizag,Capesize,3M,18.06
2025-03-05,Mozambique-Vizag,Capesize,6M,18.07
2025-03-05,Mozambique-Vizag,Capesize,1Y,17.87
2025-03-05,Mozambique-Dhamra,Panamax,1M,21.94
2025-03-05,Mozambique-Dhamra,Panamax,3M,22.32
2025-03-05,Mozambique-Dhamra,Panamax,6M,22.25
2025-03-05,Mozambique-Dhamra,Panamax,1Y,22.61
2025-03-05,Mozambique-Dhamra,Capesize,1M,19.98
2025-03-05,Mozambique-Dhamra,Capesize,3M,20.85
2025-03-05,Mozambique-Dhamra,Capesize,6M,20.84
2025-03-05,Mozambique-Dhamra,Capesize,1Y,20.99
2025-03-05,Mozambique-Gangavaram,Panamax,1M,17.49
2025-03-05,Mozambique-Gangavaram,Panamax,3M,18.09
2025-03-05,Mozambique-Gangavaram,Panamax,6M,17.97
2025-03-05,Mozambique-Gangavaram,Panamax,1Y,18.79
2025-03-05,Mozambique-Gangavaram,Capesize,1M,20.34
2025-03-05,Mozambique-Gangavaram,Capesize,3M,20.01
2025-03-05,Mozambique-Gangavaram,Capesize,6M,20.71
2025-03-05,Mozambique-Gangavaram,Capesize,1Y,20.94
2025-03-05,Mozambique-Gopalpur,Panamax,1M,18.91
2025-03-05,Mozambique-Gopalpur,Panamax,3M,18.39
2025-03-05,Mozambique-Gopalpur,Panamax,6M,18.84
2025-03-05,Mozambique-Gopalpur,Panamax,1Y,19.69
2025-03-05,Mozambique-Gopalpur,Capesize,1M,21.13
2025-03-05,Mozambique-Gopalpur,Capesize,3M,20.84
2025-03-05,Mozambique-Gopalpur,Capesize,6M,21.51
2025-03-05,Mozambique-Gopalpur,Capesize,1Y,21.78
2025-03-05,Mozambique-Haldia,Panamax,1M,19.96
2025-03-05,Mozambique-Haldia,Panamax,3M,21.21
2025-03-05,Mozambique-Haldia,Panamax,6M,20.81
2025-03-05,Mozambique-Haldia,Panamax,1Y,20.78
2025-03-05,Mozambique-Haldia,Capesize,1M,20.24
2025-03-05,Mozambique-Haldia,Capesize,3M,20.9
2025-03-05,Mozambique-Haldia,Capesize,6M,20.81
2025-03-05,Mozambique-Haldia,Capesize,1Y,21.59
2025-03-05,USA-Paradip,Panamax,1M,30.25
2025-03-05,USA-Paradip,Panamax,3M,30.47
2025-03-05,USA-Paradip,Panamax,6M,31.3
2025-03-05,USA-Paradip,Panamax,1Y,32.09
2025-03-05,USA-Paradip,Capesize,1M,29.88
2025-03-05,USA-Paradip,Capesize,3M,30.54
2025-03-05,USA-Paradip,Capesize,6M,30.86
2025-03-05,USA-Paradip,Capesize,1Y,30.71
2025-03-05,USA-Vizag,Panamax,1M,29.08
2025-03-05,USA-Vizag,Panamax,3M,30.01
2025-03-05,USA-Vizag,Panamax,6M,30.25
2025-03-05,USA-Vizag,Panamax,1Y,31.54
2025-03-05,USA-Vizag,Capesize,1M,33.82
2025-03-05,USA-Vizag,Capesize,3M,33.01
2025-03-05,USA-Vizag,Capesize,6M,33.42
2025-03-05,USA-Vizag,Capesize,1Y,34.71
2025-03-05,USA-Dhamra,Panamax,1M,36.08
2025-03-05,USA-Dhamra,Panamax,3M,36.93
2025-03-05,USA-Dhamra,Panamax,6M,37.92
2025-03-05,USA-Dhamra,Panamax,1Y,38.27
2025-03-05,USA-Dhamra,Capesize,1M,31.28
2025-03-05,USA-Dhamra,Capesize,3M,31.7
2025-03-05,USA-Dhamra,Capesize,6M,31.91
2025-03-05,USA-Dhamra,Capesize,1Y,33.61
2025-03-05,USA-Gangavaram,Panamax,1M,32.03
2025-03-05,USA-Gangavaram,Panamax,3M,33.08
2025-03-05,USA-Gangavaram,Panamax,6M,33.18
2025-03-05,USA-Gangavaram,Panamax,1Y,33.63
2025-03-05,USA-Gangavaram,Capesize,1M,29.76
2025-03-05,USA-Gangavaram,Capesize,3M,29.72
2025-03-05,USA-Gangavaram,Capesize,6M,29.59
2025-03-05,USA-Gangavaram,Capesize,1Y,31.34
2025-03-05,USA-Gopalpur,Panamax,1M,34.93
2025-03-05,USA-Gopalpur,Panamax,3M,34.33
2025-03-05,USA-Gopalpur,Panamax,6M,35.26
2025-03-05,USA-Gopalpur,Panamax,1Y,35.11
2025-03-05,USA-Gopalpur,Capesize,1M,30.2
2025-03-05,USA-Gopalpur,Capesize,3M,29.65
2025-03-05,USA-Gopalpur,Capesize,6M,31.21
2025-03-05,USA-Gopalpur,Capesize,1Y,31.14
2025-03-05,USA-Haldia,Panamax,1M,30.78
2025-03-05,USA-Haldia,Panamax,3M,30.82
2025-03-05,USA-Haldia,Panamax,6M,30.53
2025-03-05,USA-Haldia,Panamax,1Y,32.25
2025-03-05,USA-Haldia,Capesize,1M,32.67
2025-03-05,USA-Haldia,Capesize,3M,32.18
2025-03-05,USA-Haldia,Capesize,6M,33.18
2025-03-05,USA-Haldia,Capesize,1Y,32.23
2025-04-04,Australia-Paradip,Panamax,1M,16.66
2025-04-04,Australia-Paradip,Panamax,3M,16.72
2025-04-04,Australia-Paradip,Panamax,6M,17.13
2025-04-04,Australia-Paradip,Panamax,1Y,17.3
2025-04-04,Australia-Paradip,Capesize,1M,16.2
2025-04-04,Australia-Paradip,Capesize,3M,16.13
2025-04-04,Australia-Paradip,Capesize,6M,15.67
2025-04-04,Australia-Paradip,Capesize,1Y,16.2
2025-04-04,Australia-Vizag,Panamax,1M,16.52
2025-04-04,Australia-Vizag,Panamax,3M,16.49
2025-04-04,Australia-Vizag,Panamax,6M,16.54
2025-04-04,Australia-Vizag,Panamax,1Y,17.56
2025-04-04,Australia-Vizag,Capesize,1M,17.15
2025-04-04,Australia-Vizag,Capesize,3M,17.14
2025-04-04,Australia-Vizag,Capesize,6M,17.65
2025-04-04,Australia-Vizag,Capesize,1Y,17.3
2025-04-04,Australia-Dhamra,Panamax,1M,18.99
2025-04-04,Australia-Dhamra,Panamax,3M,18.96
2025-04-04,Australia-Dhamra,Panamax,6M,19.56
2025-04-04,Australia-Dhamra,Panamax,1Y,19.88
2025-04-04,Australia-Dhamra,Capesize,1M,16.35
2025-04-04,Australia-Dhamra,Capesize,3M,16.37
2025-04-04,Australia-Dhamra,Capesize,6M,16.74
2025-04-04,Australia-Dhamra,Capesize,1Y,16.89
2025-04-04,Australia-Gangavaram,Panamax,1M,18.23
2025-04-04,Australia-Gangavaram,Panamax,3M,18.54
2025-04-04,Australia-Gangavaram,Panamax,6M,18.56
2025-04-04,Australia-Gangavaram,Panamax,1Y,18.91
2025-04-04,Australia-Gangavaram,Capesize,1M,16.47
2025-04-04,Australia-Gangavaram,Capesize,3M,16.41
2025-04-04,Australia-Gangavaram,Capesize,6M,16.91
2025-04-04,Australia-Gangavaram,Capesize,1Y,16.84
2025-04-04,Australia-Gopalpur,Panamax,1M,17.84
2025-04-04,Australia-Gopalpur,Panamax,3M,18.39
2025-04-04,Australia-Gopalpur,Panamax,6M,18.32
2025-04-04,Australia-Gopalpur,Panamax,1Y,19.37
2025-04-04,Australia-Gopalpur,Capesize,1M,16.92
2025-04-04,Australia-Gopalpur,Capesize,3M,16.24
2025-04-04,Australia-Gopalpur,Capesize,6M,16.92
2025-04-04,Australia-Gopalpur,Capesize,1Y,17.38
2025-04-04,Australia-Haldia,Panamax,1M,18.98
2025-04-04,Australia-Haldia,Panamax,3M,19.29
2025-04-04,Australia-Haldia,Panamax,6M,19.47
2025-04-04,Australia-Haldia,Panamax,1Y,19.95
2025-04-04,Australia-Haldia,Capesize,1M,16.03
2025-04-04,Australia-Haldia,Capesize,3M,16.47
2025-04-04,Australia-Haldia,Capesize,6M,16.52
2025-04-04,Australia-Haldia,Capesize,1Y,17.11
2025-04-04,Indonesia-Paradip,Panamax,1M,12.09
2025-04-04,Indonesia-Paradip,Panamax,3M,12.32
2025-04-04,Indonesia-Paradip,Panamax,6M,12.55
2025-04-04,Indonesia-Paradip,Panamax,1Y,12.8
2025-04-04,Indonesia-Paradip,Capesize,1M,9.39
2025-04-04,Indonesia-Paradip,Capesize,3M,9.82
2025-04-04,Indonesia-Paradip,Capesize,6M,9.96
2025-04-04,Indonesia-Paradip,Capesize,1Y,10.12
2025-04-04,Indonesia-Vizag,Panamax,1M,10.38
2025-04-04,Indonesia-Vizag,Panamax,3M,10.29
2025-04-04,Indonesia-Vizag,Panamax,6M,10.28
2025-04-04,Indonesia-Vizag,Panamax,1Y,10.64
2025-04-04,Indonesia-Vizag,Capesize,1M,8.42
2025-04-04,Indonesia-Vizag,Capesize,3M,8.72
2025-04-04,Indonesia-Vizag,Capesize,6M,8.88
2025-04-04,Indonesia-Vizag,Capesize,1Y,8.77
2025-04-04,Indonesia-Dhamra,Panamax,1M,10.21
2025-04-04,Indonesia-Dhamra,Panamax,3M,10.31
2025-04-04,Indonesia-Dhamra,Panamax,6M,10.28
2025-04-04,Indonesia-Dhamra,Panamax,1Y,10.56
2025-04-04,Indonesia-Dhamra,Capesize,1M,9.69
2025-04-04,Indonesia-Dhamra,Capesize,3M,9.73
2025-04-04,Indonesia-Dhamra,Capesize,6M,10.16
2025-04-04,Indonesia-Dhamra,Capesize,1Y,10.11
2025-04-04,Indonesia-Gangavaram,Panamax,1M,11.92
2025-04-04,Indonesia-Gangavaram,Panamax,3M,11.73
2025-04-04,Indonesia-Gangavaram,Panamax,6M,12.17
2025-04-04,Indonesia-Gangavaram,Panamax,1Y,12.14
2025-04-04,Indonesia-Gangavaram,Capesize,1M,9.28
2025-04-04,Indonesia-Gangavaram,Capesize,3M,9.56
2025-04-04,Indonesia-Gangavaram,Capesize,6M,9.56
2025-04-04,Indonesia-Gangavaram,Capesize,1Y,9.56
2025-04-04,Indonesia-Gopalpur,Panamax,1M,10.89
2025-04-04,Indonesia-Gopalpur,Panamax,3M,11.06
2025-04-04,Indonesia-Gopalpur,Panamax,6M,10.88
2025-04-04,Indonesia-Gopalpur,Panamax,1Y,11.22
2025-04-04,Indonesia-Gopalpur,Capesize,1M,9.78
2025-04-04,Indonesia-Gopalpur,Capesize,3M,10.02
2025-04-04,Indonesia-Gopalpur,Capesize,6M,9.95
2025-04-04,Indonesia-Gopalpur,Capesize,1Y,10.19
2025-04-04,Indonesia-Haldia,Panamax,1M,9.45
2025-04-04,Indonesia-Haldia,Panamax,3M,9.69
2025-04-04,Indonesia-Haldia,Panamax,6M,9.66
2025-04-04,Indonesia-Haldia,Panamax,1Y,10.05
2025-04-04,Indonesia-Haldia,Capesize,1M,9.82
2025-04-04,Indonesia-Haldia,Capesize,3M,10.13
2025-04-04,Indonesia-Haldia,Capesize,6M,10.35
2025-04-04,Indonesia-Haldia,Capesize,1Y,10.33
2025-04-04,Russia-Paradip,Panamax,1M,19.28
2025-04-04,Russia-Paradip,Panamax,3M,19.31
2025-04-04,Russia-Paradip,Panamax,6M,19.48
2025-04-04,Russia-Paradip,Panamax,1Y,19.93
2025-04-04,Russia-Paradip,Capesize,1M,21.75
2025-04-04,Russia-Paradip,Capesize,3M,21.47
2025-04-04,Russia-Paradip,Capesize,6M,22.31
2025-04-04,Russia-Paradip,Capesize,1Y,23.13
2025-04-04,Russia-Vizag,Panamax,1M,20.83
2025-04-04,Russia-Vizag,Panamax,3M,21.56
2025-04-04,Russia-Vizag,Panamax,6M,20.98
2025-04-04,Russia-Vizag,Panamax,1Y,21.98
2025-04-04,Russia-Vizag,Capesize,1M,24.13
2025-04-04,Russia-Vizag,Capesize,3M,24.43
2025-04-04,Russia-Vizag,Capesize,6M,24.55
2025-04-04,Russia-Vizag,Capesize,1Y,26.04
2025-04-04,Russia-Dhamra,Panamax,1M,21.03
2025-04-04,Russia-Dhamra,Panamax,3M,21.87
2025-04-04,Russia-Dhamra,Panamax,6M,22.09
2025-04-04,Russia-Dhamra,Panamax,1Y,21.99
2025-04-04,Russia-Dhamra,Capesize,1M,20.98
2025-04-04,Russia-Dhamra,Capesize,3M,20.41
2025-04-04,Russia-Dhamra,Capesize,6M,20.81
2025-04-04,Russia-Dhamra,Capesize,1Y,20.89
2025-04-04,Russia-Gangavaram,Panamax,1M,22.0
2025-04-04,Russia-Gangavaram,Panamax,3M,22.94
2025-04-04,Russia-Gangavaram,Panamax,6M,23.3
2025-04-04,Russia-Gangavaram,Panamax,1Y,22.84
2025-04-04,Russia-Gangavaram,Capesize,1M,24.07
2025-04-04,Russia-Gangavaram,Capesize,3M,24.56
2025-04-04,Russia-Gangavaram,Capesize,6M,25.06
2025-04-04,Russia-Gangavaram,Capesize,1Y,25.62
2025-04-04,Russia-Gopalpur,Panamax,1M,22.09
2025-04-04,Russia-Gopalpur,Panamax,3M,23.42
2025-04-04,Russia-Gopalpur,Panamax,6M,23.29
2025-04-04,Russia-Gopalpur,Panamax,1Y,24.34
2025-04-04,Russia-Gopalpur,Capesize,1M,19.58
2025-04-04,Russia-Gopalpur,Capesize,3M,19.54
2025-04-04,Russia-Gopalpur,Capesize,6M,20.14
2025-04-04,Russia-Gopalpur,Capesize,1Y,20.33
2025-04-04,Russia-Haldia,Panamax,1M,20.9
2025-04-04,Russia-Haldia,Panamax,3M,21.67
2025-04-04,Russia-Haldia,Panamax,6M,21.83
2025-04-04,Russia-Haldia,Panamax,1Y,21.29
2025-04-04,Russia-Haldia,Capesize,1M,22.27
2025-04-04,Russia-Haldia,Capesize,3M,22.04
2025-04-04,Russia-Haldia,Capesize,6M,22.36
2025-04-04,Russia-Haldia,Capesize,1Y,23.58
2025-04-04,Mozambique-Paradip,Panamax,1M,21.06
2025-04-04,Mozambique-Paradip,Panamax,3M,21.01
2025-04-04,Mozambique-Paradip,Panamax,6M,21.29
2025-04-04,Mozambique-Paradip,Panamax,1Y,21.69
2025-04-04,Mozambique-Paradip,Capesize,1M,21.47
2025-04-04,Mozambique-Paradip,Capesize,3M,21.07
2025-04-04,Mozambique-Paradip,Capesize,6M,21.6
2025-04-04,Mozambique-Paradip,Capesize,1Y,21.53
2025-04-04,Mozambique-Vizag,Panamax,1M,22.47
2025-04-04,Mozambique-Vizag,Panamax,3M,23.33
2025-04-04,Mozambique-Vizag,Panamax,6M,23.89
2025-04-04,Mozambique-Vizag,Panamax,1Y,23.8
2025-04-04,Mozambique-Vizag,Capesize,1M,23.39
2025-04-04,Mozambique-Vizag,Capesize,3M,22.61
2025-04-04,Mozambique-Vizag,Capesize,6M,23.75
2025-04-04,Mozambique-Vizag,Capesize,1Y,23.54
2025-04-04,Mozambique-Dhamra,Panamax,1M,22.69
2025-04-04,Mozambique-Dhamra,Panamax,3M,22.5
2025-04-04,Mozambique-Dhamra,Panamax,6M,22.18
2025-04-04,Mozambique-Dhamra,Panamax,1Y,23.1
2025-04-04,Mozambique-Dhamra,Capesize,1M,21.04
2025-04-04,Mozambique-Dhamra,Capesize,3M,21.01
2025-04-04,Mozambique-Dhamra,Capesize,6M,21.24
2025-04-04,Mozambique-Dhamra,Capesize,1Y,21.18
2025-04-04,Mozambique-Gangavaram,Panamax,1M,17.46
2025-04-04,Mozambique-Gangavaram,Panamax,3M,17.25
2025-04-04,Mozambique-Gangavaram,Panamax,6M,17.87
2025-04-04,Mozambique-Gangavaram,Panamax,1Y,18.24
2025-04-04,Mozambique-Gangavaram,Capesize,1M,22.11
2025-04-04,Mozambique-Gangavaram,Capesize,3M,22.11
2025-04-04,Mozambique-Gangavaram,Capesize,6M,21.28
2025-04-04,Mozambique-Gangavaram,Capesize,1Y,22.14
2025-04-04,Mozambique-Gopalpur,Panamax,1M,20.85
2025-04-04,Mozambique-Gopalpur,Panamax,3M,20.73
2025-04-04,Mozambique-Gopalpur,Panamax,6M,21.5
2025-04-04,Mozambique-Gopalpur,Panamax,1Y,21.69
2025-04-04,Mozambique-Gopalpur,Capesize,1M,17.95
2025-04-04,Mozambique-Gopalpur,Capesize,3M,18.67
2025-04-04,Mozambique-Gopalpur,Capesize,6M,18.6
2025-04-04,Mozambique-Gopalpur,Capesize,1Y,18.96
2025-04-04,Mozambique-Haldia,Panamax,1M,23.31
2025-04-04,Mozambique-Haldia,Panamax,3M,24.01
2025-04-04,Mozambique-Haldia,Panamax,6M,23.88
2025-04-04,Mozambique-Haldia,Panamax,1Y,24.24
2025-04-04,Mozambique-Haldia,Capesize,1M,20.99
2025-04-04,Mozambique-Haldia,Capesize,3M,21.36
2025-04-04,Mozambique-Haldia,Capesize,6M,21.09
2025-04-04,Mozambique-Haldia,Capesize,1Y,21.99
2025-04-04,USA-Paradip,Panamax,1M,31.11
2025-04-04,USA-Paradip,Panamax,3M,29.56
2025-04-04,USA-Paradip,Panamax,6M,30.67
2025-04-04,USA-Paradip,Panamax,1Y,32.17
2025-04-04,USA-Paradip,Capesize,1M,32.17
2025-04-04,USA-Paradip,Capesize,3M,31.44
2025-04-04,USA-Paradip,Capesize,6M,33.23
2025-04-04,USA-Paradip,Capesize,1Y,33.49
2025-04-04,USA-Vizag,Panamax,1M,32.64
2025-04-04,USA-Vizag,Panamax,3M,34.36
2025-04-04,USA-Vizag,Panamax,6M,33.8
2025-04-04,USA-Vizag,Panamax,1Y,35.13
2025-04-04,USA-Vizag,Capesize,1M,32.03
2025-04-04,USA-Vizag,Capesize,3M,32.59
2025-04-04,USA-Vizag,Capesize,6M,33.8
2025-04-04,USA-Vizag,Capesize,1Y,33.61
2025-04-04,USA-Dhamra,Panamax,1M,30.55
2025-04-04,USA-Dhamra,Panamax,3M,30.72
2025-04-04,USA-Dhamra,Panamax,6M,31.12
2025-04-04,USA-Dhamra,Panamax,1Y,31.43
2025-04-04,USA-Dhamra,Capesize,1M,29.91
2025-04-04,USA-Dhamra,Capesize,3M,31.14
2025-04-04,USA-Dhamra,Capesize,6M,31.8
2025-04-04,USA-Dhamra,Capesize,1Y,32.35
2025-04-04,USA-Gangavaram,Panamax,1M,36.6
2025-04-04,USA-Gangavaram,Panamax,3M,37.32
2025-04-04,USA-Gangavaram,Panamax,6M,37.71
2025-04-04,USA-Gangavaram,Panamax,1Y,38.64
2025-04-04,USA-Gangavaram,Capesize,1M,29.92
2025-04-04,USA-Gangavaram,Capesize,3M,30.11
2025-04-04,USA-Gangavaram,Capesize,6M,29.74
2025-04-04,USA-Gangavaram,Capesize,1Y,31.32
2025-04-04,USA-Gopalpur,Panamax,1M,31.17
2025-04-04,USA-Gopalpur,Panamax,3M,31.08
2025-04-04,USA-Gopalpur,Panamax,6M,31.72
2025-04-04,USA-Gopalpur,Panamax,1Y,33.02
2025-04-04,USA-Gopalpur,Capesize,1M,31.9
2025-04-04,USA-Gopalpur,Capesize,3M,32.12
2025-04-04,USA-Gopalpur,Capesize,6M,32.2
2025-04-04,USA-Gopalpur,Capesize,1Y,32.93
2025-04-04,USA-Haldia,Panamax,1M,30.24
2025-04-04,USA-Haldia,Panamax,3M,29.67
2025-04-04,USA-Haldia,Panamax,6M,30.7
2025-04-04,USA-Haldia,Panamax,1Y,30.97
2025-04-04,USA-Haldia,Capesize,1M,33.68
2025-04-04,USA-Haldia,Capesize,3M,33.73
2025-04-04,USA-Haldia,Capesize,6M,35.4
2025-04-04,USA-Haldia,Capesize,1Y,35.11
2025-05-04,Australia-Paradip,Panamax,1M,17.36
2025-05-04,Australia-Paradip,Panamax,3M,17.62
2025-05-04,Australia-Paradip,Panamax,6M,17.54
2025-05-04,Australia-Paradip,Panamax,1Y,18.38
2025-05-04,Australia-Paradip,Capesize,1M,15.66
2025-05-04,Australia-Paradip,Capesize,3M,15.75
2025-05-04,Australia-Paradip,Capesize,6M,15.39
2025-05-04,Australia-Paradip,Capesize,1Y,16.0
2025-05-04,Australia-Vizag,Panamax,1M,16.49
2025-05-04,Australia-Vizag,Panamax,3M,16.14
2025-05-04,Australia-Vizag,Panamax,6M,16.87
2025-05-04,Australia-Vizag,Panamax,1Y,17.18
2025-05-04,Australia-Vizag,Capesize,1M,18.93
2025-05-04,Australia-Vizag,Capesize,3M,18.8
2025-05-04,Australia-Vizag,Capesize,6M,19.18
2025-05-04,Australia-Vizag,Capesize,1Y,19.54
2025-05-04,Australia-Dhamra,Panamax,1M,17.96
2025-05-04,Australia-Dhamra,Panamax,3M,17.23
2025-05-04,Australia-Dhamra,Panamax,6M,17.99
2025-05-04,Australia-Dhamra,Panamax,1Y,17.93
2025-05-04,Australia-Dhamra,Capesize,1M,17.0
2025-05-04,Australia-Dhamra,Capesize,3M,17.35
2025-05-04,Australia-Dhamra,Capesize,6M,17.71
2025-05-04,Australia-Dhamra,Capesize,1Y,18.19
2025-05-04,Australia-Gangavaram,Panamax,1M,14.55
2025-05-04,Australia-Gangavaram,Panamax,3M,14.34
2025-05-04,Australia-Gangavaram,Panamax,6M,15.03
2025-05-04,Australia-Gangavaram,Panamax,1Y,14.45
2025-05-04,Australia-Gangavaram,Capesize,1M,17.27
2025-05-04,Australia-Gangavaram,Capesize,3M,17.5
2025-05-04,Australia-Gangavaram,Capesize,6M,17.88
2025-05-04,Australia-Gangavaram,Capesize,1Y,17.63
2025-05-04,Australia-Gopalpur,Panamax,1M,14.96
2025-05-04,Australia-Gopalpur,Panamax,3M,15.42
2025-05-04,Australia-Gopalpur,Panamax,6M,15.62
2025-05-04,Australia-Gopalpur,Panamax,1Y,15.9
2025-05-04,Australia-Gopalpur,Capesize,1M,15.99
2025-05-04,Australia-Gopalpur,Capesize,3M,16.99
2025-05-04,Australia-Gopalpur,Capesize,6M,16.99
2025-05-04,Australia-Gopalpur,Capesize,1Y,17.17
2025-05-04,Australia-Haldia,Panamax,1M,17.87
2025-05-04,Australia-Haldia,Panamax,3M,17.77
2025-05-04,Australia-Haldia,Panamax,6M,18.53
2025-05-04,Australia-Haldia,Panamax,1Y,18.7
2025-05-04,Australia-Haldia,Capesize,1M,16.61
2025-05-04,Australia-Haldia,Capesize,3M,17.47
2025-05-04,Australia-Haldia,Capesize,6M,17.3
2025-05-04,Australia-Haldia,Capesize,1Y,17.33
2025-05-04,Indonesia-Paradip,Panamax,1M,10.98
2025-05-04,Indonesia-Paradip,Panamax,3M,10.66
2025-05-04,Indonesia-Paradip,Panamax,6M,10.92
2025-05-04,Indonesia-Paradip,Panamax,1Y,11.45
2025-05-04,Indonesia-Paradip,Capesize,1M,11.7
2025-05-04,Indonesia-Paradip,Capesize,3M,12.0
2025-05-04,Indonesia-Paradip,Capesize,6M,11.89
2025-05-04,Indonesia-Paradip,Capesize,1Y,12.31
2025-05-04,Indonesia-Vizag,Panamax,1M,10.58
2025-05-04,Indonesia-Vizag,Panamax,3M,10.43
2025-05-04,Indonesia-Vizag,Panamax,6M,10.76
2025-05-04,Indonesia-Vizag,Panamax,1Y,10.85
2025-05-04,Indonesia-Vizag,Capesize,1M,10.75
2025-05-04,Indonesia-Vizag,Capesize,3M,10.92
2025-05-04,Indonesia-Vizag,Capesize,6M,10.93
2025-05-04,Indonesia-Vizag,Capesize,1Y,11.31
2025-05-04,Indonesia-Dhamra,Panamax,1M,9.45
2025-05-04,Indonesia-Dhamra,Panamax,3M,9.52
2025-05-04,Indonesia-Dhamra,Panamax,6M,9.64
2025-05-04,Indonesia-Dhamra,Panamax,1Y,9.95
2025-05-04,Indonesia-Dhamra,Capesize,1M,8.46
2025-05-04,Indonesia-Dhamra,Capesize,3M,8.43
2025-05-04,Indonesia-Dhamra,Capesize,6M,8.61
2025-05-04,Indonesia-Dhamra,Capesize,1Y,9.04
2025-05-04,Indonesia-Gangavaram,Panamax,1M,8.5
2025-05-04,Indonesia-Gangavaram,Panamax,3M,8.66
2025-05-04,Indonesia-Gangavaram,Panamax,6M,8.69
2025-05-04,Indonesia-Gangavaram,Panamax,1Y,8.85
2025-05-04,Indonesia-Gangavaram,Capesize,1M,9.23
2025-05-04,Indonesia-Gangavaram,Capesize,3M,9.91
2025-05-04,Indonesia-Gangavaram,Capesize,6M,10.02
2025-05-04,Indonesia-Gangavaram,Capesize,1Y,9.95
2025-05-04,Indonesia-Gopalpur,Panamax,1M,9.95
2025-05-04,Indonesia-Gopalpur,Panamax,3M,10.05
2025-05-04,Indonesia-Gopalpur,Panamax,6M,9.94
2025-05-04,Indonesia-Gopalpur,Panamax,1Y,10.35
2025-05-04,Indonesia-Gopalpur,Capesize,1M,11.54
2025-05-04,Indonesia-Gopalpur,Capesize,3M,11.66
2025-05-04,Indonesia-Gopalpur,Capesize,6M,11.74
2025-05-04,Indonesia-Gopalpur,Capesize,1Y,11.89
2025-05-04,Indonesia-Haldia,Panamax,1M,10.96
2025-05-04,Indonesia-Haldia,Panamax,3M,11.07
2025-05-04,Indonesia-Haldia,Panamax,6M,11.12
2025-05-04,Indonesia-Haldia,Panamax,1Y,11.17
2025-05-04,Indonesia-Haldia,Capesize,1M,8.44
2025-05-04,Indonesia-Haldia,Capesize,3M,8.47
2025-05-04,Indonesia-Haldia,Capesize,6M,8.54
2025-05-04,Indonesia-Haldia,Capesize,1Y,9.05
2025-05-04,Russia-Paradip,Panamax,1M,25.71
2025-05-04,Russia-Paradip,Panamax,3M,26.12
2025-05-04,Russia-Paradip,Panamax,6M,26.96
2025-05-04,Russia-Paradip,Panamax,1Y,27.02
2025-05-04,Russia-Paradip,Capesize,1M,25.09
2025-05-04,Russia-Paradip,Capesize,3M,25.59
2025-05-04,Russia-Paradip,Capesize,6M,25.52
2025-05-04,Russia-Paradip,Capesize,1Y,26.32
2025-05-04,Russia-Vizag,Panamax,1M,20.51
2025-05-04,Russia-Vizag,Panamax,3M,19.44
2025-05-04,Russia-Vizag,Panamax,6M,19.6
2025-05-04,Russia-Vizag,Panamax,1Y,20.4
2025-05-04,Russia-Vizag,Capesize,1M,24.25
2025-05-04,Russia-Vizag,Capesize,3M,24.68
2025-05-04,Russia-Vizag,Capesize,6M,26.0
2025-05-04,Russia-Vizag,Capesize,1Y,25.87
2025-05-04,Russia-Dhamra,Panamax,1M,20.11
2025-05-04,Russia-Dhamra,Panamax,3M,20.0
2025-05-04,Russia-Dhamra,Panamax,6M,20.32
2025-05-04,Russia-Dhamra,Panamax,1Y,20.86
2025-05-04,Russia-Dhamra,Capesize,1M,21.82
2025-05-04,Russia-Dhamra,Capesize,3M,22.82
2025-05-04,Russia-Dhamra,Capesize,6M,22.96
2025-05-04,Russia-Dhamra,Capesize,1Y,23.11
2025-05-04,Russia-Gangavaram,Panamax,1M,19.8
2025-05-04,Russia-Gangavaram,Panamax,3M,19.88
2025-05-04,Russia-Gangavaram,Panamax,6M,20.56
2025-05-04,Russia-Gangavaram,Panamax,1Y,20.8
2025-05-04,Russia-Gangavaram,Capesize,1M,19.35
2025-05-04,Russia-Gangavaram,Capesize,3M,19.63
2025-05-04,Russia-Gangavaram,Capesize,6M,20.4
2025-05-04,Russia-Gangavaram,Capesize,1Y,20.27
2025-05-04,Russia-Gopalpur,Panamax,1M,19.94
2025-05-04,Russia-Gopalpur,Panamax,3M,20.53
2025-05-04,Russia-Gopalpur,Panamax,6M,20.03
2025-05-04,Russia-Gopalpur,Panamax,1Y,21.19
2025-05-04,Russia-Gopalpur,Capesize,1M,24.08
2025-05-04,Russia-Gopalpur,Capesize,3M,23.2
2025-05-04,Russia-Gopalpur,Capesize,6M,24.81
2025-05-04,Russia-Gopalpur,Capesize,1Y,24.15
2025-05-04,Russia-Haldia,Panamax,1M,25.03
2025-05-04,Russia-Haldia,Panamax,3M,24.81
2025-05-04,Russia-Haldia,Panamax,6M,26.13
2025-05-04,Russia-Haldia,Panamax,1Y,26.37
2025-05-04,Russia-Haldia,Capesize,1M,20.6
2025-05-04,Russia-Haldia,Capesize,3M,21.0
2025-05-04,Russia-Haldia,Capesize,6M,21.43
2025-05-04,Russia-Haldia,Capesize,1Y,21.39
2025-05-04,Mozambique-Paradip,Panamax,1M,19.06
2025-05-04,Mozambique-Paradip,Panamax,3M,19.33
2025-05-04,Mozambique-Paradip,Panamax,6M,19.72
2025-05-04,Mozambique-Paradip,Panamax,1Y,19.65
2025-05-04,Mozambique-Paradip,Capesize,1M,23.0
2025-05-04,Mozambique-Paradip,Capesize,3M,23.62
2025-05-04,Mozambique-Paradip,Capesize,6M,23.53
2025-05-04,Mozambique-Paradip,Capesize,1Y,24.44
2025-05-04,Mozambique-Vizag,Panamax,1M,22.49
2025-05-04,Mozambique-Vizag,Panamax,3M,22.54
2025-05-04,Mozambique-Vizag,Panamax,6M,22.65
2025-05-04,Mozambique-Vizag,Panamax,1Y,23.22
2025-05-04,Mozambique-Vizag,Capesize,1M,22.17
2025-05-04,Mozambique-Vizag,Capesize,3M,21.91
2025-05-04,Mozambique-Vizag,Capesize,6M,22.08
2025-05-04,Mozambique-Vizag,Capesize,1Y,21.97
2025-05-04,Mozambique-Dhamra,Panamax,1M,20.77
2025-05-04,Mozambique-Dhamra,Panamax,3M,21.19
2025-05-04,Mozambique-Dhamra,Panamax,6M,20.73
2025-05-04,Mozambique-Dhamra,Panamax,1Y,21.69
2025-05-04,Mozambique-Dhamra,Capesize,1M,20.35
2025-05-04,Mozambique-Dhamra,Capesize,3M,19.99
2025-05-04,Mozambique-Dhamra,Capesize,6M,21.11
2025-05-04,Mozambique-Dhamra,Capesize,1Y,21.31
2025-05-04,Mozambique-Gangavaram,Panamax,1M,21.54
2025-05-04,Mozambique-Gangavaram,Panamax,3M,21.74
2025-05-04,Mozambique-Gangavaram,Panamax,6M,21.58
2025-05-04,Mozambique-Gangavaram,Panamax,1Y,22.73
2025-05-04,Mozambique-Gangavaram,Capesize,1M,20.57
2025-05-04,Mozambique-Gangavaram,Capesize,3M,20.3
2025-05-04,Mozambique-Gangavaram,Capesize,6M,20.93
2025-05-04,Mozambique-Gangavaram,Capesize,1Y,21.45
2025-05-04,Mozambique-Gopalpur,Panamax,1M,20.09
2025-05-04,Mozambique-Gopalpur,Panamax,3M,19.7
2025-05-04,Mozambique-Gopalpur,Panamax,6M,20.1
2025-05-04,Mozambique-Gopalpur,Panamax,1Y,20.61
2025-05-04,Mozambique-Gopalpur,Capesize,1M,20.56
2025-05-04,Mozambique-Gopalpur,Capesize,3M,21.28
2025-05-04,Mozambique-Gopalpur,Capesize,6M,21.27
2025-05-04,Mozambique-Gopalpur,Capesize,1Y,21.26
2025-05-04,Mozambique-Haldia,Panamax,1M,23.43
2025-05-04,Mozambique-Haldia,Panamax,3M,24.87
2025-05-04,Mozambique-Haldia,Panamax,6M,25.14
2025-05-04,Mozambique-Haldia,Panamax,1Y,24.93
2025-05-04,Mozambique-Haldia,Capesize,1M,20.83
2025-05-04,Mozambique-Haldia,Capesize,3M,21.11
2025-05-04,Mozambique-Haldia,Capesize,6M,20.47
2025-05-04,Mozambique-Haldia,Capesize,1Y,20.94
2025-05-04,USA-Paradip,Panamax,1M,32.06
2025-05-04,USA-Paradip,Panamax,3M,31.92
2025-05-04,USA-Paradip,Panamax,6M,32.1
2025-05-04,USA-Paradip,Panamax,1Y,33.61
2025-05-04,USA-Paradip,Capesize,1M,32.06
2025-05-04,USA-Paradip,Capesize,3M,32.16
2025-05-04,USA-Paradip,Capesize,6M,32.81
2025-05-04,USA-Paradip,Capesize,1Y,33.19
2025-05-04,USA-Vizag,Panamax,1M,31.05
2025-05-04,USA-Vizag,Panamax,3M,30.87
2025-05-04,USA-Vizag,Panamax,6M,31.31
2025-05-04,USA-Vizag,Panamax,1Y,30.83
2025-05-04,USA-Vizag,Capesize,1M,29.08
2025-05-04,USA-Vizag,Capesize,3M,29.79
2025-05-04,USA-Vizag,Capesize,6M,29.59
2025-05-04,USA-Vizag,Capesize,1Y,30.69
2025-05-04,USA-Dhamra,Panamax,1M,29.82
2025-05-04,USA-Dhamra,Panamax,3M,30.52
2025-05-04,USA-Dhamra,Panamax,6M,30.6
2025-05-04,USA-Dhamra,Panamax,1Y,31.43
2025-05-04,USA-Dhamra,Capesize,1M,36.49
2025-05-04,USA-Dhamra,Capesize,3M,36.5
2025-05-04,USA-Dhamra,Capesize,6M,37.04
2025-05-04,USA-Dhamra,Capesize,1Y,38.17
2025-05-04,USA-Gangavaram,Panamax,1M,34.53
2025-05-04,USA-Gangavaram,Panamax,3M,35.22
2025-05-04,USA-Gangavaram,Panamax,6M,35.49
2025-05-04,USA-Gangavaram,Panamax,1Y,35.96
2025-05-04,USA-Gangavaram,Capesize,1M,29.59
2025-05-04,USA-Gangavaram,Capesize,3M,30.02
2025-05-04,USA-Gangavaram,Capesize,6M,30.5
2025-05-04,USA-Gangavaram,Capesize,1Y,30.19
2025-05-04,USA-Gopalpur,Panamax,1M,32.48
2025-05-04,USA-Gopalpur,Panamax,3M,32.26
2025-05-04,USA-Gopalpur,Panamax,6M,32.8
2025-05-04,USA-Gopalpur,Panamax,1Y,34.62
2025-05-04,USA-Gopalpur,Capesize,1M,29.94
2025-05-04,USA-Gopalpur,Capesize,3M,30.78
2025-05-04,USA-Gopalpur,Capesize,6M,31.14
2025-05-04,USA-Gopalpur,Capesize,1Y,32.56
2025-05-04,USA-Haldia,Panamax,1M,34.03
2025-05-04,USA-Haldia,Panamax,3M,34.18
2025-05-04,USA-Haldia,Panamax,6M,34.92
2025-05-04,USA-Haldia,Panamax,1Y,35.63
2025-05-04,USA-Haldia,Capesize,1M,32.84
2025-05-04,USA-Haldia,Capesize,3M,32.78
2025-05-04,USA-Haldia,Capesize,6M,33.19
2025-05-04,USA-Haldia,Capesize,1Y,34.59
2025-06-03,Australia-Paradip,Panamax,1M,17.56
2025-06-03,Australia-Paradip,Panamax,3M,17.49
2025-06-03,Australia-Paradip,Panamax,6M,18.11
2025-06-03,Australia-Paradip,Panamax,1Y,18.56
2025-06-03,Australia-Paradip,Capesize,1M,14.62
2025-06-03,Australia-Paradip,Capesize,3M,15.0
2025-06-03,Australia-Paradip,Capesize,6M,14.98
2025-06-03,Australia-Paradip,Capesize,1Y,15.23
2025-06-03,Australia-Vizag,Panamax,1M,15.57
2025-06-03,Australia-Vizag,Panamax,3M,15.29
2025-06-03,Australia-Vizag,Panamax,6M,15.88
2025-06-03,Australia-Vizag,Panamax,1Y,16.06
2025-06-03,Australia-Vizag,Capesize,1M,15.37
2025-06-03,Australia-Vizag,Capesize,3M,14.98
2025-06-03,Australia-Vizag,Capesize,6M,15.44
2025-06-03,Australia-Vizag,Capesize,1Y,16.01
2025-06-03,Australia-Dhamra,Panamax,1M,19.61
2025-06-03,Australia-Dhamra,Panamax,3M,19.16
2025-06-03,Australia-Dhamra,Panamax,6M,18.86
2025-06-03,Australia-Dhamra,Panamax,1Y,19.52
2025-06-03,Australia-Dhamra,Capesize,1M,17.56
2025-06-03,Australia-Dhamra,Capesize,3M,17.65
2025-06-03,Australia-Dhamra,Capesize,6M,17.56
2025-06-03,Australia-Dhamra,Capesize,1Y,17.77
2025-06-03,Australia-Gangavaram,Panamax,1M,14.77
2025-06-03,Australia-Gangavaram,Panamax,3M,14.92
2025-06-03,Australia-Gangavaram,Panamax,6M,14.9
2025-06-03,Australia-Gangavaram,Panamax,1Y,15.37
2025-06-03,Australia-Gangavaram,Capesize,1M,14.57
2025-06-03,Australia-Gangavaram,Capesize,3M,14.75
2025-06-03,Australia-Gangavaram,Capesize,6M,14.71
2025-06-03,Australia-Gangavaram,Capesize,1Y,15.16
2025-06-03,Australia-Gopalpur,Panamax,1M,17.52
2025-06-03,Australia-Gopalpur,Panamax,3M,18.03
2025-06-03,Australia-Gopalpur,Panamax,6M,17.91
2025-06-03,Australia-Gopalpur,Panamax,1Y,18.38
2025-06-03,Australia-Gopalpur,Capesize,1M,17.51
2025-06-03,Australia-Gopalpur,Capesize,3M,18.15
2025-06-03,Australia-Gopalpur,Capesize,6M,17.74
2025-06-03,Australia-Gopalpur,Capesize,1Y,18.16
2025-06-03,Australia-Haldia,Panamax,1M,16.57
2025-06-03,Australia-Haldia,Panamax,3M,16.65
2025-06-03,Australia-Haldia,Panamax,6M,17.6
2025-06-03,Australia-Haldia,Panamax,1Y,17.31
2025-06-03,Australia-Haldia,Capesize,1M,15.37
2025-06-03,Australia-Haldia,Capesize,3M,15.02
2025-06-03,Australia-Haldia,Capesize,6M,15.6
2025-06-03,Australia-Haldia,Capesize,1Y,16.08
2025-06-03,Indonesia-Paradip,Panamax,1M,10.4
2025-06-03,Indonesia-Paradip,Panamax,3M,10.36
2025-06-03,Indonesia-Paradip,Panamax,6M,10.55
2025-06-03,Indonesia-Paradip,Panamax,1Y,10.63
2025-06-03,Indonesia-Paradip,Capesize,1M,8.2
2025-06-03,Indonesia-Paradip,Capesize,3M,8.36
2025-06-03,Indonesia-Paradip,Capesize,6M,8.55
2025-06-03,Indonesia-Paradip,Capesize,1Y,8.42
2025-06-03,Indonesia-Vizag,Panamax,1M,9.59
2025-06-03,Indonesia-Vizag,Panamax,3M,9.61
2025-06-03,Indonesia-Vizag,Panamax,6M,9.69
2025-06-03,Indonesia-Vizag,Panamax,1Y,9.89
2025-06-03,Indonesia-Vizag,Capesize,1M,10.52
2025-06-03,Indonesia-Vizag,Capesize,3M,10.8
2025-06-03,Indonesia-Vizag,Capesize,6M,10.89
2025-06-03,Indonesia-Vizag,Capesize,1Y,10.73
2025-06-03,Indonesia-Dhamra,Panamax,1M,9.76
2025-06-03,Indonesia-Dhamra,Panamax,3M,9.54
2025-06-03,Indonesia-Dhamra,Panamax,6M,9.72
2025-06-03,Indonesia-Dhamra,Panamax,1Y,9.75
2025-06-03,Indonesia-Dhamra,Capesize,1M,11.47
2025-06-03,Indonesia-Dhamra,Capesize,3M,11.89
2025-06-03,Indonesia-Dhamra,Capesize,6M,12.25
2025-06-03,Indonesia-Dhamra,Capesize,1Y,12.74
2025-06-03,Indonesia-Gangavaram,Panamax,1M,10.5
2025-06-03,Indonesia-Gangavaram,Panamax,3M,10.78
2025-06-03,Indonesia-Gangavaram,Panamax,6M,10.75
2025-06-03,Indonesia-Gangavaram,Panamax,1Y,10.69
2025-06-03,Indonesia-Gangavaram,Capesize,1M,9.56
2025-06-03,Indonesia-Gangavaram,Capesize,3M,9.76
2025-06-03,Indonesia-Gangavaram,Capesize,6M,9.95
2025-06-03,Indonesia-Gangavaram,Capesize,1Y,9.97
2025-06-03,Indonesia-Gopalpur,Panamax,1M,9.09
2025-06-03,Indonesia-Gopalpur,Panamax,3M,9.18
2025-06-03,Indonesia-Gopalpur,Panamax,6M,9.15
2025-06-03,Indonesia-Gopalpur,Panamax,1Y,9.14
2025-06-03,Indonesia-Gopalpur,Capesize,1M,12.84
2025-06-03,Indonesia-Gopalpur,Capesize,3M,12.91
2025-06-03,Indonesia-Gopalpur,Capesize,6M,12.83
2025-06-03,Indonesia-Gopalpur,Capesize,1Y,13.14
2025-06-03,Indonesia-Haldia,Panamax,1M,11.02
2025-06-03,Indonesia-Haldia,Panamax,3M,11.23
2025-06-03,Indonesia-Haldia,Panamax,6M,11.16
2025-06-03,Indonesia-Haldia,Panamax,1Y,11.48
2025-06-03,Indonesia-Haldia,Capesize,1M,11.59
2025-06-03,Indonesia-Haldia,Capesize,3M,11.78
2025-06-03,Indonesia-Haldia,Capesize,6M,11.68
2025-06-03,Indonesia-Haldia,Capesize,1Y,11.9
2025-06-03,Russia-Paradip,Panamax,1M,23.97
2025-06-03,Russia-Paradip,Panamax,3M,24.35
2025-06-03,Russia-Paradip,Panamax,6M,24.93
2025-06-03,Russia-Paradip,Panamax,1Y,24.99
2025-06-03,Russia-Paradip,Capesize,1M,22.1
2025-06-03,Russia-Paradip,Capesize,3M,22.06
2025-06-03,Russia-Paradip,Capesize,6M,22.33
2025-06-03,Russia-Paradip,Capesize,1Y,22.34
2025-06-03,Russia-Vizag,Panamax,1M,22.13
2025-06-03,Russia-Vizag,Panamax,3M,22.67
2025-06-03,Russia-Vizag,Panamax,6M,22.53
2025-06-03,Russia-Vizag,Panamax,1Y,22.7
2025-06-03,Russia-Vizag,Capesize,1M,20.76
2025-06-03,Russia-Vizag,Capesize,3M,20.37
2025-06-03,Russia-Vizag,Capesize,6M,21.3
2025-06-03,Russia-Vizag,Capesize,1Y,21.48
2025-06-03,Russia-Dhamra,Panamax,1M,24.99
2025-06-03,Russia-Dhamra,Panamax,3M,25.16
2025-06-03,Russia-Dhamra,Panamax,6M,24.92
2025-06-03,Russia-Dhamra,Panamax,1Y,25.44
2025-06-03,Russia-Dhamra,Capesize,1M,21.1
2025-06-03,Russia-Dhamra,Capesize,3M,21.64
2025-06-03,Russia-Dhamra,Capesize,6M,22.04
2025-06-03,Russia-Dhamra,Capesize,1Y,21.78
2025-06-03,Russia-Gangavaram,Panamax,1M,22.75
2025-06-03,Russia-Gangavaram,Panamax,3M,22.82
2025-06-03,Russia-Gangavaram,Panamax,6M,22.96
2025-06-03,Russia-Gangavaram,Panamax,1Y,23.84
2025-06-03,Russia-Gangavaram,Capesize,1M,23.45
2025-06-03,Russia-Gangavaram,Capesize,3M,23.4
2025-06-03,Russia-Gangavaram,Capesize,6M,23.29
2025-06-03,Russia-Gangavaram,Capesize,1Y,24.82
2025-06-03,Russia-Gopalpur,Panamax,1M,20.94
2025-06-03,Russia-Gopalpur,Panamax,3M,21.0
2025-06-03,Russia-Gopalpur,Panamax,6M,20.92
2025-06-03,Russia-Gopalpur,Panamax,1Y,21.41
2025-06-03,Russia-Gopalpur,Capesize,1M,23.16
2025-06-03,Russia-Gopalpur,Capesize,3M,22.94
2025-06-03,Russia-Gopalpur,Capesize,6M,23.86
2025-06-03,Russia-Gopalpur,Capesize,1Y,24.18
2025-06-03,Russia-Haldia,Panamax,1M,19.22
2025-06-03,Russia-Haldia,Panamax,3M,20.04
2025-06-03,Russia-Haldia,Panamax,6M,19.83
2025-06-03,Russia-Haldia,Panamax,1Y,20.75
2025-06-03,Russia-Haldia,Capesize,1M,20.16
2025-06-03,Russia-Haldia,Capesize,3M,19.89
2025-06-03,Russia-Haldia,Capesize,6M,20.73
2025-06-03,Russia-Haldia,Capesize,1Y,21.32
2025-06-03,Mozambique-Paradip,Panamax,1M,19.86
2025-06-03,Mozambique-Paradip,Panamax,3M,20.03
2025-06-03,Mozambique-Paradip,Panamax,6M,20.35
2025-06-03,Mozambique-Paradip,Panamax,1Y,20.92
2025-06-03,Mozambique-Paradip,Capesize,1M,21.1
2025-06-03,Mozambique-Paradip,Capesize,3M,20.74
2025-06-03,Mozambique-Paradip,Capesize,6M,21.14
2025-06-03,Mozambique-Paradip,Capesize,1Y,21.56
2025-06-03,Mozambique-Vizag,Panamax,1M,22.02
2025-06-03,Mozambique-Vizag,Panamax,3M,21.77
2025-06-03,Mozambique-Vizag,Panamax,6M,21.66
2025-06-03,Mozambique-Vizag,Panamax,1Y,22.31
2025-06-03,Mozambique-Vizag,Capesize,1M,21.85
2025-06-03,Mozambique-Vizag,Capesize,3M,21.2
2025-06-03,Mozambique-Vizag,Capesize,6M,21.87
2025-06-03,Mozambique-Vizag,Capesize,1Y,22.24
2025-06-03,Mozambique-Dhamra,Panamax,1M,22.01
2025-06-03,Mozambique-Dhamra,Panamax,3M,22.6
2025-06-03,Mozambique-Dhamra,Panamax,6M,22.93
2025-06-03,Mozambique-Dhamra,Panamax,1Y,23.78
2025-06-03,Mozambique-Dhamra,Capesize,1M,21.79
2025-06-03,Mozambique-Dhamra,Capesize,3M,22.04
2025-06-03,Mozambique-Dhamra,Capesize,6M,21.99
2025-06-03,Mozambique-Dhamra,Capesize,1Y,22.98
2025-06-03,Mozambique-Gangavaram,Panamax,1M,22.02
2025-06-03,Mozambique-Gangavaram,Panamax,3M,21.83
2025-06-03,Mozambique-Gangavaram,Panamax,6M,21.79
2025-06-03,Mozambique-Gangavaram,Panamax,1Y,22.69
2025-06-03,Mozambique-Gangavaram,Capesize,1M,21.81
2025-06-03,Mozambique-Gangavaram,Capesize,3M,21.84
2025-06-03,Mozambique-Gangavaram,Capesize,6M,22.12
2025-06-03,Mozambique-Gangavaram,Capesize,1Y,22.41
2025-06-03,Mozambique-Gopalpur,Panamax,1M,21.05
2025-06-03,Mozambique-Gopalpur,Panamax,3M,21.97
2025-06-03,Mozambique-Gopalpur,Panamax,6M,22.81
2025-06-03,Mozambique-Gopalpur,Panamax,1Y,22.33
2025-06-03,Mozambique-Gopalpur,Capesize,1M,24.89
2025-06-03,Mozambique-Gopalpur,Capesize,3M,24.69
2025-06-03,Mozambique-Gopalpur,Capesize,6M,24.9
2025-06-03,Mozambique-Gopalpur,Capesize,1Y,25.63
2025-06-03,Mozambique-Haldia,Panamax,1M,19.8
2025-06-03,Mozambique-Haldia,Panamax,3M,19.16
2025-06-03,Mozambique-Haldia,Panamax,6M,19.98
2025-06-03,Mozambique-Haldia,Panamax,1Y,19.79
2025-06-03,Mozambique-Haldia,Capesize,1M,18.81
2025-06-03,Mozambique-Haldia,Capesize,3M,18.59
2025-06-03,Mozambique-Haldia,Capesize,6M,19.05
2025-06-03,Mozambique-Haldia,Capesize,1Y,19.38
2025-06-03,USA-Paradip,Panamax,1M,34.65
2025-06-03,USA-Paradip,Panamax,3M,34.42
2025-06-03,USA-Paradip,Panamax,6M,36.54
2025-06-03,USA-Paradip,Panamax,1Y,36.14
2025-06-03,USA-Paradip,Capesize,1M,30.29
2025-06-03,USA-Paradip,Capesize,3M,30.88
2025-06-03,USA-Paradip,Capesize,6M,31.0
2025-06-03,USA-Paradip,Capesize,1Y,31.12
2025-06-03,USA-Vizag,Panamax,1M,34.89
2025-06-03,USA-Vizag,Panamax,3M,34.63
2025-06-03,USA-Vizag,Panamax,6M,34.6
2025-06-03,USA-Vizag,Panamax,1Y,35.86
2025-06-03,USA-Vizag,Capesize,1M,34.85
2025-06-03,USA-Vizag,Capesize,3M,33.64
2025-06-03,USA-Vizag,Capesize,6M,33.87
2025-06-03,USA-Vizag,Capesize,1Y,35.42
2025-06-03,USA-Dhamra,Panamax,1M,33.24
2025-06-03,USA-Dhamra,Panamax,3M,33.65
2025-06-03,USA-Dhamra,Panamax,6M,33.81
2025-06-03,USA-Dhamra,Panamax,1Y,35.24
2025-06-03,USA-Dhamra,Capesize,1M,30.27
2025-06-03,USA-Dhamra,Capesize,3M,29.59
2025-06-03,USA-Dhamra,Capesize,6M,30.7
2025-06-03,USA-Dhamra,Capesize,1Y,30.6
2025-06-03,USA-Gangavaram,Panamax,1M,33.68
2025-06-03,USA-Gangavaram,Panamax,3M,34.03
2025-06-03,USA-Gangavaram,Panamax,6M,34.76
2025-06-03,USA-Gangavaram,Panamax,1Y,34.73
2025-06-03,USA-Gangavaram,Capesize,1M,33.9
2025-06-03,USA-Gangavaram,Capesize,3M,33.06
2025-06-03,USA-Gangavaram,Capesize,6M,33.61
2025-06-03,USA-Gangavaram,Capesize,1Y,35.4
2025-06-03,USA-Gopalpur,Panamax,1M,35.99
2025-06-03,USA-Gopalpur,Panamax,3M,36.05
2025-06-03,USA-Gopalpur,Panamax,6M,37.33
2025-06-03,USA-Gopalpur,Panamax,1Y,37.88
2025-06-03,USA-Gopalpur,Capesize,1M,35.58
2025-06-03,USA-Gopalpur,Capesize,3M,35.63
2025-06-03,USA-Gopalpur,Capesize,6M,36.51
2025-06-03,USA-Gopalpur,Capesize,1Y,37.35
2025-06-03,USA-Haldia,Panamax,1M,37.23
2025-06-03,USA-Haldia,Panamax,3M,36.94
2025-06-03,USA-Haldia,Panamax,6M,37.91
2025-06-03,USA-Haldia,Panamax,1Y,38.72
2025-06-03,USA-Haldia,Capesize,1M,34.64
2025-06-03,USA-Haldia,Capesize,3M,35.51
2025-06-03,USA-Haldia,Capesize,6M,35.76
2025-06-03,USA-Haldia,Capesize,1Y,35.31
2025-07-03,Australia-Paradip,Panamax,1M,15.66
2025-07-03,Australia-Paradip,Panamax,3M,15.9
2025-07-03,Australia-Paradip,Panamax,6M,16.73
2025-07-03,Australia-Paradip,Panamax,1Y,16.57
2025-07-03,Australia-Paradip,Capesize,1M,16.36
2025-07-03,Australia-Paradip,Capesize,3M,16.18
2025-07-03,Australia-Paradip,Capesize,6M,16.54
2025-07-03,Australia-Paradip,Capesize,1Y,16.57
2025-07-03,Australia-Vizag,Panamax,1M,15.97
2025-07-03,Australia-Vizag,Panamax,3M,15.77
2025-07-03,Australia-Vizag,Panamax,6M,16.34
2025-07-03,Australia-Vizag,Panamax,1Y,16.51
2025-07-03,Australia-Vizag,Capesize,1M,15.37
2025-07-03,Australia-Vizag,Capesize,3M,15.18
2025-07-03,Australia-Vizag,Capesize,6M,15.89
2025-07-03,Australia-Vizag,Capesize,1Y,16.32
2025-07-03,Australia-Dhamra,Panamax,1M,19.5
2025-07-03,Australia-Dhamra,Panamax,3M,19.1
2025-07-03,Australia-Dhamra,Panamax,6M,19.45
2025-07-03,Australia-Dhamra,Panamax,1Y,20.42
2025-07-03,Australia-Dhamra,Capesize,1M,16.21
2025-07-03,Australia-Dhamra,Capesize,3M,15.98
2025-07-03,Australia-Dhamra,Capesize,6M,16.24
2025-07-03,Australia-Dhamra,Capesize,1Y,16.67
2025-07-03,Australia-Gangavaram,Panamax,1M,16.24
2025-07-03,Australia-Gangavaram,Panamax,3M,15.57
2025-07-03,Australia-Gangavaram,Panamax,6M,16.23
2025-07-03,Australia-Gangavaram,Panamax,1Y,16.86
2025-07-03,Australia-Gangavaram,Capesize,1M,15.33
2025-07-03,Australia-Gangavaram,Capesize,3M,15.6
2025-07-03,Australia-Gangavaram,Capesize,6M,15.55
2025-07-03,Australia-Gangavaram,Capesize,1Y,15.65
2025-07-03,Australia-Gopalpur,Panamax,1M,15.47
2025-07-03,Australia-Gopalpur,Panamax,3M,15.89
2025-07-03,Australia-Gopalpur,Panamax,6M,16.27
2025-07-03,Australia-Gopalpur,Panamax,1Y,16.62
2025-07-03,Australia-Gopalpur,Capesize,1M,15.44
2025-07-03,Australia-Gopalpur,Capesize,3M,16.15
2025-07-03,Australia-Gopalpur,Capesize,6M,16.64
2025-07-03,Australia-Gopalpur,Capesize,1Y,16.7
2025-07-03,Australia-Haldia,Panamax,1M,15.55
2025-07-03,Australia-Haldia,Panamax,3M,15.47
2025-07-03,Australia-Haldia,Panamax,6M,15.53
2025-07-03,Australia-Haldia,Panamax,1Y,16.22
2025-07-03,Australia-Haldia,Capesize,1M,16.6
2025-07-03,Australia-Haldia,Capesize,3M,16.84
2025-07-03,Australia-Haldia,Capesize,6M,16.7
2025-07-03,Australia-Haldia,Capesize,1Y,17.31
2025-07-03,Indonesia-Paradip,Panamax,1M,9.69
2025-07-03,Indonesia-Paradip,Panamax,3M,9.88
2025-07-03,Indonesia-Paradip,Panamax,6M,9.7
2025-07-03,Indonesia-Paradip,Panamax,1Y,10.11
2025-07-03,Indonesia-Paradip,Capesize,1M,9.89
2025-07-03,Indonesia-Paradip,Capesize,3M,9.89
2025-07-03,Indonesia-Paradip,Capesize,6M,10.03
2025-07-03,Indonesia-Paradip,Capesize,1Y,10.19
2025-07-03,Indonesia-Vizag,Panamax,1M,10.78
2025-07-03,Indonesia-Vizag,Panamax,3M,10.74
2025-07-03,Indonesia-Vizag,Panamax,6M,10.55
2025-07-03,Indonesia-Vizag,Panamax,1Y,10.63
2025-07-03,Indonesia-Vizag,Capesize,1M,10.14
2025-07-03,Indonesia-Vizag,Capesize,3M,10.03
2025-07-03,Indonesia-Vizag,Capesize,6M,10.3
2025-07-03,Indonesia-Vizag,Capesize,1Y,10.64
2025-07-03,Indonesia-Dhamra,Panamax,1M,12.59
2025-07-03,Indonesia-Dhamra,Panamax,3M,12.69
2025-07-03,Indonesia-Dhamra,Panamax,6M,12.85
2025-07-03,Indonesia-Dhamra,Panamax,1Y,12.97
2025-07-03,Indonesia-Dhamra,Capesize,1M,9.63
2025-07-03,Indonesia-Dhamra,Capesize,3M,9.68
2025-07-03,Indonesia-Dhamra,Capesize,6M,9.6
2025-07-03,Indonesia-Dhamra,Capesize,1Y,9.81
2025-07-03,Indonesia-Gangavaram,Panamax,1M,11.86
2025-07-03,Indonesia-Gangavaram,Panamax,3M,12.29
2025-07-03,Indonesia-Gangavaram,Panamax,6M,12.2
2025-07-03,Indonesia-Gangavaram,Panamax,1Y,12.59
2025-07-03,Indonesia-Gangavaram,Capesize,1M,9.65
2025-07-03,Indonesia-Gangavaram,Capesize,3M,10.11
2025-07-03,Indonesia-Gangavaram,Capesize,6M,10.43
2025-07-03,Indonesia-Gangavaram,Capesize,1Y,10.39
2025-07-03,Indonesia-Gopalpur,Panamax,1M,10.21
2025-07-03,Indonesia-Gopalpur,Panamax,3M,10.41
2025-07-03,Indonesia-Gopalpur,Panamax,6M,10.51
2025-07-03,Indonesia-Gopalpur,Panamax,1Y,10.73
2025-07-03,Indonesia-Gopalpur,Capesize,1M,9.09
2025-07-03,Indonesia-Gopalpur,Capesize,3M,9.11
2025-07-03,Indonesia-Gopalpur,Capesize,6M,9.17
2025-07-03,Indonesia-Gopalpur,Capesize,1Y,9.24
2025-07-03,Indonesia-Haldia,Panamax,1M,8.81
2025-07-03,Indonesia-Haldia,Panamax,3M,8.9
2025-07-03,Indonesia-Haldia,Panamax,6M,9.1
2025-07-03,Indonesia-Haldia,Panamax,1Y,9.11
2025-07-03,Indonesia-Haldia,Capesize,1M,10.68
2025-07-03,Indonesia-Haldia,Capesize,3M,10.69
2025-07-03,Indonesia-Haldia,Capesize,6M,11.13
2025-07-03,Indonesia-Haldia,Capesize,1Y,11.1
2025-07-03,Russia-Paradip,Panamax,1M,22.8
2025-07-03,Russia-Paradip,Panamax,3M,23.81
2025-07-03,Russia-Paradip,Panamax,6M,23.63
2025-07-03,Russia-Paradip,Panamax,1Y,23.54
2025-07-03,Russia-Paradip,Capesize,1M,20.86
2025-07-03,Russia-Paradip,Capesize,3M,21.21
2025-07-03,Russia-Paradip,Capesize,6M,21.04
2025-07-03,Russia-Paradip,Capesize,1Y,21.33
2025-07-03,Russia-Vizag,Panamax,1M,25.85
2025-07-03,Russia-Vizag,Panamax,3M,25.18
2025-07-03,Russia-Vizag,Panamax,6M,25.48
2025-07-03,Russia-Vizag,Panamax,1Y,25.8
2025-07-03,Russia-Vizag,Capesize,1M,24.59
2025-07-03,Russia-Vizag,Capesize,3M,25.08
2025-07-03,Russia-Vizag,Capesize,6M,24.58
2025-07-03,Russia-Vizag,Capesize,1Y,25.06
2025-07-03,Russia-Dhamra,Panamax,1M,24.03
2025-07-03,Russia-Dhamra,Panamax,3M,24.31
2025-07-03,Russia-Dhamra,Panamax,6M,23.84
2025-07-03,Russia-Dhamra,Panamax,1Y,25.2
2025-07-03,Russia-Dhamra,Capesize,1M,24.06
2025-07-03,Russia-Dhamra,Capesize,3M,23.96
2025-07-03,Russia-Dhamra,Capesize,6M,23.57
2025-07-03,Russia-Dhamra,Capesize,1Y,23.8
2025-07-03,Russia-Gangavaram,Panamax,1M,25.58
2025-07-03,Russia-Gangavaram,Panamax,3M,25.31
2025-07-03,Russia-Gangavaram,Panamax,6M,26.75
2025-07-03,Russia-Gangavaram,Panamax,1Y,27.0
2025-07-03,Russia-Gangavaram,Capesize,1M,20.34
2025-07-03,Russia-Gangavaram,Capesize,3M,20.85
2025-07-03,Russia-Gangavaram,Capesize,6M,20.75
2025-07-03,Russia-Gangavaram,Capesize,1Y,21.42
2025-07-03,Russia-Gopalpur,Panamax,1M,24.4
2025-07-03,Russia-Gopalpur,Panamax,3M,24.77
2025-07-03,Russia-Gopalpur,Panamax,6M,24.36
2025-07-03,Russia-Gopalpur,Panamax,1Y,24.97
2025-07-03,Russia-Gopalpur,Capesize,1M,21.36
2025-07-03,Russia-Gopalpur,Capesize,3M,20.91
2025-07-03,Russia-Gopalpur,Capesize,6M,21.57
2025-07-03,Russia-Gopalpur,Capesize,1Y,22.02
2025-07-03,Russia-Haldia,Panamax,1M,24.17
2025-07-03,Russia-Haldia,Panamax,3M,25.11
2025-07-03,Russia-Haldia,Panamax,6M,25.14
2025-07-03,Russia-Haldia,Panamax,1Y,25.73
2025-07-03,Russia-Haldia,Capesize,1M,22.07
2025-07-03,Russia-Haldia,Capesize,3M,22.7
2025-07-03,Russia-Haldia,Capesize,6M,22.66
2025-07-03,Russia-Haldia,Capesize,1Y,23.01
2025-07-03,Mozambique-Paradip,Panamax,1M,24.01
2025-07-03,Mozambique-Paradip,Panamax,3M,22.86
2025-07-03,Mozambique-Paradip,Panamax,6M,23.33
2025-07-03,Mozambique-Paradip,Panamax,1Y,24.78
2025-07-03,Mozambique-Paradip,Capesize,1M,20.2
2025-07-03,Mozambique-Paradip,Capesize,3M,20.0
2025-07-03,Mozambique-Paradip,Capesize,6M,20.36
2025-07-03,Mozambique-Paradip,Capesize,1Y,20.12
2025-07-03,Mozambique-Vizag,Panamax,1M,21.87
2025-07-03,Mozambique-Vizag,Panamax,3M,21.65
2025-07-03,Mozambique-Vizag,Panamax,6M,22.04
2025-07-03,Mozambique-Vizag,Panamax,1Y,22.38
2025-07-03,Mozambique-Vizag,Capesize,1M,21.6
2025-07-03,Mozambique-Vizag,Capesize,3M,21.82
2025-07-03,Mozambique-Vizag,Capesize,6M,22.56
2025-07-03,Mozambique-Vizag,Capesize,1Y,22.2
2025-07-03,Mozambique-Dhamra,Panamax,1M,21.85
2025-07-03,Mozambique-Dhamra,Panamax,3M,22.07
2025-07-03,Mozambique-Dhamra,Panamax,6M,22.69
2025-07-03,Mozambique-Dhamra,Panamax,1Y,22.8
2025-07-03,Mozambique-Dhamra,Capesize,1M,21.08
2025-07-03,Mozambique-Dhamra,Capesize,3M,20.88
2025-07-03,Mozambique-Dhamra,Capesize,6M,21.89
2025-07-03,Mozambique-Dhamra,Capesize,1Y,21.71
2025-07-03,Mozambique-Gangavaram,Panamax,1M,18.15
2025-07-03,Mozambique-Gangavaram,Panamax,3M,18.38
2025-07-03,Mozambique-Gangavaram,Panamax,6M,18.36
2025-07-03,Mozambique-Gangavaram,Panamax,1Y,18.34
2025-07-03,Mozambique-Gangavaram,Capesize,1M,22.56
2025-07-03,Mozambique-Gangavaram,Capesize,3M,23.14
2025-07-03,Mozambique-Gangavaram,Capesize,6M,23.54
2025-07-03,Mozambique-Gangavaram,Capesize,1Y,24.0
2025-07-03,Mozambique-Gopalpur,Panamax,1M,20.78
2025-07-03,Mozambique-Gopalpur,Panamax,3M,21.36
2025-07-03,Mozambique-Gopalpur,Panamax,6M,20.95
2025-07-03,Mozambique-Gopalpur,Panamax,1Y,21.9
2025-07-03,Mozambique-Gopalpur,Capesize,1M,22.36
2025-07-03,Mozambique-Gopalpur,Capesize,3M,23.3
2025-07-03,Mozambique-Gopalpur,Capesize,6M,22.41
2025-07-03,Mozambique-Gopalpur,Capesize,1Y,23.6
2025-07-03,Mozambique-Haldia,Panamax,1M,21.8
2025-07-03,Mozambique-Haldia,Panamax,3M,21.91
2025-07-03,Mozambique-Haldia,Panamax,6M,22.1
2025-07-03,Mozambique-Haldia,Panamax,1Y,22.68
2025-07-03,Mozambique-Haldia,Capesize,1M,17.44
2025-07-03,Mozambique-Haldia,Capesize,3M,17.63
2025-07-03,Mozambique-Haldia,Capesize,6M,18.1
2025-07-03,Mozambique-Haldia,Capesize,1Y,18.3
2025-07-03,USA-Paradip,Panamax,1M,33.16
2025-07-03,USA-Paradip,Panamax,3M,34.15
2025-07-03,USA-Paradip,Panamax,6M,35.22
2025-07-03,USA-Paradip,Panamax,1Y,35.28
2025-07-03,USA-Paradip,Capesize,1M,29.52
2025-07-03,USA-Paradip,Capesize,3M,28.56
2025-07-03,USA-Paradip,Capesize,6M,29.96
2025-07-03,USA-Paradip,Capesize,1Y,30.4
2025-07-03,USA-Vizag,Panamax,1M,32.79
2025-07-03,USA-Vizag,Panamax,3M,33.5
2025-07-03,USA-Vizag,Panamax,6M,33.56
2025-07-03,USA-Vizag,Panamax,1Y,34.16
2025-07-03,USA-Vizag,Capesize,1M,33.93
2025-07-03,USA-Vizag,Capesize,3M,34.29
2025-07-03,USA-Vizag,Capesize,6M,34.35
2025-07-03,USA-Vizag,Capesize,1Y,35.19
2025-07-03,USA-Dhamra,Panamax,1M,28.66
2025-07-03,USA-Dhamra,Panamax,3M,29.82
2025-07-03,USA-Dhamra,Panamax,6M,29.5
2025-07-03,USA-Dhamra,Panamax,1Y,30.59
2025-07-03,USA-Dhamra,Capesize,1M,31.73
2025-07-03,USA-Dhamra,Capesize,3M,31.79
2025-07-03,USA-Dhamra,Capesize,6M,32.21
2025-07-03,USA-Dhamra,Capesize,1Y,32.59
2025-07-03,USA-Gangavaram,Panamax,1M,30.1
2025-07-03,USA-Gangavaram,Panamax,3M,30.91
2025-07-03,USA-Gangavaram,Panamax,6M,31.17
2025-07-03,USA-Gangavaram,Panamax,1Y,30.77
2025-07-03,USA-Gangavaram,Capesize,1M,31.35
2025-07-03,USA-Gangavaram,Capesize,3M,31.52
2025-07-03,USA-Gangavaram,Capesize,6M,32.48
2025-07-03,USA-Gangavaram,Capesize,1Y,32.35
2025-07-03,USA-Gopalpur,Panamax,1M,28.73
2025-07-03,USA-Gopalpur,Panamax,3M,28.91
2025-07-03,USA-Gopalpur,Panamax,6M,29.21
2025-07-03,USA-Gopalpur,Panamax,1Y,29.68
2025-07-03,USA-Gopalpur,Capesize,1M,31.9
2025-07-03,USA-Gopalpur,Capesize,3M,31.64
2025-07-03,USA-Gopalpur,Capesize,6M,32.15
2025-07-03,USA-Gopalpur,Capesize,1Y,32.54
2025-07-03,USA-Haldia,Panamax,1M,33.9
2025-07-03,USA-Haldia,Panamax,3M,35.65
2025-07-03,USA-Haldia,Panamax,6M,34.66
2025-07-03,USA-Haldia,Panamax,1Y,35.47
2025-07-03,USA-Haldia,Capesize,1M,36.26
2025-07-03,USA-Haldia,Capesize,3M,37.01
2025-07-03,USA-Haldia,Capesize,6M,37.85
2025-07-03,USA-Haldia,Capesize,1Y,38.04
2025-08-02,Australia-Paradip,Panamax,1M,19.86
2025-08-02,Australia-Paradip,Panamax,3M,19.7
2025-08-02,Australia-Paradip,Panamax,6M,19.53
2025-08-02,Australia-Paradip,Panamax,1Y,19.96
2025-08-02,Australia-Paradip,Capesize,1M,18.07
2025-08-02,Australia-Paradip,Capesize,3M,17.67
2025-08-02,Australia-Paradip,Capesize,6M,18.26
2025-08-02,Australia-Paradip,Capesize,1Y,18.78
2025-08-02,Australia-Vizag,Panamax,1M,17.65
2025-08-02,Australia-Vizag,Panamax,3M,17.93
2025-08-02,Australia-Vizag,Panamax,6M,18.43
2025-08-02,Australia-Vizag,Panamax,1Y,18.42
2025-08-02,Australia-Vizag,Capesize,1M,15.91
2025-08-02,Australia-Vizag,Capesize,3M,14.9
2025-08-02,Australia-Vizag,Capesize,6M,15.44
2025-08-02,Australia-Vizag,Capesize,1Y,16.31
2025-08-02,Australia-Dhamra,Panamax,1M,18.41
2025-08-02,Australia-Dhamra,Panamax,3M,18.35
2025-08-02,Australia-Dhamra,Panamax,6M,19.05
2025-08-02,Australia-Dhamra,Panamax,1Y,19.02
2025-08-02,Australia-Dhamra,Capesize,1M,18.26
2025-08-02,Australia-Dhamra,Capesize,3M,18.65
2025-08-02,Australia-Dhamra,Capesize,6M,18.78
2025-08-02,Australia-Dhamra,Capesize,1Y,19.18
2025-08-02,Australia-Gangavaram,Panamax,1M,14.45
2025-08-02,Australia-Gangavaram,Panamax,3M,14.56
2025-08-02,Australia-Gangavaram,Panamax,6M,14.47
2025-08-02,Australia-Gangavaram,Panamax,1Y,15.09
2025-08-02,Australia-Gangavaram,Capesize,1M,14.39
2025-08-02,Australia-Gangavaram,Capesize,3M,14.86
2025-08-02,Australia-Gangavaram,Capesize,6M,14.85
2025-08-02,Australia-Gangavaram,Capesize,1Y,15.08
2025-08-02,Australia-Gopalpur,Panamax,1M,15.7
2025-08-02,Australia-Gopalpur,Panamax,3M,15.87
2025-08-02,Australia-Gopalpur,Panamax,6M,15.98
2025-08-02,Australia-Gopalpur,Panamax,1Y,16.07
2025-08-02,Australia-Gopalpur,Capesize,1M,15.6
2025-08-02,Australia-Gopalpur,Capesize,3M,15.44
2025-08-02,Australia-Gopalpur,Capesize,6M,15.75
2025-08-02,Australia-Gopalpur,Capesize,1Y,15.77
2025-08-02,Australia-Haldia,Panamax,1M,18.33
2025-08-02,Australia-Haldia,Panamax,3M,19.11
2025-08-02,Australia-Haldia,Panamax,6M,18.88
2025-08-02,Australia-Haldia,Panamax,1Y,20.09
2025-08-02,Australia-Haldia,Capesize,1M,15.23
2025-08-02,Australia-Haldia,Capesize,3M,15.38
2025-08-02,Australia-Haldia,Capesize,6M,15.73
2025-08-02,Australia-Haldia,Capesize,1Y,16.0
2025-08-02,Indonesia-Paradip,Panamax,1M,11.44
2025-08-02,Indonesia-Paradip,Panamax,3M,11.47
2025-08-02,Indonesia-Paradip,Panamax,6M,11.59
2025-08-02,Indonesia-Paradip,Panamax,1Y,12.31
2025-08-02,Indonesia-Paradip,Capesize,1M,10.25
2025-08-02,Indonesia-Paradip,Capesize,3M,10.55
2025-08-02,Indonesia-Paradip,Capesize,6M,10.2
2025-08-02,Indonesia-Paradip,Capesize,1Y,10.89
2025-08-02,Indonesia-Vizag,Panamax,1M,11.25
2025-08-02,Indonesia-Vizag,Panamax,3M,11.21
2025-08-02,Indonesia-Vizag,Panamax,6M,11.82
2025-08-02,Indonesia-Vizag,Panamax,1Y,11.83
2025-08-02,Indonesia-Vizag,Capesize,1M,11.72
2025-08-02,Indonesia-Vizag,Capesize,3M,11.83
2025-08-02,Indonesia-Vizag,Capesize,6M,11.99
2025-08-02,Indonesia-Vizag,Capesize,1Y,12.42
2025-08-02,Indonesia-Dhamra,Panamax,1M,11.35
2025-08-02,Indonesia-Dhamra,Panamax,3M,11.51
2025-08-02,Indonesia-Dhamra,Panamax,6M,11.64
2025-08-02,Indonesia-Dhamra,Panamax,1Y,12.1
2025-08-02,Indonesia-Dhamra,Capesize,1M,9.77
2025-08-02,Indonesia-Dhamra,Capesize,3M,9.5
2025-08-02,Indonesia-Dhamra,Capesize,6M,9.87
2025-08-02,Indonesia-Dhamra,Capesize,1Y,10.1
2025-08-02,Indonesia-Gangavaram,Panamax,1M,13.08
2025-08-02,Indonesia-Gangavaram,Panamax,3M,13.01
2025-08-02,Indonesia-Gangavaram,Panamax,6M,13.31
2025-08-02,Indonesia-Gangavaram,Panamax,1Y,13.28
2025-08-02,Indonesia-Gangavaram,Capesize,1M,10.74
2025-08-02,Indonesia-Gangavaram,Capesize,3M,10.65
2025-08-02,Indonesia-Gangavaram,Capesize,6M,10.83
2025-08-02,Indonesia-Gangavaram,Capesize,1Y,11.06
2025-08-02,Indonesia-Gopalpur,Panamax,1M,12.29
2025-08-02,Indonesia-Gopalpur,Panamax,3M,12.74
2025-08-02,Indonesia-Gopalpur,Panamax,6M,12.43
2025-08-02,Indonesia-Gopalpur,Panamax,1Y,12.68
2025-08-02,Indonesia-Gopalpur,Capesize,1M,10.3
2025-08-02,Indonesia-Gopalpur,Capesize,3M,10.68
2025-08-02,Indonesia-Gopalpur,Capesize,6M,10.51
2025-08-02,Indonesia-Gopalpur,Capesize,1Y,10.96
2025-08-02,Indonesia-Haldia,Panamax,1M,10.42
2025-08-02,Indonesia-Haldia,Panamax,3M,10.6
2025-08-02,Indonesia-Haldia,Panamax,6M,10.88
2025-08-02,Indonesia-Haldia,Panamax,1Y,11.08
2025-08-02,Indonesia-Haldia,Capesize,1M,9.48
2025-08-02,Indonesia-Haldia,Capesize,3M,9.34
2025-08-02,Indonesia-Haldia,Capesize,6M,9.49
2025-08-02,Indonesia-Haldia,Capesize,1Y,9.86
2025-08-02,Russia-Paradip,Panamax,1M,21.87
2025-08-02,Russia-Paradip,Panamax,3M,22.11
2025-08-02,Russia-Paradip,Panamax,6M,22.4
2025-08-02,Russia-Paradip,Panamax,1Y,23.25
2025-08-02,Russia-Paradip,Capesize,1M,23.82
2025-08-02,Russia-Paradip,Capesize,3M,24.29
2025-08-02,Russia-Paradip,Capesize,6M,24.88
2025-08-02,Russia-Paradip,Capesize,1Y,24.9
2025-08-02,Russia-Vizag,Panamax,1M,22.79
2025-08-02,Russia-Vizag,Panamax,3M,23.39
2025-08-02,Russia-Vizag,Panamax,6M,23.91
2025-08-02,Russia-Vizag,Panamax,1Y,24.08
2025-08-02,Russia-Vizag,Capesize,1M,22.57
2025-08-02,Russia-Vizag,Capesize,3M,22.39
2025-08-02,Russia-Vizag,Capesize,6M,23.27
2025-08-02,Russia-Vizag,Capesize,1Y,24.06
2025-08-02,Russia-Dhamra,Panamax,1M,24.57
2025-08-02,Russia-Dhamra,Panamax,3M,24.2
2025-08-02,Russia-Dhamra,Panamax,6M,23.83
2025-08-02,Russia-Dhamra,Panamax,1Y,25.54
2025-08-02,Russia-Dhamra,Capesize,1M,22.62
2025-08-02,Russia-Dhamra,Capesize,3M,22.57
2025-08-02,Russia-Dhamra,Capesize,6M,23.05
2025-08-02,Russia-Dhamra,Capesize,1Y,23.59
2025-08-02,Russia-Gangavaram,Panamax,1M,18.26
2025-08-02,Russia-Gangavaram,Panamax,3M,17.97
2025-08-02,Russia-Gangavaram,Panamax,6M,18.03
2025-08-02,Russia-Gangavaram,Panamax,1Y,19.08
2025-08-02,Russia-Gangavaram,Capesize,1M,22.05
2025-08-02,Russia-Gangavaram,Capesize,3M,22.03
2025-08-02,Russia-Gangavaram,Capesize,6M,21.96
2025-08-02,Russia-Gangavaram,Capesize,1Y,22.54
2025-08-02,Russia-Gopalpur,Panamax,1M,21.8
2025-08-02,Russia-Gopalpur,Panamax,3M,22.37
2025-08-02,Russia-Gopalpur,Panamax,6M,21.87
2025-08-02,Russia-Gopalpur,Panamax,1Y,22.79
2025-08-02,Russia-Gopalpur,Capesize,1M,18.66
2025-08-02,Russia-Gopalpur,Capesize,3M,19.14
2025-08-02,Russia-Gopalpur,Capesize,6M,19.55
2025-08-02,Russia-Gopalpur,Capesize,1Y,20.43
2025-08-02,Russia-Haldia,Panamax,1M,21.2
2025-08-02,Russia-Haldia,Panamax,3M,21.34
2025-08-02,Russia-Haldia,Panamax,6M,21.26
2025-08-02,Russia-Haldia,Panamax,1Y,22.38
2025-08-02,Russia-Haldia,Capesize,1M,21.11
2025-08-02,Russia-Haldia,Capesize,3M,21.43
2025-08-02,Russia-Haldia,Capesize,6M,21.27
2025-08-02,Russia-Haldia,Capesize,1Y,22.38
2025-08-02,Mozambique-Paradip,Panamax,1M,21.93
2025-08-02,Mozambique-Paradip,Panamax,3M,22.08
2025-08-02,Mozambique-Paradip,Panamax,6M,21.98
2025-08-02,Mozambique-Paradip,Panamax,1Y,22.83
2025-08-02,Mozambique-Paradip,Capesize,1M,21.66
2025-08-02,Mozambique-Paradip,Capesize,3M,21.37
2025-08-02,Mozambique-Paradip,Capesize,6M,22.31
2025-08-02,Mozambique-Paradip,Capesize,1Y,21.92
2025-08-02,Mozambique-Vizag,Panamax,1M,22.25
2025-08-02,Mozambique-Vizag,Panamax,3M,22.24
2025-08-02,Mozambique-Vizag,Panamax,6M,22.26
2025-08-02,Mozambique-Vizag,Panamax,1Y,23.39
2025-08-02,Mozambique-Vizag,Capesize,1M,19.65
2025-08-02,Mozambique-Vizag,Capesize,3M,19.76
2025-08-02,Mozambique-Vizag,Capesize,6M,20.39
2025-08-02,Mozambique-Vizag,Capesize,1Y,19.78
2025-08-02,Mozambique-Dhamra,Panamax,1M,18.06
2025-08-02,Mozambique-Dhamra,Panamax,3M,18.73
2025-08-02,Mozambique-Dhamra,Panamax,6M,18.76
2025-08-02,Mozambique-Dhamra,Panamax,1Y,18.71
2025-08-02,Mozambique-Dhamra,Capesize,1M,23.89
2025-08-02,Mozambique-Dhamra,Capesize,3M,23.93
2025-08-02,Mozambique-Dhamra,Capesize,6M,23.78
2025-08-02,Mozambique-Dhamra,Capesize,1Y,24.7
2025-08-02,Mozambique-Gangavaram,Panamax,1M,23.53
2025-08-02,Mozambique-Gangavaram,Panamax,3M,24.38
2025-08-02,Mozambique-Gangavaram,Panamax,6M,23.54
2025-08-02,Mozambique-Gangavaram,Panamax,1Y,24.17
2025-08-02,Mozambique-Gangavaram,Capesize,1M,20.28
2025-08-02,Mozambique-Gangavaram,Capesize,3M,20.74
2025-08-02,Mozambique-Gangavaram,Capesize,6M,20.85
2025-08-02,Mozambique-Gangavaram,Capesize,1Y,21.72
2025-08-02,Mozambique-Gopalpur,Panamax,1M,19.84
2025-08-02,Mozambique-Gopalpur,Panamax,3M,20.27
2025-08-02,Mozambique-Gopalpur,Panamax,6M,19.68
2025-08-02,Mozambique-Gopalpur,Panamax,1Y,20.82
2025-08-02,Mozambique-Gopalpur,Capesize,1M,20.69
2025-08-02,Mozambique-Gopalpur,Capesize,3M,20.52
2025-08-02,Mozambique-Gopalpur,Capesize,6M,20.77
2025-08-02,Mozambique-Gopalpur,Capesize,1Y,21.37
2025-08-02,Mozambique-Haldia,Panamax,1M,18.27
2025-08-02,Mozambique-Haldia,Panamax,3M,19.0
2025-08-02,Mozambique-Haldia,Panamax,6M,19.38
2025-08-02,Mozambique-Haldia,Panamax,1Y,20.08
2025-08-02,Mozambique-Haldia,Capesize,1M,20.27
2025-08-02,Mozambique-Haldia,Capesize,3M,20.52
2025-08-02,Mozambique-Haldia,Capesize,6M,20.83
2025-08-02,Mozambique-Haldia,Capesize,1Y,20.92
2025-08-02,USA-Paradip,Panamax,1M,28.55
2025-08-02,USA-Paradip,Panamax,3M,28.21
2025-08-02,USA-Paradip,Panamax,6M,29.09
2025-08-02,USA-Paradip,Panamax,1Y,29.46
2025-08-02,USA-Paradip,Capesize,1M,34.33
2025-08-02,USA-Paradip,Capesize,3M,34.66
2025-08-02,USA-Paradip,Capesize,6M,35.27
2025-08-02,USA-Paradip,Capesize,1Y,35.76
2025-08-02,USA-Vizag,Panamax,1M,34.99
2025-08-02,USA-Vizag,Panamax,3M,35.82
2025-08-02,USA-Vizag,Panamax,6M,35.73
2025-08-02,USA-Vizag,Panamax,1Y,36.16
2025-08-02,USA-Vizag,Capesize,1M,30.39
2025-08-02,USA-Vizag,Capesize,3M,30.43
2025-08-02,USA-Vizag,Capesize,6M,31.04
2025-08-02,USA-Vizag,Capesize,1Y,31.98
2025-08-02,USA-Dhamra,Panamax,1M,30.2
2025-08-02,USA-Dhamra,Panamax,3M,30.65
2025-08-02,USA-Dhamra,Panamax,6M,31.33
2025-08-02,USA-Dhamra,Panamax,1Y,32.04
2025-08-02,USA-Dhamra,Capesize,1M,29.91
2025-08-02,USA-Dhamra,Capesize,3M,31.56
2025-08-02,USA-Dhamra,Capesize,6M,30.7
2025-08-02,USA-Dhamra,Capesize,1Y,31.31
2025-08-02,USA-Gangavaram,Panamax,1M,30.78
2025-08-02,USA-Gangavaram,Panamax,3M,31.66
2025-08-02,USA-Gangavaram,Panamax,6M,31.38
2025-08-02,USA-Gangavaram,Panamax,1Y,32.19
2025-08-02,USA-Gangavaram,Capesize,1M,30.82
2025-08-02,USA-Gangavaram,Capesize,3M,31.73
2025-08-02,USA-Gangavaram,Capesize,6M,31.74
2025-08-02,USA-Gangavaram,Capesize,1Y,32.04
2025-08-02,USA-Gopalpur,Panamax,1M,30.12
2025-08-02,USA-Gopalpur,Panamax,3M,31.37
2025-08-02,USA-Gopalpur,Panamax,6M,32.0
2025-08-02,USA-Gopalpur,Panamax,1Y,32.55
2025-08-02,USA-Gopalpur,Capesize,1M,27.76
2025-08-02,USA-Gopalpur,Capesize,3M,27.98
2025-08-02,USA-Gopalpur,Capesize,6M,29.85
2025-08-02,USA-Gopalpur,Capesize,1Y,28.79
2025-08-02,USA-Haldia,Panamax,1M,27.96
2025-08-02,USA-Haldia,Panamax,3M,27.84
2025-08-02,USA-Haldia,Panamax,6M,28.07
2025-08-02,USA-Haldia,Panamax,1Y,28.99
2025-08-02,USA-Haldia,Capesize,1M,31.27
2025-08-02,USA-Haldia,Capesize,3M,31.59
2025-08-02,USA-Haldia,Capesize,6M,31.86
2025-08-02,USA-Haldia,Capesize,1Y,32.61
2025-09-01,Australia-Paradip,Panamax,1M,14.79
2025-09-01,Australia-Paradip,Panamax,3M,15.14
2025-09-01,Australia-Paradip,Panamax,6M,15.47
2025-09-01,Australia-Paradip,Panamax,1Y,15.96
2025-09-01,Australia-Paradip,Capesize,1M,16.59
2025-09-01,Australia-Paradip,Capesize,3M,16.49
2025-09-01,Australia-Paradip,Capesize,6M,16.4
2025-09-01,Australia-Paradip,Capesize,1Y,16.85
2025-09-01,Australia-Vizag,Panamax,1M,15.39
2025-09-01,Australia-Vizag,Panamax,3M,15.17
2025-09-01,Australia-Vizag,Panamax,6M,15.07
2025-09-01,Australia-Vizag,Panamax,1Y,15.78
2025-09-01,Australia-Vizag,Capesize,1M,16.18
2025-09-01,Australia-Vizag,Capesize,3M,16.15
2025-09-01,Australia-Vizag,Capesize,6M,16.31
2025-09-01,Australia-Vizag,Capesize,1Y,16.85
2025-09-01,Australia-Dhamra,Panamax,1M,16.13
2025-09-01,Australia-Dhamra,Panamax,3M,16.26
2025-09-01,Australia-Dhamra,Panamax,6M,16.83
2025-09-01,Australia-Dhamra,Panamax,1Y,17.06
2025-09-01,Australia-Dhamra,Capesize,1M,14.57
2025-09-01,Australia-Dhamra,Capesize,3M,15.04
2025-09-01,Australia-Dhamra,Capesize,6M,15.03
2025-09-01,Australia-Dhamra,Capesize,1Y,15.31
2025-09-01,Australia-Gangavaram,Panamax,1M,15.08
2025-09-01,Australia-Gangavaram,Panamax,3M,15.46
2025-09-01,Australia-Gangavaram,Panamax,6M,15.5
2025-09-01,Australia-Gangavaram,Panamax,1Y,16.17
2025-09-01,Australia-Gangavaram,Capesize,1M,15.37
2025-09-01,Australia-Gangavaram,Capesize,3M,15.43
2025-09-01,Australia-Gangavaram,Capesize,6M,15.7
2025-09-01,Australia-Gangavaram,Capesize,1Y,16.18
2025-09-01,Australia-Gopalpur,Panamax,1M,15.62
2025-09-01,Australia-Gopalpur,Panamax,3M,15.63
2025-09-01,Australia-Gopalpur,Panamax,6M,16.04
2025-09-01,Australia-Gopalpur,Panamax,1Y,16.05
2025-09-01,Australia-Gopalpur,Capesize,1M,16.01
2025-09-01,Australia-Gopalpur,Capesize,3M,16.1
2025-09-01,Australia-Gopalpur,Capesize,6M,16.27
2025-09-01,Australia-Gopalpur,Capesize,1Y,16.34
2025-09-01,Australia-Haldia,Panamax,1M,17.59
2025-09-01,Australia-Haldia,Panamax,3M,17.47
2025-09-01,Australia-Haldia,Panamax,6M,17.58
2025-09-01,Australia-Haldia,Panamax,1Y,18.07
2025-09-01,Australia-Haldia,Capesize,1M,15.97
2025-09-01,Australia-Haldia,Capesize,3M,15.72
2025-09-01,Australia-Haldia,Capesize,6M,16.79
2025-09-01,Australia-Haldia,Capesize,1Y,16.47
2025-09-01,Indonesia-Paradip,Panamax,1M,11.36
2025-09-01,Indonesia-Paradip,Panamax,3M,11.78
2025-09-01,Indonesia-Paradip,Panamax,6M,11.77
2025-09-01,Indonesia-Paradip,Panamax,1Y,12.09
2025-09-01,Indonesia-Paradip,Capesize,1M,10.05
2025-09-01,Indonesia-Paradip,Capesize,3M,10.28
2025-09-01,Indonesia-Paradip,Capesize,6M,10.67
2025-09-01,Indonesia-Paradip,Capesize,1Y,10.76
2025-09-01,Indonesia-Vizag,Panamax,1M,10.21
2025-09-01,Indonesia-Vizag,Panamax,3M,10.42
2025-09-01,Indonesia-Vizag,Panamax,6M,10.31
2025-09-01,Indonesia-Vizag,Panamax,1Y,10.61
2025-09-01,Indonesia-Vizag,Capesize,1M,9.27
2025-09-01,Indonesia-Vizag,Capesize,3M,9.08
2025-09-01,Indonesia-Vizag,Capesize,6M,9.43
2025-09-01,Indonesia-Vizag,Capesize,1Y,9.44
2025-09-01,Indonesia-Dhamra,Panamax,1M,10.69
2025-09-01,Indonesia-Dhamra,Panamax,3M,11.18
2025-09-01,Indonesia-Dhamra,Panamax,6M,11.2
2025-09-01,Indonesia-Dhamra,Panamax,1Y,11.28
2025-09-01,Indonesia-Dhamra,Capesize,1M,10.88
2025-09-01,Indonesia-Dhamra,Capesize,3M,10.99
2025-09-01,Indonesia-Dhamra,Capesize,6M,11.29
2025-09-01,Indonesia-Dhamra,Capesize,1Y,11.42
2025-09-01,Indonesia-Gangavaram,Panamax,1M,11.42
2025-09-01,Indonesia-Gangavaram,Panamax,3M,11.73
2025-09-01,Indonesia-Gangavaram,Panamax,6M,11.88
2025-09-01,Indonesia-Gangavaram,Panamax,1Y,11.94
2025-09-01,Indonesia-Gangavaram,Capesize,1M,12.65
2025-09-01,Indonesia-Gangavaram,Capesize,3M,12.66
2025-09-01,Indonesia-Gangavaram,Capesize,6M,12.79
2025-09-01,Indonesia-Gangavaram,Capesize,1Y,13.2
2025-09-01,Indonesia-Gopalpur,Panamax,1M,10.59
2025-09-01,Indonesia-Gopalpur,Panamax,3M,11.09
2025-09-01,Indonesia-Gopalpur,Panamax,6M,10.95
2025-09-01,Indonesia-Gopalpur,Panamax,1Y,11.47
2025-09-01,Indonesia-Gopalpur,Capesize,1M,9.3
2025-09-01,Indonesia-Gopalpur,Capesize,3M,9.45
2025-09-01,Indonesia-Gopalpur,Capesize,6M,9.61
2025-09-01,Indonesia-Gopalpur,Capesize,1Y,9.62
2025-09-01,Indonesia-Haldia,Panamax,1M,11.43
2025-09-01,Indonesia-Haldia,Panamax,3M,11.84
2025-09-01,Indonesia-Haldia,Panamax,6M,11.95
2025-09-01,Indonesia-Haldia,Panamax,1Y,12.47
2025-09-01,Indonesia-Haldia,Capesize,1M,10.85
2025-09-01,Indonesia-Haldia,Capesize,3M,11.02
2025-09-01,Indonesia-Haldia,Capesize,6M,10.97
2025-09-01,Indonesia-Haldia,Capesize,1Y,11.09
2025-09-01,Russia-Paradip,Panamax,1M,21.91
2025-09-01,Russia-Paradip,Panamax,3M,22.49
2025-09-01,Russia-Paradip,Panamax,6M,22.63
2025-09-01,Russia-Paradip,Panamax,1Y,23.49
2025-09-01,Russia-Paradip,Capesize,1M,21.69
2025-09-01,Russia-Paradip,Capesize,3M,22.4
2025-09-01,Russia-Paradip,Capesize,6M,22.11
2025-09-01,Russia-Paradip,Capesize,1Y,23.01
2025-09-01,Russia-Vizag,Panamax,1M,23.73
2025-09-01,Russia-Vizag,Panamax,3M,24.5
2025-09-01,Russia-Vizag,Panamax,6M,23.74
2025-09-01,Russia-Vizag,Panamax,1Y,24.43
2025-09-01,Russia-Vizag,Capesize,1M,22.5
2025-09-01,Russia-Vizag,Capesize,3M,22.91
2025-09-01,Russia-Vizag,Capesize,6M,23.67
2025-09-01,Russia-Vizag,Capesize,1Y,24.09
2025-09-01,Russia-Dhamra,Panamax,1M,22.82
2025-09-01,Russia-Dhamra,Panamax,3M,23.09
2025-09-01,Russia-Dhamra,Panamax,6M,23.7
2025-09-01,Russia-Dhamra,Panamax,1Y,24.01
2025-09-01,Russia-Dhamra,Capesize,1M,24.18
2025-09-01,Russia-Dhamra,Capesize,3M,23.81
2025-09-01,Russia-Dhamra,Capesize,6M,24.47
2025-09-01,Russia-Dhamra,Capesize,1Y,24.81
2025-09-01,Russia-Gangavaram,Panamax,1M,23.05
2025-09-01,Russia-Gangavaram,Panamax,3M,22.47
2025-09-01,Russia-Gangavaram,Panamax,6M,22.92
2025-09-01,Russia-Gangavaram,Panamax,1Y,23.12
2025-09-01,Russia-Gangavaram,Capesize,1M,25.33
2025-09-01,Russia-Gangavaram,Capesize,3M,25.69
2025-09-01,Russia-Gangavaram,Capesize,6M,26.43
2025-09-01,Russia-Gangavaram,Capesize,1Y,26.12
2025-09-01,Russia-Gopalpur,Panamax,1M,22.44
2025-09-01,Russia-Gopalpur,Panamax,3M,22.99
2025-09-01,Russia-Gopalpur,Panamax,6M,22.86
2025-09-01,Russia-Gopalpur,Panamax,1Y,23.28
2025-09-01,Russia-Gopalpur,Capesize,1M,20.88
2025-09-01,Russia-Gopalpur,Capesize,3M,20.96
2025-09-01,Russia-Gopalpur,Capesize,6M,20.75
2025-09-01,Russia-Gopalpur,Capesize,1Y,21.42
2025-09-01,Russia-Haldia,Panamax,1M,18.78
2025-09-01,Russia-Haldia,Panamax,3M,19.23
2025-09-01,Russia-Haldia,Panamax,6M,19.37
2025-09-01,Russia-Haldia,Panamax,1Y,19.74
2025-09-01,Russia-Haldia,Capesize,1M,23.88
2025-09-01,Russia-Haldia,Capesize,3M,23.81
2025-09-01,Russia-Haldia,Capesize,6M,23.75
2025-09-01,Russia-Haldia,Capesize,1Y,24.28
2025-09-01,Mozambique-Paradip,Panamax,1M,22.79
2025-09-01,Mozambique-Paradip,Panamax,3M,23.02
2025-09-01,Mozambique-Paradip,Panamax,6M,22.9
2025-09-01,Mozambique-Paradip,Panamax,1Y,23.52
2025-09-01,Mozambique-Paradip,Capesize,1M,23.14
2025-09-01,Mozambique-Paradip,Capesize,3M,24.19
2025-09-01,Mozambique-Paradip,Capesize,6M,24.32
2025-09-01,Mozambique-Paradip,Capesize,1Y,24.59
2025-09-01,Mozambique-Vizag,Panamax,1M,22.31
2025-09-01,Mozambique-Vizag,Panamax,3M,22.21
2025-09-01,Mozambique-Vizag,Panamax,6M,22.03
2025-09-01,Mozambique-Vizag,Panamax,1Y,22.74
2025-09-01,Mozambique-Vizag,Capesize,1M,20.97
2025-09-01,Mozambique-Vizag,Capesize,3M,21.19
2025-09-01,Mozambique-Vizag,Capesize,6M,21.15
2025-09-01,Mozambique-Vizag,Capesize,1Y,21.8
2025-09-01,Mozambique-Dhamra,Panamax,1M,18.36
2025-09-01,Mozambique-Dhamra,Panamax,3M,18.77
2025-09-01,Mozambique-Dhamra,Panamax,6M,19.03
2025-09-01,Mozambique-Dhamra,Panamax,1Y,19.68
2025-09-01,Mozambique-Dhamra,Capesize,1M,23.44
2025-09-01,Mozambique-Dhamra,Capesize,3M,24.06
2025-09-01,Mozambique-Dhamra,Capesize,6M,24.05
2025-09-01,Mozambique-Dhamra,Capesize,1Y,25.0
2025-09-01,Mozambique-Gangavaram,Panamax,1M,18.85
2025-09-01,Mozambique-Gangavaram,Panamax,3M,18.6
2025-09-01,Mozambique-Gangavaram,Panamax,6M,19.98
2025-09-01,Mozambique-Gangavaram,Panamax,1Y,19.72
2025-09-01,Mozambique-Gangavaram,Capesize,1M,18.17
2025-09-01,Mozambique-Gangavaram,Capesize,3M,18.6
2025-09-01,Mozambique-Gangavaram,Capesize,6M,18.93
2025-09-01,Mozambique-Gangavaram,Capesize,1Y,18.9
2025-09-01,Mozambique-Gopalpur,Panamax,1M,23.78
2025-09-01,Mozambique-Gopalpur,Panamax,3M,23.64
2025-09-01,Mozambique-Gopalpur,Panamax,6M,23.68
2025-09-01,Mozambique-Gopalpur,Panamax,1Y,24.52
2025-09-01,Mozambique-Gopalpur,Capesize,1M,22.05
2025-09-01,Mozambique-Gopalpur,Capesize,3M,22.45
2025-09-01,Mozambique-Gopalpur,Capesize,6M,23.21
2025-09-01,Mozambique-Gopalpur,Capesize,1Y,23.68
2025-09-01,Mozambique-Haldia,Panamax,1M,21.44
2025-09-01,Mozambique-Haldia,Panamax,3M,22.14
2025-09-01,Mozambique-Haldia,Panamax,6M,22.33
2025-09-01,Mozambique-Haldia,Panamax,1Y,22.45
2025-09-01,Mozambique-Haldia,Capesize,1M,24.16
2025-09-01,Mozambique-Haldia,Capesize,3M,23.9
2025-09-01,Mozambique-Haldia,Capesize,6M,23.16
2025-09-01,Mozambique-Haldia,Capesize,1Y,24.89
2025-09-01,USA-Paradip,Panamax,1M,35.49
2025-09-01,USA-Paradip,Panamax,3M,35.47
2025-09-01,USA-Paradip,Panamax,6M,36.27
2025-09-01,USA-Paradip,Panamax,1Y,35.89
2025-09-01,USA-Paradip,Capesize,1M,35.79
2025-09-01,USA-Paradip,Capesize,3M,36.69
2025-09-01,USA-Paradip,Capesize,6M,35.63
2025-09-01,USA-Paradip,Capesize,1Y,36.38
2025-09-01,USA-Vizag,Panamax,1M,28.77
2025-09-01,USA-Vizag,Panamax,3M,29.45
2025-09-01,USA-Vizag,Panamax,6M,29.66
2025-09-01,USA-Vizag,Panamax,1Y,30.62
2025-09-01,USA-Vizag,Capesize,1M,31.75
2025-09-01,USA-Vizag,Capesize,3M,31.85
2025-09-01,USA-Vizag,Capesize,6M,32.41
2025-09-01,USA-Vizag,Capesize,1Y,33.3
2025-09-01,USA-Dhamra,Panamax,1M,35.49
2025-09-01,USA-Dhamra,Panamax,3M,35.52
2025-09-01,USA-Dhamra,Panamax,6M,35.45
2025-09-01,USA-Dhamra,Panamax,1Y,36.79
2025-09-01,USA-Dhamra,Capesize,1M,36.61
2025-09-01,USA-Dhamra,Capesize,3M,36.81
2025-09-01,USA-Dhamra,Capesize,6M,36.3
2025-09-01,USA-Dhamra,Capesize,1Y,36.94
2025-09-01,USA-Gangavaram,Panamax,1M,29.14
2025-09-01,USA-Gangavaram,Panamax,3M,29.8
2025-09-01,USA-Gangavaram,Panamax,6M,29.61
2025-09-01,USA-Gangavaram,Panamax,1Y,29.56
2025-09-01,USA-Gangavaram,Capesize,1M,31.31
2025-09-01,USA-Gangavaram,Capesize,3M,30.76
2025-09-01,USA-Gangavaram,Capesize,6M,30.72
2025-09-01,USA-Gangavaram,Capesize,1Y,31.15
2025-09-01,USA-Gopalpur,Panamax,1M,31.65
2025-09-01,USA-Gopalpur,Panamax,3M,31.63
2025-09-01,USA-Gopalpur,Panamax,6M,31.6
2025-09-01,USA-Gopalpur,Panamax,1Y,32.26
2025-09-01,USA-Gopalpur,Capesize,1M,30.81
2025-09-01,USA-Gopalpur,Capesize,3M,30.36
2025-09-01,USA-Gopalpur,Capesize,6M,31.13
2025-09-01,USA-Gopalpur,Capesize,1Y,31.63
2025-09-01,USA-Haldia,Panamax,1M,29.96
2025-09-01,USA-Haldia,Panamax,3M,30.33
2025-09-01,USA-Haldia,Panamax,6M,29.37
2025-09-01,USA-Haldia,Panamax,1Y,31.2
2025-09-01,USA-Haldia,Capesize,1M,33.51
2025-09-01,USA-Haldia,Capesize,3M,34.5
2025-09-01,USA-Haldia,Capesize,6M,34.36
2025-09-01,USA-Haldia,Capesize,1Y,35.78
2025-10-01,Australia-Paradip,Panamax,1M,16.19
2025-10-01,Australia-Paradip,Panamax,3M,16.04
2025-10-01,Australia-Paradip,Panamax,6M,16.55
2025-10-01,Australia-Paradip,Panamax,1Y,17.03
2025-10-01,Australia-Paradip,Capesize,1M,14.11
2025-10-01,Australia-Paradip,Capesize,3M,13.83
2025-10-01,Australia-Paradip,Capesize,6M,14.28
2025-10-01,Australia-Paradip,Capesize,1Y,14.63
2025-10-01,Australia-Vizag,Panamax,1M,19.09
2025-10-01,Australia-Vizag,Panamax,3M,19.9
2025-10-01,Australia-Vizag,Panamax,6M,19.82
2025-10-01,Australia-Vizag,Panamax,1Y,19.96
2025-10-01,Australia-Vizag,Capesize,1M,15.23
2025-10-01,Australia-Vizag,Capesize,3M,15.63
2025-10-01,Australia-Vizag,Capesize,6M,15.7
2025-10-01,Australia-Vizag,Capesize,1Y,15.77
2025-10-01,Australia-Dhamra,Panamax,1M,17.81
2025-10-01,Australia-Dhamra,Panamax,3M,17.83
2025-10-01,Australia-Dhamra,Panamax,6M,17.85
2025-10-01,Australia-Dhamra,Panamax,1Y,18.39
2025-10-01,Australia-Dhamra,Capesize,1M,15.46
2025-10-01,Australia-Dhamra,Capesize,3M,16.11
2025-10-01,Australia-Dhamra,Capesize,6M,16.19
2025-10-01,Australia-Dhamra,Capesize,1Y,16.32
2025-10-01,Australia-Gangavaram,Panamax,1M,19.08
2025-10-01,Australia-Gangavaram,Panamax,3M,19.41
2025-10-01,Australia-Gangavaram,Panamax,6M,19.31
2025-10-01,Australia-Gangavaram,Panamax,1Y,19.91
2025-10-01,Australia-Gangavaram,Capesize,1M,18.23
2025-10-01,Australia-Gangavaram,Capesize,3M,18.46
2025-10-01,Australia-Gangavaram,Capesize,6M,19.14
2025-10-01,Australia-Gangavaram,Capesize,1Y,18.39
2025-10-01,Australia-Gopalpur,Panamax,1M,15.63
2025-10-01,Australia-Gopalpur,Panamax,3M,16.25
2025-10-01,Australia-Gopalpur,Panamax,6M,16.42
2025-10-01,Australia-Gopalpur,Panamax,1Y,16.66
2025-10-01,Australia-Gopalpur,Capesize,1M,16.74
2025-10-01,Australia-Gopalpur,Capesize,3M,16.43
2025-10-01,Australia-Gopalpur,Capesize,6M,16.45
2025-10-01,Australia-Gopalpur,Capesize,1Y,16.96
2025-10-01,Australia-Haldia,Panamax,1M,18.32
2025-10-01,Australia-Haldia,Panamax,3M,18.39
2025-10-01,Australia-Haldia,Panamax,6M,18.27
2025-10-01,Australia-Haldia,Panamax,1Y,18.88
2025-10-01,Australia-Haldia,Capesize,1M,17.63
2025-10-01,Australia-Haldia,Capesize,3M,17.15
2025-10-01,Australia-Haldia,Capesize,6M,17.39
2025-10-01,Australia-Haldia,Capesize,1Y,17.83
2025-10-01,Indonesia-Paradip,Panamax,1M,9.41
2025-10-01,Indonesia-Paradip,Panamax,3M,9.55
2025-10-01,Indonesia-Paradip,Panamax,6M,9.77
2025-10-01,Indonesia-Paradip,Panamax,1Y,9.88
2025-10-01,Indonesia-Paradip,Capesize,1M,10.4
2025-10-01,Indonesia-Paradip,Capesize,3M,10.57
2025-10-01,Indonesia-Paradip,Capesize,6M,10.75
2025-10-01,Indonesia-Paradip,Capesize,1Y,10.9
2025-10-01,Indonesia-Vizag,Panamax,1M,10.06
2025-10-01,Indonesia-Vizag,Panamax,3M,9.91
2025-10-01,Indonesia-Vizag,Panamax,6M,10.26
2025-10-01,Indonesia-Vizag,Panamax,1Y,10.47
2025-10-01,Indonesia-Vizag,Capesize,1M,10.06
2025-10-01,Indonesia-Vizag,Capesize,3M,9.71
2025-10-01,Indonesia-Vizag,Capesize,6M,9.86
2025-10-01,Indonesia-Vizag,Capesize,1Y,10.26
2025-10-01,Indonesia-Dhamra,Panamax,1M,8.33
2025-10-01,Indonesia-Dhamra,Panamax,3M,8.35
2025-10-01,Indonesia-Dhamra,Panamax,6M,8.52
2025-10-01,Indonesia-Dhamra,Panamax,1Y,8.97
2025-10-01,Indonesia-Dhamra,Capesize,1M,12.67
2025-10-01,Indonesia-Dhamra,Capesize,3M,12.58
2025-10-01,Indonesia-Dhamra,Capesize,6M,12.85
2025-10-01,Indonesia-Dhamra,Capesize,1Y,13.04
2025-10-01,Indonesia-Gangavaram,Panamax,1M,9.8
2025-10-01,Indonesia-Gangavaram,Panamax,3M,9.79
2025-10-01,Indonesia-Gangavaram,Panamax,6M,9.97
2025-10-01,Indonesia-Gangavaram,Panamax,1Y,10.2
2025-10-01,Indonesia-Gangavaram,Capesize,1M,9.12
2025-10-01,Indonesia-Gangavaram,Capesize,3M,9.23
2025-10-01,Indonesia-Gangavaram,Capesize,6M,9.42
2025-10-01,Indonesia-Gangavaram,Capesize,1Y,9.58
2025-10-01,Indonesia-Gopalpur,Panamax,1M,10.49
2025-10-01,Indonesia-Gopalpur,Panamax,3M,10.58
2025-10-01,Indonesia-Gopalpur,Panamax,6M,10.94
2025-10-01,Indonesia-Gopalpur,Panamax,1Y,11.07
2025-10-01,Indonesia-Gopalpur,Capesize,1M,9.49
2025-10-01,Indonesia-Gopalpur,Capesize,3M,9.38
2025-10-01,Indonesia-Gopalpur,Capesize,6M,9.75
2025-10-01,Indonesia-Gopalpur,Capesize,1Y,10.01
2025-10-01,Indonesia-Haldia,Panamax,1M,11.23
2025-10-01,Indonesia-Haldia,Panamax,3M,11.36
2025-10-01,Indonesia-Haldia,Panamax,6M,11.15
2025-10-01,Indonesia-Haldia,Panamax,1Y,11.56
2025-10-01,Indonesia-Haldia,Capesize,1M,9.87
2025-10-01,Indonesia-Haldia,Capesize,3M,9.82
2025-10-01,Indonesia-Haldia,Capesize,6M,9.83
2025-10-01,Indonesia-Haldia,Capesize,1Y,9.85
2025-10-01,Russia-Paradip,Panamax,1M,22.79
2025-10-01,Russia-Paradip,Panamax,3M,22.98
2025-10-01,Russia-Paradip,Panamax,6M,23.46
2025-10-01,Russia-Paradip,Panamax,1Y,23.83
2025-10-01,Russia-Paradip,Capesize,1M,22.31
2025-10-01,Russia-Paradip,Capesize,3M,22.97
2025-10-01,Russia-Paradip,Capesize,6M,23.47
2025-10-01,Russia-Paradip,Capesize,1Y,23.42
2025-10-01,Russia-Vizag,Panamax,1M,24.29
2025-10-01,Russia-Vizag,Panamax,3M,24.51
2025-10-01,Russia-Vizag,Panamax,6M,25.75
2025-10-01,Russia-Vizag,Panamax,1Y,25.6
2025-10-01,Russia-Vizag,Capesize,1M,20.82
2025-10-01,Russia-Vizag,Capesize,3M,21.59
2025-10-01,Russia-Vizag,Capesize,6M,21.51
2025-10-01,Russia-Vizag,Capesize,1Y,21.27
2025-10-01,Russia-Dhamra,Panamax,1M,21.43
2025-10-01,Russia-Dhamra,Panamax,3M,22.53
2025-10-01,Russia-Dhamra,Panamax,6M,22.34
2025-10-01,Russia-Dhamra,Panamax,1Y,23.67
2025-10-01,Russia-Dhamra,Capesize,1M,22.83
2025-10-01,Russia-Dhamra,Capesize,3M,22.97
2025-10-01,Russia-Dhamra,Capesize,6M,23.32
2025-10-01,Russia-Dhamra,Capesize,1Y,24.34
2025-10-01,Russia-Gangavaram,Panamax,1M,21.96
2025-10-01,Russia-Gangavaram,Panamax,3M,22.02
2025-10-01,Russia-Gangavaram,Panamax,6M,21.3
2025-10-01,Russia-Gangavaram,Panamax,1Y,22.08
2025-10-01,Russia-Gangavaram,Capesize,1M,22.29
2025-10-01,Russia-Gangavaram,Capesize,3M,22.62
2025-10-01,Russia-Gangavaram,Capesize,6M,23.32
2025-10-01,Russia-Gangavaram,Capesize,1Y,23.24
2025-10-01,Russia-Gopalpur,Panamax,1M,23.91
2025-10-01,Russia-Gopalpur,Panamax,3M,23.49
2025-10-01,Russia-Gopalpur,Panamax,6M,23.72
2025-10-01,Russia-Gopalpur,Panamax,1Y,23.69
2025-10-01,Russia-Gopalpur,Capesize,1M,20.56
2025-10-01,Russia-Gopalpur,Capesize,3M,20.08
2025-10-01,Russia-Gopalpur,Capesize,6M,20.7
2025-10-01,Russia-Gopalpur,Capesize,1Y,20.89
2025-10-01,Russia-Haldia,Panamax,1M,21.35
2025-10-01,Russia-Haldia,Panamax,3M,21.94
2025-10-01,Russia-Haldia,Panamax,6M,21.81
2025-10-01,Russia-Haldia,Panamax,1Y,22.18
2025-10-01,Russia-Haldia,Capesize,1M,25.05
2025-10-01,Russia-Haldia,Capesize,3M,25.34
2025-10-01,Russia-Haldia,Capesize,6M,25.84
2025-10-01,Russia-Haldia,Capesize,1Y,26.09
2025-10-01,Mozambique-Paradip,Panamax,1M,21.17
2025-10-01,Mozambique-Paradip,Panamax,3M,21.38
2025-10-01,Mozambique-Paradip,Panamax,6M,21.56
2025-10-01,Mozambique-Paradip,Panamax,1Y,22.22
2025-10-01,Mozambique-Paradip,Capesize,1M,18.24
2025-10-01,Mozambique-Paradip,Capesize,3M,18.05
2025-10-01,Mozambique-Paradip,Capesize,6M,18.34
2025-10-01,Mozambique-Paradip,Capesize,1Y,18.39
2025-10-01,Mozambique-Vizag,Panamax,1M,22.38
2025-10-01,Mozambique-Vizag,Panamax,3M,22.32
2025-10-01,Mozambique-Vizag,Panamax,6M,22.86
2025-10-01,Mozambique-Vizag,Panamax,1Y,23.04
2025-10-01,Mozambique-Vizag,Capesize,1M,23.98
2025-10-01,Mozambique-Vizag,Capesize,3M,23.88
2025-10-01,Mozambique-Vizag,Capesize,6M,24.65
2025-10-01,Mozambique-Vizag,Capesize,1Y,24.68
2025-10-01,Mozambique-Dhamra,Panamax,1M,20.2
2025-10-01,Mozambique-Dhamra,Panamax,3M,20.59
2025-10-01,Mozambique-Dhamra,Panamax,6M,21.12
2025-10-01,Mozambique-Dhamra,Panamax,1Y,21.72
2025-10-01,Mozambique-Dhamra,Capesize,1M,21.55
2025-10-01,Mozambique-Dhamra,Capesize,3M,21.36
2025-10-01,Mozambique-Dhamra,Capesize,6M,21.86
2025-10-01,Mozambique-Dhamra,Capesize,1Y,22.75
2025-10-01,Mozambique-Gangavaram,Panamax,1M,22.91
2025-10-01,Mozambique-Gangavaram,Panamax,3M,22.82
2025-10-01,Mozambique-Gangavaram,Panamax,6M,24.24
2025-10-01,Mozambique-Gangavaram,Panamax,1Y,23.54
2025-10-01,Mozambique-Gangavaram,Capesize,1M,22.64
2025-10-01,Mozambique-Gangavaram,Capesize,3M,23.43
2025-10-01,Mozambique-Gangavaram,Capesize,6M,23.62
2025-10-01,Mozambique-Gangavaram,Capesize,1Y,24.0
2025-10-01,Mozambique-Gopalpur,Panamax,1M,21.22
2025-10-01,Mozambique-Gopalpur,Panamax,3M,21.71
2025-10-01,Mozambique-Gopalpur,Panamax,6M,21.43
2025-10-01,Mozambique-Gopalpur,Panamax,1Y,21.91
2025-10-01,Mozambique-Gopalpur,Capesize,1M,23.53
2025-10-01,Mozambique-Gopalpur,Capesize,3M,23.65
2025-10-01,Mozambique-Gopalpur,Capesize,6M,24.18
2025-10-01,Mozambique-Gopalpur,Capesize,1Y,23.94
2025-10-01,Mozambique-Haldia,Panamax,1M,18.02
2025-10-01,Mozambique-Haldia,Panamax,3M,18.42
2025-10-01,Mozambique-Haldia,Panamax,6M,18.53
2025-10-01,Mozambique-Haldia,Panamax,1Y,18.79
2025-10-01,Mozambique-Haldia,Capesize,1M,20.59
2025-10-01,Mozambique-Haldia,Capesize,3M,20.78
2025-10-01,Mozambique-Haldia,Capesize,6M,20.58
2025-10-01,Mozambique-Haldia,Capesize,1Y,21.6
2025-10-01,USA-Paradip,Panamax,1M,34.21
2025-10-01,USA-Paradip,Panamax,3M,34.18
2025-10-01,USA-Paradip,Panamax,6M,34.43
2025-10-01,USA-Paradip,Panamax,1Y,35.94
2025-10-01,USA-Paradip,Capesize,1M,32.14
2025-10-01,USA-Paradip,Capesize,3M,33.5
2025-10-01,USA-Paradip,Capesize,6M,33.11
2025-10-01,USA-Paradip,Capesize,1Y,34.11
2025-10-01,USA-Vizag,Panamax,1M,32.61
2025-10-01,USA-Vizag,Panamax,3M,32.21
2025-10-01,USA-Vizag,Panamax,6M,32.98
2025-10-01,USA-Vizag,Panamax,1Y,33.3
2025-10-01,USA-Vizag,Capesize,1M,35.56
2025-10-01,USA-Vizag,Capesize,3M,36.27
2025-10-01,USA-Vizag,Capesize,6M,36.52
2025-10-01,USA-Vizag,Capesize,1Y,36.47
2025-10-01,USA-Dhamra,Panamax,1M,29.45
2025-10-01,USA-Dhamra,Panamax,3M,30.4
2025-10-01,USA-Dhamra,Panamax,6M,30.14
2025-10-01,USA-Dhamra,Panamax,1Y,30.84
2025-10-01,USA-Dhamra,Capesize,1M,37.24
2025-10-01,USA-Dhamra,Capesize,3M,37.91
2025-10-01,USA-Dhamra,Capesize,6M,36.79
2025-10-01,USA-Dhamra,Capesize,1Y,37.21
2025-10-01,USA-Gangavaram,Panamax,1M,32.8
2025-10-01,USA-Gangavaram,Panamax,3M,34.28
2025-10-01,USA-Gangavaram,Panamax,6M,34.2
2025-10-01,USA-Gangavaram,Panamax,1Y,35.36
2025-10-01,USA-Gangavaram,Capesize,1M,34.36
2025-10-01,USA-Gangavaram,Capesize,3M,35.01
2025-10-01,USA-Gangavaram,Capesize,6M,35.27
2025-10-01,USA-Gangavaram,Capesize,1Y,35.86
2025-10-01,USA-Gopalpur,Panamax,1M,30.77
2025-10-01,USA-Gopalpur,Panamax,3M,31.23
2025-10-01,USA-Gopalpur,Panamax,6M,31.74
2025-10-01,USA-Gopalpur,Panamax,1Y,32.85
2025-10-01,USA-Gopalpur,Capesize,1M,34.3
2025-10-01,USA-Gopalpur,Capesize,3M,34.55
2025-10-01,USA-Gopalpur,Capesize,6M,35.17
2025-10-01,USA-Gopalpur,Capesize,1Y,35.03
2025-10-01,USA-Haldia,Panamax,1M,30.86
2025-10-01,USA-Haldia,Panamax,3M,31.07
2025-10-01,USA-Haldia,Panamax,6M,31.88
2025-10-01,USA-Haldia,Panamax,1Y,32.26
2025-10-01,USA-Haldia,Capesize,1M,31.65
2025-10-01,USA-Haldia,Capesize,3M,32.87
2025-10-01,USA-Haldia,Capesize,6M,32.22
2025-10-01,USA-Haldia,Capesize,1Y,32.46
2025-10-31,Australia-Paradip,Panamax,1M,15.83
2025-10-31,Australia-Paradip,Panamax,3M,15.51
2025-10-31,Australia-Paradip,Panamax,6M,15.95
2025-10-31,Australia-Paradip,Panamax,1Y,16.07
2025-10-31,Australia-Paradip,Capesize,1M,17.77
2025-10-31,Australia-Paradip,Capesize,3M,17.56
2025-10-31,Australia-Paradip,Capesize,6M,17.47
2025-10-31,Australia-Paradip,Capesize,1Y,18.06
2025-10-31,Australia-Vizag,Panamax,1M,17.47
2025-10-31,Australia-Vizag,Panamax,3M,17.51
2025-10-31,Australia-Vizag,Panamax,6M,18.12
2025-10-31,Australia-Vizag,Panamax,1Y,17.89
2025-10-31,Australia-Vizag,Capesize,1M,16.47
2025-10-31,Australia-Vizag,Capesize,3M,16.59
2025-10-31,Australia-Vizag,Capesize,6M,16.89
2025-10-31,Australia-Vizag,Capesize,1Y,17.08
2025-10-31,Australia-Dhamra,Panamax,1M,16.45
2025-10-31,Australia-Dhamra,Panamax,3M,16.25
2025-10-31,Australia-Dhamra,Panamax,6M,17.08
2025-10-31,Australia-Dhamra,Panamax,1Y,17.14
2025-10-31,Australia-Dhamra,Capesize,1M,18.28
2025-10-31,Australia-Dhamra,Capesize,3M,18.52
2025-10-31,Australia-Dhamra,Capesize,6M,18.21
2025-10-31,Australia-Dhamra,Capesize,1Y,18.89
2025-10-31,Australia-Gangavaram,Panamax,1M,14.72
2025-10-31,Australia-Gangavaram,Panamax,3M,15.43
2025-10-31,Australia-Gangavaram,Panamax,6M,15.4
2025-10-31,Australia-Gangavaram,Panamax,1Y,15.63
2025-10-31,Australia-Gangavaram,Capesize,1M,14.45
2025-10-31,Australia-Gangavaram,Capesize,3M,15.06
2025-10-31,Australia-Gangavaram,Capesize,6M,15.26
2025-10-31,Australia-Gangavaram,Capesize,1Y,15.47
2025-10-31,Australia-Gopalpur,Panamax,1M,18.25
2025-10-31,Australia-Gopalpur,Panamax,3M,18.47
2025-10-31,Australia-Gopalpur,Panamax,6M,18.1
2025-10-31,Australia-Gopalpur,Panamax,1Y,18.89
2025-10-31,Australia-Gopalpur,Capesize,1M,15.57
2025-10-31,Australia-Gopalpur,Capesize,3M,15.66
2025-10-31,Australia-Gopalpur,Capesize,6M,15.12
2025-10-31,Australia-Gopalpur,Capesize,1Y,15.78
2025-10-31,Australia-Haldia,Panamax,1M,18.15
2025-10-31,Australia-Haldia,Panamax,3M,18.44
2025-10-31,Australia-Haldia,Panamax,6M,18.7
2025-10-31,Australia-Haldia,Panamax,1Y,19.29
2025-10-31,Australia-Haldia,Capesize,1M,19.44
2025-10-31,Australia-Haldia,Capesize,3M,19.58
2025-10-31,Australia-Haldia,Capesize,6M,19.82
2025-10-31,Australia-Haldia,Capesize,1Y,20.46
2025-10-31,Indonesia-Paradip,Panamax,1M,12.03
2025-10-31,Indonesia-Paradip,Panamax,3M,12.64
2025-10-31,Indonesia-Paradip,Panamax,6M,12.46
2025-10-31,Indonesia-Paradip,Panamax,1Y,12.81
2025-10-31,Indonesia-Paradip,Capesize,1M,8.59
2025-10-31,Indonesia-Paradip,Capesize,3M,8.51
2025-10-31,Indonesia-Paradip,Capesize,6M,8.71
2025-10-31,Indonesia-Paradip,Capesize,1Y,9.06
2025-10-31,Indonesia-Vizag,Panamax,1M,9.34
2025-10-31,Indonesia-Vizag,Panamax,3M,9.65
2025-10-31,Indonesia-Vizag,Panamax,6M,9.65
2025-10-31,Indonesia-Vizag,Panamax,1Y,10.17
2025-10-31,Indonesia-Vizag,Capesize,1M,12.72
2025-10-31,Indonesia-Vizag,Capesize,3M,12.74
2025-10-31,Indonesia-Vizag,Capesize,6M,12.83
2025-10-31,Indonesia-Vizag,Capesize,1Y,12.83
2025-10-31,Indonesia-Dhamra,Panamax,1M,10.37
2025-10-31,Indonesia-Dhamra,Panamax,3M,10.31
2025-10-31,Indonesia-Dhamra,Panamax,6M,10.49
2025-10-31,Indonesia-Dhamra,Panamax,1Y,10.71
2025-10-31,Indonesia-Dhamra,Capesize,1M,11.0
2025-10-31,Indonesia-Dhamra,Capesize,3M,11.05
2025-10-31,Indonesia-Dhamra,Capesize,6M,11.25
2025-10-31,Indonesia-Dhamra,Capesize,1Y,11.44
2025-10-31,Indonesia-Gangavaram,Panamax,1M,9.99
2025-10-31,Indonesia-Gangavaram,Panamax,3M,10.0
2025-10-31,Indonesia-Gangavaram,Panamax,6M,10.08
2025-10-31,Indonesia-Gangavaram,Panamax,1Y,10.37
2025-10-31,Indonesia-Gangavaram,Capesize,1M,12.15
2025-10-31,Indonesia-Gangavaram,Capesize,3M,12.02
2025-10-31,Indonesia-Gangavaram,Capesize,6M,12.2
2025-10-31,Indonesia-Gangavaram,Capesize,1Y,12.79
2025-10-31,Indonesia-Gopalpur,Panamax,1M,11.12
2025-10-31,Indonesia-Gopalpur,Panamax,3M,11.02
2025-10-31,Indonesia-Gopalpur,Panamax,6M,11.45
2025-10-31,Indonesia-Gopalpur,Panamax,1Y,12.18
2025-10-31,Indonesia-Gopalpur,Capesize,1M,9.98
2025-10-31,Indonesia-Gopalpur,Capesize,3M,9.94
2025-10-31,Indonesia-Gopalpur,Capesize,6M,10.24
2025-10-31,Indonesia-Gopalpur,Capesize,1Y,10.46
2025-10-31,Indonesia-Haldia,Panamax,1M,11.15
2025-10-31,Indonesia-Haldia,Panamax,3M,11.43
2025-10-31,Indonesia-Haldia,Panamax,6M,11.12
2025-10-31,Indonesia-Haldia,Panamax,1Y,11.47
2025-10-31,Indonesia-Haldia,Capesize,1M,9.83
2025-10-31,Indonesia-Haldia,Capesize,3M,9.72
2025-10-31,Indonesia-Haldia,Capesize,6M,9.89
2025-10-31,Indonesia-Haldia,Capesize,1Y,10.1
2025-10-31,Russia-Paradip,Panamax,1M,22.06
2025-10-31,Russia-Paradip,Panamax,3M,22.29
2025-10-31,Russia-Paradip,Panamax,6M,22.38
2025-10-31,Russia-Paradip,Panamax,1Y,23.28
2025-10-31,Russia-Paradip,Capesize,1M,22.65
2025-10-31,Russia-Paradip,Capesize,3M,24.07
2025-10-31,Russia-Paradip,Capesize,6M,23.92
2025-10-31,Russia-Paradip,Capesize,1Y,24.33
2025-10-31,Russia-Vizag,Panamax,1M,20.85
2025-10-31,Russia-Vizag,Panamax,3M,21.96
2025-10-31,Russia-Vizag,Panamax,6M,22.16
2025-10-31,Russia-Vizag,Panamax,1Y,22.42
2025-10-31,Russia-Vizag,Capesize,1M,21.43
2025-10-31,Russia-Vizag,Capesize,3M,21.75
2025-10-31,Russia-Vizag,Capesize,6M,22.04
2025-10-31,Russia-Vizag,Capesize,1Y,22.36
2025-10-31,Russia-Dhamra,Panamax,1M,21.5
2025-10-31,Russia-Dhamra,Panamax,3M,21.57
2025-10-31,Russia-Dhamra,Panamax,6M,22.08
2025-10-31,Russia-Dhamra,Panamax,1Y,22.04
2025-10-31,Russia-Dhamra,Capesize,1M,21.84
2025-10-31,Russia-Dhamra,Capesize,3M,22.63
2025-10-31,Russia-Dhamra,Capesize,6M,22.62
2025-10-31,Russia-Dhamra,Capesize,1Y,22.78
2025-10-31,Russia-Gangavaram,Panamax,1M,21.24
2025-10-31,Russia-Gangavaram,Panamax,3M,21.56
2025-10-31,Russia-Gangavaram,Panamax,6M,21.82
2025-10-31,Russia-Gangavaram,Panamax,1Y,22.23
2025-10-31,Russia-Gangavaram,Capesize,1M,21.5
2025-10-31,Russia-Gangavaram,Capesize,3M,22.16
2025-10-31,Russia-Gangavaram,Capesize,6M,22.1
2025-10-31,Russia-Gangavaram,Capesize,1Y,22.24
2025-10-31,Russia-Gopalpur,Panamax,1M,24.31
2025-10-31,Russia-Gopalpur,Panamax,3M,24.81
2025-10-31,Russia-Gopalpur,Panamax,6M,26.24
2025-10-31,Russia-Gopalpur,Panamax,1Y,25.89
2025-10-31,Russia-Gopalpur,Capesize,1M,23.12
2025-10-31,Russia-Gopalpur,Capesize,3M,24.16
2025-10-31,Russia-Gopalpur,Capesize,6M,23.99
2025-10-31,Russia-Gopalpur,Capesize,1Y,24.5
2025-10-31,Russia-Haldia,Panamax,1M,25.07
2025-10-31,Russia-Haldia,Panamax,3M,24.9
2025-10-31,Russia-Haldia,Panamax,6M,25.85
2025-10-31,Russia-Haldia,Panamax,1Y,25.88
2025-10-31,Russia-Haldia,Capesize,1M,24.27
2025-10-31,Russia-Haldia,Capesize,3M,23.98
2025-10-31,Russia-Haldia,Capesize,6M,23.6
2025-10-31,Russia-Haldia,Capesize,1Y,24.48
2025-10-31,Mozambique-Paradip,Panamax,1M,20.92
2025-10-31,Mozambique-Paradip,Panamax,3M,20.99
2025-10-31,Mozambique-Paradip,Panamax,6M,21.47
2025-10-31,Mozambique-Paradip,Panamax,1Y,21.6
2025-10-31,Mozambique-Paradip,Capesize,1M,21.49
2025-10-31,Mozambique-Paradip,Capesize,3M,21.88
2025-10-31,Mozambique-Paradip,Capesize,6M,22.15
2025-10-31,Mozambique-Paradip,Capesize,1Y,23.04
2025-10-31,Mozambique-Vizag,Panamax,1M,19.81
2025-10-31,Mozambique-Vizag,Panamax,3M,20.15
2025-10-31,Mozambique-Vizag,Panamax,6M,20.76
2025-10-31,Mozambique-Vizag,Panamax,1Y,21.0
2025-10-31,Mozambique-Vizag,Capesize,1M,18.46
2025-10-31,Mozambique-Vizag,Capesize,3M,18.01
2025-10-31,Mozambique-Vizag,Capesize,6M,18.71
2025-10-31,Mozambique-Vizag,Capesize,1Y,18.82
2025-10-31,Mozambique-Dhamra,Panamax,1M,22.01
2025-10-31,Mozambique-Dhamra,Panamax,3M,21.79
2025-10-31,Mozambique-Dhamra,Panamax,6M,21.72
2025-10-31,Mozambique-Dhamra,Panamax,1Y,23.09
2025-10-31,Mozambique-Dhamra,Capesize,1M,24.25
2025-10-31,Mozambique-Dhamra,Capesize,3M,23.9
2025-10-31,Mozambique-Dhamra,Capesize,6M,24.36
2025-10-31,Mozambique-Dhamra,Capesize,1Y,24.87
2025-10-31,Mozambique-Gangavaram,Panamax,1M,22.36
2025-10-31,Mozambique-Gangavaram,Panamax,3M,22.44
2025-10-31,Mozambique-Gangavaram,Panamax,6M,22.64
2025-10-31,Mozambique-Gangavaram,Panamax,1Y,23.14
2025-10-31,Mozambique-Gangavaram,Capesize,1M,23.53
2025-10-31,Mozambique-Gangavaram,Capesize,3M,23.56
2025-10-31,Mozambique-Gangavaram,Capesize,6M,24.32
2025-10-31,Mozambique-Gangavaram,Capesize,1Y,24.22
2025-10-31,Mozambique-Gopalpur,Panamax,1M,20.11
2025-10-31,Mozambique-Gopalpur,Panamax,3M,20.02
2025-10-31,Mozambique-Gopalpur,Panamax,6M,21.06
2025-10-31,Mozambique-Gopalpur,Panamax,1Y,20.64
2025-10-31,Mozambique-Gopalpur,Capesize,1M,23.95
2025-10-31,Mozambique-Gopalpur,Capesize,3M,23.98
2025-10-31,Mozambique-Gopalpur,Capesize,6M,24.24
2025-10-31,Mozambique-Gopalpur,Capesize,1Y,24.76
2025-10-31,Mozambique-Haldia,Panamax,1M,19.89
2025-10-31,Mozambique-Haldia,Panamax,3M,20.38
2025-10-31,Mozambique-Haldia,Panamax,6M,20.89
2025-10-31,Mozambique-Haldia,Panamax,1Y,21.33
2025-10-31,Mozambique-Haldia,Capesize,1M,18.45
2025-10-31,Mozambique-Haldia,Capesize,3M,18.39
2025-10-31,Mozambique-Haldia,Capesize,6M,18.68
2025-10-31,Mozambique-Haldia,Capesize,1Y,19.37
2025-10-31,USA-Paradip,Panamax,1M,32.21
2025-10-31,USA-Paradip,Panamax,3M,32.38
2025-10-31,USA-Paradip,Panamax,6M,32.3
2025-10-31,USA-Paradip,Panamax,1Y,33.98
2025-10-31,USA-Paradip,Capesize,1M,35.71
2025-10-31,USA-Paradip,Capesize,3M,36.22
2025-10-31,USA-Paradip,Capesize,6M,35.98
2025-10-31,USA-Paradip,Capesize,1Y,36.65
2025-10-31,USA-Vizag,Panamax,1M,33.38
2025-10-31,USA-Vizag,Panamax,3M,33.92
2025-10-31,USA-Vizag,Panamax,6M,34.32
2025-10-31,USA-Vizag,Panamax,1Y,34.76
2025-10-31,USA-Vizag,Capesize,1M,34.17
2025-10-31,USA-Vizag,Capesize,3M,36.12
2025-10-31,USA-Vizag,Capesize,6M,36.96
2025-10-31,USA-Vizag,Capesize,1Y,36.66
2025-10-31,USA-Dhamra,Panamax,1M,29.9
2025-10-31,USA-Dhamra,Panamax,3M,29.54
2025-10-31,USA-Dhamra,Panamax,6M,30.26
2025-10-31,USA-Dhamra,Panamax,1Y,30.17
2025-10-31,USA-Dhamra,Capesize,1M,37.71
2025-10-31,USA-Dhamra,Capesize,3M,37.26
2025-10-31,USA-Dhamra,Capesize,6M,38.68
2025-10-31,USA-Dhamra,Capesize,1Y,38.49
2025-10-31,USA-Gangavaram,Panamax,1M,28.29
2025-10-31,USA-Gangavaram,Panamax,3M,28.46
2025-10-31,USA-Gangavaram,Panamax,6M,28.77
2025-10-31,USA-Gangavaram,Panamax,1Y,29.11
2025-10-31,USA-Gangavaram,Capesize,1M,31.66
2025-10-31,USA-Gangavaram,Capesize,3M,32.12
2025-10-31,USA-Gangavaram,Capesize,6M,32.54
2025-10-31,USA-Gangavaram,Capesize,1Y,32.88
2025-10-31,USA-Gopalpur,Panamax,1M,31.64
2025-10-31,USA-Gopalpur,Panamax,3M,32.34
2025-10-31,USA-Gopalpur,Panamax,6M,32.3
2025-10-31,USA-Gopalpur,Panamax,1Y,33.23
2025-10-31,USA-Gopalpur,Capesize,1M,34.71
2025-10-31,USA-Gopalpur,Capesize,3M,35.04
2025-10-31,USA-Gopalpur,Capesize,6M,36.12
2025-10-31,USA-Gopalpur,Capesize,1Y,36.22
2025-10-31,USA-Haldia,Panamax,1M,29.37
2025-10-31,USA-Haldia,Panamax,3M,30.86
2025-10-31,USA-Haldia,Panamax,6M,30.83
2025-10-31,USA-Haldia,Panamax,1Y,32.13
2025-10-31,USA-Haldia,Capesize,1M,27.99
2025-10-31,USA-Haldia,Capesize,3M,28.8
2025-10-31,USA-Haldia,Capesize,6M,28.58
2025-10-31,USA-Haldia,Capesize,1Y,30.12
