date,route_id,vessel_class,cargo_type,freight_usd_mt,tce_usd_day,source
2020-01-01,AUS_PAR_PAN,Panamax,Coal,18.86,14668,Synthetic (BDI benchmark)
2020-01-01,AUS_PAR_CAP,Capesize,Coal,16.53,17032,Synthetic (BDI benchmark)
2020-01-01,AUS_VIZ_PAN,Panamax,Coal,15.26,12722,Synthetic (BDI benchmark)
2020-01-01,AUS_VIZ_CAP,Capesize,Coal,14.33,19042,Synthetic (BDI benchmark)
2020-01-01,AUS_DHA_PAN,Panamax,Coal,17.61,13890,Synthetic (BDI benchmark)
2020-01-01,AUS_DHA_CAP,Capesize,Coal,16.66,15022,Synthetic (BDI benchmark)
2020-01-01,AUS_GAN_PAN,Panamax,Coal,17.34,13414,Synthetic (BDI benchmark)
2020-01-01,AUS_GAN_CAP,Capesize,Coal,16.54,15772,Synthetic (BDI benchmark)
2020-01-01,AUS_GOP_PAN,Panamax,Coal,14.36,9763,Synthetic (BDI benchmark)
2020-01-01,AUS_GOP_CAP,Capesize,Coal,15.19,17509,Synthetic (BDI benchmark)
2020-01-01,AUS_HAL_PAN,Panamax,Coal,19.19,13361,Synthetic (BDI benchmark)
2020-01-01,AUS_HAL_CAP,Capesize,Coal,18.99,15411,Synthetic (BDI benchmark)
2020-01-01,IND_PAR_PAN,Panamax,Coal,10.99,13978,Synthetic (BDI benchmark)
2020-01-01,IND_PAR_CAP,Capesize,Coal,12.56,17937,Synthetic (BDI benchmark)
2020-01-01,IND_VIZ_PAN,Panamax,Coal,10.48,12718,Synthetic (BDI benchmark)
2020-01-01,IND_VIZ_CAP,Capesize,Coal,11.74,16561,Synthetic (BDI benchmark)
2020-01-01,IND_DHA_PAN,Panamax,Coal,9.95,9087,Synthetic (BDI benchmark)
2020-01-01,IND_DHA_CAP,Capesize,Coal,10.31,19220,Synthetic (BDI benchmark)
2020-01-01,IND_GAN_PAN,Panamax,Coal,11.58,9669,Synthetic (BDI benchmark)
2020-01-01,IND_GAN_CAP,Capesize,Coal,12.47,15697,Synthetic (BDI benchmark)
2020-01-01,IND_GOP_PAN,Panamax,Coal,10.47,10995,Synthetic (BDI benchmark)
2020-01-01,IND_GOP_CAP,Capesize,Coal,9.11,17880,Synthetic (BDI benchmark)
2020-01-01,IND_HAL_PAN,Panamax,Coal,11.69,9537,Synthetic (BDI benchmark)
2020-01-01,IND_HAL_CAP,Capesize,Coal,11.05,17332,Synthetic (BDI benchmark)
2020-01-01,RUS_PAR_PAN,Panamax,Coal,19.77,12474,Synthetic (BDI benchmark)
2020-01-01,RUS_PAR_CAP,Capesize,Coal,22.07,17191,Synthetic (BDI benchmark)
2020-01-01,RUS_VIZ_PAN,Panamax,Coal,20.72,12428,Synthetic (BDI benchmark)
2020-01-01,RUS_VIZ_CAP,Capesize,Coal,21.09,19028,Synthetic (BDI benchmark)
2020-01-01,RUS_DHA_PAN,Panamax,Coal,21.82,14932,Synthetic (BDI benchmark)
2020-01-01,RUS_DHA_CAP,Capesize,Coal,21.34,17020,Synthetic (BDI benchmark)
2020-01-01,RUS_GAN_PAN,Panamax,Coal,22.92,12264,Synthetic (BDI benchmark)
2020-01-01,RUS_GAN_CAP,Capesize,Coal,23.43,17740,Synthetic (BDI benchmark)
2020-01-01,RUS_GOP_PAN,Panamax,Coal,20.86,11841,Synthetic (BDI benchmark)
2020-01-01,RUS_GOP_CAP,Capesize,Coal,24.3,19338,Synthetic (BDI benchmark)
2020-01-01,RUS_HAL_PAN,Panamax,Coal,22.03,9113,Synthetic (BDI benchmark)
2020-01-01,RUS_HAL_CAP,Capesize,Coal,19.77,19660,Synthetic (BDI benchmark)
2020-01-01,MOZ_PAR_PAN,Panamax,Coal,19.48,10128,Synthetic (BDI benchmark)
2020-01-01,MOZ_PAR_CAP,Capesize,Coal,19.55,18312,Synthetic (BDI benchmark)
2020-01-01,MOZ_VIZ_PAN,Panamax,Coal,20.57,11851,Synthetic (BDI benchmark)
2020-01-01,MOZ_VIZ_CAP,Capesize,Coal,18.9,16991,Synthetic (BDI benchmark)
2020-01-01,MOZ_DHA_PAN,Panamax,Coal,21.05,13037,Synthetic (BDI benchmark)
2020-01-01,MOZ_DHA_CAP,Capesize,Coal,20.54,15388,Synthetic (BDI benchmark)
2020-01-01,MOZ_GAN_PAN,Panamax,Coal,22.14,10508,Synthetic (BDI benchmark)
2020-01-01,MOZ_GAN_CAP,Capesize,Coal,20.01,17093,Synthetic (BDI benchmark)
2020-01-01,MOZ_GOP_PAN,Panamax,Coal,21.53,14355,Synthetic (BDI benchmark)
2020-01-01,MOZ_GOP_CAP,Capesize,Coal,21.92,16436,Synthetic (BDI benchmark)
2020-01-01,MOZ_HAL_PAN,Panamax,Coal,21.81,10399,Synthetic (BDI benchmark)
2020-01-01,MOZ_HAL_CAP,Capesize,Coal,19.82,15213,Synthetic (BDI benchmark)
2020-01-01,USA_PAR_PAN,Panamax,Coal,29.61,10300,Synthetic (BDI benchmark)
2020-01-01,USA_PAR_CAP,Capesize,Coal,30.73,19126,Synthetic (BDI benchmark)
2020-01-01,USA_VIZ_PAN,Panamax,Coal,36.9,9676,Synthetic (BDI benchmark)
2020-01-01,USA_VIZ_CAP,Capesize,Coal,33.34,16363,Synthetic (BDI benchmark)
2020-01-01,USA_DHA_PAN,Panamax,Coal,36.84,9870,Synthetic (BDI benchmark)
2020-01-01,USA_DHA_CAP,Capesize,Coal,34.62,19529,Synthetic (BDI benchmark)
2020-01-01,USA_GAN_PAN,Panamax,Coal,32.19,14854,Synthetic (BDI benchmark)
2020-01-01,USA_GAN_CAP,Capesize,Coal,30.41,18332,Synthetic (BDI benchmark)
2020-01-01,USA_GOP_PAN,Panamax,Coal,29.28,14311,Synthetic (BDI benchmark)
2020-01-01,USA_GOP_CAP,Capesize,Coal,30.48,19780,Synthetic (BDI benchmark)
2020-01-01,USA_HAL_PAN,Panamax,Coal,36.86,12109,Synthetic (BDI benchmark)
2020-01-01,USA_HAL_CAP,Capesize,Coal,31.57,18856,Synthetic (BDI benchmark)
2020-01-31,AUS_PAR_PAN,Panamax,Coal,18.71,10480,Synthetic (BDI benchmark)
2020-01-31,AUS_PAR_CAP,Capesize,Coal,16.79,16460,Synthetic (BDI benchmark)
2020-01-31,AUS_VIZ_PAN,Panamax,Coal,16.49,13759,Synthetic (BDI benchmark)
2020-01-31,AUS_VIZ_CAP,Capesize,Coal,18.21,19921,Synthetic (BDI benchmark)
2020-01-31,AUS_DHA_PAN,Panamax,Coal,15.43,10600,Synthetic (BDI benchmark)
2020-01-31,AUS_DHA_CAP,Capesize,Coal,16.24,16662,Synthetic (BDI benchmark)
2020-01-31,AUS_GAN_PAN,Panamax,Coal,16.55,13222,Synthetic (BDI benchmark)
2020-01-31,AUS_GAN_CAP,Capesize,Coal,14.4,19856,Synthetic (BDI benchmark)
2020-01-31,AUS_GOP_PAN,Panamax,Coal,13.92,9372,Synthetic (BDI benchmark)
2020-01-31,AUS_GOP_CAP,Capesize,Coal,17.42,19002,Synthetic (BDI benchmark)
2020-01-31,AUS_HAL_PAN,Panamax,Coal,18.26,12029,Synthetic (BDI benchmark)
2020-01-31,AUS_HAL_CAP,Capesize,Coal,14.07,18084,Synthetic (BDI benchmark)
2020-01-31,IND_PAR_PAN,Panamax,Coal,8.63,10531,Synthetic (BDI benchmark)
2020-01-31,IND_PAR_CAP,Capesize,Coal,10.29,18306,Synthetic (BDI benchmark)
2020-01-31,IND_VIZ_PAN,Panamax,Coal,11.64,10335,Synthetic (BDI benchmark)
2020-01-31,IND_VIZ_CAP,Capesize,Coal,10.32,17966,Synthetic (BDI benchmark)
2020-01-31,IND_DHA_PAN,Panamax,Coal,10.16,9105,Synthetic (BDI benchmark)
2020-01-31,IND_DHA_CAP,Capesize,Coal,10.83,17622,Synthetic (BDI benchmark)
2020-01-31,IND_GAN_PAN,Panamax,Coal,11.05,9352,Synthetic (BDI benchmark)
2020-01-31,IND_GAN_CAP,Capesize,Coal,11.55,17830,Synthetic (BDI benchmark)
2020-01-31,IND_GOP_PAN,Panamax,Coal,10.1,13621,Synthetic (BDI benchmark)
2020-01-31,IND_GOP_CAP,Capesize,Coal,8.5,15678,Synthetic (BDI benchmark)
2020-01-31,IND_HAL_PAN,Panamax,Coal,11.29,14844,Synthetic (BDI benchmark)
2020-01-31,IND_HAL_CAP,Capesize,Coal,9.94,18581,Synthetic (BDI benchmark)
2020-01-31,RUS_PAR_PAN,Panamax,Coal,22.45,11619,Synthetic (BDI benchmark)
2020-01-31,RUS_PAR_CAP,Capesize,Coal,25.5,17900,Synthetic (BDI benchmark)
2020-01-31,RUS_VIZ_PAN,Panamax,Coal,23.7,12545,Synthetic (BDI benchmark)
2020-01-31,RUS_VIZ_CAP,Capesize,Coal,25.09,15265,Synthetic (BDI benchmark)
2020-01-31,RUS_DHA_PAN,Panamax,Coal,22.52,10162,Synthetic (BDI benchmark)
2020-01-31,RUS_DHA_CAP,Capesize,Coal,23.68,19112,Synthetic (BDI benchmark)
2020-01-31,RUS_GAN_PAN,Panamax,Coal,21.48,11441,Synthetic (BDI benchmark)
2020-01-31,RUS_GAN_CAP,Capesize,Coal,20.57,16707,Synthetic (BDI benchmark)
2020-01-31,RUS_GOP_PAN,Panamax,Coal,21.57,13693,Synthetic (BDI benchmark)
2020-01-31,RUS_GOP_CAP,Capesize,Coal,19.34,18029,Synthetic (BDI benchmark)
2020-01-31,RUS_HAL_PAN,Panamax,Coal,22.63,11254,Synthetic (BDI benchmark)
2020-01-31,RUS_HAL_CAP,Capesize,Coal,22.92,16550,Synthetic (BDI benchmark)
2020-01-31,MOZ_PAR_PAN,Panamax,Coal,23.79,11061,Synthetic (BDI benchmark)
2020-01-31,MOZ_PAR_CAP,Capesize,Coal,19.69,15702,Synthetic (BDI benchmark)
2020-01-31,MOZ_VIZ_PAN,Panamax,Coal,20.88,13145,Synthetic (BDI benchmark)
2020-01-31,MOZ_VIZ_CAP,Capesize,Coal,19.54,15586,Synthetic (BDI benchmark)
2020-01-31,MOZ_DHA_PAN,Panamax,Coal,18.37,13565,Synthetic (BDI benchmark)
2020-01-31,MOZ_DHA_CAP,Capesize,Coal,18.76,18101,Synthetic (BDI benchmark)
2020-01-31,MOZ_GAN_PAN,Panamax,Coal,22.34,10856,Synthetic (BDI benchmark)
2020-01-31,MOZ_GAN_CAP,Capesize,Coal,21.82,16538,Synthetic (BDI benchmark)
2020-01-31,MOZ_GOP_PAN,Panamax,Coal,21.17,11706,Synthetic (BDI benchmark)
2020-01-31,MOZ_GOP_CAP,Capesize,Coal,21.98,18675,Synthetic (BDI benchmark)
2020-01-31,MOZ_HAL_PAN,Panamax,Coal,19.39,10546,Synthetic (BDI benchmark)
2020-01-31,MOZ_HAL_CAP,Capesize,Coal,20.2,16482,Synthetic (BDI benchmark)
2020-01-31,USA_PAR_PAN,Panamax,Coal,32.6,9745,Synthetic (BDI benchmark)
2020-01-31,USA_PAR_CAP,Capesize,Coal,30.07,19817,Synthetic (BDI benchmark)
2020-01-31,USA_VIZ_PAN,Panamax,Coal,34.59,13961,Synthetic (BDI benchmark)
2020-01-31,USA_VIZ_CAP,Capesize,Coal,31.38,17620,Synthetic (BDI benchmark)
2020-01-31,USA_DHA_PAN,Panamax,Coal,35.84,11147,Synthetic (BDI benchmark)
2020-01-31,USA_DHA_CAP,Capesize,Coal,29.91,18908,Synthetic (BDI benchmark)
2020-01-31,USA_GAN_PAN,Panamax,Coal,29.46,9760,Synthetic (BDI benchmark)
2020-01-31,USA_GAN_CAP,Capesize,Coal,36.68,17296,Synthetic (BDI benchmark)
2020-01-31,USA_GOP_PAN,Panamax,Coal,33.22,11698,Synthetic (BDI benchmark)
2020-01-31,USA_GOP_CAP,Capesize,Coal,32.59,18462,Synthetic (BDI benchmark)
2020-01-31,USA_HAL_PAN,Panamax,Coal,31.7,9709,Synthetic (BDI benchmark)
2020-01-31,USA_HAL_CAP,Capesize,Coal,33.37,17663,Synthetic (BDI benchmark)
2020-03-01,AUS_PAR_PAN,Panamax,Coal,16.94,11790,Synthetic (BDI benchmark)
2020-03-01,AUS_PAR_CAP,Capesize,Coal,16.91,18940,Synthetic (BDI benchmark)
2020-03-01,AUS_VIZ_PAN,Panamax,Coal,16.11,9658,Synthetic (BDI benchmark)
2020-03-01,AUS_VIZ_CAP,Capesize,Coal,14.83,19523,Synthetic (BDI benchmark)
2020-03-01,AUS_DHA_PAN,Panamax,Coal,15.5,11335,Synthetic (BDI benchmark)
2020-03-01,AUS_DHA_CAP,Capesize,Coal,14.18,16133,Synthetic (BDI benchmark)
2020-03-01,AUS_GAN_PAN,Panamax,Coal,18.01,14024,Synthetic (BDI benchmark)
2020-03-01,AUS_GAN_CAP,Capesize,Coal,15.12,17011,Synthetic (BDI benchmark)
2020-03-01,AUS_GOP_PAN,Panamax,Coal,17.0,14645,Synthetic (BDI benchmark)
2020-03-01,AUS_GOP_CAP,Capesize,Coal,17.34,17383,Synthetic (BDI benchmark)
2020-03-01,AUS_HAL_PAN,Panamax,Coal,17.34,12238,Synthetic (BDI benchmark)
2020-03-01,AUS_HAL_CAP,Capesize,Coal,17.91,15691,Synthetic (BDI benchmark)
2020-03-01,IND_PAR_PAN,Panamax,Coal,12.07,11679,Synthetic (BDI benchmark)
2020-03-01,IND_PAR_CAP,Capesize,Coal,12.04,17039,Synthetic (BDI benchmark)
2020-03-01,IND_VIZ_PAN,Panamax,Coal,10.7,13240,Synthetic (BDI benchmark)
2020-03-01,IND_VIZ_CAP,Capesize,Coal,10.68,15882,Synthetic (BDI benchmark)
2020-03-01,IND_DHA_PAN,Panamax,Coal,11.89,12843,Synthetic (BDI benchmark)
2020-03-01,IND_DHA_CAP,Capesize,Coal,10.49,19082,Synthetic (BDI benchmark)
2020-03-01,IND_GAN_PAN,Panamax,Coal,9.78,12941,Synthetic (BDI benchmark)
2020-03-01,IND_GAN_CAP,Capesize,Coal,11.08,17756,Synthetic (BDI benchmark)
2020-03-01,IND_GOP_PAN,Panamax,Coal,11.21,11022,Synthetic (BDI benchmark)
2020-03-01,IND_GOP_CAP,Capesize,Coal,9.13,15202,Synthetic (BDI benchmark)
2020-03-01,IND_HAL_PAN,Panamax,Coal,8.74,12891,Synthetic (BDI benchmark)
2020-03-01,IND_HAL_CAP,Capesize,Coal,12.37,17314,Synthetic (BDI benchmark)
2020-03-01,RUS_PAR_PAN,Panamax,Coal,23.37,10782,Synthetic (BDI benchmark)
2020-03-01,RUS_PAR_CAP,Capesize,Coal,22.85,18901,Synthetic (BDI benchmark)
2020-03-01,RUS_VIZ_PAN,Panamax,Coal,20.18,9958,Synthetic (BDI benchmark)
2020-03-01,RUS_VIZ_CAP,Capesize,Coal,23.87,18900,Synthetic (BDI benchmark)
2020-03-01,RUS_DHA_PAN,Panamax,Coal,20.8,12273,Synthetic (BDI benchmark)
2020-03-01,RUS_DHA_CAP,Capesize,Coal,25.28,18005,Synthetic (BDI benchmark)
2020-03-01,RUS_GAN_PAN,Panamax,Coal,21.92,12963,Synthetic (BDI benchmark)
2020-03-01,RUS_GAN_CAP,Capesize,Coal,24.0,15311,Synthetic (BDI benchmark)
2020-03-01,RUS_GOP_PAN,Panamax,Coal,23.88,9178,Synthetic (BDI benchmark)
2020-03-01,RUS_GOP_CAP,Capesize,Coal,23.21,15710,Synthetic (BDI benchmark)
2020-03-01,RUS_HAL_PAN,Panamax,Coal,21.55,13788,Synthetic (BDI benchmark)
2020-03-01,RUS_HAL_CAP,Capesize,Coal,21.25,16346,Synthetic (BDI benchmark)
2020-03-01,MOZ_PAR_PAN,Panamax,Coal,20.69,11359,Synthetic (BDI benchmark)
2020-03-01,MOZ_PAR_CAP,Capesize,Coal,21.8,18475,Synthetic (BDI benchmark)
2020-03-01,MOZ_VIZ_PAN,Panamax,Coal,20.04,9743,Synthetic (BDI benchmark)
2020-03-01,MOZ_VIZ_CAP,Capesize,Coal,19.01,16622,Synthetic (BDI benchmark)
2020-03-01,MOZ_DHA_PAN,Panamax,Coal,22.14,9071,Synthetic (BDI benchmark)
2020-03-01,MOZ_DHA_CAP,Capesize,Coal,18.52,16504,Synthetic (BDI benchmark)
2020-03-01,MOZ_GAN_PAN,Panamax,Coal,19.48,14949,Synthetic (BDI benchmark)
2020-03-01,MOZ_GAN_CAP,Capesize,Coal,18.73,17794,Synthetic (BDI benchmark)
2020-03-01,MOZ_GOP_PAN,Panamax,Coal,20.04,13866,Synthetic (BDI benchmark)
2020-03-01,MOZ_GOP_CAP,Capesize,Coal,21.33,17521,Synthetic (BDI benchmark)
2020-03-01,MOZ_HAL_PAN,Panamax,Coal,23.07,13932,Synthetic (BDI benchmark)
2020-03-01,MOZ_HAL_CAP,Capesize,Coal,20.45,18179,Synthetic (BDI benchmark)
2020-03-01,USA_PAR_PAN,Panamax,Coal,28.82,11083,Synthetic (BDI benchmark)
2020-03-01,USA_PAR_CAP,Capesize,Coal,33.78,18567,Synthetic (BDI benchmark)
2020-03-01,USA_VIZ_PAN,Panamax,Coal,35.06,10405,Synthetic (BDI benchmark)
2020-03-01,USA_VIZ_CAP,Capesize,Coal,34.84,19885,Synthetic (BDI benchmark)
2020-03-01,USA_DHA_PAN,Panamax,Coal,37.42,13590,Synthetic (BDI benchmark)
2020-03-01,USA_DHA_CAP,Capesize,Coal,31.6,18404,Synthetic (BDI benchmark)
2020-03-01,USA_GAN_PAN,Panamax,Coal,32.92,10981,Synthetic (BDI benchmark)
2020-03-01,USA_GAN_CAP,Capesize,Coal,36.18,17276,Synthetic (BDI benchmark)
2020-03-01,USA_GOP_PAN,Panamax,Coal,33.5,12323,Synthetic (BDI benchmark)
2020-03-01,USA_GOP_CAP,Capesize,Coal,35.59,17541,Synthetic (BDI benchmark)
2020-03-01,USA_HAL_PAN,Panamax,Coal,35.81,10197,Synthetic (BDI benchmark)
2020-03-01,USA_HAL_CAP,Capesize,Coal,29.04,18782,Synthetic (BDI benchmark)
2020-03-31,AUS_PAR_PAN,Panamax,Coal,17.1,10763,Synthetic (BDI benchmark)
2020-03-31,AUS_PAR_CAP,Capesize,Coal,17.28,19046,Synthetic (BDI benchmark)
2020-03-31,AUS_VIZ_PAN,Panamax,Coal,16.37,12373,Synthetic (BDI benchmark)
2020-03-31,AUS_VIZ_CAP,Capesize,Coal,15.04,18282,Synthetic (BDI benchmark)
2020-03-31,AUS_DHA_PAN,Panamax,Coal,18.38,9033,Synthetic (BDI benchmark)
2020-03-31,AUS_DHA_CAP,Capesize,Coal,15.9,18278,Synthetic (BDI benchmark)
2020-03-31,AUS_GAN_PAN,Panamax,Coal,17.69,9953,Synthetic (BDI benchmark)
2020-03-31,AUS_GAN_CAP,Capesize,Coal,14.93,18539,Synthetic (BDI benchmark)
2020-03-31,AUS_GOP_PAN,Panamax,Coal,14.72,11052,Synthetic (BDI benchmark)
2020-03-31,AUS_GOP_CAP,Capesize,Coal,19.58,18355,Synthetic (BDI benchmark)
2020-03-31,AUS_HAL_PAN,Panamax,Coal,16.7,13948,Synthetic (BDI benchmark)
2020-03-31,AUS_HAL_CAP,Capesize,Coal,16.49,17190,Synthetic (BDI benchmark)
2020-03-31,IND_PAR_PAN,Panamax,Coal,12.19,10760,Synthetic (BDI benchmark)
2020-03-31,IND_PAR_CAP,Capesize,Coal,9.88,17500,Synthetic (BDI benchmark)
2020-03-31,IND_VIZ_PAN,Panamax,Coal,10.3,11232,Synthetic (BDI benchmark)
2020-03-31,IND_VIZ_CAP,Capesize,Coal,9.86,17339,Synthetic (BDI benchmark)
2020-03-31,IND_DHA_PAN,Panamax,Coal,11.44,12749,Synthetic (BDI benchmark)
2020-03-31,IND_DHA_CAP,Capesize,Coal,12.51,19876,Synthetic (BDI benchmark)
2020-03-31,IND_GAN_PAN,Panamax,Coal,11.37,13941,Synthetic (BDI benchmark)
2020-03-31,IND_GAN_CAP,Capesize,Coal,9.83,15250,Synthetic (BDI benchmark)
2020-03-31,IND_GOP_PAN,Panamax,Coal,9.71,12270,Synthetic (BDI benchmark)
2020-03-31,IND_GOP_CAP,Capesize,Coal,9.75,18950,Synthetic (BDI benchmark)
2020-03-31,IND_HAL_PAN,Panamax,Coal,10.54,10011,Synthetic (BDI benchmark)
2020-03-31,IND_HAL_CAP,Capesize,Coal,8.38,15249,Synthetic (BDI benchmark)
2020-03-31,RUS_PAR_PAN,Panamax,Coal,22.44,11623,Synthetic (BDI benchmark)
2020-03-31,RUS_PAR_CAP,Capesize,Coal,21.81,15209,Synthetic (BDI benchmark)
2020-03-31,RUS_VIZ_PAN,Panamax,Coal,21.29,13198,Synthetic (BDI benchmark)
2020-03-31,RUS_VIZ_CAP,Capesize,Coal,20.43,15698,Synthetic (BDI benchmark)
2020-03-31,RUS_DHA_PAN,Panamax,Coal,22.27,14735,Synthetic (BDI benchmark)
2020-03-31,RUS_DHA_CAP,Capesize,Coal,25.26,18271,Synthetic (BDI benchmark)
2020-03-31,RUS_GAN_PAN,Panamax,Coal,23.38,14337,Synthetic (BDI benchmark)
2020-03-31,RUS_GAN_CAP,Capesize,Coal,21.52,18162,Synthetic (BDI benchmark)
2020-03-31,RUS_GOP_PAN,Panamax,Coal,23.16,13369,Synthetic (BDI benchmark)
2020-03-31,RUS_GOP_CAP,Capesize,Coal,18.19,17307,Synthetic (BDI benchmark)
2020-03-31,RUS_HAL_PAN,Panamax,Coal,22.5,10160,Synthetic (BDI benchmark)
2020-03-31,RUS_HAL_CAP,Capesize,Coal,24.0,18822,Synthetic (BDI benchmark)
2020-03-31,MOZ_PAR_PAN,Panamax,Coal,21.11,9769,Synthetic (BDI benchmark)
2020-03-31,MOZ_PAR_CAP,Capesize,Coal,19.56,15535,Synthetic (BDI benchmark)
2020-03-31,MOZ_VIZ_PAN,Panamax,Coal,19.11,12417,Synthetic (BDI benchmark)
2020-03-31,MOZ_VIZ_CAP,Capesize,Coal,20.97,17027,Synthetic (BDI benchmark)
2020-03-31,MOZ_DHA_PAN,Panamax,Coal,20.14,14011,Synthetic (BDI benchmark)
2020-03-31,MOZ_DHA_CAP,Capesize,Coal,19.69,16024,Synthetic (BDI benchmark)
2020-03-31,MOZ_GAN_PAN,Panamax,Coal,20.73,9785,Synthetic (BDI benchmark)
2020-03-31,MOZ_GAN_CAP,Capesize,Coal,20.47,16566,Synthetic (BDI benchmark)
2020-03-31,MOZ_GOP_PAN,Panamax,Coal,19.45,12654,Synthetic (BDI benchmark)
2020-03-31,MOZ_GOP_CAP,Capesize,Coal,20.1,15990,Synthetic (BDI benchmark)
2020-03-31,MOZ_HAL_PAN,Panamax,Coal,19.59,14843,Synthetic (BDI benchmark)
2020-03-31,MOZ_HAL_CAP,Capesize,Coal,18.24,15412,Synthetic (BDI benchmark)
2020-03-31,USA_PAR_PAN,Panamax,Coal,31.26,9253,Synthetic (BDI benchmark)
2020-03-31,USA_PAR_CAP,Capesize,Coal,37.66,15439,Synthetic (BDI benchmark)
2020-03-31,USA_VIZ_PAN,Panamax,Coal,30.07,10379,Synthetic (BDI benchmark)
2020-03-31,USA_VIZ_CAP,Capesize,Coal,29.83,18578,Synthetic (BDI benchmark)
2020-03-31,USA_DHA_PAN,Panamax,Coal,31.45,14056,Synthetic (BDI benchmark)
2020-03-31,USA_DHA_CAP,Capesize,Coal,34.51,18959,Synthetic (BDI benchmark)
2020-03-31,USA_GAN_PAN,Panamax,Coal,33.67,12355,Synthetic (BDI benchmark)
2020-03-31,USA_GAN_CAP,Capesize,Coal,31.66,15718,Synthetic (BDI benchmark)
2020-03-31,USA_GOP_PAN,Panamax,Coal,30.79,9726,Synthetic (BDI benchmark)
2020-03-31,USA_GOP_CAP,Capesize,Coal,33.77,18826,Synthetic (BDI benchmark)
2020-03-31,USA_HAL_PAN,Panamax,Coal,33.77,13238,Synthetic (BDI benchmark)
2020-03-31,USA_HAL_CAP,Capesize,Coal,35.57,16885,Synthetic (BDI benchmark)
2020-04-30,AUS_PAR_PAN,Panamax,Coal,17.84,10100,Synthetic (BDI benchmark)
2020-04-30,AUS_PAR_CAP,Capesize,Coal,15.65,15819,Synthetic (BDI benchmark)
2020-04-30,AUS_VIZ_PAN,Panamax,Coal,15.3,10203,Synthetic (BDI benchmark)
2020-04-30,AUS_VIZ_CAP,Capesize,Coal,15.29,15040,Synthetic (BDI benchmark)
2020-04-30,AUS_DHA_PAN,Panamax,Coal,18.74,9696,Synthetic (BDI benchmark)
2020-04-30,AUS_DHA_CAP,Capesize,Coal,16.78,16731,Synthetic (BDI benchmark)
2020-04-30,AUS_GAN_PAN,Panamax,Coal,16.16,13530,Synthetic (BDI benchmark)
2020-04-30,AUS_GAN_CAP,Capesize,Coal,16.29,17434,Synthetic (BDI benchmark)
2020-04-30,AUS_GOP_PAN,Panamax,Coal,16.65,12599,Synthetic (BDI benchmark)
2020-04-30,AUS_GOP_CAP,Capesize,Coal,14.78,17731,Synthetic (BDI benchmark)
2020-04-30,AUS_HAL_PAN,Panamax,Coal,16.42,13732,Synthetic (BDI benchmark)
2020-04-30,AUS_HAL_CAP,Capesize,Coal,16.6,19627,Synthetic (BDI benchmark)
2020-04-30,IND_PAR_PAN,Panamax,Coal,9.96,14826,Synthetic (BDI benchmark)
2020-04-30,IND_PAR_CAP,Capesize,Coal,11.31,19676,Synthetic (BDI benchmark)
2020-04-30,IND_VIZ_PAN,Panamax,Coal,11.82,13055,Synthetic (BDI benchmark)
2020-04-30,IND_VIZ_CAP,Capesize,Coal,8.88,16823,Synthetic (BDI benchmark)
2020-04-30,IND_DHA_PAN,Panamax,Coal,8.96,11914,Synthetic (BDI benchmark)
2020-04-30,IND_DHA_CAP,Capesize,Coal,10.11,17699,Synthetic (BDI benchmark)
2020-04-30,IND_GAN_PAN,Panamax,Coal,9.94,13969,Synthetic (BDI benchmark)
2020-04-30,IND_GAN_CAP,Capesize,Coal,11.75,18448,Synthetic (BDI benchmark)
2020-04-30,IND_GOP_PAN,Panamax,Coal,10.89,14698,Synthetic (BDI benchmark)
2020-04-30,IND_GOP_CAP,Capesize,Coal,10.51,17024,Synthetic (BDI benchmark)
2020-04-30,IND_HAL_PAN,Panamax,Coal,9.55,13690,Synthetic (BDI benchmark)
2020-04-30,IND_HAL_CAP,Capesize,Coal,12.42,18844,Synthetic (BDI benchmark)
2020-04-30,RUS_PAR_PAN,Panamax,Coal,23.05,12948,Synthetic (BDI benchmark)
2020-04-30,RUS_PAR_CAP,Capesize,Coal,20.83,19158,Synthetic (BDI benchmark)
2020-04-30,RUS_VIZ_PAN,Panamax,Coal,24.61,11383,Synthetic (BDI benchmark)
2020-04-30,RUS_VIZ_CAP,Capesize,Coal,20.14,17553,Synthetic (BDI benchmark)
2020-04-30,RUS_DHA_PAN,Panamax,Coal,22.01,12397,Synthetic (BDI benchmark)
2020-04-30,RUS_DHA_CAP,Capesize,Coal,19.37,15082,Synthetic (BDI benchmark)
2020-04-30,RUS_GAN_PAN,Panamax,Coal,24.09,9169,Synthetic (BDI benchmark)
2020-04-30,RUS_GAN_CAP,Capesize,Coal,20.4,19679,Synthetic (BDI benchmark)
2020-04-30,RUS_GOP_PAN,Panamax,Coal,27.17,11992,Synthetic (BDI benchmark)
2020-04-30,RUS_GOP_CAP,Capesize,Coal,22.84,19481,Synthetic (BDI benchmark)
2020-04-30,RUS_HAL_PAN,Panamax,Coal,22.55,10280,Synthetic (BDI benchmark)
2020-04-30,RUS_HAL_CAP,Capesize,Coal,20.81,16301,Synthetic (BDI benchmark)
2020-04-30,MOZ_PAR_PAN,Panamax,Coal,23.56,11393,Synthetic (BDI benchmark)
2020-04-30,MOZ_PAR_CAP,Capesize,Coal,19.3,15812,Synthetic (BDI benchmark)
2020-04-30,MOZ_VIZ_PAN,Panamax,Coal,23.51,13503,Synthetic (BDI benchmark)
2020-04-30,MOZ_VIZ_CAP,Capesize,Coal,18.46,18370,Synthetic (BDI benchmark)
2020-04-30,MOZ_DHA_PAN,Panamax,Coal,21.46,13368,Synthetic (BDI benchmark)
2020-04-30,MOZ_DHA_CAP,Capesize,Coal,23.99,18526,Synthetic (BDI benchmark)
2020-04-30,MOZ_GAN_PAN,Panamax,Coal,18.31,14105,Synthetic (BDI benchmark)
2020-04-30,MOZ_GAN_CAP,Capesize,Coal,19.4,19637,Synthetic (BDI benchmark)
2020-04-30,MOZ_GOP_PAN,Panamax,Coal,22.4,12971,Synthetic (BDI benchmark)
2020-04-30,MOZ_GOP_CAP,Capesize,Coal,19.22,15596,Synthetic (BDI benchmark)
2020-04-30,MOZ_HAL_PAN,Panamax,Coal,17.78,9642,Synthetic (BDI benchmark)
2020-04-30,MOZ_HAL_CAP,Capesize,Coal,20.86,16095,Synthetic (BDI benchmark)
2020-04-30,USA_PAR_PAN,Panamax,Coal,31.12,13152,Synthetic (BDI benchmark)
2020-04-30,USA_PAR_CAP,Capesize,Coal,35.32,17526,Synthetic (BDI benchmark)
2020-04-30,USA_VIZ_PAN,Panamax,Coal,30.12,10213,Synthetic (BDI benchmark)
2020-04-30,USA_VIZ_CAP,Capesize,Coal,32.67,16162,Synthetic (BDI benchmark)
2020-04-30,USA_DHA_PAN,Panamax,Coal,34.29,13196,Synthetic (BDI benchmark)
2020-04-30,USA_DHA_CAP,Capesize,Coal,30.26,16017,Synthetic (BDI benchmark)
2020-04-30,USA_GAN_PAN,Panamax,Coal,33.48,13312,Synthetic (BDI benchmark)
2020-04-30,USA_GAN_CAP,Capesize,Coal,29.29,17900,Synthetic (BDI benchmark)
2020-04-30,USA_GOP_PAN,Panamax,Coal,32.18,14552,Synthetic (BDI benchmark)
2020-04-30,USA_GOP_CAP,Capesize,Coal,32.76,18644,Synthetic (BDI benchmark)
2020-04-30,USA_HAL_PAN,Panamax,Coal,33.95,13174,Synthetic (BDI benchmark)
2020-04-30,USA_HAL_CAP,Capesize,Coal,29.14,16337,Synthetic (BDI benchmark)
2020-05-30,AUS_PAR_PAN,Panamax,Coal,16.81,9111,Synthetic (BDI benchmark)
2020-05-30,AUS_PAR_CAP,Capesize,Coal,16.92,15530,Synthetic (BDI benchmark)
2020-05-30,AUS_VIZ_PAN,Panamax,Coal,16.43,9336,Synthetic (BDI benchmark)
2020-05-30,AUS_VIZ_CAP,Capesize,Coal,18.93,16151,Synthetic (BDI benchmark)
2020-05-30,AUS_DHA_PAN,Panamax,Coal,15.3,9453,Synthetic (BDI benchmark)
2020-05-30,AUS_DHA_CAP,Capesize,Coal,17.54,17127,Synthetic (BDI benchmark)
2020-05-30,AUS_GAN_PAN,Panamax,Coal,16.52,12153,Synthetic (BDI benchmark)
2020-05-30,AUS_GAN_CAP,Capesize,Coal,17.94,15891,Synthetic (BDI benchmark)
2020-05-30,AUS_GOP_PAN,Panamax,Coal,17.46,9433,Synthetic (BDI benchmark)
2020-05-30,AUS_GOP_CAP,Capesize,Coal,14.79,17467,Synthetic (BDI benchmark)
2020-05-30,AUS_HAL_PAN,Panamax,Coal,16.59,10295,Synthetic (BDI benchmark)
2020-05-30,AUS_HAL_CAP,Capesize,Coal,14.6,16254,Synthetic (BDI benchmark)
2020-05-30,IND_PAR_PAN,Panamax,Coal,11.9,11235,Synthetic (BDI benchmark)
2020-05-30,IND_PAR_CAP,Capesize,Coal,11.66,17666,Synthetic (BDI benchmark)
2020-05-30,IND_VIZ_PAN,Panamax,Coal,10.4,9708,Synthetic (BDI benchmark)
2020-05-30,IND_VIZ_CAP,Capesize,Coal,9.14,17995,Synthetic (BDI benchmark)
2020-05-30,IND_DHA_PAN,Panamax,Coal,10.22,14981,Synthetic (BDI benchmark)
2020-05-30,IND_DHA_CAP,Capesize,Coal,9.5,19539,Synthetic (BDI benchmark)
2020-05-30,IND_GAN_PAN,Panamax,Coal,8.31,14838,Synthetic (BDI benchmark)
2020-05-30,IND_GAN_CAP,Capesize,Coal,8.54,17429,Synthetic (BDI benchmark)
2020-05-30,IND_GOP_PAN,Panamax,Coal,11.5,14287,Synthetic (BDI benchmark)
2020-05-30,IND_GOP_CAP,Capesize,Coal,11.9,17114,Synthetic (BDI benchmark)
2020-05-30,IND_HAL_PAN,Panamax,Coal,8.58,11667,Synthetic (BDI benchmark)
2020-05-30,IND_HAL_CAP,Capesize,Coal,9.91,15282,Synthetic (BDI benchmark)
2020-05-30,RUS_PAR_PAN,Panamax,Coal,19.09,9116,Synthetic (BDI benchmark)
2020-05-30,RUS_PAR_CAP,Capesize,Coal,21.72,15618,Synthetic (BDI benchmark)
2020-05-30,RUS_VIZ_PAN,Panamax,Coal,25.48,9977,Synthetic (BDI benchmark)
2020-05-30,RUS_VIZ_CAP,Capesize,Coal,19.56,18616,Synthetic (BDI benchmark)
2020-05-30,RUS_DHA_PAN,Panamax,Coal,26.31,12427,Synthetic (BDI benchmark)
2020-05-30,RUS_DHA_CAP,Capesize,Coal,22.93,15013,Synthetic (BDI benchmark)
2020-05-30,RUS_GAN_PAN,Panamax,Coal,22.35,11796,Synthetic (BDI benchmark)
2020-05-30,RUS_GAN_CAP,Capesize,Coal,21.54,19424,Synthetic (BDI benchmark)
2020-05-30,RUS_GOP_PAN,Panamax,Coal,20.24,9728,Synthetic (BDI benchmark)
2020-05-30,RUS_GOP_CAP,Capesize,Coal,20.43,19960,Synthetic (BDI benchmark)
2020-05-30,RUS_HAL_PAN,Panamax,Coal,18.44,13545,Synthetic (BDI benchmark)
2020-05-30,RUS_HAL_CAP,Capesize,Coal,19.76,19481,Synthetic (BDI benchmark)
2020-05-30,MOZ_PAR_PAN,Panamax,Coal,20.04,13564,Synthetic (BDI benchmark)
2020-05-30,MOZ_PAR_CAP,Capesize,Coal,20.45,17784,Synthetic (BDI benchmark)
2020-05-30,MOZ_VIZ_PAN,Panamax,Coal,22.02,13945,Synthetic (BDI benchmark)
2020-05-30,MOZ_VIZ_CAP,Capesize,Coal,20.4,17733,Synthetic (BDI benchmark)
2020-05-30,MOZ_DHA_PAN,Panamax,Coal,20.29,11799,Synthetic (BDI benchmark)
2020-05-30,MOZ_DHA_CAP,Capesize,Coal,21.6,19088,Synthetic (BDI benchmark)
2020-05-30,MOZ_GAN_PAN,Panamax,Coal,22.87,10757,Synthetic (BDI benchmark)
2020-05-30,MOZ_GAN_CAP,Capesize,Coal,21.46,15021,Synthetic (BDI benchmark)
2020-05-30,MOZ_GOP_PAN,Panamax,Coal,21.12,12387,Synthetic (BDI benchmark)
2020-05-30,MOZ_GOP_CAP,Capesize,Coal,20.65,17037,Synthetic (BDI benchmark)
2020-05-30,MOZ_HAL_PAN,Panamax,Coal,22.45,9798,Synthetic (BDI benchmark)
2020-05-30,MOZ_HAL_CAP,Capesize,Coal,20.69,16212,Synthetic (BDI benchmark)
2020-05-30,USA_PAR_PAN,Panamax,Coal,32.66,11031,Synthetic (BDI benchmark)
2020-05-30,USA_PAR_CAP,Capesize,Coal,30.01,19979,Synthetic (BDI benchmark)
2020-05-30,USA_VIZ_PAN,Panamax,Coal,32.82,12732,Synthetic (BDI benchmark)
2020-05-30,USA_VIZ_CAP,Capesize,Coal,33.5,15897,Synthetic (BDI benchmark)
2020-05-30,USA_DHA_PAN,Panamax,Coal,34.83,12681,Synthetic (BDI benchmark)
2020-05-30,USA_DHA_CAP,Capesize,Coal,28.67,15179,Synthetic (BDI benchmark)
2020-05-30,USA_GAN_PAN,Panamax,Coal,35.67,14900,Synthetic (BDI benchmark)
2020-05-30,USA_GAN_CAP,Capesize,Coal,31.28,19285,Synthetic (BDI benchmark)
2020-05-30,USA_GOP_PAN,Panamax,Coal,30.51,10217,Synthetic (BDI benchmark)
2020-05-30,USA_GOP_CAP,Capesize,Coal,36.16,17068,Synthetic (BDI benchmark)
2020-05-30,USA_HAL_PAN,Panamax,Coal,37.2,13930,Synthetic (BDI benchmark)
2020-05-30,USA_HAL_CAP,Capesize,Coal,36.09,18045,Synthetic (BDI benchmark)
2020-06-29,AUS_PAR_PAN,Panamax,Coal,14.92,11872,Synthetic (BDI benchmark)
2020-06-29,AUS_PAR_CAP,Capesize,Coal,15.96,17691,Synthetic (BDI benchmark)
2020-06-29,AUS_VIZ_PAN,Panamax,Coal,17.07,14374,Synthetic (BDI benchmark)
2020-06-29,AUS_VIZ_CAP,Capesize,Coal,18.93,17545,Synthetic (BDI benchmark)
2020-06-29,AUS_DHA_PAN,Panamax,Coal,16.28,11918,Synthetic (BDI benchmark)
2020-06-29,AUS_DHA_CAP,Capesize,Coal,15.84,17519,Synthetic (BDI benchmark)
2020-06-29,AUS_GAN_PAN,Panamax,Coal,17.34,11488,Synthetic (BDI benchmark)
2020-06-29,AUS_GAN_CAP,Capesize,Coal,14.96,16840,Synthetic (BDI benchmark)
2020-06-29,AUS_GOP_PAN,Panamax,Coal,15.24,10886,Synthetic (BDI benchmark)
2020-06-29,AUS_GOP_CAP,Capesize,Coal,17.35,16104,Synthetic (BDI benchmark)
2020-06-29,AUS_HAL_PAN,Panamax,Coal,14.19,12358,Synthetic (BDI benchmark)
2020-06-29,AUS_HAL_CAP,Capesize,Coal,14.23,18594,Synthetic (BDI benchmark)
2020-06-29,IND_PAR_PAN,Panamax,Coal,8.57,13363,Synthetic (BDI benchmark)
2020-06-29,IND_PAR_CAP,Capesize,Coal,11.21,15394,Synthetic (BDI benchmark)
2020-06-29,IND_VIZ_PAN,Panamax,Coal,10.29,14263,Synthetic (BDI benchmark)
2020-06-29,IND_VIZ_CAP,Capesize,Coal,10.63,15257,Synthetic (BDI benchmark)
2020-06-29,IND_DHA_PAN,Panamax,Coal,10.92,11709,Synthetic (BDI benchmark)
2020-06-29,IND_DHA_CAP,Capesize,Coal,10.76,19176,Synthetic (BDI benchmark)
2020-06-29,IND_GAN_PAN,Panamax,Coal,10.33,12846,Synthetic (BDI benchmark)
2020-06-29,IND_GAN_CAP,Capesize,Coal,9.3,19543,Synthetic (BDI benchmark)
2020-06-29,IND_GOP_PAN,Panamax,Coal,11.56,9716,Synthetic (BDI benchmark)
2020-06-29,IND_GOP_CAP,Capesize,Coal,11.12,19933,Synthetic (BDI benchmark)
2020-06-29,IND_HAL_PAN,Panamax,Coal,8.75,14559,Synthetic (BDI benchmark)
2020-06-29,IND_HAL_CAP,Capesize,Coal,10.02,15275,Synthetic (BDI benchmark)
2020-06-29,RUS_PAR_PAN,Panamax,Coal,23.09,12455,Synthetic (BDI benchmark)
2020-06-29,RUS_PAR_CAP,Capesize,Coal,21.15,16942,Synthetic (BDI benchmark)
2020-06-29,RUS_VIZ_PAN,Panamax,Coal,22.4,13650,Synthetic (BDI benchmark)
2020-06-29,RUS_VIZ_CAP,Capesize,Coal,22.58,17601,Synthetic (BDI benchmark)
2020-06-29,RUS_DHA_PAN,Panamax,Coal,21.53,10273,Synthetic (BDI benchmark)
2020-06-29,RUS_DHA_CAP,Capesize,Coal,19.61,19010,Synthetic (BDI benchmark)
2020-06-29,RUS_GAN_PAN,Panamax,Coal,19.65,10905,Synthetic (BDI benchmark)
2020-06-29,RUS_GAN_CAP,Capesize,Coal,23.3,19902,Synthetic (BDI benchmark)
2020-06-29,RUS_GOP_PAN,Panamax,Coal,23.57,9019,Synthetic (BDI benchmark)
2020-06-29,RUS_GOP_CAP,Capesize,Coal,19.1,18010,Synthetic (BDI benchmark)
2020-06-29,RUS_HAL_PAN,Panamax,Coal,26.78,12351,Synthetic (BDI benchmark)
2020-06-29,RUS_HAL_CAP,Capesize,Coal,22.31,18599,Synthetic (BDI benchmark)
2020-06-29,MOZ_PAR_PAN,Panamax,Coal,21.64,10544,Synthetic (BDI benchmark)
2020-06-29,MOZ_PAR_CAP,Capesize,Coal,21.82,15333,Synthetic (BDI benchmark)
2020-06-29,MOZ_VIZ_PAN,Panamax,Coal,22.48,13310,Synthetic (BDI benchmark)
2020-06-29,MOZ_VIZ_CAP,Capesize,Coal,18.94,17551,Synthetic (BDI benchmark)
2020-06-29,MOZ_DHA_PAN,Panamax,Coal,19.96,9287,Synthetic (BDI benchmark)
2020-06-29,MOZ_DHA_CAP,Capesize,Coal,18.95,16106,Synthetic (BDI benchmark)
2020-06-29,MOZ_GAN_PAN,Panamax,Coal,23.18,9435,Synthetic (BDI benchmark)
2020-06-29,MOZ_GAN_CAP,Capesize,Coal,24.32,15610,Synthetic (BDI benchmark)
2020-06-29,MOZ_GOP_PAN,Panamax,Coal,20.55,9594,Synthetic (BDI benchmark)
2020-06-29,MOZ_GOP_CAP,Capesize,Coal,20.33,16118,Synthetic (BDI benchmark)
2020-06-29,MOZ_HAL_PAN,Panamax,Coal,21.75,9052,Synthetic (BDI benchmark)
2020-06-29,MOZ_HAL_CAP,Capesize,Coal,19.97,19621,Synthetic (BDI benchmark)
2020-06-29,USA_PAR_PAN,Panamax,Coal,32.52,12629,Synthetic (BDI benchmark)
2020-06-29,USA_PAR_CAP,Capesize,Coal,31.57,19070,Synthetic (BDI benchmark)
2020-06-29,USA_VIZ_PAN,Panamax,Coal,33.08,13447,Synthetic (BDI benchmark)
2020-06-29,USA_VIZ_CAP,Capesize,Coal,35.2,19094,Synthetic (BDI benchmark)
2020-06-29,USA_DHA_PAN,Panamax,Coal,31.28,9250,Synthetic (BDI benchmark)
2020-06-29,USA_DHA_CAP,Capesize,Coal,33.77,16614,Synthetic (BDI benchmark)
2020-06-29,USA_GAN_PAN,Panamax,Coal,32.44,11869,Synthetic (BDI benchmark)
2020-06-29,USA_GAN_CAP,Capesize,Coal,29.08,17565,Synthetic (BDI benchmark)
2020-06-29,USA_GOP_PAN,Panamax,Coal,30.73,12237,Synthetic (BDI benchmark)
2020-06-29,USA_GOP_CAP,Capesize,Coal,31.85,17305,Synthetic (BDI benchmark)
2020-06-29,USA_HAL_PAN,Panamax,Coal,28.69,10952,Synthetic (BDI benchmark)
2020-06-29,USA_HAL_CAP,Capesize,Coal,31.94,15741,Synthetic (BDI benchmark)
2020-07-29,AUS_PAR_PAN,Panamax,Coal,18.1,12339,Synthetic (BDI benchmark)
2020-07-29,AUS_PAR_CAP,Capesize,Coal,18.03,16628,Synthetic (BDI benchmark)
2020-07-29,AUS_VIZ_PAN,Panamax,Coal,15.14,14347,Synthetic (BDI benchmark)
2020-07-29,AUS_VIZ_CAP,Capesize,Coal,16.56,15501,Synthetic (BDI benchmark)
2020-07-29,AUS_DHA_PAN,Panamax,Coal,16.89,11200,Synthetic (BDI benchmark)
2020-07-29,AUS_DHA_CAP,Capesize,Coal,18.47,16083,Synthetic (BDI benchmark)
2020-07-29,AUS_GAN_PAN,Panamax,Coal,17.38,13630,Synthetic (BDI benchmark)
2020-07-29,AUS_GAN_CAP,Capesize,Coal,15.76,17805,Synthetic (BDI benchmark)
2020-07-29,AUS_GOP_PAN,Panamax,Coal,14.97,10429,Synthetic (BDI benchmark)
2020-07-29,AUS_GOP_CAP,Capesize,Coal,16.1,15666,Synthetic (BDI benchmark)
2020-07-29,AUS_HAL_PAN,Panamax,Coal,17.72,11857,Synthetic (BDI benchmark)
2020-07-29,AUS_HAL_CAP,Capesize,Coal,15.86,17827,Synthetic (BDI benchmark)
2020-07-29,IND_PAR_PAN,Panamax,Coal,9.44,12691,Synthetic (BDI benchmark)
2020-07-29,IND_PAR_CAP,Capesize,Coal,12.51,17722,Synthetic (BDI benchmark)
2020-07-29,IND_VIZ_PAN,Panamax,Coal,11.6,9302,Synthetic (BDI benchmark)
2020-07-29,IND_VIZ_CAP,Capesize,Coal,11.69,16064,Synthetic (BDI benchmark)
2020-07-29,IND_DHA_PAN,Panamax,Coal,12.17,13448,Synthetic (BDI benchmark)
2020-07-29,IND_DHA_CAP,Capesize,Coal,10.25,18624,Synthetic (BDI benchmark)
2020-07-29,IND_GAN_PAN,Panamax,Coal,11.76,12512,Synthetic (BDI benchmark)
2020-07-29,IND_GAN_CAP,Capesize,Coal,10.38,15463,Synthetic (BDI benchmark)
2020-07-29,IND_GOP_PAN,Panamax,Coal,10.54,12446,Synthetic (BDI benchmark)
2020-07-29,IND_GOP_CAP,Capesize,Coal,9.54,16194,Synthetic (BDI benchmark)
2020-07-29,IND_HAL_PAN,Panamax,Coal,10.58,11860,Synthetic (BDI benchmark)
2020-07-29,IND_HAL_CAP,Capesize,Coal,11.93,18588,Synthetic (BDI benchmark)
2020-07-29,RUS_PAR_PAN,Panamax,Coal,23.55,14603,Synthetic (BDI benchmark)
2020-07-29,RUS_PAR_CAP,Capesize,Coal,24.3,15939,Synthetic (BDI benchmark)
2020-07-29,RUS_VIZ_PAN,Panamax,Coal,21.9,10939,Synthetic (BDI benchmark)
2020-07-29,RUS_VIZ_CAP,Capesize,Coal,24.68,19463,Synthetic (BDI benchmark)
2020-07-29,RUS_DHA_PAN,Panamax,Coal,21.65,11733,Synthetic (BDI benchmark)
2020-07-29,RUS_DHA_CAP,Capesize,Coal,22.89,16778,Synthetic (BDI benchmark)
2020-07-29,RUS_GAN_PAN,Panamax,Coal,19.86,10313,Synthetic (BDI benchmark)
2020-07-29,RUS_GAN_CAP,Capesize,Coal,21.46,17670,Synthetic (BDI benchmark)
2020-07-29,RUS_GOP_PAN,Panamax,Coal,22.86,14846,Synthetic (BDI benchmark)
2020-07-29,RUS_GOP_CAP,Capesize,Coal,21.34,16258,Synthetic (BDI benchmark)
2020-07-29,RUS_HAL_PAN,Panamax,Coal,22.83,9700,Synthetic (BDI benchmark)
2020-07-29,RUS_HAL_CAP,Capesize,Coal,24.33,19786,Synthetic (BDI benchmark)
2020-07-29,MOZ_PAR_PAN,Panamax,Coal,17.57,13347,Synthetic (BDI benchmark)
2020-07-29,MOZ_PAR_CAP,Capesize,Coal,22.81,19038,Synthetic (BDI benchmark)
2020-07-29,MOZ_VIZ_PAN,Panamax,Coal,19.87,13298,Synthetic (BDI benchmark)
2020-07-29,MOZ_VIZ_CAP,Capesize,Coal,22.3,18934,Synthetic (BDI benchmark)
2020-07-29,MOZ_DHA_PAN,Panamax,Coal,21.11,13419,Synthetic (BDI benchmark)
2020-07-29,MOZ_DHA_CAP,Capesize,Coal,21.3,17355,Synthetic (BDI benchmark)
2020-07-29,MOZ_GAN_PAN,Panamax,Coal,18.12,12248,Synthetic (BDI benchmark)
2020-07-29,MOZ_GAN_CAP,Capesize,Coal,23.37,17792,Synthetic (BDI benchmark)
2020-07-29,MOZ_GOP_PAN,Panamax,Coal,21.89,14949,Synthetic (BDI benchmark)
2020-07-29,MOZ_GOP_CAP,Capesize,Coal,23.24,15120,Synthetic (BDI benchmark)
2020-07-29,MOZ_HAL_PAN,Panamax,Coal,20.43,11618,Synthetic (BDI benchmark)
2020-07-29,MOZ_HAL_CAP,Capesize,Coal,18.34,19963,Synthetic (BDI benchmark)
2020-07-29,USA_PAR_PAN,Panamax,Coal,33.15,11196,Synthetic (BDI benchmark)
2020-07-29,USA_PAR_CAP,Capesize,Coal,29.69,17135,Synthetic (BDI benchmark)
2020-07-29,USA_VIZ_PAN,Panamax,Coal,33.02,10172,Synthetic (BDI benchmark)
2020-07-29,USA_VIZ_CAP,Capesize,Coal,34.38,18698,Synthetic (BDI benchmark)
2020-07-29,USA_DHA_PAN,Panamax,Coal,29.86,14796,Synthetic (BDI benchmark)
2020-07-29,USA_DHA_CAP,Capesize,Coal,35.45,19876,Synthetic (BDI benchmark)
2020-07-29,USA_GAN_PAN,Panamax,Coal,34.6,12361,Synthetic (BDI benchmark)
2020-07-29,USA_GAN_CAP,Capesize,Coal,32.36,16125,Synthetic (BDI benchmark)
2020-07-29,USA_GOP_PAN,Panamax,Coal,35.84,14499,Synthetic (BDI benchmark)
2020-07-29,USA_GOP_CAP,Capesize,Coal,30.26,16913,Synthetic (BDI benchmark)
2020-07-29,USA_HAL_PAN,Panamax,Coal,36.75,10873,Synthetic (BDI benchmark)
2020-07-29,USA_HAL_CAP,Capesize,Coal,28.93,15854,Synthetic (BDI benchmark)
2020-08-28,AUS_PAR_PAN,Panamax,Coal,17.14,10372,Synthetic (BDI benchmark)
2020-08-28,AUS_PAR_CAP,Capesize,Coal,16.85,16327,Synthetic (BDI benchmark)
2020-08-28,AUS_VIZ_PAN,Panamax,Coal,16.52,9010,Synthetic (BDI benchmark)
2020-08-28,AUS_VIZ_CAP,Capesize,Coal,16.05,15257,Synthetic (BDI benchmark)
2020-08-28,AUS_DHA_PAN,Panamax,Coal,16.46,9897,Synthetic (BDI benchmark)
2020-08-28,AUS_DHA_CAP,Capesize,Coal,15.54,17646,Synthetic (BDI benchmark)
2020-08-28,AUS_GAN_PAN,Panamax,Coal,17.55,14614,Synthetic (BDI benchmark)
2020-08-28,AUS_GAN_CAP,Capesize,Coal,17.53,18984,Synthetic (BDI benchmark)
2020-08-28,AUS_GOP_PAN,Panamax,Coal,14.17,10135,Synthetic (BDI benchmark)
2020-08-28,AUS_GOP_CAP,Capesize,Coal,16.04,19623,Synthetic (BDI benchmark)
2020-08-28,AUS_HAL_PAN,Panamax,Coal,16.94,11009,Synthetic (BDI benchmark)
2020-08-28,AUS_HAL_CAP,Capesize,Coal,18.53,19729,Synthetic (BDI benchmark)
2020-08-28,IND_PAR_PAN,Panamax,Coal,9.51,14973,Synthetic (BDI benchmark)
2020-08-28,IND_PAR_CAP,Capesize,Coal,11.33,19687,Synthetic (BDI benchmark)
2020-08-28,IND_VIZ_PAN,Panamax,Coal,9.99,9004,Synthetic (BDI benchmark)
2020-08-28,IND_VIZ_CAP,Capesize,Coal,10.2,15025,Synthetic (BDI benchmark)
2020-08-28,IND_DHA_PAN,Panamax,Coal,9.29,9653,Synthetic (BDI benchmark)
2020-08-28,IND_DHA_CAP,Capesize,Coal,9.09,15156,Synthetic (BDI benchmark)
2020-08-28,IND_GAN_PAN,Panamax,Coal,8.93,10409,Synthetic (BDI benchmark)
2020-08-28,IND_GAN_CAP,Capesize,Coal,9.51,15320,Synthetic (BDI benchmark)
2020-08-28,IND_GOP_PAN,Panamax,Coal,12.98,10471,Synthetic (BDI benchmark)
2020-08-28,IND_GOP_CAP,Capesize,Coal,10.24,18979,Synthetic (BDI benchmark)
2020-08-28,IND_HAL_PAN,Panamax,Coal,10.44,11183,Synthetic (BDI benchmark)
2020-08-28,IND_HAL_CAP,Capesize,Coal,9.44,16741,Synthetic (BDI benchmark)
2020-08-28,RUS_PAR_PAN,Panamax,Coal,22.44,13507,Synthetic (BDI benchmark)
2020-08-28,RUS_PAR_CAP,Capesize,Coal,21.4,17318,Synthetic (BDI benchmark)
2020-08-28,RUS_VIZ_PAN,Panamax,Coal,20.81,11774,Synthetic (BDI benchmark)
2020-08-28,RUS_VIZ_CAP,Capesize,Coal,25.48,18278,Synthetic (BDI benchmark)
2020-08-28,RUS_DHA_PAN,Panamax,Coal,18.92,11936,Synthetic (BDI benchmark)
2020-08-28,RUS_DHA_CAP,Capesize,Coal,20.46,17419,Synthetic (BDI benchmark)
2020-08-28,RUS_GAN_PAN,Panamax,Coal,22.66,10730,Synthetic (BDI benchmark)
2020-08-28,RUS_GAN_CAP,Capesize,Coal,25.64,19889,Synthetic (BDI benchmark)
2020-08-28,RUS_GOP_PAN,Panamax,Coal,23.89,12677,Synthetic (BDI benchmark)
2020-08-28,RUS_GOP_CAP,Capesize,Coal,21.99,15342,Synthetic (BDI benchmark)
2020-08-28,RUS_HAL_PAN,Panamax,Coal,23.49,10094,Synthetic (BDI benchmark)
2020-08-28,RUS_HAL_CAP,Capesize,Coal,22.35,19817,Synthetic (BDI benchmark)
2020-08-28,MOZ_PAR_PAN,Panamax,Coal,20.04,12975,Synthetic (BDI benchmark)
2020-08-28,MOZ_PAR_CAP,Capesize,Coal,21.4,18536,Synthetic (BDI benchmark)
2020-08-28,MOZ_VIZ_PAN,Panamax,Coal,20.01,9365,Synthetic (BDI benchmark)
2020-08-28,MOZ_VIZ_CAP,Capesize,Coal,19.61,18686,Synthetic (BDI benchmark)
2020-08-28,MOZ_DHA_PAN,Panamax,Coal,22.26,9309,Synthetic (BDI benchmark)
2020-08-28,MOZ_DHA_CAP,Capesize,Coal,20.65,18888,Synthetic (BDI benchmark)
2020-08-28,MOZ_GAN_PAN,Panamax,Coal,19.42,13561,Synthetic (BDI benchmark)
2020-08-28,MOZ_GAN_CAP,Capesize,Coal,20.49,17402,Synthetic (BDI benchmark)
2020-08-28,MOZ_GOP_PAN,Panamax,Coal,19.81,13891,Synthetic (BDI benchmark)
2020-08-28,MOZ_GOP_CAP,Capesize,Coal,22.36,19675,Synthetic (BDI benchmark)
2020-08-28,MOZ_HAL_PAN,Panamax,Coal,18.57,9987,Synthetic (BDI benchmark)
2020-08-28,MOZ_HAL_CAP,Capesize,Coal,21.65,15076,Synthetic (BDI benchmark)
2020-08-28,USA_PAR_PAN,Panamax,Coal,36.5,13964,Synthetic (BDI benchmark)
2020-08-28,USA_PAR_CAP,Capesize,Coal,28.46,16333,Synthetic (BDI benchmark)
2020-08-28,USA_VIZ_PAN,Panamax,Coal,29.14,9296,Synthetic (BDI benchmark)
2020-08-28,USA_VIZ_CAP,Capesize,Coal,31.91,15104,Synthetic (BDI benchmark)
2020-08-28,USA_DHA_PAN,Panamax,Coal,34.95,10782,Synthetic (BDI benchmark)
2020-08-28,USA_DHA_CAP,Capesize,Coal,34.47,19210,Synthetic (BDI benchmark)
2020-08-28,USA_GAN_PAN,Panamax,Coal,30.8,13905,Synthetic (BDI benchmark)
2020-08-28,USA_GAN_CAP,Capesize,Coal,33.51,17631,Synthetic (BDI benchmark)
2020-08-28,USA_GOP_PAN,Panamax,Coal,28.99,14878,Synthetic (BDI benchmark)
2020-08-28,USA_GOP_CAP,Capesize,Coal,31.38,15525,Synthetic (BDI benchmark)
2020-08-28,USA_HAL_PAN,Panamax,Coal,31.64,10549,Synthetic (BDI benchmark)
2020-08-28,USA_HAL_CAP,Capesize,Coal,35.25,17756,Synthetic (BDI benchmark)
2020-09-27,AUS_PAR_PAN,Panamax,Coal,15.82,11720,Synthetic (BDI benchmark)
2020-09-27,AUS_PAR_CAP,Capesize,Coal,18.4,15891,Synthetic (BDI benchmark)
2020-09-27,AUS_VIZ_PAN,Panamax,Coal,16.43,11383,Synthetic (BDI benchmark)
2020-09-27,AUS_VIZ_CAP,Capesize,Coal,16.35,18509,Synthetic (BDI benchmark)
2020-09-27,AUS_DHA_PAN,Panamax,Coal,17.12,12825,Synthetic (BDI benchmark)
2020-09-27,AUS_DHA_CAP,Capesize,Coal,15.42,15074,Synthetic (BDI benchmark)
2020-09-27,AUS_GAN_PAN,Panamax,Coal,16.2,12869,Synthetic (BDI benchmark)
2020-09-27,AUS_GAN_CAP,Capesize,Coal,16.81,17668,Synthetic (BDI benchmark)
2020-09-27,AUS_GOP_PAN,Panamax,Coal,16.79,11696,Synthetic (BDI benchmark)
2020-09-27,AUS_GOP_CAP,Capesize,Coal,18.22,17396,Synthetic (BDI benchmark)
2020-09-27,AUS_HAL_PAN,Panamax,Coal,18.65,9732,Synthetic (BDI benchmark)
2020-09-27,AUS_HAL_CAP,Capesize,Coal,16.04,15976,Synthetic (BDI benchmark)
2020-09-27,IND_PAR_PAN,Panamax,Coal,10.57,10214,Synthetic (BDI benchmark)
2020-09-27,IND_PAR_CAP,Capesize,Coal,9.53,17952,Synthetic (BDI benchmark)
2020-09-27,IND_VIZ_PAN,Panamax,Coal,9.72,9849,Synthetic (BDI benchmark)
2020-09-27,IND_VIZ_CAP,Capesize,Coal,10.01,15134,Synthetic (BDI benchmark)
2020-09-27,IND_DHA_PAN,Panamax,Coal,10.75,11684,Synthetic (BDI benchmark)
2020-09-27,IND_DHA_CAP,Capesize,Coal,11.71,19862,Synthetic (BDI benchmark)
2020-09-27,IND_GAN_PAN,Panamax,Coal,9.89,9253,Synthetic (BDI benchmark)
2020-09-27,IND_GAN_CAP,Capesize,Coal,9.99,19605,Synthetic (BDI benchmark)
2020-09-27,IND_GOP_PAN,Panamax,Coal,9.77,11624,Synthetic (BDI benchmark)
2020-09-27,IND_GOP_CAP,Capesize,Coal,9.75,17086,Synthetic (BDI benchmark)
2020-09-27,IND_HAL_PAN,Panamax,Coal,10.91,12905,Synthetic (BDI benchmark)
2020-09-27,IND_HAL_CAP,Capesize,Coal,9.87,19426,Synthetic (BDI benchmark)
2020-09-27,RUS_PAR_PAN,Panamax,Coal,26.77,9751,Synthetic (BDI benchmark)
2020-09-27,RUS_PAR_CAP,Capesize,Coal,22.15,15228,Synthetic (BDI benchmark)
2020-09-27,RUS_VIZ_PAN,Panamax,Coal,19.99,11466,Synthetic (BDI benchmark)
2020-09-27,RUS_VIZ_CAP,Capesize,Coal,22.09,15621,Synthetic (BDI benchmark)
2020-09-27,RUS_DHA_PAN,Panamax,Coal,23.14,12000,Synthetic (BDI benchmark)
2020-09-27,RUS_DHA_CAP,Capesize,Coal,23.83,18012,Synthetic (BDI benchmark)
2020-09-27,RUS_GAN_PAN,Panamax,Coal,21.6,9404,Synthetic (BDI benchmark)
2020-09-27,RUS_GAN_CAP,Capesize,Coal,25.14,15245,Synthetic (BDI benchmark)
2020-09-27,RUS_GOP_PAN,Panamax,Coal,21.12,13293,Synthetic (BDI benchmark)
2020-09-27,RUS_GOP_CAP,Capesize,Coal,25.43,17448,Synthetic (BDI benchmark)
2020-09-27,RUS_HAL_PAN,Panamax,Coal,21.52,14765,Synthetic (BDI benchmark)
2020-09-27,RUS_HAL_CAP,Capesize,Coal,21.78,18640,Synthetic (BDI benchmark)
2020-09-27,MOZ_PAR_PAN,Panamax,Coal,20.23,11191,Synthetic (BDI benchmark)
2020-09-27,MOZ_PAR_CAP,Capesize,Coal,23.23,17579,Synthetic (BDI benchmark)
2020-09-27,MOZ_VIZ_PAN,Panamax,Coal,21.01,11250,Synthetic (BDI benchmark)
2020-09-27,MOZ_VIZ_CAP,Capesize,Coal,19.32,18773,Synthetic (BDI benchmark)
2020-09-27,MOZ_DHA_PAN,Panamax,Coal,22.85,11313,Synthetic (BDI benchmark)
2020-09-27,MOZ_DHA_CAP,Capesize,Coal,22.39,18734,Synthetic (BDI benchmark)
2020-09-27,MOZ_GAN_PAN,Panamax,Coal,22.12,10151,Synthetic (BDI benchmark)
2020-09-27,MOZ_GAN_CAP,Capesize,Coal,22.4,15837,Synthetic (BDI benchmark)
2020-09-27,MOZ_GOP_PAN,Panamax,Coal,19.5,9247,Synthetic (BDI benchmark)
2020-09-27,MOZ_GOP_CAP,Capesize,Coal,19.38,15640,Synthetic (BDI benchmark)
2020-09-27,MOZ_HAL_PAN,Panamax,Coal,23.6,13121,Synthetic (BDI benchmark)
2020-09-27,MOZ_HAL_CAP,Capesize,Coal,20.73,19082,Synthetic (BDI benchmark)
2020-09-27,USA_PAR_PAN,Panamax,Coal,28.93,11515,Synthetic (BDI benchmark)
2020-09-27,USA_PAR_CAP,Capesize,Coal,31.1,16350,Synthetic (BDI benchmark)
2020-09-27,USA_VIZ_PAN,Panamax,Coal,37.17,9095,Synthetic (BDI benchmark)
2020-09-27,USA_VIZ_CAP,Capesize,Coal,33.27,17620,Synthetic (BDI benchmark)
2020-09-27,USA_DHA_PAN,Panamax,Coal,30.04,12719,Synthetic (BDI benchmark)
2020-09-27,USA_DHA_CAP,Capesize,Coal,32.52,18645,Synthetic (BDI benchmark)
2020-09-27,USA_GAN_PAN,Panamax,Coal,36.62,9659,Synthetic (BDI benchmark)
2020-09-27,USA_GAN_CAP,Capesize,Coal,31.34,19612,Synthetic (BDI benchmark)
2020-09-27,USA_GOP_PAN,Panamax,Coal,32.93,12798,Synthetic (BDI benchmark)
2020-09-27,USA_GOP_CAP,Capesize,Coal,33.34,16130,Synthetic (BDI benchmark)
2020-09-27,USA_HAL_PAN,Panamax,Coal,35.16,12566,Synthetic (BDI benchmark)
2020-09-27,USA_HAL_CAP,Capesize,Coal,35.3,15900,Synthetic (BDI benchmark)
2020-10-27,AUS_PAR_PAN,Panamax,Coal,16.55,10829,Synthetic (BDI benchmark)
2020-10-27,AUS_PAR_CAP,Capesize,Coal,17.6,15525,Synthetic (BDI benchmark)
2020-10-27,AUS_VIZ_PAN,Panamax,Coal,17.67,11809,Synthetic (BDI benchmark)
2020-10-27,AUS_VIZ_CAP,Capesize,Coal,14.31,15039,Synthetic (BDI benchmark)
2020-10-27,AUS_DHA_PAN,Panamax,Coal,16.88,10173,Synthetic (BDI benchmark)
2020-10-27,AUS_DHA_CAP,Capesize,Coal,15.06,19915,Synthetic (BDI benchmark)
2020-10-27,AUS_GAN_PAN,Panamax,Coal,16.17,13409,Synthetic (BDI benchmark)
2020-10-27,AUS_GAN_CAP,Capesize,Coal,15.54,18803,Synthetic (BDI benchmark)
2020-10-27,AUS_GOP_PAN,Panamax,Coal,18.04,9101,Synthetic (BDI benchmark)
2020-10-27,AUS_GOP_CAP,Capesize,Coal,16.97,19900,Synthetic (BDI benchmark)
2020-10-27,AUS_HAL_PAN,Panamax,Coal,14.51,12203,Synthetic (BDI benchmark)
2020-10-27,AUS_HAL_CAP,Capesize,Coal,16.59,15849,Synthetic (BDI benchmark)
2020-10-27,IND_PAR_PAN,Panamax,Coal,12.01,10280,Synthetic (BDI benchmark)
2020-10-27,IND_PAR_CAP,Capesize,Coal,10.2,19418,Synthetic (BDI benchmark)
2020-10-27,IND_VIZ_PAN,Panamax,Coal,9.46,11832,Synthetic (BDI benchmark)
2020-10-27,IND_VIZ_CAP,Capesize,Coal,8.46,17977,Synthetic (BDI benchmark)
2020-10-27,IND_DHA_PAN,Panamax,Coal,9.73,9555,Synthetic (BDI benchmark)
2020-10-27,IND_DHA_CAP,Capesize,Coal,10.66,17322,Synthetic (BDI benchmark)
2020-10-27,IND_GAN_PAN,Panamax,Coal,10.2,11236,Synthetic (BDI benchmark)
2020-10-27,IND_GAN_CAP,Capesize,Coal,11.11,16121,Synthetic (BDI benchmark)
2020-10-27,IND_GOP_PAN,Panamax,Coal,9.37,13664,Synthetic (BDI benchmark)
2020-10-27,IND_GOP_CAP,Capesize,Coal,10.25,17510,Synthetic (BDI benchmark)
2020-10-27,IND_HAL_PAN,Panamax,Coal,9.4,11573,Synthetic (BDI benchmark)
2020-10-27,IND_HAL_CAP,Capesize,Coal,10.8,18832,Synthetic (BDI benchmark)
2020-10-27,RUS_PAR_PAN,Panamax,Coal,23.97,11367,Synthetic (BDI benchmark)
2020-10-27,RUS_PAR_CAP,Capesize,Coal,21.74,18800,Synthetic (BDI benchmark)
2020-10-27,RUS_VIZ_PAN,Panamax,Coal,26.63,13783,Synthetic (BDI benchmark)
2020-10-27,RUS_VIZ_CAP,Capesize,Coal,21.5,17076,Synthetic (BDI benchmark)
2020-10-27,RUS_DHA_PAN,Panamax,Coal,18.97,11660,Synthetic (BDI benchmark)
2020-10-27,RUS_DHA_CAP,Capesize,Coal,23.99,17196,Synthetic (BDI benchmark)
2020-10-27,RUS_GAN_PAN,Panamax,Coal,23.39,13527,Synthetic (BDI benchmark)
2020-10-27,RUS_GAN_CAP,Capesize,Coal,24.65,16636,Synthetic (BDI benchmark)
2020-10-27,RUS_GOP_PAN,Panamax,Coal,21.68,12544,Synthetic (BDI benchmark)
2020-10-27,RUS_GOP_CAP,Capesize,Coal,25.73,16508,Synthetic (BDI benchmark)
2020-10-27,RUS_HAL_PAN,Panamax,Coal,21.05,10684,Synthetic (BDI benchmark)
2020-10-27,RUS_HAL_CAP,Capesize,Coal,20.3,16029,Synthetic (BDI benchmark)
2020-10-27,MOZ_PAR_PAN,Panamax,Coal,21.98,12588,Synthetic (BDI benchmark)
2020-10-27,MOZ_PAR_CAP,Capesize,Coal,20.12,17979,Synthetic (BDI benchmark)
2020-10-27,MOZ_VIZ_PAN,Panamax,Coal,18.91,12162,Synthetic (BDI benchmark)
2020-10-27,MOZ_VIZ_CAP,Capesize,Coal,20.99,16453,Synthetic (BDI benchmark)
2020-10-27,MOZ_DHA_PAN,Panamax,Coal,23.01,12634,Synthetic (BDI benchmark)
2020-10-27,MOZ_DHA_CAP,Capesize,Coal,21.99,16063,Synthetic (BDI benchmark)
2020-10-27,MOZ_GAN_PAN,Panamax,Coal,22.9,11458,Synthetic (BDI benchmark)
2020-10-27,MOZ_GAN_CAP,Capesize,Coal,21.82,17410,Synthetic (BDI benchmark)
2020-10-27,MOZ_GOP_PAN,Panamax,Coal,19.19,9599,Synthetic (BDI benchmark)
2020-10-27,MOZ_GOP_CAP,Capesize,Coal,19.91,18106,Synthetic (BDI benchmark)
2020-10-27,MOZ_HAL_PAN,Panamax,Coal,18.24,11678,Synthetic (BDI benchmark)
2020-10-27,MOZ_HAL_CAP,Capesize,Coal,21.67,15227,Synthetic (BDI benchmark)
2020-10-27,USA_PAR_PAN,Panamax,Coal,29.59,13108,Synthetic (BDI benchmark)
2020-10-27,USA_PAR_CAP,Capesize,Coal,35.37,15879,Synthetic (BDI benchmark)
2020-10-27,USA_VIZ_PAN,Panamax,Coal,34.06,14502,Synthetic (BDI benchmark)
2020-10-27,USA_VIZ_CAP,Capesize,Coal,31.61,18457,Synthetic (BDI benchmark)
2020-10-27,USA_DHA_PAN,Panamax,Coal,33.04,14748,Synthetic (BDI benchmark)
2020-10-27,USA_DHA_CAP,Capesize,Coal,31.26,19700,Synthetic (BDI benchmark)
2020-10-27,USA_GAN_PAN,Panamax,Coal,29.88,9444,Synthetic (BDI benchmark)
2020-10-27,USA_GAN_CAP,Capesize,Coal,34.9,15020,Synthetic (BDI benchmark)
2020-10-27,USA_GOP_PAN,Panamax,Coal,35.55,11302,Synthetic (BDI benchmark)
2020-10-27,USA_GOP_CAP,Capesize,Coal,31.06,16875,Synthetic (BDI benchmark)
2020-10-27,USA_HAL_PAN,Panamax,Coal,30.01,12424,Synthetic (BDI benchmark)
2020-10-27,USA_HAL_CAP,Capesize,Coal,33.12,16096,Synthetic (BDI benchmark)
2020-11-26,AUS_PAR_PAN,Panamax,Coal,17.44,12470,Synthetic (BDI benchmark)
2020-11-26,AUS_PAR_CAP,Capesize,Coal,15.44,18424,Synthetic (BDI benchmark)
2020-11-26,AUS_VIZ_PAN,Panamax,Coal,18.61,14160,Synthetic (BDI benchmark)
2020-11-26,AUS_VIZ_CAP,Capesize,Coal,16.03,17344,Synthetic (BDI benchmark)
2020-11-26,AUS_DHA_PAN,Panamax,Coal,18.01,14615,Synthetic (BDI benchmark)
2020-11-26,AUS_DHA_CAP,Capesize,Coal,17.15,18679,Synthetic (BDI benchmark)
2020-11-26,AUS_GAN_PAN,Panamax,Coal,17.97,10653,Synthetic (BDI benchmark)
2020-11-26,AUS_GAN_CAP,Capesize,Coal,15.04,16347,Synthetic (BDI benchmark)
2020-11-26,AUS_GOP_PAN,Panamax,Coal,17.11,10720,Synthetic (BDI benchmark)
2020-11-26,AUS_GOP_CAP,Capesize,Coal,17.47,18585,Synthetic (BDI benchmark)
2020-11-26,AUS_HAL_PAN,Panamax,Coal,18.82,10708,Synthetic (BDI benchmark)
2020-11-26,AUS_HAL_CAP,Capesize,Coal,18.19,15122,Synthetic (BDI benchmark)
2020-11-26,IND_PAR_PAN,Panamax,Coal,10.87,11695,Synthetic (BDI benchmark)
2020-11-26,IND_PAR_CAP,Capesize,Coal,9.94,18639,Synthetic (BDI benchmark)
2020-11-26,IND_VIZ_PAN,Panamax,Coal,10.54,14313,Synthetic (BDI benchmark)
2020-11-26,IND_VIZ_CAP,Capesize,Coal,11.21,15624,Synthetic (BDI benchmark)
2020-11-26,IND_DHA_PAN,Panamax,Coal,9.97,11620,Synthetic (BDI benchmark)
2020-11-26,IND_DHA_CAP,Capesize,Coal,11.69,16078,Synthetic (BDI benchmark)
2020-11-26,IND_GAN_PAN,Panamax,Coal,10.01,11651,Synthetic (BDI benchmark)
2020-11-26,IND_GAN_CAP,Capesize,Coal,11.09,18755,Synthetic (BDI benchmark)
2020-11-26,IND_GOP_PAN,Panamax,Coal,10.89,12347,Synthetic (BDI benchmark)
2020-11-26,IND_GOP_CAP,Capesize,Coal,8.6,18283,Synthetic (BDI benchmark)
2020-11-26,IND_HAL_PAN,Panamax,Coal,12.04,11780,Synthetic (BDI benchmark)
2020-11-26,IND_HAL_CAP,Capesize,Coal,12.23,18040,Synthetic (BDI benchmark)
2020-11-26,RUS_PAR_PAN,Panamax,Coal,19.21,13454,Synthetic (BDI benchmark)
2020-11-26,RUS_PAR_CAP,Capesize,Coal,20.53,17408,Synthetic (BDI benchmark)
2020-11-26,RUS_VIZ_PAN,Panamax,Coal,22.44,10429,Synthetic (BDI benchmark)
2020-11-26,RUS_VIZ_CAP,Capesize,Coal,18.59,16966,Synthetic (BDI benchmark)
2020-11-26,RUS_DHA_PAN,Panamax,Coal,23.22,11496,Synthetic (BDI benchmark)
2020-11-26,RUS_DHA_CAP,Capesize,Coal,25.54,16946,Synthetic (BDI benchmark)
2020-11-26,RUS_GAN_PAN,Panamax,Coal,23.63,10736,Synthetic (BDI benchmark)
2020-11-26,RUS_GAN_CAP,Capesize,Coal,22.85,18396,Synthetic (BDI benchmark)
2020-11-26,RUS_GOP_PAN,Panamax,Coal,24.85,11796,Synthetic (BDI benchmark)
2020-11-26,RUS_GOP_CAP,Capesize,Coal,19.83,18522,Synthetic (BDI benchmark)
2020-11-26,RUS_HAL_PAN,Panamax,Coal,23.44,10048,Synthetic (BDI benchmark)
2020-11-26,RUS_HAL_CAP,Capesize,Coal,20.21,16093,Synthetic (BDI benchmark)
2020-11-26,MOZ_PAR_PAN,Panamax,Coal,22.27,9439,Synthetic (BDI benchmark)
2020-11-26,MOZ_PAR_CAP,Capesize,Coal,19.67,19779,Synthetic (BDI benchmark)
2020-11-26,MOZ_VIZ_PAN,Panamax,Coal,18.93,12757,Synthetic (BDI benchmark)
2020-11-26,MOZ_VIZ_CAP,Capesize,Coal,20.39,18734,Synthetic (BDI benchmark)
2020-11-26,MOZ_DHA_PAN,Panamax,Coal,19.15,13639,Synthetic (BDI benchmark)
2020-11-26,MOZ_DHA_CAP,Capesize,Coal,18.95,18270,Synthetic (BDI benchmark)
2020-11-26,MOZ_GAN_PAN,Panamax,Coal,19.9,14179,Synthetic (BDI benchmark)
2020-11-26,MOZ_GAN_CAP,Capesize,Coal,24.1,19332,Synthetic (BDI benchmark)
2020-11-26,MOZ_GOP_PAN,Panamax,Coal,20.51,9659,Synthetic (BDI benchmark)
2020-11-26,MOZ_GOP_CAP,Capesize,Coal,23.59,18275,Synthetic (BDI benchmark)
2020-11-26,MOZ_HAL_PAN,Panamax,Coal,22.11,10825,Synthetic (BDI benchmark)
2020-11-26,MOZ_HAL_CAP,Capesize,Coal,19.16,16179,Synthetic (BDI benchmark)
2020-11-26,USA_PAR_PAN,Panamax,Coal,34.44,13101,Synthetic (BDI benchmark)
2020-11-26,USA_PAR_CAP,Capesize,Coal,31.56,15140,Synthetic (BDI benchmark)
2020-11-26,USA_VIZ_PAN,Panamax,Coal,32.44,10098,Synthetic (BDI benchmark)
2020-11-26,USA_VIZ_CAP,Capesize,Coal,33.14,16361,Synthetic (BDI benchmark)
2020-11-26,USA_DHA_PAN,Panamax,Coal,30.55,12969,Synthetic (BDI benchmark)
2020-11-26,USA_DHA_CAP,Capesize,Coal,35.19,15574,Synthetic (BDI benchmark)
2020-11-26,USA_GAN_PAN,Panamax,Coal,34.09,12935,Synthetic (BDI benchmark)
2020-11-26,USA_GAN_CAP,Capesize,Coal,33.94,18520,Synthetic (BDI benchmark)
2020-11-26,USA_GOP_PAN,Panamax,Coal,30.49,12939,Synthetic (BDI benchmark)
2020-11-26,USA_GOP_CAP,Capesize,Coal,30.94,18994,Synthetic (BDI benchmark)
2020-11-26,USA_HAL_PAN,Panamax,Coal,37.33,12574,Synthetic (BDI benchmark)
2020-11-26,USA_HAL_CAP,Capesize,Coal,32.23,18702,Synthetic (BDI benchmark)
2020-12-26,AUS_PAR_PAN,Panamax,Coal,17.7,13754,Synthetic (BDI benchmark)
2020-12-26,AUS_PAR_CAP,Capesize,Coal,16.66,18941,Synthetic (BDI benchmark)
2020-12-26,AUS_VIZ_PAN,Panamax,Coal,14.65,9430,Synthetic (BDI benchmark)
2020-12-26,AUS_VIZ_CAP,Capesize,Coal,17.87,18457,Synthetic (BDI benchmark)
2020-12-26,AUS_DHA_PAN,Panamax,Coal,15.64,11983,Synthetic (BDI benchmark)
2020-12-26,AUS_DHA_CAP,Capesize,Coal,16.55,17361,Synthetic (BDI benchmark)
2020-12-26,AUS_GAN_PAN,Panamax,Coal,15.39,12816,Synthetic (BDI benchmark)
2020-12-26,AUS_GAN_CAP,Capesize,Coal,17.22,16549,Synthetic (BDI benchmark)
2020-12-26,AUS_GOP_PAN,Panamax,Coal,17.3,13005,Synthetic (BDI benchmark)
2020-12-26,AUS_GOP_CAP,Capesize,Coal,16.18,17445,Synthetic (BDI benchmark)
2020-12-26,AUS_HAL_PAN,Panamax,Coal,14.5,9334,Synthetic (BDI benchmark)
2020-12-26,AUS_HAL_CAP,Capesize,Coal,17.17,16434,Synthetic (BDI benchmark)
2020-12-26,IND_PAR_PAN,Panamax,Coal,11.38,10584,Synthetic (BDI benchmark)
2020-12-26,IND_PAR_CAP,Capesize,Coal,10.52,19029,Synthetic (BDI benchmark)
2020-12-26,IND_VIZ_PAN,Panamax,Coal,12.17,13301,Synthetic (BDI benchmark)
2020-12-26,IND_VIZ_CAP,Capesize,Coal,11.92,18713,Synthetic (BDI benchmark)
2020-12-26,IND_DHA_PAN,Panamax,Coal,10.33,12659,Synthetic (BDI benchmark)
2020-12-26,IND_DHA_CAP,Capesize,Coal,10.93,17423,Synthetic (BDI benchmark)
2020-12-26,IND_GAN_PAN,Panamax,Coal,11.44,9552,Synthetic (BDI benchmark)
2020-12-26,IND_GAN_CAP,Capesize,Coal,11.23,17200,Synthetic (BDI benchmark)
2020-12-26,IND_GOP_PAN,Panamax,Coal,11.75,9312,Synthetic (BDI benchmark)
2020-12-26,IND_GOP_CAP,Capesize,Coal,10.21,17544,Synthetic (BDI benchmark)
2020-12-26,IND_HAL_PAN,Panamax,Coal,9.37,10180,Synthetic (BDI benchmark)
2020-12-26,IND_HAL_CAP,Capesize,Coal,9.76,15590,Synthetic (BDI benchmark)
2020-12-26,RUS_PAR_PAN,Panamax,Coal,25.18,9315,Synthetic (BDI benchmark)
2020-12-26,RUS_PAR_CAP,Capesize,Coal,26.34,18868,Synthetic (BDI benchmark)
2020-12-26,RUS_VIZ_PAN,Panamax,Coal,24.12,11362,Synthetic (BDI benchmark)
2020-12-26,RUS_VIZ_CAP,Capesize,Coal,22.59,18406,Synthetic (BDI benchmark)
2020-12-26,RUS_DHA_PAN,Panamax,Coal,22.02,9379,Synthetic (BDI benchmark)
2020-12-26,RUS_DHA_CAP,Capesize,Coal,24.66,19966,Synthetic (BDI benchmark)
2020-12-26,RUS_GAN_PAN,Panamax,Coal,22.8,12937,Synthetic (BDI benchmark)
2020-12-26,RUS_GAN_CAP,Capesize,Coal,21.98,17184,Synthetic (BDI benchmark)
2020-12-26,RUS_GOP_PAN,Panamax,Coal,20.06,12232,Synthetic (BDI benchmark)
2020-12-26,RUS_GOP_CAP,Capesize,Coal,21.45,15547,Synthetic (BDI benchmark)
2020-12-26,RUS_HAL_PAN,Panamax,Coal,20.27,14518,Synthetic (BDI benchmark)
2020-12-26,RUS_HAL_CAP,Capesize,Coal,21.07,15324,Synthetic (BDI benchmark)
2020-12-26,MOZ_PAR_PAN,Panamax,Coal,23.24,9231,Synthetic (BDI benchmark)
2020-12-26,MOZ_PAR_CAP,Capesize,Coal,18.74,18821,Synthetic (BDI benchmark)
2020-12-26,MOZ_VIZ_PAN,Panamax,Coal,20.22,13584,Synthetic (BDI benchmark)
2020-12-26,MOZ_VIZ_CAP,Capesize,Coal,18.25,18937,Synthetic (BDI benchmark)
2020-12-26,MOZ_DHA_PAN,Panamax,Coal,20.73,9976,Synthetic (BDI benchmark)
2020-12-26,MOZ_DHA_CAP,Capesize,Coal,21.4,17188,Synthetic (BDI benchmark)
2020-12-26,MOZ_GAN_PAN,Panamax,Coal,21.38,10254,Synthetic (BDI benchmark)
2020-12-26,MOZ_GAN_CAP,Capesize,Coal,21.89,15485,Synthetic (BDI benchmark)
2020-12-26,MOZ_GOP_PAN,Panamax,Coal,23.44,14865,Synthetic (BDI benchmark)
2020-12-26,MOZ_GOP_CAP,Capesize,Coal,23.15,15277,Synthetic (BDI benchmark)
2020-12-26,MOZ_HAL_PAN,Panamax,Coal,21.65,11912,Synthetic (BDI benchmark)
2020-12-26,MOZ_HAL_CAP,Capesize,Coal,21.83,17849,Synthetic (BDI benchmark)
2020-12-26,USA_PAR_PAN,Panamax,Coal,29.4,11332,Synthetic (BDI benchmark)
2020-12-26,USA_PAR_CAP,Capesize,Coal,37.89,19080,Synthetic (BDI benchmark)
2020-12-26,USA_VIZ_PAN,Panamax,Coal,33.91,10313,Synthetic (BDI benchmark)
2020-12-26,USA_VIZ_CAP,Capesize,Coal,31.35,19514,Synthetic (BDI benchmark)
2020-12-26,USA_DHA_PAN,Panamax,Coal,34.68,14018,Synthetic (BDI benchmark)
2020-12-26,USA_DHA_CAP,Capesize,Coal,32.83,16709,Synthetic (BDI benchmark)
2020-12-26,USA_GAN_PAN,Panamax,Coal,29.99,11387,Synthetic (BDI benchmark)
2020-12-26,USA_GAN_CAP,Capesize,Coal,35.34,19725,Synthetic (BDI benchmark)
2020-12-26,USA_GOP_PAN,Panamax,Coal,30.67,11672,Synthetic (BDI benchmark)
2020-12-26,USA_GOP_CAP,Capesize,Coal,36.1,19801,Synthetic (BDI benchmark)
2020-12-26,USA_HAL_PAN,Panamax,Coal,29.89,9175,Synthetic (BDI benchmark)
2020-12-26,USA_HAL_CAP,Capesize,Coal,32.18,16554,Synthetic (BDI benchmark)
2021-01-25,AUS_PAR_PAN,Panamax,Coal,17.18,13811,Synthetic (BDI benchmark)
2021-01-25,AUS_PAR_CAP,Capesize,Coal,18.1,15166,Synthetic (BDI benchmark)
2021-01-25,AUS_VIZ_PAN,Panamax,Coal,15.77,9007,Synthetic (BDI benchmark)
2021-01-25,AUS_VIZ_CAP,Capesize,Coal,18.71,17890,Synthetic (BDI benchmark)
2021-01-25,AUS_DHA_PAN,Panamax,Coal,16.12,11133,Synthetic (BDI benchmark)
2021-01-25,AUS_DHA_CAP,Capesize,Coal,18.11,18560,Synthetic (BDI benchmark)
2021-01-25,AUS_GAN_PAN,Panamax,Coal,17.57,12172,Synthetic (BDI benchmark)
2021-01-25,AUS_GAN_CAP,Capesize,Coal,17.17,19154,Synthetic (BDI benchmark)
2021-01-25,AUS_GOP_PAN,Panamax,Coal,16.06,11934,Synthetic (BDI benchmark)
2021-01-25,AUS_GOP_CAP,Capesize,Coal,15.84,15706,Synthetic (BDI benchmark)
2021-01-25,AUS_HAL_PAN,Panamax,Coal,16.44,12443,Synthetic (BDI benchmark)
2021-01-25,AUS_HAL_CAP,Capesize,Coal,18.99,15158,Synthetic (BDI benchmark)
2021-01-25,IND_PAR_PAN,Panamax,Coal,8.97,12890,Synthetic (BDI benchmark)
2021-01-25,IND_PAR_CAP,Capesize,Coal,11.28,16910,Synthetic (BDI benchmark)
2021-01-25,IND_VIZ_PAN,Panamax,Coal,11.1,9190,Synthetic (BDI benchmark)
2021-01-25,IND_VIZ_CAP,Capesize,Coal,10.35,18947,Synthetic (BDI benchmark)
2021-01-25,IND_DHA_PAN,Panamax,Coal,12.71,12400,Synthetic (BDI benchmark)
2021-01-25,IND_DHA_CAP,Capesize,Coal,8.6,17207,Synthetic (BDI benchmark)
2021-01-25,IND_GAN_PAN,Panamax,Coal,10.61,11043,Synthetic (BDI benchmark)
2021-01-25,IND_GAN_CAP,Capesize,Coal,11.12,17958,Synthetic (BDI benchmark)
2021-01-25,IND_GOP_PAN,Panamax,Coal,10.55,14653,Synthetic (BDI benchmark)
2021-01-25,IND_GOP_CAP,Capesize,Coal,10.7,18496,Synthetic (BDI benchmark)
2021-01-25,IND_HAL_PAN,Panamax,Coal,9.06,9512,Synthetic (BDI benchmark)
2021-01-25,IND_HAL_CAP,Capesize,Coal,10.21,15822,Synthetic (BDI benchmark)
2021-01-25,RUS_PAR_PAN,Panamax,Coal,23.59,13190,Synthetic (BDI benchmark)
2021-01-25,RUS_PAR_CAP,Capesize,Coal,21.38,18995,Synthetic (BDI benchmark)
2021-01-25,RUS_VIZ_PAN,Panamax,Coal,23.0,13468,Synthetic (BDI benchmark)
2021-01-25,RUS_VIZ_CAP,Capesize,Coal,22.59,15116,Synthetic (BDI benchmark)
2021-01-25,RUS_DHA_PAN,Panamax,Coal,25.18,11690,Synthetic (BDI benchmark)
2021-01-25,RUS_DHA_CAP,Capesize,Coal,21.31,19410,Synthetic (BDI benchmark)
2021-01-25,RUS_GAN_PAN,Panamax,Coal,22.83,13638,Synthetic (BDI benchmark)
2021-01-25,RUS_GAN_CAP,Capesize,Coal,19.68,19551,Synthetic (BDI benchmark)
2021-01-25,RUS_GOP_PAN,Panamax,Coal,20.19,12411,Synthetic (BDI benchmark)
2021-01-25,RUS_GOP_CAP,Capesize,Coal,21.11,16078,Synthetic (BDI benchmark)
2021-01-25,RUS_HAL_PAN,Panamax,Coal,25.84,13071,Synthetic (BDI benchmark)
2021-01-25,RUS_HAL_CAP,Capesize,Coal,25.15,17278,Synthetic (BDI benchmark)
2021-01-25,MOZ_PAR_PAN,Panamax,Coal,21.11,12747,Synthetic (BDI benchmark)
2021-01-25,MOZ_PAR_CAP,Capesize,Coal,20.62,19393,Synthetic (BDI benchmark)
2021-01-25,MOZ_VIZ_PAN,Panamax,Coal,22.47,14552,Synthetic (BDI benchmark)
2021-01-25,MOZ_VIZ_CAP,Capesize,Coal,22.69,17101,Synthetic (BDI benchmark)
2021-01-25,MOZ_DHA_PAN,Panamax,Coal,21.43,14069,Synthetic (BDI benchmark)
2021-01-25,MOZ_DHA_CAP,Capesize,Coal,19.28,16897,Synthetic (BDI benchmark)
2021-01-25,MOZ_GAN_PAN,Panamax,Coal,22.69,13543,Synthetic (BDI benchmark)
2021-01-25,MOZ_GAN_CAP,Capesize,Coal,21.14,15964,Synthetic (BDI benchmark)
2021-01-25,MOZ_GOP_PAN,Panamax,Coal,21.78,10381,Synthetic (BDI benchmark)
2021-01-25,MOZ_GOP_CAP,Capesize,Coal,18.86,19654,Synthetic (BDI benchmark)
2021-01-25,MOZ_HAL_PAN,Panamax,Coal,23.12,14516,Synthetic (BDI benchmark)
2021-01-25,MOZ_HAL_CAP,Capesize,Coal,20.37,18377,Synthetic (BDI benchmark)
2021-01-25,USA_PAR_PAN,Panamax,Coal,33.12,11053,Synthetic (BDI benchmark)
2021-01-25,USA_PAR_CAP,Capesize,Coal,30.51,16924,Synthetic (BDI benchmark)
2021-01-25,USA_VIZ_PAN,Panamax,Coal,34.28,14071,Synthetic (BDI benchmark)
2021-01-25,USA_VIZ_CAP,Capesize,Coal,35.79,17255,Synthetic (BDI benchmark)
2021-01-25,USA_DHA_PAN,Panamax,Coal,33.48,9834,Synthetic (BDI benchmark)
2021-01-25,USA_DHA_CAP,Capesize,Coal,36.52,15981,Synthetic (BDI benchmark)
2021-01-25,USA_GAN_PAN,Panamax,Coal,32.59,10071,Synthetic (BDI benchmark)
2021-01-25,USA_GAN_CAP,Capesize,Coal,28.6,19130,Synthetic (BDI benchmark)
2021-01-25,USA_GOP_PAN,Panamax,Coal,32.56,13705,Synthetic (BDI benchmark)
2021-01-25,USA_GOP_CAP,Capesize,Coal,32.89,19534,Synthetic (BDI benchmark)
2021-01-25,USA_HAL_PAN,Panamax,Coal,33.34,13315,Synthetic (BDI benchmark)
2021-01-25,USA_HAL_CAP,Capesize,Coal,35.56,15064,Synthetic (BDI benchmark)
2021-02-24,AUS_PAR_PAN,Panamax,Coal,15.15,11028,Synthetic (BDI benchmark)
2021-02-24,AUS_PAR_CAP,Capesize,Coal,16.3,19598,Synthetic (BDI benchmark)
2021-02-24,AUS_VIZ_PAN,Panamax,Coal,17.89,9453,Synthetic (BDI benchmark)
2021-02-24,AUS_VIZ_CAP,Capesize,Coal,15.93,16647,Synthetic (BDI benchmark)
2021-02-24,AUS_DHA_PAN,Panamax,Coal,15.06,10220,Synthetic (BDI benchmark)
2021-02-24,AUS_DHA_CAP,Capesize,Coal,15.79,18127,Synthetic (BDI benchmark)
2021-02-24,AUS_GAN_PAN,Panamax,Coal,16.6,13271,Synthetic (BDI benchmark)
2021-02-24,AUS_GAN_CAP,Capesize,Coal,14.35,18166,Synthetic (BDI benchmark)
2021-02-24,AUS_GOP_PAN,Panamax,Coal,15.89,12289,Synthetic (BDI benchmark)
2021-02-24,AUS_GOP_CAP,Capesize,Coal,14.99,19390,Synthetic (BDI benchmark)
2021-02-24,AUS_HAL_PAN,Panamax,Coal,16.29,11853,Synthetic (BDI benchmark)
2021-02-24,AUS_HAL_CAP,Capesize,Coal,15.24,16415,Synthetic (BDI benchmark)
2021-02-24,IND_PAR_PAN,Panamax,Coal,12.43,9496,Synthetic (BDI benchmark)
2021-02-24,IND_PAR_CAP,Capesize,Coal,11.06,16923,Synthetic (BDI benchmark)
2021-02-24,IND_VIZ_PAN,Panamax,Coal,10.65,11618,Synthetic (BDI benchmark)
2021-02-24,IND_VIZ_CAP,Capesize,Coal,9.87,16201,Synthetic (BDI benchmark)
2021-02-24,IND_DHA_PAN,Panamax,Coal,11.7,9664,Synthetic (BDI benchmark)
2021-02-24,IND_DHA_CAP,Capesize,Coal,10.28,18122,Synthetic (BDI benchmark)
2021-02-24,IND_GAN_PAN,Panamax,Coal,9.0,12496,Synthetic (BDI benchmark)
2021-02-24,IND_GAN_CAP,Capesize,Coal,10.08,18458,Synthetic (BDI benchmark)
2021-02-24,IND_GOP_PAN,Panamax,Coal,10.47,12249,Synthetic (BDI benchmark)
2021-02-24,IND_GOP_CAP,Capesize,Coal,11.58,16547,Synthetic (BDI benchmark)
2021-02-24,IND_HAL_PAN,Panamax,Coal,11.84,13936,Synthetic (BDI benchmark)
2021-02-24,IND_HAL_CAP,Capesize,Coal,10.62,18477,Synthetic (BDI benchmark)
2021-02-24,RUS_PAR_PAN,Panamax,Coal,23.09,12324,Synthetic (BDI benchmark)
2021-02-24,RUS_PAR_CAP,Capesize,Coal,21.91,16309,Synthetic (BDI benchmark)
2021-02-24,RUS_VIZ_PAN,Panamax,Coal,22.28,12956,Synthetic (BDI benchmark)
2021-02-24,RUS_VIZ_CAP,Capesize,Coal,23.02,19127,Synthetic (BDI benchmark)
2021-02-24,RUS_DHA_PAN,Panamax,Coal,26.19,11083,Synthetic (BDI benchmark)
2021-02-24,RUS_DHA_CAP,Capesize,Coal,23.19,15619,Synthetic (BDI benchmark)
2021-02-24,RUS_GAN_PAN,Panamax,Coal,22.81,11141,Synthetic (BDI benchmark)
2021-02-24,RUS_GAN_CAP,Capesize,Coal,20.87,16902,Synthetic (BDI benchmark)
2021-02-24,RUS_GOP_PAN,Panamax,Coal,20.18,14241,Synthetic (BDI benchmark)
2021-02-24,RUS_GOP_CAP,Capesize,Coal,22.69,19452,Synthetic (BDI benchmark)
2021-02-24,RUS_HAL_PAN,Panamax,Coal,24.92,9061,Synthetic (BDI benchmark)
2021-02-24,RUS_HAL_CAP,Capesize,Coal,22.71,17680,Synthetic (BDI benchmark)
2021-02-24,MOZ_PAR_PAN,Panamax,Coal,24.94,11197,Synthetic (BDI benchmark)
2021-02-24,MOZ_PAR_CAP,Capesize,Coal,19.67,16408,Synthetic (BDI benchmark)
2021-02-24,MOZ_VIZ_PAN,Panamax,Coal,20.66,12112,Synthetic (BDI benchmark)
2021-02-24,MOZ_VIZ_CAP,Capesize,Coal,20.67,16915,Synthetic (BDI benchmark)
2021-02-24,MOZ_DHA_PAN,Panamax,Coal,21.63,10017,Synthetic (BDI benchmark)
2021-02-24,MOZ_DHA_CAP,Capesize,Coal,20.8,19814,Synthetic (BDI benchmark)
2021-02-24,MOZ_GAN_PAN,Panamax,Coal,19.52,12870,Synthetic (BDI benchmark)
2021-02-24,MOZ_GAN_CAP,Capesize,Coal,21.66,19292,Synthetic (BDI benchmark)
2021-02-24,MOZ_GOP_PAN,Panamax,Coal,20.77,13243,Synthetic (BDI benchmark)
2021-02-24,MOZ_GOP_CAP,Capesize,Coal,18.68,16922,Synthetic (BDI benchmark)
2021-02-24,MOZ_HAL_PAN,Panamax,Coal,18.97,9120,Synthetic (BDI benchmark)
2021-02-24,MOZ_HAL_CAP,Capesize,Coal,22.0,16732,Synthetic (BDI benchmark)
2021-02-24,USA_PAR_PAN,Panamax,Coal,32.08,11346,Synthetic (BDI benchmark)
2021-02-24,USA_PAR_CAP,Capesize,Coal,31.63,17229,Synthetic (BDI benchmark)
2021-02-24,USA_VIZ_PAN,Panamax,Coal,32.48,10650,Synthetic (BDI benchmark)
2021-02-24,USA_VIZ_CAP,Capesize,Coal,36.79,19672,Synthetic (BDI benchmark)
2021-02-24,USA_DHA_PAN,Panamax,Coal,35.62,12275,Synthetic (BDI benchmark)
2021-02-24,USA_DHA_CAP,Capesize,Coal,33.98,15179,Synthetic (BDI benchmark)
2021-02-24,USA_GAN_PAN,Panamax,Coal,33.72,14898,Synthetic (BDI benchmark)
2021-02-24,USA_GAN_CAP,Capesize,Coal,33.11,16762,Synthetic (BDI benchmark)
2021-02-24,USA_GOP_PAN,Panamax,Coal,32.87,9960,Synthetic (BDI benchmark)
2021-02-24,USA_GOP_CAP,Capesize,Coal,31.91,19833,Synthetic (BDI benchmark)
2021-02-24,USA_HAL_PAN,Panamax,Coal,32.88,13579,Synthetic (BDI benchmark)
2021-02-24,USA_HAL_CAP,Capesize,Coal,34.1,17767,Synthetic (BDI benchmark)
2021-03-26,AUS_PAR_PAN,Panamax,Coal,15.6,10425,Synthetic (BDI benchmark)
2021-03-26,AUS_PAR_CAP,Capesize,Coal,17.84,16167,Synthetic (BDI benchmark)
2021-03-26,AUS_VIZ_PAN,Panamax,Coal,16.78,12704,Synthetic (BDI benchmark)
2021-03-26,AUS_VIZ_CAP,Capesize,Coal,14.3,16856,Synthetic (BDI benchmark)
2021-03-26,AUS_DHA_PAN,Panamax,Coal,14.68,13927,Synthetic (BDI benchmark)
2021-03-26,AUS_DHA_CAP,Capesize,Coal,17.76,18594,Synthetic (BDI benchmark)
2021-03-26,AUS_GAN_PAN,Panamax,Coal,15.45,9059,Synthetic (BDI benchmark)
2021-03-26,AUS_GAN_CAP,Capesize,Coal,17.41,16105,Synthetic (BDI benchmark)
2021-03-26,AUS_GOP_PAN,Panamax,Coal,17.46,13321,Synthetic (BDI benchmark)
2021-03-26,AUS_GOP_CAP,Capesize,Coal,16.04,16191,Synthetic (BDI benchmark)
2021-03-26,AUS_HAL_PAN,Panamax,Coal,14.25,13771,Synthetic (BDI benchmark)
2021-03-26,AUS_HAL_CAP,Capesize,Coal,16.55,19854,Synthetic (BDI benchmark)
2021-03-26,IND_PAR_PAN,Panamax,Coal,10.95,12755,Synthetic (BDI benchmark)
2021-03-26,IND_PAR_CAP,Capesize,Coal,10.06,16587,Synthetic (BDI benchmark)
2021-03-26,IND_VIZ_PAN,Panamax,Coal,9.69,11424,Synthetic (BDI benchmark)
2021-03-26,IND_VIZ_CAP,Capesize,Coal,11.58,16156,Synthetic (BDI benchmark)
2021-03-26,IND_DHA_PAN,Panamax,Coal,11.6,9294,Synthetic (BDI benchmark)
2021-03-26,IND_DHA_CAP,Capesize,Coal,10.49,19972,Synthetic (BDI benchmark)
2021-03-26,IND_GAN_PAN,Panamax,Coal,10.77,14299,Synthetic (BDI benchmark)
2021-03-26,IND_GAN_CAP,Capesize,Coal,9.15,17060,Synthetic (BDI benchmark)
2021-03-26,IND_GOP_PAN,Panamax,Coal,10.85,9196,Synthetic (BDI benchmark)
2021-03-26,IND_GOP_CAP,Capesize,Coal,9.69,18294,Synthetic (BDI benchmark)
2021-03-26,IND_HAL_PAN,Panamax,Coal,8.68,13545,Synthetic (BDI benchmark)
2021-03-26,IND_HAL_CAP,Capesize,Coal,12.13,16684,Synthetic (BDI benchmark)
2021-03-26,RUS_PAR_PAN,Panamax,Coal,24.55,11099,Synthetic (BDI benchmark)
2021-03-26,RUS_PAR_CAP,Capesize,Coal,23.49,18498,Synthetic (BDI benchmark)
2021-03-26,RUS_VIZ_PAN,Panamax,Coal,23.42,12887,Synthetic (BDI benchmark)
2021-03-26,RUS_VIZ_CAP,Capesize,Coal,19.46,19881,Synthetic (BDI benchmark)
2021-03-26,RUS_DHA_PAN,Panamax,Coal,21.36,10754,Synthetic (BDI benchmark)
2021-03-26,RUS_DHA_CAP,Capesize,Coal,21.47,16281,Synthetic (BDI benchmark)
2021-03-26,RUS_GAN_PAN,Panamax,Coal,24.79,11002,Synthetic (BDI benchmark)
2021-03-26,RUS_GAN_CAP,Capesize,Coal,25.93,18420,Synthetic (BDI benchmark)
2021-03-26,RUS_GOP_PAN,Panamax,Coal,25.91,13215,Synthetic (BDI benchmark)
2021-03-26,RUS_GOP_CAP,Capesize,Coal,24.05,15822,Synthetic (BDI benchmark)
2021-03-26,RUS_HAL_PAN,Panamax,Coal,26.98,11173,Synthetic (BDI benchmark)
2021-03-26,RUS_HAL_CAP,Capesize,Coal,18.99,19403,Synthetic (BDI benchmark)
2021-03-26,MOZ_PAR_PAN,Panamax,Coal,22.29,14528,Synthetic (BDI benchmark)
2021-03-26,MOZ_PAR_CAP,Capesize,Coal,21.17,17214,Synthetic (BDI benchmark)
2021-03-26,MOZ_VIZ_PAN,Panamax,Coal,22.07,13611,Synthetic (BDI benchmark)
2021-03-26,MOZ_VIZ_CAP,Capesize,Coal,19.95,19590,Synthetic (BDI benchmark)
2021-03-26,MOZ_DHA_PAN,Panamax,Coal,20.08,9802,Synthetic (BDI benchmark)
2021-03-26,MOZ_DHA_CAP,Capesize,Coal,17.94,17251,Synthetic (BDI benchmark)
2021-03-26,MOZ_GAN_PAN,Panamax,Coal,21.83,11036,Synthetic (BDI benchmark)
2021-03-26,MOZ_GAN_CAP,Capesize,Coal,22.38,15660,Synthetic (BDI benchmark)
2021-03-26,MOZ_GOP_PAN,Panamax,Coal,22.22,9134,Synthetic (BDI benchmark)
2021-03-26,MOZ_GOP_CAP,Capesize,Coal,23.24,17872,Synthetic (BDI benchmark)
2021-03-26,MOZ_HAL_PAN,Panamax,Coal,21.25,10209,Synthetic (BDI benchmark)
2021-03-26,MOZ_HAL_CAP,Capesize,Coal,20.37,18913,Synthetic (BDI benchmark)
2021-03-26,USA_PAR_PAN,Panamax,Coal,29.89,10309,Synthetic (BDI benchmark)
2021-03-26,USA_PAR_CAP,Capesize,Coal,32.59,19791,Synthetic (BDI benchmark)
2021-03-26,USA_VIZ_PAN,Panamax,Coal,33.09,10386,Synthetic (BDI benchmark)
2021-03-26,USA_VIZ_CAP,Capesize,Coal,36.66,19922,Synthetic (BDI benchmark)
2021-03-26,USA_DHA_PAN,Panamax,Coal,31.21,10560,Synthetic (BDI benchmark)
2021-03-26,USA_DHA_CAP,Capesize,Coal,34.02,17903,Synthetic (BDI benchmark)
2021-03-26,USA_GAN_PAN,Panamax,Coal,36.07,11730,Synthetic (BDI benchmark)
2021-03-26,USA_GAN_CAP,Capesize,Coal,32.87,15787,Synthetic (BDI benchmark)
2021-03-26,USA_GOP_PAN,Panamax,Coal,29.89,10205,Synthetic (BDI benchmark)
2021-03-26,USA_GOP_CAP,Capesize,Coal,31.31,18717,Synthetic (BDI benchmark)
2021-03-26,USA_HAL_PAN,Panamax,Coal,35.05,9233,Synthetic (BDI benchmark)
2021-03-26,USA_HAL_CAP,Capesize,Coal,29.65,19447,Synthetic (BDI benchmark)
2021-04-25,AUS_PAR_PAN,Panamax,Coal,15.22,9087,Synthetic (BDI benchmark)
2021-04-25,AUS_PAR_CAP,Capesize,Coal,14.89,18740,Synthetic (BDI benchmark)
2021-04-25,AUS_VIZ_PAN,Panamax,Coal,15.55,9603,Synthetic (BDI benchmark)
2021-04-25,AUS_VIZ_CAP,Capesize,Coal,17.94,19386,Synthetic (BDI benchmark)
2021-04-25,AUS_DHA_PAN,Panamax,Coal,15.07,12156,Synthetic (BDI benchmark)
2021-04-25,AUS_DHA_CAP,Capesize,Coal,15.77,17052,Synthetic (BDI benchmark)
2021-04-25,AUS_GAN_PAN,Panamax,Coal,14.09,9138,Synthetic (BDI benchmark)
2021-04-25,AUS_GAN_CAP,Capesize,Coal,15.66,16342,Synthetic (BDI benchmark)
2021-04-25,AUS_GOP_PAN,Panamax,Coal,16.67,9075,Synthetic (BDI benchmark)
2021-04-25,AUS_GOP_CAP,Capesize,Coal,16.77,19291,Synthetic (BDI benchmark)
2021-04-25,AUS_HAL_PAN,Panamax,Coal,16.35,9100,Synthetic (BDI benchmark)
2021-04-25,AUS_HAL_CAP,Capesize,Coal,19.33,19852,Synthetic (BDI benchmark)
2021-04-25,IND_PAR_PAN,Panamax,Coal,9.5,14736,Synthetic (BDI benchmark)
2021-04-25,IND_PAR_CAP,Capesize,Coal,12.58,18561,Synthetic (BDI benchmark)
2021-04-25,IND_VIZ_PAN,Panamax,Coal,10.31,9343,Synthetic (BDI benchmark)
2021-04-25,IND_VIZ_CAP,Capesize,Coal,9.91,15499,Synthetic (BDI benchmark)
2021-04-25,IND_DHA_PAN,Panamax,Coal,9.44,11818,Synthetic (BDI benchmark)
2021-04-25,IND_DHA_CAP,Capesize,Coal,11.06,16767,Synthetic (BDI benchmark)
2021-04-25,IND_GAN_PAN,Panamax,Coal,9.76,11000,Synthetic (BDI benchmark)
2021-04-25,IND_GAN_CAP,Capesize,Coal,12.16,15715,Synthetic (BDI benchmark)
2021-04-25,IND_GOP_PAN,Panamax,Coal,11.05,11603,Synthetic (BDI benchmark)
2021-04-25,IND_GOP_CAP,Capesize,Coal,9.88,17978,Synthetic (BDI benchmark)
2021-04-25,IND_HAL_PAN,Panamax,Coal,9.67,14182,Synthetic (BDI benchmark)
2021-04-25,IND_HAL_CAP,Capesize,Coal,9.91,19484,Synthetic (BDI benchmark)
2021-04-25,RUS_PAR_PAN,Panamax,Coal,22.59,9705,Synthetic (BDI benchmark)
2021-04-25,RUS_PAR_CAP,Capesize,Coal,20.08,15732,Synthetic (BDI benchmark)
2021-04-25,RUS_VIZ_PAN,Panamax,Coal,23.6,13604,Synthetic (BDI benchmark)
2021-04-25,RUS_VIZ_CAP,Capesize,Coal,20.55,17207,Synthetic (BDI benchmark)
2021-04-25,RUS_DHA_PAN,Panamax,Coal,24.85,12002,Synthetic (BDI benchmark)
2021-04-25,RUS_DHA_CAP,Capesize,Coal,22.11,15500,Synthetic (BDI benchmark)
2021-04-25,RUS_GAN_PAN,Panamax,Coal,21.23,11993,Synthetic (BDI benchmark)
2021-04-25,RUS_GAN_CAP,Capesize,Coal,26.18,19808,Synthetic (BDI benchmark)
2021-04-25,RUS_GOP_PAN,Panamax,Coal,21.38,11574,Synthetic (BDI benchmark)
2021-04-25,RUS_GOP_CAP,Capesize,Coal,24.01,18759,Synthetic (BDI benchmark)
2021-04-25,RUS_HAL_PAN,Panamax,Coal,19.68,13009,Synthetic (BDI benchmark)
2021-04-25,RUS_HAL_CAP,Capesize,Coal,20.97,15605,Synthetic (BDI benchmark)
2021-04-25,MOZ_PAR_PAN,Panamax,Coal,19.42,11640,Synthetic (BDI benchmark)
2021-04-25,MOZ_PAR_CAP,Capesize,Coal,22.23,19377,Synthetic (BDI benchmark)
2021-04-25,MOZ_VIZ_PAN,Panamax,Coal,21.17,12646,Synthetic (BDI benchmark)
2021-04-25,MOZ_VIZ_CAP,Capesize,Coal,21.02,17233,Synthetic (BDI benchmark)
2021-04-25,MOZ_DHA_PAN,Panamax,Coal,20.78,10429,Synthetic (BDI benchmark)
2021-04-25,MOZ_DHA_CAP,Capesize,Coal,21.54,19403,Synthetic (BDI benchmark)
2021-04-25,MOZ_GAN_PAN,Panamax,Coal,24.47,13933,Synthetic (BDI benchmark)
2021-04-25,MOZ_GAN_CAP,Capesize,Coal,19.92,16552,Synthetic (BDI benchmark)
2021-04-25,MOZ_GOP_PAN,Panamax,Coal,22.9,9201,Synthetic (BDI benchmark)
2021-04-25,MOZ_GOP_CAP,Capesize,Coal,17.7,19157,Synthetic (BDI benchmark)
2021-04-25,MOZ_HAL_PAN,Panamax,Coal,20.96,12362,Synthetic (BDI benchmark)
2021-04-25,MOZ_HAL_CAP,Capesize,Coal,19.56,17930,Synthetic (BDI benchmark)
2021-04-25,USA_PAR_PAN,Panamax,Coal,31.72,12089,Synthetic (BDI benchmark)
2021-04-25,USA_PAR_CAP,Capesize,Coal,34.14,15299,Synthetic (BDI benchmark)
2021-04-25,USA_VIZ_PAN,Panamax,Coal,32.04,13443,Synthetic (BDI benchmark)
2021-04-25,USA_VIZ_CAP,Capesize,Coal,30.84,19165,Synthetic (BDI benchmark)
2021-04-25,USA_DHA_PAN,Panamax,Coal,34.72,13151,Synthetic (BDI benchmark)
2021-04-25,USA_DHA_CAP,Capesize,Coal,31.41,18038,Synthetic (BDI benchmark)
2021-04-25,USA_GAN_PAN,Panamax,Coal,36.58,12099,Synthetic (BDI benchmark)
2021-04-25,USA_GAN_CAP,Capesize,Coal,37.5,18237,Synthetic (BDI benchmark)
2021-04-25,USA_GOP_PAN,Panamax,Coal,34.05,12264,Synthetic (BDI benchmark)
2021-04-25,USA_GOP_CAP,Capesize,Coal,30.42,19357,Synthetic (BDI benchmark)
2021-04-25,USA_HAL_PAN,Panamax,Coal,32.28,9809,Synthetic (BDI benchmark)
2021-04-25,USA_HAL_CAP,Capesize,Coal,31.38,16187,Synthetic (BDI benchmark)
2021-05-25,AUS_PAR_PAN,Panamax,Coal,16.86,10166,Synthetic (BDI benchmark)
2021-05-25,AUS_PAR_CAP,Capesize,Coal,16.53,19957,Synthetic (BDI benchmark)
2021-05-25,AUS_VIZ_PAN,Panamax,Coal,16.01,10620,Synthetic (BDI benchmark)
2021-05-25,AUS_VIZ_CAP,Capesize,Coal,17.71,17456,Synthetic (BDI benchmark)
2021-05-25,AUS_DHA_PAN,Panamax,Coal,16.41,11062,Synthetic (BDI benchmark)
2021-05-25,AUS_DHA_CAP,Capesize,Coal,16.17,18143,Synthetic (BDI benchmark)
2021-05-25,AUS_GAN_PAN,Panamax,Coal,18.77,9587,Synthetic (BDI benchmark)
2021-05-25,AUS_GAN_CAP,Capesize,Coal,15.19,16354,Synthetic (BDI benchmark)
2021-05-25,AUS_GOP_PAN,Panamax,Coal,13.96,12525,Synthetic (BDI benchmark)
2021-05-25,AUS_GOP_CAP,Capesize,Coal,18.47,15753,Synthetic (BDI benchmark)
2021-05-25,AUS_HAL_PAN,Panamax,Coal,16.38,12479,Synthetic (BDI benchmark)
2021-05-25,AUS_HAL_CAP,Capesize,Coal,16.77,18564,Synthetic (BDI benchmark)
2021-05-25,IND_PAR_PAN,Panamax,Coal,12.43,14962,Synthetic (BDI benchmark)
2021-05-25,IND_PAR_CAP,Capesize,Coal,9.41,16087,Synthetic (BDI benchmark)
2021-05-25,IND_VIZ_PAN,Panamax,Coal,10.66,13801,Synthetic (BDI benchmark)
2021-05-25,IND_VIZ_CAP,Capesize,Coal,9.37,17775,Synthetic (BDI benchmark)
2021-05-25,IND_DHA_PAN,Panamax,Coal,9.27,12922,Synthetic (BDI benchmark)
2021-05-25,IND_DHA_CAP,Capesize,Coal,9.27,15693,Synthetic (BDI benchmark)
2021-05-25,IND_GAN_PAN,Panamax,Coal,13.0,10190,Synthetic (BDI benchmark)
2021-05-25,IND_GAN_CAP,Capesize,Coal,10.69,18058,Synthetic (BDI benchmark)
2021-05-25,IND_GOP_PAN,Panamax,Coal,11.01,12904,Synthetic (BDI benchmark)
2021-05-25,IND_GOP_CAP,Capesize,Coal,9.27,15293,Synthetic (BDI benchmark)
2021-05-25,IND_HAL_PAN,Panamax,Coal,10.23,12936,Synthetic (BDI benchmark)
2021-05-25,IND_HAL_CAP,Capesize,Coal,10.5,19179,Synthetic (BDI benchmark)
2021-05-25,RUS_PAR_PAN,Panamax,Coal,23.71,12063,Synthetic (BDI benchmark)
2021-05-25,RUS_PAR_CAP,Capesize,Coal,22.25,15879,Synthetic (BDI benchmark)
2021-05-25,RUS_VIZ_PAN,Panamax,Coal,20.9,11726,Synthetic (BDI benchmark)
2021-05-25,RUS_VIZ_CAP,Capesize,Coal,19.43,17856,Synthetic (BDI benchmark)
2021-05-25,RUS_DHA_PAN,Panamax,Coal,21.35,10046,Synthetic (BDI benchmark)
2021-05-25,RUS_DHA_CAP,Capesize,Coal,23.47,16770,Synthetic (BDI benchmark)
2021-05-25,RUS_GAN_PAN,Panamax,Coal,25.36,11463,Synthetic (BDI benchmark)
2021-05-25,RUS_GAN_CAP,Capesize,Coal,18.82,18654,Synthetic (BDI benchmark)
2021-05-25,RUS_GOP_PAN,Panamax,Coal,23.36,12164,Synthetic (BDI benchmark)
2021-05-25,RUS_GOP_CAP,Capesize,Coal,22.06,17052,Synthetic (BDI benchmark)
2021-05-25,RUS_HAL_PAN,Panamax,Coal,21.6,14003,Synthetic (BDI benchmark)
2021-05-25,RUS_HAL_CAP,Capesize,Coal,21.75,19175,Synthetic (BDI benchmark)
2021-05-25,MOZ_PAR_PAN,Panamax,Coal,20.01,10138,Synthetic (BDI benchmark)
2021-05-25,MOZ_PAR_CAP,Capesize,Coal,22.42,18305,Synthetic (BDI benchmark)
2021-05-25,MOZ_VIZ_PAN,Panamax,Coal,21.89,13408,Synthetic (BDI benchmark)
2021-05-25,MOZ_VIZ_CAP,Capesize,Coal,19.13,17044,Synthetic (BDI benchmark)
2021-05-25,MOZ_DHA_PAN,Panamax,Coal,21.53,10235,Synthetic (BDI benchmark)
2021-05-25,MOZ_DHA_CAP,Capesize,Coal,18.18,18952,Synthetic (BDI benchmark)
2021-05-25,MOZ_GAN_PAN,Panamax,Coal,20.56,11327,Synthetic (BDI benchmark)
2021-05-25,MOZ_GAN_CAP,Capesize,Coal,20.86,17931,Synthetic (BDI benchmark)
2021-05-25,MOZ_GOP_PAN,Panamax,Coal,22.42,10315,Synthetic (BDI benchmark)
2021-05-25,MOZ_GOP_CAP,Capesize,Coal,23.87,19703,Synthetic (BDI benchmark)
2021-05-25,MOZ_HAL_PAN,Panamax,Coal,19.17,9532,Synthetic (BDI benchmark)
2021-05-25,MOZ_HAL_CAP,Capesize,Coal,20.86,15746,Synthetic (BDI benchmark)
2021-05-25,USA_PAR_PAN,Panamax,Coal,33.03,12698,Synthetic (BDI benchmark)
2021-05-25,USA_PAR_CAP,Capesize,Coal,30.63,15971,Synthetic (BDI benchmark)
2021-05-25,USA_VIZ_PAN,Panamax,Coal,33.57,9266,Synthetic (BDI benchmark)
2021-05-25,USA_VIZ_CAP,Capesize,Coal,31.04,17469,Synthetic (BDI benchmark)
2021-05-25,USA_DHA_PAN,Panamax,Coal,30.93,9019,Synthetic (BDI benchmark)
2021-05-25,USA_DHA_CAP,Capesize,Coal,29.89,18632,Synthetic (BDI benchmark)
2021-05-25,USA_GAN_PAN,Panamax,Coal,36.46,11978,Synthetic (BDI benchmark)
2021-05-25,USA_GAN_CAP,Capesize,Coal,33.18,19938,Synthetic (BDI benchmark)
2021-05-25,USA_GOP_PAN,Panamax,Coal,30.99,13414,Synthetic (BDI benchmark)
2021-05-25,USA_GOP_CAP,Capesize,Coal,28.21,17408,Synthetic (BDI benchmark)
2021-05-25,USA_HAL_PAN,Panamax,Coal,31.72,14662,Synthetic (BDI benchmark)
2021-05-25,USA_HAL_CAP,Capesize,Coal,28.95,15405,Synthetic (BDI benchmark)
2021-06-24,AUS_PAR_PAN,Panamax,Coal,16.54,12969,Synthetic (BDI benchmark)
2021-06-24,AUS_PAR_CAP,Capesize,Coal,17.8,16438,Synthetic (BDI benchmark)
2021-06-24,AUS_VIZ_PAN,Panamax,Coal,17.87,9590,Synthetic (BDI benchmark)
2021-06-24,AUS_VIZ_CAP,Capesize,Coal,15.08,16481,Synthetic (BDI benchmark)
2021-06-24,AUS_DHA_PAN,Panamax,Coal,16.02,9061,Synthetic (BDI benchmark)
2021-06-24,AUS_DHA_CAP,Capesize,Coal,16.53,19857,Synthetic (BDI benchmark)
2021-06-24,AUS_GAN_PAN,Panamax,Coal,15.26,12896,Synthetic (BDI benchmark)
2021-06-24,AUS_GAN_CAP,Capesize,Coal,18.15,18612,Synthetic (BDI benchmark)
2021-06-24,AUS_GOP_PAN,Panamax,Coal,18.79,14650,Synthetic (BDI benchmark)
2021-06-24,AUS_GOP_CAP,Capesize,Coal,17.57,17637,Synthetic (BDI benchmark)
2021-06-24,AUS_HAL_PAN,Panamax,Coal,14.23,10894,Synthetic (BDI benchmark)
2021-06-24,AUS_HAL_CAP,Capesize,Coal,14.31,16820,Synthetic (BDI benchmark)
2021-06-24,IND_PAR_PAN,Panamax,Coal,9.76,10781,Synthetic (BDI benchmark)
2021-06-24,IND_PAR_CAP,Capesize,Coal,12.29,18418,Synthetic (BDI benchmark)
2021-06-24,IND_VIZ_PAN,Panamax,Coal,9.29,10029,Synthetic (BDI benchmark)
2021-06-24,IND_VIZ_CAP,Capesize,Coal,10.34,18733,Synthetic (BDI benchmark)
2021-06-24,IND_DHA_PAN,Panamax,Coal,10.4,12133,Synthetic (BDI benchmark)
2021-06-24,IND_DHA_CAP,Capesize,Coal,10.51,15976,Synthetic (BDI benchmark)
2021-06-24,IND_GAN_PAN,Panamax,Coal,10.8,11842,Synthetic (BDI benchmark)
2021-06-24,IND_GAN_CAP,Capesize,Coal,9.82,19912,Synthetic (BDI benchmark)
2021-06-24,IND_GOP_PAN,Panamax,Coal,11.38,13317,Synthetic (BDI benchmark)
2021-06-24,IND_GOP_CAP,Capesize,Coal,10.81,17705,Synthetic (BDI benchmark)
2021-06-24,IND_HAL_PAN,Panamax,Coal,11.37,13399,Synthetic (BDI benchmark)
2021-06-24,IND_HAL_CAP,Capesize,Coal,12.51,18839,Synthetic (BDI benchmark)
2021-06-24,RUS_PAR_PAN,Panamax,Coal,22.52,11389,Synthetic (BDI benchmark)
2021-06-24,RUS_PAR_CAP,Capesize,Coal,23.48,15315,Synthetic (BDI benchmark)
2021-06-24,RUS_VIZ_PAN,Panamax,Coal,24.54,12913,Synthetic (BDI benchmark)
2021-06-24,RUS_VIZ_CAP,Capesize,Coal,23.3,19964,Synthetic (BDI benchmark)
2021-06-24,RUS_DHA_PAN,Panamax,Coal,26.09,12291,Synthetic (BDI benchmark)
2021-06-24,RUS_DHA_CAP,Capesize,Coal,19.61,17384,Synthetic (BDI benchmark)
2021-06-24,RUS_GAN_PAN,Panamax,Coal,18.81,11343,Synthetic (BDI benchmark)
2021-06-24,RUS_GAN_CAP,Capesize,Coal,22.5,18451,Synthetic (BDI benchmark)
2021-06-24,RUS_GOP_PAN,Panamax,Coal,24.58,13974,Synthetic (BDI benchmark)
2021-06-24,RUS_GOP_CAP,Capesize,Coal,25.92,15175,Synthetic (BDI benchmark)
2021-06-24,RUS_HAL_PAN,Panamax,Coal,21.94,13831,Synthetic (BDI benchmark)
2021-06-24,RUS_HAL_CAP,Capesize,Coal,22.35,15005,Synthetic (BDI benchmark)
2021-06-24,MOZ_PAR_PAN,Panamax,Coal,22.31,12364,Synthetic (BDI benchmark)
2021-06-24,MOZ_PAR_CAP,Capesize,Coal,18.44,15036,Synthetic (BDI benchmark)
2021-06-24,MOZ_VIZ_PAN,Panamax,Coal,21.06,10240,Synthetic (BDI benchmark)
2021-06-24,MOZ_VIZ_CAP,Capesize,Coal,22.2,16194,Synthetic (BDI benchmark)
2021-06-24,MOZ_DHA_PAN,Panamax,Coal,20.82,13839,Synthetic (BDI benchmark)
2021-06-24,MOZ_DHA_CAP,Capesize,Coal,18.99,19496,Synthetic (BDI benchmark)
2021-06-24,MOZ_GAN_PAN,Panamax,Coal,21.07,10595,Synthetic (BDI benchmark)
2021-06-24,MOZ_GAN_CAP,Capesize,Coal,23.98,18134,Synthetic (BDI benchmark)
2021-06-24,MOZ_GOP_PAN,Panamax,Coal,19.25,9270,Synthetic (BDI benchmark)
2021-06-24,MOZ_GOP_CAP,Capesize,Coal,20.18,18670,Synthetic (BDI benchmark)
2021-06-24,MOZ_HAL_PAN,Panamax,Coal,21.7,11652,Synthetic (BDI benchmark)
2021-06-24,MOZ_HAL_CAP,Capesize,Coal,21.31,15937,Synthetic (BDI benchmark)
2021-06-24,USA_PAR_PAN,Panamax,Coal,32.11,9339,Synthetic (BDI benchmark)
2021-06-24,USA_PAR_CAP,Capesize,Coal,35.37,19111,Synthetic (BDI benchmark)
2021-06-24,USA_VIZ_PAN,Panamax,Coal,34.64,9545,Synthetic (BDI benchmark)
2021-06-24,USA_VIZ_CAP,Capesize,Coal,30.09,15783,Synthetic (BDI benchmark)
2021-06-24,USA_DHA_PAN,Panamax,Coal,34.99,9756,Synthetic (BDI benchmark)
2021-06-24,USA_DHA_CAP,Capesize,Coal,31.78,19488,Synthetic (BDI benchmark)
2021-06-24,USA_GAN_PAN,Panamax,Coal,30.12,14197,Synthetic (BDI benchmark)
2021-06-24,USA_GAN_CAP,Capesize,Coal,35.23,18683,Synthetic (BDI benchmark)
2021-06-24,USA_GOP_PAN,Panamax,Coal,30.75,13198,Synthetic (BDI benchmark)
2021-06-24,USA_GOP_CAP,Capesize,Coal,30.13,18823,Synthetic (BDI benchmark)
2021-06-24,USA_HAL_PAN,Panamax,Coal,29.33,13910,Synthetic (BDI benchmark)
2021-06-24,USA_HAL_CAP,Capesize,Coal,31.75,15170,Synthetic (BDI benchmark)
2021-07-24,AUS_PAR_PAN,Panamax,Coal,15.59,14008,Synthetic (BDI benchmark)
2021-07-24,AUS_PAR_CAP,Capesize,Coal,15.67,15000,Synthetic (BDI benchmark)
2021-07-24,AUS_VIZ_PAN,Panamax,Coal,18.34,13034,Synthetic (BDI benchmark)
2021-07-24,AUS_VIZ_CAP,Capesize,Coal,14.54,18013,Synthetic (BDI benchmark)
2021-07-24,AUS_DHA_PAN,Panamax,Coal,14.87,14498,Synthetic (BDI benchmark)
2021-07-24,AUS_DHA_CAP,Capesize,Coal,15.36,15310,Synthetic (BDI benchmark)
2021-07-24,AUS_GAN_PAN,Panamax,Coal,14.87,11441,Synthetic (BDI benchmark)
2021-07-24,AUS_GAN_CAP,Capesize,Coal,17.21,19632,Synthetic (BDI benchmark)
2021-07-24,AUS_GOP_PAN,Panamax,Coal,17.12,12378,Synthetic (BDI benchmark)
2021-07-24,AUS_GOP_CAP,Capesize,Coal,16.58,18938,Synthetic (BDI benchmark)
2021-07-24,AUS_HAL_PAN,Panamax,Coal,14.52,13667,Synthetic (BDI benchmark)
2021-07-24,AUS_HAL_CAP,Capesize,Coal,16.19,18312,Synthetic (BDI benchmark)
2021-07-24,IND_PAR_PAN,Panamax,Coal,11.88,10273,Synthetic (BDI benchmark)
2021-07-24,IND_PAR_CAP,Capesize,Coal,11.32,17685,Synthetic (BDI benchmark)
2021-07-24,IND_VIZ_PAN,Panamax,Coal,9.19,13552,Synthetic (BDI benchmark)
2021-07-24,IND_VIZ_CAP,Capesize,Coal,11.31,18057,Synthetic (BDI benchmark)
2021-07-24,IND_DHA_PAN,Panamax,Coal,10.16,9637,Synthetic (BDI benchmark)
2021-07-24,IND_DHA_CAP,Capesize,Coal,10.99,17715,Synthetic (BDI benchmark)
2021-07-24,IND_GAN_PAN,Panamax,Coal,10.43,10520,Synthetic (BDI benchmark)
2021-07-24,IND_GAN_CAP,Capesize,Coal,11.03,17846,Synthetic (BDI benchmark)
2021-07-24,IND_GOP_PAN,Panamax,Coal,8.44,13301,Synthetic (BDI benchmark)
2021-07-24,IND_GOP_CAP,Capesize,Coal,9.75,16020,Synthetic (BDI benchmark)
2021-07-24,IND_HAL_PAN,Panamax,Coal,10.46,14337,Synthetic (BDI benchmark)
2021-07-24,IND_HAL_CAP,Capesize,Coal,10.9,19348,Synthetic (BDI benchmark)
2021-07-24,RUS_PAR_PAN,Panamax,Coal,22.49,11216,Synthetic (BDI benchmark)
2021-07-24,RUS_PAR_CAP,Capesize,Coal,19.94,18235,Synthetic (BDI benchmark)
2021-07-24,RUS_VIZ_PAN,Panamax,Coal,20.32,10668,Synthetic (BDI benchmark)
2021-07-24,RUS_VIZ_CAP,Capesize,Coal,22.12,18881,Synthetic (BDI benchmark)
2021-07-24,RUS_DHA_PAN,Panamax,Coal,22.31,12885,Synthetic (BDI benchmark)
2021-07-24,RUS_DHA_CAP,Capesize,Coal,20.37,15060,Synthetic (BDI benchmark)
2021-07-24,RUS_GAN_PAN,Panamax,Coal,23.3,14414,Synthetic (BDI benchmark)
2021-07-24,RUS_GAN_CAP,Capesize,Coal,20.97,15821,Synthetic (BDI benchmark)
2021-07-24,RUS_GOP_PAN,Panamax,Coal,23.71,9683,Synthetic (BDI benchmark)
2021-07-24,RUS_GOP_CAP,Capesize,Coal,21.55,18395,Synthetic (BDI benchmark)
2021-07-24,RUS_HAL_PAN,Panamax,Coal,21.7,11118,Synthetic (BDI benchmark)
2021-07-24,RUS_HAL_CAP,Capesize,Coal,23.06,16308,Synthetic (BDI benchmark)
2021-07-24,MOZ_PAR_PAN,Panamax,Coal,21.67,9730,Synthetic (BDI benchmark)
2021-07-24,MOZ_PAR_CAP,Capesize,Coal,21.64,19343,Synthetic (BDI benchmark)
2021-07-24,MOZ_VIZ_PAN,Panamax,Coal,21.11,12403,Synthetic (BDI benchmark)
2021-07-24,MOZ_VIZ_CAP,Capesize,Coal,23.2,18957,Synthetic (BDI benchmark)
2021-07-24,MOZ_DHA_PAN,Panamax,Coal,18.54,12616,Synthetic (BDI benchmark)
2021-07-24,MOZ_DHA_CAP,Capesize,Coal,20.72,16770,Synthetic (BDI benchmark)
2021-07-24,MOZ_GAN_PAN,Panamax,Coal,21.9,14604,Synthetic (BDI benchmark)
2021-07-24,MOZ_GAN_CAP,Capesize,Coal,19.56,17578,Synthetic (BDI benchmark)
2021-07-24,MOZ_GOP_PAN,Panamax,Coal,17.79,13368,Synthetic (BDI benchmark)
2021-07-24,MOZ_GOP_CAP,Capesize,Coal,20.66,17384,Synthetic (BDI benchmark)
2021-07-24,MOZ_HAL_PAN,Panamax,Coal,18.53,12309,Synthetic (BDI benchmark)
2021-07-24,MOZ_HAL_CAP,Capesize,Coal,20.3,18518,Synthetic (BDI benchmark)
2021-07-24,USA_PAR_PAN,Panamax,Coal,33.33,13908,Synthetic (BDI benchmark)
2021-07-24,USA_PAR_CAP,Capesize,Coal,30.79,19623,Synthetic (BDI benchmark)
2021-07-24,USA_VIZ_PAN,Panamax,Coal,36.63,11309,Synthetic (BDI benchmark)
2021-07-24,USA_VIZ_CAP,Capesize,Coal,31.5,19784,Synthetic (BDI benchmark)
2021-07-24,USA_DHA_PAN,Panamax,Coal,33.42,12315,Synthetic (BDI benchmark)
2021-07-24,USA_DHA_CAP,Capesize,Coal,33.18,17872,Synthetic (BDI benchmark)
2021-07-24,USA_GAN_PAN,Panamax,Coal,34.12,11664,Synthetic (BDI benchmark)
2021-07-24,USA_GAN_CAP,Capesize,Coal,34.85,18777,Synthetic (BDI benchmark)
2021-07-24,USA_GOP_PAN,Panamax,Coal,35.18,13797,Synthetic (BDI benchmark)
2021-07-24,USA_GOP_CAP,Capesize,Coal,28.84,17142,Synthetic (BDI benchmark)
2021-07-24,USA_HAL_PAN,Panamax,Coal,34.35,13846,Synthetic (BDI benchmark)
2021-07-24,USA_HAL_CAP,Capesize,Coal,33.1,19189,Synthetic (BDI benchmark)
2021-08-23,AUS_PAR_PAN,Panamax,Coal,18.59,14048,Synthetic (BDI benchmark)
2021-08-23,AUS_PAR_CAP,Capesize,Coal,15.15,15779,Synthetic (BDI benchmark)
2021-08-23,AUS_VIZ_PAN,Panamax,Coal,14.03,13067,Synthetic (BDI benchmark)
2021-08-23,AUS_VIZ_CAP,Capesize,Coal,15.94,17169,Synthetic (BDI benchmark)
2021-08-23,AUS_DHA_PAN,Panamax,Coal,18.37,13006,Synthetic (BDI benchmark)
2021-08-23,AUS_DHA_CAP,Capesize,Coal,13.84,19263,Synthetic (BDI benchmark)
2021-08-23,AUS_GAN_PAN,Panamax,Coal,17.3,12940,Synthetic (BDI benchmark)
2021-08-23,AUS_GAN_CAP,Capesize,Coal,16.3,17753,Synthetic (BDI benchmark)
2021-08-23,AUS_GOP_PAN,Panamax,Coal,15.56,11505,Synthetic (BDI benchmark)
2021-08-23,AUS_GOP_CAP,Capesize,Coal,17.17,18969,Synthetic (BDI benchmark)
2021-08-23,AUS_HAL_PAN,Panamax,Coal,16.02,13659,Synthetic (BDI benchmark)
2021-08-23,AUS_HAL_CAP,Capesize,Coal,18.28,18525,Synthetic (BDI benchmark)
2021-08-23,IND_PAR_PAN,Panamax,Coal,10.95,10147,Synthetic (BDI benchmark)
2021-08-23,IND_PAR_CAP,Capesize,Coal,11.25,16926,Synthetic (BDI benchmark)
2021-08-23,IND_VIZ_PAN,Panamax,Coal,10.12,14278,Synthetic (BDI benchmark)
2021-08-23,IND_VIZ_CAP,Capesize,Coal,9.33,18914,Synthetic (BDI benchmark)
2021-08-23,IND_DHA_PAN,Panamax,Coal,12.61,10441,Synthetic (BDI benchmark)
2021-08-23,IND_DHA_CAP,Capesize,Coal,10.48,19730,Synthetic (BDI benchmark)
2021-08-23,IND_GAN_PAN,Panamax,Coal,10.0,11685,Synthetic (BDI benchmark)
2021-08-23,IND_GAN_CAP,Capesize,Coal,9.75,19334,Synthetic (BDI benchmark)
2021-08-23,IND_GOP_PAN,Panamax,Coal,9.84,14854,Synthetic (BDI benchmark)
2021-08-23,IND_GOP_CAP,Capesize,Coal,11.83,17925,Synthetic (BDI benchmark)
2021-08-23,IND_HAL_PAN,Panamax,Coal,9.47,13083,Synthetic (BDI benchmark)
2021-08-23,IND_HAL_CAP,Capesize,Coal,9.65,18914,Synthetic (BDI benchmark)
2021-08-23,RUS_PAR_PAN,Panamax,Coal,23.73,14215,Synthetic (BDI benchmark)
2021-08-23,RUS_PAR_CAP,Capesize,Coal,21.83,19476,Synthetic (BDI benchmark)
2021-08-23,RUS_VIZ_PAN,Panamax,Coal,20.1,13240,Synthetic (BDI benchmark)
2021-08-23,RUS_VIZ_CAP,Capesize,Coal,24.87,18619,Synthetic (BDI benchmark)
2021-08-23,RUS_DHA_PAN,Panamax,Coal,26.5,10927,Synthetic (BDI benchmark)
2021-08-23,RUS_DHA_CAP,Capesize,Coal,19.83,18336,Synthetic (BDI benchmark)
2021-08-23,RUS_GAN_PAN,Panamax,Coal,22.47,11799,Synthetic (BDI benchmark)
2021-08-23,RUS_GAN_CAP,Capesize,Coal,23.48,18379,Synthetic (BDI benchmark)
2021-08-23,RUS_GOP_PAN,Panamax,Coal,20.73,13211,Synthetic (BDI benchmark)
2021-08-23,RUS_GOP_CAP,Capesize,Coal,20.86,19354,Synthetic (BDI benchmark)
2021-08-23,RUS_HAL_PAN,Panamax,Coal,24.87,11904,Synthetic (BDI benchmark)
2021-08-23,RUS_HAL_CAP,Capesize,Coal,21.61,17800,Synthetic (BDI benchmark)
2021-08-23,MOZ_PAR_PAN,Panamax,Coal,21.26,12135,Synthetic (BDI benchmark)
2021-08-23,MOZ_PAR_CAP,Capesize,Coal,21.99,16124,Synthetic (BDI benchmark)
2021-08-23,MOZ_VIZ_PAN,Panamax,Coal,19.74,12055,Synthetic (BDI benchmark)
2021-08-23,MOZ_VIZ_CAP,Capesize,Coal,20.1,19536,Synthetic (BDI benchmark)
2021-08-23,MOZ_DHA_PAN,Panamax,Coal,22.68,10665,Synthetic (BDI benchmark)
2021-08-23,MOZ_DHA_CAP,Capesize,Coal,22.44,17251,Synthetic (BDI benchmark)
2021-08-23,MOZ_GAN_PAN,Panamax,Coal,20.13,12087,Synthetic (BDI benchmark)
2021-08-23,MOZ_GAN_CAP,Capesize,Coal,21.61,19363,Synthetic (BDI benchmark)
2021-08-23,MOZ_GOP_PAN,Panamax,Coal,21.34,11295,Synthetic (BDI benchmark)
2021-08-23,MOZ_GOP_CAP,Capesize,Coal,23.07,19071,Synthetic (BDI benchmark)
2021-08-23,MOZ_HAL_PAN,Panamax,Coal,23.05,12534,Synthetic (BDI benchmark)
2021-08-23,MOZ_HAL_CAP,Capesize,Coal,19.92,18247,Synthetic (BDI benchmark)
2021-08-23,USA_PAR_PAN,Panamax,Coal,36.02,10430,Synthetic (BDI benchmark)
2021-08-23,USA_PAR_CAP,Capesize,Coal,27.56,19566,Synthetic (BDI benchmark)
2021-08-23,USA_VIZ_PAN,Panamax,Coal,31.49,12063,Synthetic (BDI benchmark)
2021-08-23,USA_VIZ_CAP,Capesize,Coal,33.74,19645,Synthetic (BDI benchmark)
2021-08-23,USA_DHA_PAN,Panamax,Coal,35.77,9712,Synthetic (BDI benchmark)
2021-08-23,USA_DHA_CAP,Capesize,Coal,29.79,18491,Synthetic (BDI benchmark)
2021-08-23,USA_GAN_PAN,Panamax,Coal,33.16,12361,Synthetic (BDI benchmark)
2021-08-23,USA_GAN_CAP,Capesize,Coal,31.81,19408,Synthetic (BDI benchmark)
2021-08-23,USA_GOP_PAN,Panamax,Coal,37.17,9573,Synthetic (BDI benchmark)
2021-08-23,USA_GOP_CAP,Capesize,Coal,28.33,19680,Synthetic (BDI benchmark)
2021-08-23,USA_HAL_PAN,Panamax,Coal,27.58,10043,Synthetic (BDI benchmark)
2021-08-23,USA_HAL_CAP,Capesize,Coal,31.73,16607,Synthetic (BDI benchmark)
2021-09-22,AUS_PAR_PAN,Panamax,Coal,15.7,13043,Synthetic (BDI benchmark)
2021-09-22,AUS_PAR_CAP,Capesize,Coal,14.26,16001,Synthetic (BDI benchmark)
2021-09-22,AUS_VIZ_PAN,Panamax,Coal,17.14,10381,Synthetic (BDI benchmark)
2021-09-22,AUS_VIZ_CAP,Capesize,Coal,14.8,19645,Synthetic (BDI benchmark)
2021-09-22,AUS_DHA_PAN,Panamax,Coal,17.05,12164,Synthetic (BDI benchmark)
2021-09-22,AUS_DHA_CAP,Capesize,Coal,15.56,19077,Synthetic (BDI benchmark)
2021-09-22,AUS_GAN_PAN,Panamax,Coal,17.27,14586,Synthetic (BDI benchmark)
2021-09-22,AUS_GAN_CAP,Capesize,Coal,18.42,15268,Synthetic (BDI benchmark)
2021-09-22,AUS_GOP_PAN,Panamax,Coal,15.09,14863,Synthetic (BDI benchmark)
2021-09-22,AUS_GOP_CAP,Capesize,Coal,16.06,18820,Synthetic (BDI benchmark)
2021-09-22,AUS_HAL_PAN,Panamax,Coal,16.91,11870,Synthetic (BDI benchmark)
2021-09-22,AUS_HAL_CAP,Capesize,Coal,17.3,18378,Synthetic (BDI benchmark)
2021-09-22,IND_PAR_PAN,Panamax,Coal,11.92,9856,Synthetic (BDI benchmark)
2021-09-22,IND_PAR_CAP,Capesize,Coal,11.59,17835,Synthetic (BDI benchmark)
2021-09-22,IND_VIZ_PAN,Panamax,Coal,10.94,13888,Synthetic (BDI benchmark)
2021-09-22,IND_VIZ_CAP,Capesize,Coal,11.09,16227,Synthetic (BDI benchmark)
2021-09-22,IND_DHA_PAN,Panamax,Coal,11.63,11120,Synthetic (BDI benchmark)
2021-09-22,IND_DHA_CAP,Capesize,Coal,11.9,16129,Synthetic (BDI benchmark)
2021-09-22,IND_GAN_PAN,Panamax,Coal,11.24,10169,Synthetic (BDI benchmark)
2021-09-22,IND_GAN_CAP,Capesize,Coal,9.88,18907,Synthetic (BDI benchmark)
2021-09-22,IND_GOP_PAN,Panamax,Coal,12.03,9258,Synthetic (BDI benchmark)
2021-09-22,IND_GOP_CAP,Capesize,Coal,9.53,19825,Synthetic (BDI benchmark)
2021-09-22,IND_HAL_PAN,Panamax,Coal,10.19,12415,Synthetic (BDI benchmark)
2021-09-22,IND_HAL_CAP,Capesize,Coal,9.75,19557,Synthetic (BDI benchmark)
2021-09-22,RUS_PAR_PAN,Panamax,Coal,22.24,10541,Synthetic (BDI benchmark)
2021-09-22,RUS_PAR_CAP,Capesize,Coal,21.0,15821,Synthetic (BDI benchmark)
2021-09-22,RUS_VIZ_PAN,Panamax,Coal,21.7,11053,Synthetic (BDI benchmark)
2021-09-22,RUS_VIZ_CAP,Capesize,Coal,23.09,18777,Synthetic (BDI benchmark)
2021-09-22,RUS_DHA_PAN,Panamax,Coal,22.05,11104,Synthetic (BDI benchmark)
2021-09-22,RUS_DHA_CAP,Capesize,Coal,25.96,15279,Synthetic (BDI benchmark)
2021-09-22,RUS_GAN_PAN,Panamax,Coal,23.04,11048,Synthetic (BDI benchmark)
2021-09-22,RUS_GAN_CAP,Capesize,Coal,24.28,16268,Synthetic (BDI benchmark)
2021-09-22,RUS_GOP_PAN,Panamax,Coal,25.96,12015,Synthetic (BDI benchmark)
2021-09-22,RUS_GOP_CAP,Capesize,Coal,20.89,19950,Synthetic (BDI benchmark)
2021-09-22,RUS_HAL_PAN,Panamax,Coal,22.0,11452,Synthetic (BDI benchmark)
2021-09-22,RUS_HAL_CAP,Capesize,Coal,23.61,16829,Synthetic (BDI benchmark)
2021-09-22,MOZ_PAR_PAN,Panamax,Coal,24.55,13871,Synthetic (BDI benchmark)
2021-09-22,MOZ_PAR_CAP,Capesize,Coal,19.58,16342,Synthetic (BDI benchmark)
2021-09-22,MOZ_VIZ_PAN,Panamax,Coal,21.73,10725,Synthetic (BDI benchmark)
2021-09-22,MOZ_VIZ_CAP,Capesize,Coal,22.03,17650,Synthetic (BDI benchmark)
2021-09-22,MOZ_DHA_PAN,Panamax,Coal,19.97,14185,Synthetic (BDI benchmark)
2021-09-22,MOZ_DHA_CAP,Capesize,Coal,21.79,19279,Synthetic (BDI benchmark)
2021-09-22,MOZ_GAN_PAN,Panamax,Coal,20.13,10934,Synthetic (BDI benchmark)
2021-09-22,MOZ_GAN_CAP,Capesize,Coal,22.8,18736,Synthetic (BDI benchmark)
2021-09-22,MOZ_GOP_PAN,Panamax,Coal,22.81,14729,Synthetic (BDI benchmark)
2021-09-22,MOZ_GOP_CAP,Capesize,Coal,22.27,19361,Synthetic (BDI benchmark)
2021-09-22,MOZ_HAL_PAN,Panamax,Coal,19.13,9106,Synthetic (BDI benchmark)
2021-09-22,MOZ_HAL_CAP,Capesize,Coal,21.93,17512,Synthetic (BDI benchmark)
2021-09-22,USA_PAR_PAN,Panamax,Coal,29.41,10304,Synthetic (BDI benchmark)
2021-09-22,USA_PAR_CAP,Capesize,Coal,34.53,15337,Synthetic (BDI benchmark)
2021-09-22,USA_VIZ_PAN,Panamax,Coal,32.65,11280,Synthetic (BDI benchmark)
2021-09-22,USA_VIZ_CAP,Capesize,Coal,30.2,15745,Synthetic (BDI benchmark)
2021-09-22,USA_DHA_PAN,Panamax,Coal,33.85,14759,Synthetic (BDI benchmark)
2021-09-22,USA_DHA_CAP,Capesize,Coal,32.79,18948,Synthetic (BDI benchmark)
2021-09-22,USA_GAN_PAN,Panamax,Coal,35.74,14467,Synthetic (BDI benchmark)
2021-09-22,USA_GAN_CAP,Capesize,Coal,32.62,18249,Synthetic (BDI benchmark)
2021-09-22,USA_GOP_PAN,Panamax,Coal,30.43,9184,Synthetic (BDI benchmark)
2021-09-22,USA_GOP_CAP,Capesize,Coal,29.41,15904,Synthetic (BDI benchmark)
2021-09-22,USA_HAL_PAN,Panamax,Coal,37.45,9107,Synthetic (BDI benchmark)
2021-09-22,USA_HAL_CAP,Capesize,Coal,31.0,15674,Synthetic (BDI benchmark)
2021-10-22,AUS_PAR_PAN,Panamax,Coal,16.09,10749,Synthetic (BDI benchmark)
2021-10-22,AUS_PAR_CAP,Capesize,Coal,19.36,16658,Synthetic (BDI benchmark)
2021-10-22,AUS_VIZ_PAN,Panamax,Coal,15.19,14887,Synthetic (BDI benchmark)
2021-10-22,AUS_VIZ_CAP,Capesize,Coal,17.9,18123,Synthetic (BDI benchmark)
2021-10-22,AUS_DHA_PAN,Panamax,Coal,17.33,10142,Synthetic (BDI benchmark)
2021-10-22,AUS_DHA_CAP,Capesize,Coal,14.61,18548,Synthetic (BDI benchmark)
2021-10-22,AUS_GAN_PAN,Panamax,Coal,16.58,11658,Synthetic (BDI benchmark)
2021-10-22,AUS_GAN_CAP,Capesize,Coal,15.74,16565,Synthetic (BDI benchmark)
2021-10-22,AUS_GOP_PAN,Panamax,Coal,17.88,11523,Synthetic (BDI benchmark)
2021-10-22,AUS_GOP_CAP,Capesize,Coal,15.98,16243,Synthetic (BDI benchmark)
2021-10-22,AUS_HAL_PAN,Panamax,Coal,16.28,12399,Synthetic (BDI benchmark)
2021-10-22,AUS_HAL_CAP,Capesize,Coal,14.71,17649,Synthetic (BDI benchmark)
2021-10-22,IND_PAR_PAN,Panamax,Coal,11.19,12324,Synthetic (BDI benchmark)
2021-10-22,IND_PAR_CAP,Capesize,Coal,10.44,16107,Synthetic (BDI benchmark)
2021-10-22,IND_VIZ_PAN,Panamax,Coal,9.31,11675,Synthetic (BDI benchmark)
2021-10-22,IND_VIZ_CAP,Capesize,Coal,12.54,17402,Synthetic (BDI benchmark)
2021-10-22,IND_DHA_PAN,Panamax,Coal,9.24,12385,Synthetic (BDI benchmark)
2021-10-22,IND_DHA_CAP,Capesize,Coal,8.61,19163,Synthetic (BDI benchmark)
2021-10-22,IND_GAN_PAN,Panamax,Coal,9.34,13531,Synthetic (BDI benchmark)
2021-10-22,IND_GAN_CAP,Capesize,Coal,9.18,15643,Synthetic (BDI benchmark)
2021-10-22,IND_GOP_PAN,Panamax,Coal,11.46,10543,Synthetic (BDI benchmark)
2021-10-22,IND_GOP_CAP,Capesize,Coal,8.88,17645,Synthetic (BDI benchmark)
2021-10-22,IND_HAL_PAN,Panamax,Coal,10.51,13630,Synthetic (BDI benchmark)
2021-10-22,IND_HAL_CAP,Capesize,Coal,10.99,19688,Synthetic (BDI benchmark)
2021-10-22,RUS_PAR_PAN,Panamax,Coal,23.46,9578,Synthetic (BDI benchmark)
2021-10-22,RUS_PAR_CAP,Capesize,Coal,24.47,17326,Synthetic (BDI benchmark)
2021-10-22,RUS_VIZ_PAN,Panamax,Coal,21.7,11872,Synthetic (BDI benchmark)
2021-10-22,RUS_VIZ_CAP,Capesize,Coal,19.13,16057,Synthetic (BDI benchmark)
2021-10-22,RUS_DHA_PAN,Panamax,Coal,21.92,14983,Synthetic (BDI benchmark)
2021-10-22,RUS_DHA_CAP,Capesize,Coal,24.6,16300,Synthetic (BDI benchmark)
2021-10-22,RUS_GAN_PAN,Panamax,Coal,24.05,9154,Synthetic (BDI benchmark)
2021-10-22,RUS_GAN_CAP,Capesize,Coal,24.48,16133,Synthetic (BDI benchmark)
2021-10-22,RUS_GOP_PAN,Panamax,Coal,23.21,13956,Synthetic (BDI benchmark)
2021-10-22,RUS_GOP_CAP,Capesize,Coal,24.02,18029,Synthetic (BDI benchmark)
2021-10-22,RUS_HAL_PAN,Panamax,Coal,19.66,14935,Synthetic (BDI benchmark)
2021-10-22,RUS_HAL_CAP,Capesize,Coal,23.26,19043,Synthetic (BDI benchmark)
2021-10-22,MOZ_PAR_PAN,Panamax,Coal,20.61,10299,Synthetic (BDI benchmark)
2021-10-22,MOZ_PAR_CAP,Capesize,Coal,23.07,18167,Synthetic (BDI benchmark)
2021-10-22,MOZ_VIZ_PAN,Panamax,Coal,23.61,12819,Synthetic (BDI benchmark)
2021-10-22,MOZ_VIZ_CAP,Capesize,Coal,20.26,19946,Synthetic (BDI benchmark)
2021-10-22,MOZ_DHA_PAN,Panamax,Coal,18.42,12050,Synthetic (BDI benchmark)
2021-10-22,MOZ_DHA_CAP,Capesize,Coal,20.84,18671,Synthetic (BDI benchmark)
2021-10-22,MOZ_GAN_PAN,Panamax,Coal,20.87,14516,Synthetic (BDI benchmark)
2021-10-22,MOZ_GAN_CAP,Capesize,Coal,23.44,15929,Synthetic (BDI benchmark)
2021-10-22,MOZ_GOP_PAN,Panamax,Coal,21.84,10969,Synthetic (BDI benchmark)
2021-10-22,MOZ_GOP_CAP,Capesize,Coal,20.48,16693,Synthetic (BDI benchmark)
2021-10-22,MOZ_HAL_PAN,Panamax,Coal,22.97,9767,Synthetic (BDI benchmark)
2021-10-22,MOZ_HAL_CAP,Capesize,Coal,22.28,17939,Synthetic (BDI benchmark)
2021-10-22,USA_PAR_PAN,Panamax,Coal,29.21,10603,Synthetic (BDI benchmark)
2021-10-22,USA_PAR_CAP,Capesize,Coal,29.16,17859,Synthetic (BDI benchmark)
2021-10-22,USA_VIZ_PAN,Panamax,Coal,32.19,12166,Synthetic (BDI benchmark)
2021-10-22,USA_VIZ_CAP,Capesize,Coal,30.45,15447,Synthetic (BDI benchmark)
2021-10-22,USA_DHA_PAN,Panamax,Coal,34.22,12185,Synthetic (BDI benchmark)
2021-10-22,USA_DHA_CAP,Capesize,Coal,32.84,17939,Synthetic (BDI benchmark)
2021-10-22,USA_GAN_PAN,Panamax,Coal,29.47,14467,Synthetic (BDI benchmark)
2021-10-22,USA_GAN_CAP,Capesize,Coal,31.87,15421,Synthetic (BDI benchmark)
2021-10-22,USA_GOP_PAN,Panamax,Coal,33.33,9303,Synthetic (BDI benchmark)
2021-10-22,USA_GOP_CAP,Capesize,Coal,30.97,18913,Synthetic (BDI benchmark)
2021-10-22,USA_HAL_PAN,Panamax,Coal,30.35,11549,Synthetic (BDI benchmark)
2021-10-22,USA_HAL_CAP,Capesize,Coal,31.46,15183,Synthetic (BDI benchmark)
2021-11-21,AUS_PAR_PAN,Panamax,Coal,16.97,14600,Synthetic (BDI benchmark)
2021-11-21,AUS_PAR_CAP,Capesize,Coal,15.29,15583,Synthetic (BDI benchmark)
2021-11-21,AUS_VIZ_PAN,Panamax,Coal,14.69,9874,Synthetic (BDI benchmark)
2021-11-21,AUS_VIZ_CAP,Capesize,Coal,18.49,16733,Synthetic (BDI benchmark)
2021-11-21,AUS_DHA_PAN,Panamax,Coal,15.83,13025,Synthetic (BDI benchmark)
2021-11-21,AUS_DHA_CAP,Capesize,Coal,17.11,15667,Synthetic (BDI benchmark)
2021-11-21,AUS_GAN_PAN,Panamax,Coal,16.96,13583,Synthetic (BDI benchmark)
2021-11-21,AUS_GAN_CAP,Capesize,Coal,15.92,17677,Synthetic (BDI benchmark)
2021-11-21,AUS_GOP_PAN,Panamax,Coal,15.69,9799,Synthetic (BDI benchmark)
2021-11-21,AUS_GOP_CAP,Capesize,Coal,17.05,19057,Synthetic (BDI benchmark)
2021-11-21,AUS_HAL_PAN,Panamax,Coal,16.46,13095,Synthetic (BDI benchmark)
2021-11-21,AUS_HAL_CAP,Capesize,Coal,16.79,19663,Synthetic (BDI benchmark)
2021-11-21,IND_PAR_PAN,Panamax,Coal,9.26,13211,Synthetic (BDI benchmark)
2021-11-21,IND_PAR_CAP,Capesize,Coal,10.8,16240,Synthetic (BDI benchmark)
2021-11-21,IND_VIZ_PAN,Panamax,Coal,10.77,14205,Synthetic (BDI benchmark)
2021-11-21,IND_VIZ_CAP,Capesize,Coal,9.6,18882,Synthetic (BDI benchmark)
2021-11-21,IND_DHA_PAN,Panamax,Coal,9.67,9755,Synthetic (BDI benchmark)
2021-11-21,IND_DHA_CAP,Capesize,Coal,10.43,16936,Synthetic (BDI benchmark)
2021-11-21,IND_GAN_PAN,Panamax,Coal,12.27,11021,Synthetic (BDI benchmark)
2021-11-21,IND_GAN_CAP,Capesize,Coal,10.65,18796,Synthetic (BDI benchmark)
2021-11-21,IND_GOP_PAN,Panamax,Coal,8.86,13669,Synthetic (BDI benchmark)
2021-11-21,IND_GOP_CAP,Capesize,Coal,10.71,19542,Synthetic (BDI benchmark)
2021-11-21,IND_HAL_PAN,Panamax,Coal,8.97,10100,Synthetic (BDI benchmark)
2021-11-21,IND_HAL_CAP,Capesize,Coal,11.78,19862,Synthetic (BDI benchmark)
2021-11-21,RUS_PAR_PAN,Panamax,Coal,26.79,13515,Synthetic (BDI benchmark)
2021-11-21,RUS_PAR_CAP,Capesize,Coal,24.12,19112,Synthetic (BDI benchmark)
2021-11-21,RUS_VIZ_PAN,Panamax,Coal,22.25,14416,Synthetic (BDI benchmark)
2021-11-21,RUS_VIZ_CAP,Capesize,Coal,21.88,18286,Synthetic (BDI benchmark)
2021-11-21,RUS_DHA_PAN,Panamax,Coal,23.59,13855,Synthetic (BDI benchmark)
2021-11-21,RUS_DHA_CAP,Capesize,Coal,21.39,16623,Synthetic (BDI benchmark)
2021-11-21,RUS_GAN_PAN,Panamax,Coal,23.69,10484,Synthetic (BDI benchmark)
2021-11-21,RUS_GAN_CAP,Capesize,Coal,27.28,15852,Synthetic (BDI benchmark)
2021-11-21,RUS_GOP_PAN,Panamax,Coal,21.88,13587,Synthetic (BDI benchmark)
2021-11-21,RUS_GOP_CAP,Capesize,Coal,23.95,16671,Synthetic (BDI benchmark)
2021-11-21,RUS_HAL_PAN,Panamax,Coal,25.69,12667,Synthetic (BDI benchmark)
2021-11-21,RUS_HAL_CAP,Capesize,Coal,24.52,19027,Synthetic (BDI benchmark)
2021-11-21,MOZ_PAR_PAN,Panamax,Coal,24.43,9873,Synthetic (BDI benchmark)
2021-11-21,MOZ_PAR_CAP,Capesize,Coal,20.24,15689,Synthetic (BDI benchmark)
2021-11-21,MOZ_VIZ_PAN,Panamax,Coal,21.34,10554,Synthetic (BDI benchmark)
2021-11-21,MOZ_VIZ_CAP,Capesize,Coal,21.11,18459,Synthetic (BDI benchmark)
2021-11-21,MOZ_DHA_PAN,Panamax,Coal,19.92,12403,Synthetic (BDI benchmark)
2021-11-21,MOZ_DHA_CAP,Capesize,Coal,18.93,18290,Synthetic (BDI benchmark)
2021-11-21,MOZ_GAN_PAN,Panamax,Coal,20.2,12521,Synthetic (BDI benchmark)
2021-11-21,MOZ_GAN_CAP,Capesize,Coal,21.21,18775,Synthetic (BDI benchmark)
2021-11-21,MOZ_GOP_PAN,Panamax,Coal,22.05,13057,Synthetic (BDI benchmark)
2021-11-21,MOZ_GOP_CAP,Capesize,Coal,21.83,19005,Synthetic (BDI benchmark)
2021-11-21,MOZ_HAL_PAN,Panamax,Coal,17.44,12923,Synthetic (BDI benchmark)
2021-11-21,MOZ_HAL_CAP,Capesize,Coal,22.07,17067,Synthetic (BDI benchmark)
2021-11-21,USA_PAR_PAN,Panamax,Coal,35.04,10920,Synthetic (BDI benchmark)
2021-11-21,USA_PAR_CAP,Capesize,Coal,35.5,19571,Synthetic (BDI benchmark)
2021-11-21,USA_VIZ_PAN,Panamax,Coal,32.84,10480,Synthetic (BDI benchmark)
2021-11-21,USA_VIZ_CAP,Capesize,Coal,31.4,18952,Synthetic (BDI benchmark)
2021-11-21,USA_DHA_PAN,Panamax,Coal,34.54,13199,Synthetic (BDI benchmark)
2021-11-21,USA_DHA_CAP,Capesize,Coal,31.62,17479,Synthetic (BDI benchmark)
2021-11-21,USA_GAN_PAN,Panamax,Coal,33.98,13744,Synthetic (BDI benchmark)
2021-11-21,USA_GAN_CAP,Capesize,Coal,29.92,18144,Synthetic (BDI benchmark)
2021-11-21,USA_GOP_PAN,Panamax,Coal,29.85,13480,Synthetic (BDI benchmark)
2021-11-21,USA_GOP_CAP,Capesize,Coal,31.41,16624,Synthetic (BDI benchmark)
2021-11-21,USA_HAL_PAN,Panamax,Coal,37.7,13715,Synthetic (BDI benchmark)
2021-11-21,USA_HAL_CAP,Capesize,Coal,34.28,15515,Synthetic (BDI benchmark)
2021-12-21,AUS_PAR_PAN,Panamax,Coal,16.83,9537,Synthetic (BDI benchmark)
2021-12-21,AUS_PAR_CAP,Capesize,Coal,16.88,18624,Synthetic (BDI benchmark)
2021-12-21,AUS_VIZ_PAN,Panamax,Coal,18.01,12515,Synthetic (BDI benchmark)
2021-12-21,AUS_VIZ_CAP,Capesize,Coal,18.44,16594,Synthetic (BDI benchmark)
2021-12-21,AUS_DHA_PAN,Panamax,Coal,16.87,11773,Synthetic (BDI benchmark)
2021-12-21,AUS_DHA_CAP,Capesize,Coal,17.19,19049,Synthetic (BDI benchmark)
2021-12-21,AUS_GAN_PAN,Panamax,Coal,16.62,12027,Synthetic (BDI benchmark)
2021-12-21,AUS_GAN_CAP,Capesize,Coal,18.87,16602,Synthetic (BDI benchmark)
2021-12-21,AUS_GOP_PAN,Panamax,Coal,18.1,10723,Synthetic (BDI benchmark)
2021-12-21,AUS_GOP_CAP,Capesize,Coal,16.62,15337,Synthetic (BDI benchmark)
2021-12-21,AUS_HAL_PAN,Panamax,Coal,16.74,14070,Synthetic (BDI benchmark)
2021-12-21,AUS_HAL_CAP,Capesize,Coal,14.53,17117,Synthetic (BDI benchmark)
2021-12-21,IND_PAR_PAN,Panamax,Coal,9.34,10030,Synthetic (BDI benchmark)
2021-12-21,IND_PAR_CAP,Capesize,Coal,9.78,16937,Synthetic (BDI benchmark)
2021-12-21,IND_VIZ_PAN,Panamax,Coal,11.48,13432,Synthetic (BDI benchmark)
2021-12-21,IND_VIZ_CAP,Capesize,Coal,10.74,17434,Synthetic (BDI benchmark)
2021-12-21,IND_DHA_PAN,Panamax,Coal,10.33,10514,Synthetic (BDI benchmark)
2021-12-21,IND_DHA_CAP,Capesize,Coal,10.79,16760,Synthetic (BDI benchmark)
2021-12-21,IND_GAN_PAN,Panamax,Coal,12.9,14373,Synthetic (BDI benchmark)
2021-12-21,IND_GAN_CAP,Capesize,Coal,8.75,18051,Synthetic (BDI benchmark)
2021-12-21,IND_GOP_PAN,Panamax,Coal,10.45,12773,Synthetic (BDI benchmark)
2021-12-21,IND_GOP_CAP,Capesize,Coal,12.45,19318,Synthetic (BDI benchmark)
2021-12-21,IND_HAL_PAN,Panamax,Coal,8.84,12192,Synthetic (BDI benchmark)
2021-12-21,IND_HAL_CAP,Capesize,Coal,11.54,17266,Synthetic (BDI benchmark)
2021-12-21,RUS_PAR_PAN,Panamax,Coal,23.22,13540,Synthetic (BDI benchmark)
2021-12-21,RUS_PAR_CAP,Capesize,Coal,21.72,15653,Synthetic (BDI benchmark)
2021-12-21,RUS_VIZ_PAN,Panamax,Coal,24.67,11624,Synthetic (BDI benchmark)
2021-12-21,RUS_VIZ_CAP,Capesize,Coal,21.03,16978,Synthetic (BDI benchmark)
2021-12-21,RUS_DHA_PAN,Panamax,Coal,21.47,12298,Synthetic (BDI benchmark)
2021-12-21,RUS_DHA_CAP,Capesize,Coal,20.9,19935,Synthetic (BDI benchmark)
2021-12-21,RUS_GAN_PAN,Panamax,Coal,21.05,13361,Synthetic (BDI benchmark)
2021-12-21,RUS_GAN_CAP,Capesize,Coal,22.89,15361,Synthetic (BDI benchmark)
2021-12-21,RUS_GOP_PAN,Panamax,Coal,19.86,11296,Synthetic (BDI benchmark)
2021-12-21,RUS_GOP_CAP,Capesize,Coal,24.3,18152,Synthetic (BDI benchmark)
2021-12-21,RUS_HAL_PAN,Panamax,Coal,20.64,12028,Synthetic (BDI benchmark)
2021-12-21,RUS_HAL_CAP,Capesize,Coal,22.8,18235,Synthetic (BDI benchmark)
2021-12-21,MOZ_PAR_PAN,Panamax,Coal,20.61,10656,Synthetic (BDI benchmark)
2021-12-21,MOZ_PAR_CAP,Capesize,Coal,17.32,17100,Synthetic (BDI benchmark)
2021-12-21,MOZ_VIZ_PAN,Panamax,Coal,19.71,13448,Synthetic (BDI benchmark)
2021-12-21,MOZ_VIZ_CAP,Capesize,Coal,22.06,18874,Synthetic (BDI benchmark)
2021-12-21,MOZ_DHA_PAN,Panamax,Coal,19.17,9107,Synthetic (BDI benchmark)
2021-12-21,MOZ_DHA_CAP,Capesize,Coal,20.66,15891,Synthetic (BDI benchmark)
2021-12-21,MOZ_GAN_PAN,Panamax,Coal,18.31,10222,Synthetic (BDI benchmark)
2021-12-21,MOZ_GAN_CAP,Capesize,Coal,20.98,15871,Synthetic (BDI benchmark)
2021-12-21,MOZ_GOP_PAN,Panamax,Coal,20.68,12906,Synthetic (BDI benchmark)
2021-12-21,MOZ_GOP_CAP,Capesize,Coal,23.94,17295,Synthetic (BDI benchmark)
2021-12-21,MOZ_HAL_PAN,Panamax,Coal,20.92,11804,Synthetic (BDI benchmark)
2021-12-21,MOZ_HAL_CAP,Capesize,Coal,20.25,16645,Synthetic (BDI benchmark)
2021-12-21,USA_PAR_PAN,Panamax,Coal,32.48,9814,Synthetic (BDI benchmark)
2021-12-21,USA_PAR_CAP,Capesize,Coal,34.24,18117,Synthetic (BDI benchmark)
2021-12-21,USA_VIZ_PAN,Panamax,Coal,31.88,13395,Synthetic (BDI benchmark)
2021-12-21,USA_VIZ_CAP,Capesize,Coal,32.22,18374,Synthetic (BDI benchmark)
2021-12-21,USA_DHA_PAN,Panamax,Coal,36.01,13238,Synthetic (BDI benchmark)
2021-12-21,USA_DHA_CAP,Capesize,Coal,29.07,17793,Synthetic (BDI benchmark)
2021-12-21,USA_GAN_PAN,Panamax,Coal,28.87,12542,Synthetic (BDI benchmark)
2021-12-21,USA_GAN_CAP,Capesize,Coal,27.7,16595,Synthetic (BDI benchmark)
2021-12-21,USA_GOP_PAN,Panamax,Coal,30.25,11518,Synthetic (BDI benchmark)
2021-12-21,USA_GOP_CAP,Capesize,Coal,30.42,16882,Synthetic (BDI benchmark)
2021-12-21,USA_HAL_PAN,Panamax,Coal,34.46,10078,Synthetic (BDI benchmark)
2021-12-21,USA_HAL_CAP,Capesize,Coal,29.47,17624,Synthetic (BDI benchmark)
2022-01-20,AUS_PAR_PAN,Panamax,Coal,14.36,11588,Synthetic (BDI benchmark)
2022-01-20,AUS_PAR_CAP,Capesize,Coal,15.18,16838,Synthetic (BDI benchmark)
2022-01-20,AUS_VIZ_PAN,Panamax,Coal,16.24,12233,Synthetic (BDI benchmark)
2022-01-20,AUS_VIZ_CAP,Capesize,Coal,14.72,16095,Synthetic (BDI benchmark)
2022-01-20,AUS_DHA_PAN,Panamax,Coal,17.13,9345,Synthetic (BDI benchmark)
2022-01-20,AUS_DHA_CAP,Capesize,Coal,16.6,19064,Synthetic (BDI benchmark)
2022-01-20,AUS_GAN_PAN,Panamax,Coal,17.21,12008,Synthetic (BDI benchmark)
2022-01-20,AUS_GAN_CAP,Capesize,Coal,14.14,18440,Synthetic (BDI benchmark)
2022-01-20,AUS_GOP_PAN,Panamax,Coal,16.58,10809,Synthetic (BDI benchmark)
2022-01-20,AUS_GOP_CAP,Capesize,Coal,15.83,19743,Synthetic (BDI benchmark)
2022-01-20,AUS_HAL_PAN,Panamax,Coal,18.04,10389,Synthetic (BDI benchmark)
2022-01-20,AUS_HAL_CAP,Capesize,Coal,17.48,18443,Synthetic (BDI benchmark)
2022-01-20,IND_PAR_PAN,Panamax,Coal,8.93,14309,Synthetic (BDI benchmark)
2022-01-20,IND_PAR_CAP,Capesize,Coal,9.95,19504,Synthetic (BDI benchmark)
2022-01-20,IND_VIZ_PAN,Panamax,Coal,8.53,14611,Synthetic (BDI benchmark)
2022-01-20,IND_VIZ_CAP,Capesize,Coal,10.56,15900,Synthetic (BDI benchmark)
2022-01-20,IND_DHA_PAN,Panamax,Coal,12.72,10468,Synthetic (BDI benchmark)
2022-01-20,IND_DHA_CAP,Capesize,Coal,11.17,15282,Synthetic (BDI benchmark)
2022-01-20,IND_GAN_PAN,Panamax,Coal,9.5,11329,Synthetic (BDI benchmark)
2022-01-20,IND_GAN_CAP,Capesize,Coal,8.58,17279,Synthetic (BDI benchmark)
2022-01-20,IND_GOP_PAN,Panamax,Coal,9.95,9841,Synthetic (BDI benchmark)
2022-01-20,IND_GOP_CAP,Capesize,Coal,9.83,18473,Synthetic (BDI benchmark)
2022-01-20,IND_HAL_PAN,Panamax,Coal,9.41,14797,Synthetic (BDI benchmark)
2022-01-20,IND_HAL_CAP,Capesize,Coal,9.08,16633,Synthetic (BDI benchmark)
2022-01-20,RUS_PAR_PAN,Panamax,Coal,22.84,9899,Synthetic (BDI benchmark)
2022-01-20,RUS_PAR_CAP,Capesize,Coal,24.65,18112,Synthetic (BDI benchmark)
2022-01-20,RUS_VIZ_PAN,Panamax,Coal,22.09,10200,Synthetic (BDI benchmark)
2022-01-20,RUS_VIZ_CAP,Capesize,Coal,25.47,18245,Synthetic (BDI benchmark)
2022-01-20,RUS_DHA_PAN,Panamax,Coal,21.03,9362,Synthetic (BDI benchmark)
2022-01-20,RUS_DHA_CAP,Capesize,Coal,23.97,15057,Synthetic (BDI benchmark)
2022-01-20,RUS_GAN_PAN,Panamax,Coal,22.21,10848,Synthetic (BDI benchmark)
2022-01-20,RUS_GAN_CAP,Capesize,Coal,22.43,19104,Synthetic (BDI benchmark)
2022-01-20,RUS_GOP_PAN,Panamax,Coal,21.35,11459,Synthetic (BDI benchmark)
2022-01-20,RUS_GOP_CAP,Capesize,Coal,19.54,15545,Synthetic (BDI benchmark)
2022-01-20,RUS_HAL_PAN,Panamax,Coal,23.81,12778,Synthetic (BDI benchmark)
2022-01-20,RUS_HAL_CAP,Capesize,Coal,24.26,16438,Synthetic (BDI benchmark)
2022-01-20,MOZ_PAR_PAN,Panamax,Coal,23.16,11340,Synthetic (BDI benchmark)
2022-01-20,MOZ_PAR_CAP,Capesize,Coal,20.63,19617,Synthetic (BDI benchmark)
2022-01-20,MOZ_VIZ_PAN,Panamax,Coal,20.74,14183,Synthetic (BDI benchmark)
2022-01-20,MOZ_VIZ_CAP,Capesize,Coal,18.32,16720,Synthetic (BDI benchmark)
2022-01-20,MOZ_DHA_PAN,Panamax,Coal,20.11,10472,Synthetic (BDI benchmark)
2022-01-20,MOZ_DHA_CAP,Capesize,Coal,19.21,17587,Synthetic (BDI benchmark)
2022-01-20,MOZ_GAN_PAN,Panamax,Coal,19.38,13224,Synthetic (BDI benchmark)
2022-01-20,MOZ_GAN_CAP,Capesize,Coal,23.1,17398,Synthetic (BDI benchmark)
2022-01-20,MOZ_GOP_PAN,Panamax,Coal,21.22,10532,Synthetic (BDI benchmark)
2022-01-20,MOZ_GOP_CAP,Capesize,Coal,20.41,17349,Synthetic (BDI benchmark)
2022-01-20,MOZ_HAL_PAN,Panamax,Coal,18.59,13480,Synthetic (BDI benchmark)
2022-01-20,MOZ_HAL_CAP,Capesize,Coal,21.58,19708,Synthetic (BDI benchmark)
2022-01-20,USA_PAR_PAN,Panamax,Coal,36.62,12097,Synthetic (BDI benchmark)
2022-01-20,USA_PAR_CAP,Capesize,Coal,30.95,16069,Synthetic (BDI benchmark)
2022-01-20,USA_VIZ_PAN,Panamax,Coal,32.81,14138,Synthetic (BDI benchmark)
2022-01-20,USA_VIZ_CAP,Capesize,Coal,38.43,19325,Synthetic (BDI benchmark)
2022-01-20,USA_DHA_PAN,Panamax,Coal,33.72,10215,Synthetic (BDI benchmark)
2022-01-20,USA_DHA_CAP,Capesize,Coal,28.9,19884,Synthetic (BDI benchmark)
2022-01-20,USA_GAN_PAN,Panamax,Coal,33.49,9278,Synthetic (BDI benchmark)
2022-01-20,USA_GAN_CAP,Capesize,Coal,33.71,19489,Synthetic (BDI benchmark)
2022-01-20,USA_GOP_PAN,Panamax,Coal,28.74,9087,Synthetic (BDI benchmark)
2022-01-20,USA_GOP_CAP,Capesize,Coal,31.99,16718,Synthetic (BDI benchmark)
2022-01-20,USA_HAL_PAN,Panamax,Coal,34.1,14273,Synthetic (BDI benchmark)
2022-01-20,USA_HAL_CAP,Capesize,Coal,32.26,17782,Synthetic (BDI benchmark)
2022-02-19,AUS_PAR_PAN,Panamax,Coal,15.92,9055,Synthetic (BDI benchmark)
2022-02-19,AUS_PAR_CAP,Capesize,Coal,17.44,19759,Synthetic (BDI benchmark)
2022-02-19,AUS_VIZ_PAN,Panamax,Coal,18.34,10283,Synthetic (BDI benchmark)
2022-02-19,AUS_VIZ_CAP,Capesize,Coal,15.02,15993,Synthetic (BDI benchmark)
2022-02-19,AUS_DHA_PAN,Panamax,Coal,15.29,9040,Synthetic (BDI benchmark)
2022-02-19,AUS_DHA_CAP,Capesize,Coal,15.93,19144,Synthetic (BDI benchmark)
2022-02-19,AUS_GAN_PAN,Panamax,Coal,15.31,9884,Synthetic (BDI benchmark)
2022-02-19,AUS_GAN_CAP,Capesize,Coal,14.4,19798,Synthetic (BDI benchmark)
2022-02-19,AUS_GOP_PAN,Panamax,Coal,16.75,13143,Synthetic (BDI benchmark)
2022-02-19,AUS_GOP_CAP,Capesize,Coal,17.86,17671,Synthetic (BDI benchmark)
2022-02-19,AUS_HAL_PAN,Panamax,Coal,15.82,13309,Synthetic (BDI benchmark)
2022-02-19,AUS_HAL_CAP,Capesize,Coal,14.83,15090,Synthetic (BDI benchmark)
2022-02-19,IND_PAR_PAN,Panamax,Coal,11.28,10142,Synthetic (BDI benchmark)
2022-02-19,IND_PAR_CAP,Capesize,Coal,10.0,19576,Synthetic (BDI benchmark)
2022-02-19,IND_VIZ_PAN,Panamax,Coal,9.3,13519,Synthetic (BDI benchmark)
2022-02-19,IND_VIZ_CAP,Capesize,Coal,9.43,17169,Synthetic (BDI benchmark)
2022-02-19,IND_DHA_PAN,Panamax,Coal,8.76,13932,Synthetic (BDI benchmark)
2022-02-19,IND_DHA_CAP,Capesize,Coal,9.43,17674,Synthetic (BDI benchmark)
2022-02-19,IND_GAN_PAN,Panamax,Coal,10.97,12406,Synthetic (BDI benchmark)
2022-02-19,IND_GAN_CAP,Capesize,Coal,10.85,17409,Synthetic (BDI benchmark)
2022-02-19,IND_GOP_PAN,Panamax,Coal,12.13,11704,Synthetic (BDI benchmark)
2022-02-19,IND_GOP_CAP,Capesize,Coal,10.85,17095,Synthetic (BDI benchmark)
2022-02-19,IND_HAL_PAN,Panamax,Coal,11.5,10292,Synthetic (BDI benchmark)
2022-02-19,IND_HAL_CAP,Capesize,Coal,9.88,17279,Synthetic (BDI benchmark)
2022-02-19,RUS_PAR_PAN,Panamax,Coal,23.7,11973,Synthetic (BDI benchmark)
2022-02-19,RUS_PAR_CAP,Capesize,Coal,22.1,18026,Synthetic (BDI benchmark)
2022-02-19,RUS_VIZ_PAN,Panamax,Coal,20.42,10149,Synthetic (BDI benchmark)
2022-02-19,RUS_VIZ_CAP,Capesize,Coal,20.45,19978,Synthetic (BDI benchmark)
2022-02-19,RUS_DHA_PAN,Panamax,Coal,21.19,14559,Synthetic (BDI benchmark)
2022-02-19,RUS_DHA_CAP,Capesize,Coal,23.14,18099,Synthetic (BDI benchmark)
2022-02-19,RUS_GAN_PAN,Panamax,Coal,25.24,10683,Synthetic (BDI benchmark)
2022-02-19,RUS_GAN_CAP,Capesize,Coal,19.09,18915,Synthetic (BDI benchmark)
2022-02-19,RUS_GOP_PAN,Panamax,Coal,19.9,13035,Synthetic (BDI benchmark)
2022-02-19,RUS_GOP_CAP,Capesize,Coal,25.85,17270,Synthetic (BDI benchmark)
2022-02-19,RUS_HAL_PAN,Panamax,Coal,21.87,12083,Synthetic (BDI benchmark)
2022-02-19,RUS_HAL_CAP,Capesize,Coal,20.76,16207,Synthetic (BDI benchmark)
2022-02-19,MOZ_PAR_PAN,Panamax,Coal,21.59,12727,Synthetic (BDI benchmark)
2022-02-19,MOZ_PAR_CAP,Capesize,Coal,18.26,16392,Synthetic (BDI benchmark)
2022-02-19,MOZ_VIZ_PAN,Panamax,Coal,18.5,12427,Synthetic (BDI benchmark)
2022-02-19,MOZ_VIZ_CAP,Capesize,Coal,22.49,16928,Synthetic (BDI benchmark)
2022-02-19,MOZ_DHA_PAN,Panamax,Coal,19.19,9519,Synthetic (BDI benchmark)
2022-02-19,MOZ_DHA_CAP,Capesize,Coal,21.01,15670,Synthetic (BDI benchmark)
2022-02-19,MOZ_GAN_PAN,Panamax,Coal,20.97,11783,Synthetic (BDI benchmark)
2022-02-19,MOZ_GAN_CAP,Capesize,Coal,22.14,18119,Synthetic (BDI benchmark)
2022-02-19,MOZ_GOP_PAN,Panamax,Coal,19.8,12943,Synthetic (BDI benchmark)
2022-02-19,MOZ_GOP_CAP,Capesize,Coal,23.26,15371,Synthetic (BDI benchmark)
2022-02-19,MOZ_HAL_PAN,Panamax,Coal,23.6,10616,Synthetic (BDI benchmark)
2022-02-19,MOZ_HAL_CAP,Capesize,Coal,19.7,17323,Synthetic (BDI benchmark)
2022-02-19,USA_PAR_PAN,Panamax,Coal,31.34,11352,Synthetic (BDI benchmark)
2022-02-19,USA_PAR_CAP,Capesize,Coal,31.31,15475,Synthetic (BDI benchmark)
2022-02-19,USA_VIZ_PAN,Panamax,Coal,31.51,11155,Synthetic (BDI benchmark)
2022-02-19,USA_VIZ_CAP,Capesize,Coal,33.84,15084,Synthetic (BDI benchmark)
2022-02-19,USA_DHA_PAN,Panamax,Coal,32.79,14360,Synthetic (BDI benchmark)
2022-02-19,USA_DHA_CAP,Capesize,Coal,31.75,18849,Synthetic (BDI benchmark)
2022-02-19,USA_GAN_PAN,Panamax,Coal,30.3,14633,Synthetic (BDI benchmark)
2022-02-19,USA_GAN_CAP,Capesize,Coal,34.66,15340,Synthetic (BDI benchmark)
2022-02-19,USA_GOP_PAN,Panamax,Coal,32.92,10705,Synthetic (BDI benchmark)
2022-02-19,USA_GOP_CAP,Capesize,Coal,35.32,19760,Synthetic (BDI benchmark)
2022-02-19,USA_HAL_PAN,Panamax,Coal,31.56,11745,Synthetic (BDI benchmark)
2022-02-19,USA_HAL_CAP,Capesize,Coal,33.01,19170,Synthetic (BDI benchmark)
2022-03-21,AUS_PAR_PAN,Panamax,Coal,16.25,13045,Synthetic (BDI benchmark)
2022-03-21,AUS_PAR_CAP,Capesize,Coal,17.14,15963,Synthetic (BDI benchmark)
2022-03-21,AUS_VIZ_PAN,Panamax,Coal,16.51,10249,Synthetic (BDI benchmark)
2022-03-21,AUS_VIZ_CAP,Capesize,Coal,14.48,19136,Synthetic (BDI benchmark)
2022-03-21,AUS_DHA_PAN,Panamax,Coal,18.25,9368,Synthetic (BDI benchmark)
2022-03-21,AUS_DHA_CAP,Capesize,Coal,17.3,16309,Synthetic (BDI benchmark)
2022-03-21,AUS_GAN_PAN,Panamax,Coal,17.38,10849,Synthetic (BDI benchmark)
2022-03-21,AUS_GAN_CAP,Capesize,Coal,15.16,15404,Synthetic (BDI benchmark)
2022-03-21,AUS_GOP_PAN,Panamax,Coal,18.69,10993,Synthetic (BDI benchmark)
2022-03-21,AUS_GOP_CAP,Capesize,Coal,16.95,17144,Synthetic (BDI benchmark)
2022-03-21,AUS_HAL_PAN,Panamax,Coal,15.07,11332,Synthetic (BDI benchmark)
2022-03-21,AUS_HAL_CAP,Capesize,Coal,16.29,16583,Synthetic (BDI benchmark)
2022-03-21,IND_PAR_PAN,Panamax,Coal,9.5,12070,Synthetic (BDI benchmark)
2022-03-21,IND_PAR_CAP,Capesize,Coal,12.35,18574,Synthetic (BDI benchmark)
2022-03-21,IND_VIZ_PAN,Panamax,Coal,11.83,12715,Synthetic (BDI benchmark)
2022-03-21,IND_VIZ_CAP,Capesize,Coal,11.0,19066,Synthetic (BDI benchmark)
2022-03-21,IND_DHA_PAN,Panamax,Coal,10.51,13556,Synthetic (BDI benchmark)
2022-03-21,IND_DHA_CAP,Capesize,Coal,10.33,19157,Synthetic (BDI benchmark)
2022-03-21,IND_GAN_PAN,Panamax,Coal,11.2,13264,Synthetic (BDI benchmark)
2022-03-21,IND_GAN_CAP,Capesize,Coal,10.08,17054,Synthetic (BDI benchmark)
2022-03-21,IND_GOP_PAN,Panamax,Coal,10.43,13883,Synthetic (BDI benchmark)
2022-03-21,IND_GOP_CAP,Capesize,Coal,11.48,19021,Synthetic (BDI benchmark)
2022-03-21,IND_HAL_PAN,Panamax,Coal,10.62,13147,Synthetic (BDI benchmark)
2022-03-21,IND_HAL_CAP,Capesize,Coal,9.47,19014,Synthetic (BDI benchmark)
2022-03-21,RUS_PAR_PAN,Panamax,Coal,24.09,10997,Synthetic (BDI benchmark)
2022-03-21,RUS_PAR_CAP,Capesize,Coal,20.69,15232,Synthetic (BDI benchmark)
2022-03-21,RUS_VIZ_PAN,Panamax,Coal,21.41,10937,Synthetic (BDI benchmark)
2022-03-21,RUS_VIZ_CAP,Capesize,Coal,24.23,18501,Synthetic (BDI benchmark)
2022-03-21,RUS_DHA_PAN,Panamax,Coal,20.29,9366,Synthetic (BDI benchmark)
2022-03-21,RUS_DHA_CAP,Capesize,Coal,20.95,17030,Synthetic (BDI benchmark)
2022-03-21,RUS_GAN_PAN,Panamax,Coal,21.94,12124,Synthetic (BDI benchmark)
2022-03-21,RUS_GAN_CAP,Capesize,Coal,20.8,16346,Synthetic (BDI benchmark)
2022-03-21,RUS_GOP_PAN,Panamax,Coal,24.49,11049,Synthetic (BDI benchmark)
2022-03-21,RUS_GOP_CAP,Capesize,Coal,20.9,18267,Synthetic (BDI benchmark)
2022-03-21,RUS_HAL_PAN,Panamax,Coal,25.52,10239,Synthetic (BDI benchmark)
2022-03-21,RUS_HAL_CAP,Capesize,Coal,21.78,18723,Synthetic (BDI benchmark)
2022-03-21,MOZ_PAR_PAN,Panamax,Coal,19.66,10390,Synthetic (BDI benchmark)
2022-03-21,MOZ_PAR_CAP,Capesize,Coal,18.12,17250,Synthetic (BDI benchmark)
2022-03-21,MOZ_VIZ_PAN,Panamax,Coal,19.71,13454,Synthetic (BDI benchmark)
2022-03-21,MOZ_VIZ_CAP,Capesize,Coal,19.54,16169,Synthetic (BDI benchmark)
2022-03-21,MOZ_DHA_PAN,Panamax,Coal,19.92,14735,Synthetic (BDI benchmark)
2022-03-21,MOZ_DHA_CAP,Capesize,Coal,17.95,15834,Synthetic (BDI benchmark)
2022-03-21,MOZ_GAN_PAN,Panamax,Coal,22.03,10322,Synthetic (BDI benchmark)
2022-03-21,MOZ_GAN_CAP,Capesize,Coal,21.29,19609,Synthetic (BDI benchmark)
2022-03-21,MOZ_GOP_PAN,Panamax,Coal,22.68,9423,Synthetic (BDI benchmark)
2022-03-21,MOZ_GOP_CAP,Capesize,Coal,22.21,16044,Synthetic (BDI benchmark)
2022-03-21,MOZ_HAL_PAN,Panamax,Coal,20.84,11896,Synthetic (BDI benchmark)
2022-03-21,MOZ_HAL_CAP,Capesize,Coal,18.83,16580,Synthetic (BDI benchmark)
2022-03-21,USA_PAR_PAN,Panamax,Coal,29.72,10950,Synthetic (BDI benchmark)
2022-03-21,USA_PAR_CAP,Capesize,Coal,29.01,15989,Synthetic (BDI benchmark)
2022-03-21,USA_VIZ_PAN,Panamax,Coal,33.05,9317,Synthetic (BDI benchmark)
2022-03-21,USA_VIZ_CAP,Capesize,Coal,28.59,15894,Synthetic (BDI benchmark)
2022-03-21,USA_DHA_PAN,Panamax,Coal,31.25,10294,Synthetic (BDI benchmark)
2022-03-21,USA_DHA_CAP,Capesize,Coal,34.23,15241,Synthetic (BDI benchmark)
2022-03-21,USA_GAN_PAN,Panamax,Coal,32.78,14250,Synthetic (BDI benchmark)
2022-03-21,USA_GAN_CAP,Capesize,Coal,31.67,15745,Synthetic (BDI benchmark)
2022-03-21,USA_GOP_PAN,Panamax,Coal,34.29,12606,Synthetic (BDI benchmark)
2022-03-21,USA_GOP_CAP,Capesize,Coal,33.31,16484,Synthetic (BDI benchmark)
2022-03-21,USA_HAL_PAN,Panamax,Coal,31.39,14092,Synthetic (BDI benchmark)
2022-03-21,USA_HAL_CAP,Capesize,Coal,35.44,16974,Synthetic (BDI benchmark)
2022-04-20,AUS_PAR_PAN,Panamax,Coal,16.61,13250,Synthetic (BDI benchmark)
2022-04-20,AUS_PAR_CAP,Capesize,Coal,15.98,15326,Synthetic (BDI benchmark)
2022-04-20,AUS_VIZ_PAN,Panamax,Coal,19.25,14194,Synthetic (BDI benchmark)
2022-04-20,AUS_VIZ_CAP,Capesize,Coal,16.76,16455,Synthetic (BDI benchmark)
2022-04-20,AUS_DHA_PAN,Panamax,Coal,16.25,10530,Synthetic (BDI benchmark)
2022-04-20,AUS_DHA_CAP,Capesize,Coal,14.23,19327,Synthetic (BDI benchmark)
2022-04-20,AUS_GAN_PAN,Panamax,Coal,17.51,14938,Synthetic (BDI benchmark)
2022-04-20,AUS_GAN_CAP,Capesize,Coal,16.08,15140,Synthetic (BDI benchmark)
2022-04-20,AUS_GOP_PAN,Panamax,Coal,14.86,12028,Synthetic (BDI benchmark)
2022-04-20,AUS_GOP_CAP,Capesize,Coal,15.82,17983,Synthetic (BDI benchmark)
2022-04-20,AUS_HAL_PAN,Panamax,Coal,15.28,11942,Synthetic (BDI benchmark)
2022-04-20,AUS_HAL_CAP,Capesize,Coal,15.54,17862,Synthetic (BDI benchmark)
2022-04-20,IND_PAR_PAN,Panamax,Coal,8.76,10053,Synthetic (BDI benchmark)
2022-04-20,IND_PAR_CAP,Capesize,Coal,9.08,15827,Synthetic (BDI benchmark)
2022-04-20,IND_VIZ_PAN,Panamax,Coal,8.97,10528,Synthetic (BDI benchmark)
2022-04-20,IND_VIZ_CAP,Capesize,Coal,10.49,19568,Synthetic (BDI benchmark)
2022-04-20,IND_DHA_PAN,Panamax,Coal,12.0,14433,Synthetic (BDI benchmark)
2022-04-20,IND_DHA_CAP,Capesize,Coal,11.63,17598,Synthetic (BDI benchmark)
2022-04-20,IND_GAN_PAN,Panamax,Coal,12.38,10889,Synthetic (BDI benchmark)
2022-04-20,IND_GAN_CAP,Capesize,Coal,12.29,18206,Synthetic (BDI benchmark)
2022-04-20,IND_GOP_PAN,Panamax,Coal,11.97,10362,Synthetic (BDI benchmark)
2022-04-20,IND_GOP_CAP,Capesize,Coal,11.22,16520,Synthetic (BDI benchmark)
2022-04-20,IND_HAL_PAN,Panamax,Coal,10.22,12403,Synthetic (BDI benchmark)
2022-04-20,IND_HAL_CAP,Capesize,Coal,8.69,17758,Synthetic (BDI benchmark)
2022-04-20,RUS_PAR_PAN,Panamax,Coal,24.38,13369,Synthetic (BDI benchmark)
2022-04-20,RUS_PAR_CAP,Capesize,Coal,21.17,15059,Synthetic (BDI benchmark)
2022-04-20,RUS_VIZ_PAN,Panamax,Coal,18.45,13853,Synthetic (BDI benchmark)
2022-04-20,RUS_VIZ_CAP,Capesize,Coal,20.5,17022,Synthetic (BDI benchmark)
2022-04-20,RUS_DHA_PAN,Panamax,Coal,18.85,12310,Synthetic (BDI benchmark)
2022-04-20,RUS_DHA_CAP,Capesize,Coal,22.8,18629,Synthetic (BDI benchmark)
2022-04-20,RUS_GAN_PAN,Panamax,Coal,22.77,14323,Synthetic (BDI benchmark)
2022-04-20,RUS_GAN_CAP,Capesize,Coal,23.43,15511,Synthetic (BDI benchmark)
2022-04-20,RUS_GOP_PAN,Panamax,Coal,21.65,14595,Synthetic (BDI benchmark)
2022-04-20,RUS_GOP_CAP,Capesize,Coal,23.4,19113,Synthetic (BDI benchmark)
2022-04-20,RUS_HAL_PAN,Panamax,Coal,25.82,10524,Synthetic (BDI benchmark)
2022-04-20,RUS_HAL_CAP,Capesize,Coal,20.4,19359,Synthetic (BDI benchmark)
2022-04-20,MOZ_PAR_PAN,Panamax,Coal,18.63,14028,Synthetic (BDI benchmark)
2022-04-20,MOZ_PAR_CAP,Capesize,Coal,18.05,15991,Synthetic (BDI benchmark)
2022-04-20,MOZ_VIZ_PAN,Panamax,Coal,18.78,11930,Synthetic (BDI benchmark)
2022-04-20,MOZ_VIZ_CAP,Capesize,Coal,18.17,15388,Synthetic (BDI benchmark)
2022-04-20,MOZ_DHA_PAN,Panamax,Coal,19.82,11052,Synthetic (BDI benchmark)
2022-04-20,MOZ_DHA_CAP,Capesize,Coal,20.76,15114,Synthetic (BDI benchmark)
2022-04-20,MOZ_GAN_PAN,Panamax,Coal,21.57,11212,Synthetic (BDI benchmark)
2022-04-20,MOZ_GAN_CAP,Capesize,Coal,18.3,18212,Synthetic (BDI benchmark)
2022-04-20,MOZ_GOP_PAN,Panamax,Coal,20.45,9250,Synthetic (BDI benchmark)
2022-04-20,MOZ_GOP_CAP,Capesize,Coal,18.26,16429,Synthetic (BDI benchmark)
2022-04-20,MOZ_HAL_PAN,Panamax,Coal,19.14,13946,Synthetic (BDI benchmark)
2022-04-20,MOZ_HAL_CAP,Capesize,Coal,20.92,18096,Synthetic (BDI benchmark)
2022-04-20,USA_PAR_PAN,Panamax,Coal,30.45,14156,Synthetic (BDI benchmark)
2022-04-20,USA_PAR_CAP,Capesize,Coal,32.25,15327,Synthetic (BDI benchmark)
2022-04-20,USA_VIZ_PAN,Panamax,Coal,32.84,14964,Synthetic (BDI benchmark)
2022-04-20,USA_VIZ_CAP,Capesize,Coal,28.22,19077,Synthetic (BDI benchmark)
2022-04-20,USA_DHA_PAN,Panamax,Coal,34.48,10855,Synthetic (BDI benchmark)
2022-04-20,USA_DHA_CAP,Capesize,Coal,37.29,16866,Synthetic (BDI benchmark)
2022-04-20,USA_GAN_PAN,Panamax,Coal,27.25,11668,Synthetic (BDI benchmark)
2022-04-20,USA_GAN_CAP,Capesize,Coal,33.4,17814,Synthetic (BDI benchmark)
2022-04-20,USA_GOP_PAN,Panamax,Coal,35.54,9474,Synthetic (BDI benchmark)
2022-04-20,USA_GOP_CAP,Capesize,Coal,34.1,17773,Synthetic (BDI benchmark)
2022-04-20,USA_HAL_PAN,Panamax,Coal,34.44,10340,Synthetic (BDI benchmark)
2022-04-20,USA_HAL_CAP,Capesize,Coal,30.94,16923,Synthetic (BDI benchmark)
2022-05-20,AUS_PAR_PAN,Panamax,Coal,15.48,13250,Synthetic (BDI benchmark)
2022-05-20,AUS_PAR_CAP,Capesize,Coal,18.46,19641,Synthetic (BDI benchmark)
2022-05-20,AUS_VIZ_PAN,Panamax,Coal,18.56,10390,Synthetic (BDI benchmark)
2022-05-20,AUS_VIZ_CAP,Capesize,Coal,14.4,15599,Synthetic (BDI benchmark)
2022-05-20,AUS_DHA_PAN,Panamax,Coal,17.5,14934,Synthetic (BDI benchmark)
2022-05-20,AUS_DHA_CAP,Capesize,Coal,15.32,17873,Synthetic (BDI benchmark)
2022-05-20,AUS_GAN_PAN,Panamax,Coal,16.11,13380,Synthetic (BDI benchmark)
2022-05-20,AUS_GAN_CAP,Capesize,Coal,16.81,16714,Synthetic (BDI benchmark)
2022-05-20,AUS_GOP_PAN,Panamax,Coal,15.69,12482,Synthetic (BDI benchmark)
2022-05-20,AUS_GOP_CAP,Capesize,Coal,18.32,18741,Synthetic (BDI benchmark)
2022-05-20,AUS_HAL_PAN,Panamax,Coal,18.16,13741,Synthetic (BDI benchmark)
2022-05-20,AUS_HAL_CAP,Capesize,Coal,16.35,15462,Synthetic (BDI benchmark)
2022-05-20,IND_PAR_PAN,Panamax,Coal,11.74,14514,Synthetic (BDI benchmark)
2022-05-20,IND_PAR_CAP,Capesize,Coal,9.32,17462,Synthetic (BDI benchmark)
2022-05-20,IND_VIZ_PAN,Panamax,Coal,9.81,12126,Synthetic (BDI benchmark)
2022-05-20,IND_VIZ_CAP,Capesize,Coal,9.01,16004,Synthetic (BDI benchmark)
2022-05-20,IND_DHA_PAN,Panamax,Coal,9.92,12384,Synthetic (BDI benchmark)
2022-05-20,IND_DHA_CAP,Capesize,Coal,9.01,15633,Synthetic (BDI benchmark)
2022-05-20,IND_GAN_PAN,Panamax,Coal,9.07,14565,Synthetic (BDI benchmark)
2022-05-20,IND_GAN_CAP,Capesize,Coal,9.32,18925,Synthetic (BDI benchmark)
2022-05-20,IND_GOP_PAN,Panamax,Coal,12.75,9580,Synthetic (BDI benchmark)
2022-05-20,IND_GOP_CAP,Capesize,Coal,9.88,18881,Synthetic (BDI benchmark)
2022-05-20,IND_HAL_PAN,Panamax,Coal,11.17,11879,Synthetic (BDI benchmark)
2022-05-20,IND_HAL_CAP,Capesize,Coal,9.11,18394,Synthetic (BDI benchmark)
2022-05-20,RUS_PAR_PAN,Panamax,Coal,22.46,9505,Synthetic (BDI benchmark)
2022-05-20,RUS_PAR_CAP,Capesize,Coal,22.79,17187,Synthetic (BDI benchmark)
2022-05-20,RUS_VIZ_PAN,Panamax,Coal,25.05,9411,Synthetic (BDI benchmark)
2022-05-20,RUS_VIZ_CAP,Capesize,Coal,26.37,15292,Synthetic (BDI benchmark)
2022-05-20,RUS_DHA_PAN,Panamax,Coal,25.71,13048,Synthetic (BDI benchmark)
2022-05-20,RUS_DHA_CAP,Capesize,Coal,22.14,17838,Synthetic (BDI benchmark)
2022-05-20,RUS_GAN_PAN,Panamax,Coal,23.49,14118,Synthetic (BDI benchmark)
2022-05-20,RUS_GAN_CAP,Capesize,Coal,23.43,19851,Synthetic (BDI benchmark)
2022-05-20,RUS_GOP_PAN,Panamax,Coal,23.81,12892,Synthetic (BDI benchmark)
2022-05-20,RUS_GOP_CAP,Capesize,Coal,20.29,16877,Synthetic (BDI benchmark)
2022-05-20,RUS_HAL_PAN,Panamax,Coal,21.49,9360,Synthetic (BDI benchmark)
2022-05-20,RUS_HAL_CAP,Capesize,Coal,22.11,17999,Synthetic (BDI benchmark)
2022-05-20,MOZ_PAR_PAN,Panamax,Coal,22.14,11188,Synthetic (BDI benchmark)
2022-05-20,MOZ_PAR_CAP,Capesize,Coal,22.91,16296,Synthetic (BDI benchmark)
2022-05-20,MOZ_VIZ_PAN,Panamax,Coal,21.53,13093,Synthetic (BDI benchmark)
2022-05-20,MOZ_VIZ_CAP,Capesize,Coal,21.82,16673,Synthetic (BDI benchmark)
2022-05-20,MOZ_DHA_PAN,Panamax,Coal,18.45,14495,Synthetic (BDI benchmark)
2022-05-20,MOZ_DHA_CAP,Capesize,Coal,22.29,18562,Synthetic (BDI benchmark)
2022-05-20,MOZ_GAN_PAN,Panamax,Coal,19.01,10083,Synthetic (BDI benchmark)
2022-05-20,MOZ_GAN_CAP,Capesize,Coal,21.06,19613,Synthetic (BDI benchmark)
2022-05-20,MOZ_GOP_PAN,Panamax,Coal,19.3,11306,Synthetic (BDI benchmark)
2022-05-20,MOZ_GOP_CAP,Capesize,Coal,20.26,19865,Synthetic (BDI benchmark)
2022-05-20,MOZ_HAL_PAN,Panamax,Coal,19.06,13341,Synthetic (BDI benchmark)
2022-05-20,MOZ_HAL_CAP,Capesize,Coal,20.32,16036,Synthetic (BDI benchmark)
2022-05-20,USA_PAR_PAN,Panamax,Coal,29.75,13311,Synthetic (BDI benchmark)
2022-05-20,USA_PAR_CAP,Capesize,Coal,31.21,18025,Synthetic (BDI benchmark)
2022-05-20,USA_VIZ_PAN,Panamax,Coal,34.96,13269,Synthetic (BDI benchmark)
2022-05-20,USA_VIZ_CAP,Capesize,Coal,32.79,15868,Synthetic (BDI benchmark)
2022-05-20,USA_DHA_PAN,Panamax,Coal,34.23,11241,Synthetic (BDI benchmark)
2022-05-20,USA_DHA_CAP,Capesize,Coal,34.59,19341,Synthetic (BDI benchmark)
2022-05-20,USA_GAN_PAN,Panamax,Coal,37.12,11686,Synthetic (BDI benchmark)
2022-05-20,USA_GAN_CAP,Capesize,Coal,29.87,19512,Synthetic (BDI benchmark)
2022-05-20,USA_GOP_PAN,Panamax,Coal,37.52,9647,Synthetic (BDI benchmark)
2022-05-20,USA_GOP_CAP,Capesize,Coal,32.87,17156,Synthetic (BDI benchmark)
2022-05-20,USA_HAL_PAN,Panamax,Coal,33.22,13051,Synthetic (BDI benchmark)
2022-05-20,USA_HAL_CAP,Capesize,Coal,35.53,19433,Synthetic (BDI benchmark)
2022-06-19,AUS_PAR_PAN,Panamax,Coal,16.72,14228,Synthetic (BDI benchmark)
2022-06-19,AUS_PAR_CAP,Capesize,Coal,15.71,15860,Synthetic (BDI benchmark)
2022-06-19,AUS_VIZ_PAN,Panamax,Coal,15.73,10553,Synthetic (BDI benchmark)
2022-06-19,AUS_VIZ_CAP,Capesize,Coal,14.52,17210,Synthetic (BDI benchmark)
2022-06-19,AUS_DHA_PAN,Panamax,Coal,14.45,14597,Synthetic (BDI benchmark)
2022-06-19,AUS_DHA_CAP,Capesize,Coal,15.73,19436,Synthetic (BDI benchmark)
2022-06-19,AUS_GAN_PAN,Panamax,Coal,17.25,11940,Synthetic (BDI benchmark)
2022-06-19,AUS_GAN_CAP,Capesize,Coal,18.22,15471,Synthetic (BDI benchmark)
2022-06-19,AUS_GOP_PAN,Panamax,Coal,15.54,11423,Synthetic (BDI benchmark)
2022-06-19,AUS_GOP_CAP,Capesize,Coal,15.81,19099,Synthetic (BDI benchmark)
2022-06-19,AUS_HAL_PAN,Panamax,Coal,16.02,11102,Synthetic (BDI benchmark)
2022-06-19,AUS_HAL_CAP,Capesize,Coal,16.07,15705,Synthetic (BDI benchmark)
2022-06-19,IND_PAR_PAN,Panamax,Coal,9.77,9884,Synthetic (BDI benchmark)
2022-06-19,IND_PAR_CAP,Capesize,Coal,11.94,18764,Synthetic (BDI benchmark)
2022-06-19,IND_VIZ_PAN,Panamax,Coal,10.1,11538,Synthetic (BDI benchmark)
2022-06-19,IND_VIZ_CAP,Capesize,Coal,8.9,19585,Synthetic (BDI benchmark)
2022-06-19,IND_DHA_PAN,Panamax,Coal,12.09,11467,Synthetic (BDI benchmark)
2022-06-19,IND_DHA_CAP,Capesize,Coal,9.64,16893,Synthetic (BDI benchmark)
2022-06-19,IND_GAN_PAN,Panamax,Coal,8.34,13524,Synthetic (BDI benchmark)
2022-06-19,IND_GAN_CAP,Capesize,Coal,10.28,16188,Synthetic (BDI benchmark)
2022-06-19,IND_GOP_PAN,Panamax,Coal,12.53,14366,Synthetic (BDI benchmark)
2022-06-19,IND_GOP_CAP,Capesize,Coal,10.48,19158,Synthetic (BDI benchmark)
2022-06-19,IND_HAL_PAN,Panamax,Coal,9.74,10459,Synthetic (BDI benchmark)
2022-06-19,IND_HAL_CAP,Capesize,Coal,9.6,19419,Synthetic (BDI benchmark)
2022-06-19,RUS_PAR_PAN,Panamax,Coal,24.68,14599,Synthetic (BDI benchmark)
2022-06-19,RUS_PAR_CAP,Capesize,Coal,22.96,15579,Synthetic (BDI benchmark)
2022-06-19,RUS_VIZ_PAN,Panamax,Coal,19.7,11531,Synthetic (BDI benchmark)
2022-06-19,RUS_VIZ_CAP,Capesize,Coal,24.9,18454,Synthetic (BDI benchmark)
2022-06-19,RUS_DHA_PAN,Panamax,Coal,20.58,11956,Synthetic (BDI benchmark)
2022-06-19,RUS_DHA_CAP,Capesize,Coal,22.09,17793,Synthetic (BDI benchmark)
2022-06-19,RUS_GAN_PAN,Panamax,Coal,21.38,9306,Synthetic (BDI benchmark)
2022-06-19,RUS_GAN_CAP,Capesize,Coal,22.73,19995,Synthetic (BDI benchmark)
2022-06-19,RUS_GOP_PAN,Panamax,Coal,19.53,11256,Synthetic (BDI benchmark)
2022-06-19,RUS_GOP_CAP,Capesize,Coal,21.36,15994,Synthetic (BDI benchmark)
2022-06-19,RUS_HAL_PAN,Panamax,Coal,20.98,9108,Synthetic (BDI benchmark)
2022-06-19,RUS_HAL_CAP,Capesize,Coal,19.26,18372,Synthetic (BDI benchmark)
2022-06-19,MOZ_PAR_PAN,Panamax,Coal,22.93,12806,Synthetic (BDI benchmark)
2022-06-19,MOZ_PAR_CAP,Capesize,Coal,23.2,17940,Synthetic (BDI benchmark)
2022-06-19,MOZ_VIZ_PAN,Panamax,Coal,20.73,13056,Synthetic (BDI benchmark)
2022-06-19,MOZ_VIZ_CAP,Capesize,Coal,18.05,18129,Synthetic (BDI benchmark)
2022-06-19,MOZ_DHA_PAN,Panamax,Coal,22.08,12286,Synthetic (BDI benchmark)
2022-06-19,MOZ_DHA_CAP,Capesize,Coal,18.05,16646,Synthetic (BDI benchmark)
2022-06-19,MOZ_GAN_PAN,Panamax,Coal,17.85,13864,Synthetic (BDI benchmark)
2022-06-19,MOZ_GAN_CAP,Capesize,Coal,23.36,18772,Synthetic (BDI benchmark)
2022-06-19,MOZ_GOP_PAN,Panamax,Coal,19.83,9040,Synthetic (BDI benchmark)
2022-06-19,MOZ_GOP_CAP,Capesize,Coal,21.08,19633,Synthetic (BDI benchmark)
2022-06-19,MOZ_HAL_PAN,Panamax,Coal,20.99,9756,Synthetic (BDI benchmark)
2022-06-19,MOZ_HAL_CAP,Capesize,Coal,19.9,16525,Synthetic (BDI benchmark)
2022-06-19,USA_PAR_PAN,Panamax,Coal,33.19,10846,Synthetic (BDI benchmark)
2022-06-19,USA_PAR_CAP,Capesize,Coal,29.51,15936,Synthetic (BDI benchmark)
2022-06-19,USA_VIZ_PAN,Panamax,Coal,35.52,11857,Synthetic (BDI benchmark)
2022-06-19,USA_VIZ_CAP,Capesize,Coal,32.88,18572,Synthetic (BDI benchmark)
2022-06-19,USA_DHA_PAN,Panamax,Coal,32.38,11964,Synthetic (BDI benchmark)
2022-06-19,USA_DHA_CAP,Capesize,Coal,30.49,19687,Synthetic (BDI benchmark)
2022-06-19,USA_GAN_PAN,Panamax,Coal,33.1,12506,Synthetic (BDI benchmark)
2022-06-19,USA_GAN_CAP,Capesize,Coal,31.34,16512,Synthetic (BDI benchmark)
2022-06-19,USA_GOP_PAN,Panamax,Coal,30.35,10955,Synthetic (BDI benchmark)
2022-06-19,USA_GOP_CAP,Capesize,Coal,33.3,17104,Synthetic (BDI benchmark)
2022-06-19,USA_HAL_PAN,Panamax,Coal,30.49,14269,Synthetic (BDI benchmark)
2022-06-19,USA_HAL_CAP,Capesize,Coal,32.22,16661,Synthetic (BDI benchmark)
2022-07-19,AUS_PAR_PAN,Panamax,Coal,18.65,12133,Synthetic (BDI benchmark)
2022-07-19,AUS_PAR_CAP,Capesize,Coal,16.53,15808,Synthetic (BDI benchmark)
2022-07-19,AUS_VIZ_PAN,Panamax,Coal,17.93,11498,Synthetic (BDI benchmark)
2022-07-19,AUS_VIZ_CAP,Capesize,Coal,18.22,17695,Synthetic (BDI benchmark)
2022-07-19,AUS_DHA_PAN,Panamax,Coal,16.57,12217,Synthetic (BDI benchmark)
2022-07-19,AUS_DHA_CAP,Capesize,Coal,16.06,16792,Synthetic (BDI benchmark)
2022-07-19,AUS_GAN_PAN,Panamax,Coal,15.38,9850,Synthetic (BDI benchmark)
2022-07-19,AUS_GAN_CAP,Capesize,Coal,15.37,17545,Synthetic (BDI benchmark)
2022-07-19,AUS_GOP_PAN,Panamax,Coal,15.91,12378,Synthetic (BDI benchmark)
2022-07-19,AUS_GOP_CAP,Capesize,Coal,14.13,18517,Synthetic (BDI benchmark)
2022-07-19,AUS_HAL_PAN,Panamax,Coal,14.79,14567,Synthetic (BDI benchmark)
2022-07-19,AUS_HAL_CAP,Capesize,Coal,18.81,15218,Synthetic (BDI benchmark)
2022-07-19,IND_PAR_PAN,Panamax,Coal,10.0,10231,Synthetic (BDI benchmark)
2022-07-19,IND_PAR_CAP,Capesize,Coal,11.92,18927,Synthetic (BDI benchmark)
2022-07-19,IND_VIZ_PAN,Panamax,Coal,11.42,9070,Synthetic (BDI benchmark)
2022-07-19,IND_VIZ_CAP,Capesize,Coal,11.13,17743,Synthetic (BDI benchmark)
2022-07-19,IND_DHA_PAN,Panamax,Coal,9.44,13542,Synthetic (BDI benchmark)
2022-07-19,IND_DHA_CAP,Capesize,Coal,11.12,16125,Synthetic (BDI benchmark)
2022-07-19,IND_GAN_PAN,Panamax,Coal,10.96,9280,Synthetic (BDI benchmark)
2022-07-19,IND_GAN_CAP,Capesize,Coal,11.31,18174,Synthetic (BDI benchmark)
2022-07-19,IND_GOP_PAN,Panamax,Coal,10.29,12247,Synthetic (BDI benchmark)
2022-07-19,IND_GOP_CAP,Capesize,Coal,9.91,18897,Synthetic (BDI benchmark)
2022-07-19,IND_HAL_PAN,Panamax,Coal,8.15,13720,Synthetic (BDI benchmark)
2022-07-19,IND_HAL_CAP,Capesize,Coal,9.87,15425,Synthetic (BDI benchmark)
2022-07-19,RUS_PAR_PAN,Panamax,Coal,23.25,13634,Synthetic (BDI benchmark)
2022-07-19,RUS_PAR_CAP,Capesize,Coal,25.39,18611,Synthetic (BDI benchmark)
2022-07-19,RUS_VIZ_PAN,Panamax,Coal,20.43,13154,Synthetic (BDI benchmark)
2022-07-19,RUS_VIZ_CAP,Capesize,Coal,24.37,16955,Synthetic (BDI benchmark)
2022-07-19,RUS_DHA_PAN,Panamax,Coal,22.71,9912,Synthetic (BDI benchmark)
2022-07-19,RUS_DHA_CAP,Capesize,Coal,19.38,17763,Synthetic (BDI benchmark)
2022-07-19,RUS_GAN_PAN,Panamax,Coal,24.17,12536,Synthetic (BDI benchmark)
2022-07-19,RUS_GAN_CAP,Capesize,Coal,24.86,16920,Synthetic (BDI benchmark)
2022-07-19,RUS_GOP_PAN,Panamax,Coal,25.23,10662,Synthetic (BDI benchmark)
2022-07-19,RUS_GOP_CAP,Capesize,Coal,21.2,15103,Synthetic (BDI benchmark)
2022-07-19,RUS_HAL_PAN,Panamax,Coal,22.05,11339,Synthetic (BDI benchmark)
2022-07-19,RUS_HAL_CAP,Capesize,Coal,23.48,15202,Synthetic (BDI benchmark)
2022-07-19,MOZ_PAR_PAN,Panamax,Coal,20.1,9473,Synthetic (BDI benchmark)
2022-07-19,MOZ_PAR_CAP,Capesize,Coal,20.04,19125,Synthetic (BDI benchmark)
2022-07-19,MOZ_VIZ_PAN,Panamax,Coal,22.15,14098,Synthetic (BDI benchmark)
2022-07-19,MOZ_VIZ_CAP,Capesize,Coal,19.63,16513,Synthetic (BDI benchmark)
2022-07-19,MOZ_DHA_PAN,Panamax,Coal,23.08,12777,Synthetic (BDI benchmark)
2022-07-19,MOZ_DHA_CAP,Capesize,Coal,24.24,15272,Synthetic (BDI benchmark)
2022-07-19,MOZ_GAN_PAN,Panamax,Coal,21.47,13850,Synthetic (BDI benchmark)
2022-07-19,MOZ_GAN_CAP,Capesize,Coal,18.95,18956,Synthetic (BDI benchmark)
2022-07-19,MOZ_GOP_PAN,Panamax,Coal,22.88,14807,Synthetic (BDI benchmark)
2022-07-19,MOZ_GOP_CAP,Capesize,Coal,17.93,16795,Synthetic (BDI benchmark)
2022-07-19,MOZ_HAL_PAN,Panamax,Coal,21.07,13341,Synthetic (BDI benchmark)
2022-07-19,MOZ_HAL_CAP,Capesize,Coal,23.73,19178,Synthetic (BDI benchmark)
2022-07-19,USA_PAR_PAN,Panamax,Coal,28.06,14310,Synthetic (BDI benchmark)
2022-07-19,USA_PAR_CAP,Capesize,Coal,29.4,16600,Synthetic (BDI benchmark)
2022-07-19,USA_VIZ_PAN,Panamax,Coal,32.75,14170,Synthetic (BDI benchmark)
2022-07-19,USA_VIZ_CAP,Capesize,Coal,28.44,16673,Synthetic (BDI benchmark)
2022-07-19,USA_DHA_PAN,Panamax,Coal,31.13,12904,Synthetic (BDI benchmark)
2022-07-19,USA_DHA_CAP,Capesize,Coal,30.1,16708,Synthetic (BDI benchmark)
2022-07-19,USA_GAN_PAN,Panamax,Coal,32.02,9569,Synthetic (BDI benchmark)
2022-07-19,USA_GAN_CAP,Capesize,Coal,31.95,16917,Synthetic (BDI benchmark)
2022-07-19,USA_GOP_PAN,Panamax,Coal,35.86,13583,Synthetic (BDI benchmark)
2022-07-19,USA_GOP_CAP,Capesize,Coal,30.44,17558,Synthetic (BDI benchmark)
2022-07-19,USA_HAL_PAN,Panamax,Coal,29.81,14189,Synthetic (BDI benchmark)
2022-07-19,USA_HAL_CAP,Capesize,Coal,30.85,18200,Synthetic (BDI benchmark)
2022-08-18,AUS_PAR_PAN,Panamax,Coal,16.12,13411,Synthetic (BDI benchmark)
2022-08-18,AUS_PAR_CAP,Capesize,Coal,16.9,16791,Synthetic (BDI benchmark)
2022-08-18,AUS_VIZ_PAN,Panamax,Coal,16.73,14758,Synthetic (BDI benchmark)
2022-08-18,AUS_VIZ_CAP,Capesize,Coal,13.77,19914,Synthetic (BDI benchmark)
2022-08-18,AUS_DHA_PAN,Panamax,Coal,14.49,10923,Synthetic (BDI benchmark)
2022-08-18,AUS_DHA_CAP,Capesize,Coal,15.13,17871,Synthetic (BDI benchmark)
2022-08-18,AUS_GAN_PAN,Panamax,Coal,17.81,14868,Synthetic (BDI benchmark)
2022-08-18,AUS_GAN_CAP,Capesize,Coal,16.36,17550,Synthetic (BDI benchmark)
2022-08-18,AUS_GOP_PAN,Panamax,Coal,15.39,11731,Synthetic (BDI benchmark)
2022-08-18,AUS_GOP_CAP,Capesize,Coal,16.24,15989,Synthetic (BDI benchmark)
2022-08-18,AUS_HAL_PAN,Panamax,Coal,15.71,12936,Synthetic (BDI benchmark)
2022-08-18,AUS_HAL_CAP,Capesize,Coal,16.99,16667,Synthetic (BDI benchmark)
2022-08-18,IND_PAR_PAN,Panamax,Coal,10.32,11791,Synthetic (BDI benchmark)
2022-08-18,IND_PAR_CAP,Capesize,Coal,8.46,16049,Synthetic (BDI benchmark)
2022-08-18,IND_VIZ_PAN,Panamax,Coal,12.27,11375,Synthetic (BDI benchmark)
2022-08-18,IND_VIZ_CAP,Capesize,Coal,8.79,19344,Synthetic (BDI benchmark)
2022-08-18,IND_DHA_PAN,Panamax,Coal,9.06,13982,Synthetic (BDI benchmark)
2022-08-18,IND_DHA_CAP,Capesize,Coal,9.21,18947,Synthetic (BDI benchmark)
2022-08-18,IND_GAN_PAN,Panamax,Coal,10.56,14317,Synthetic (BDI benchmark)
2022-08-18,IND_GAN_CAP,Capesize,Coal,10.02,17181,Synthetic (BDI benchmark)
2022-08-18,IND_GOP_PAN,Panamax,Coal,9.09,13869,Synthetic (BDI benchmark)
2022-08-18,IND_GOP_CAP,Capesize,Coal,9.88,18560,Synthetic (BDI benchmark)
2022-08-18,IND_HAL_PAN,Panamax,Coal,9.97,9971,Synthetic (BDI benchmark)
2022-08-18,IND_HAL_CAP,Capesize,Coal,9.41,15203,Synthetic (BDI benchmark)
2022-08-18,RUS_PAR_PAN,Panamax,Coal,22.95,9366,Synthetic (BDI benchmark)
2022-08-18,RUS_PAR_CAP,Capesize,Coal,21.26,17754,Synthetic (BDI benchmark)
2022-08-18,RUS_VIZ_PAN,Panamax,Coal,20.25,11678,Synthetic (BDI benchmark)
2022-08-18,RUS_VIZ_CAP,Capesize,Coal,21.97,18742,Synthetic (BDI benchmark)
2022-08-18,RUS_DHA_PAN,Panamax,Coal,25.51,11977,Synthetic (BDI benchmark)
2022-08-18,RUS_DHA_CAP,Capesize,Coal,25.13,18992,Synthetic (BDI benchmark)
2022-08-18,RUS_GAN_PAN,Panamax,Coal,23.2,11447,Synthetic (BDI benchmark)
2022-08-18,RUS_GAN_CAP,Capesize,Coal,24.23,17809,Synthetic (BDI benchmark)
2022-08-18,RUS_GOP_PAN,Panamax,Coal,21.96,12722,Synthetic (BDI benchmark)
2022-08-18,RUS_GOP_CAP,Capesize,Coal,19.32,18353,Synthetic (BDI benchmark)
2022-08-18,RUS_HAL_PAN,Panamax,Coal,21.28,10839,Synthetic (BDI benchmark)
2022-08-18,RUS_HAL_CAP,Capesize,Coal,22.7,18888,Synthetic (BDI benchmark)
2022-08-18,MOZ_PAR_PAN,Panamax,Coal,20.97,13966,Synthetic (BDI benchmark)
2022-08-18,MOZ_PAR_CAP,Capesize,Coal,21.22,18030,Synthetic (BDI benchmark)
2022-08-18,MOZ_VIZ_PAN,Panamax,Coal,22.14,10653,Synthetic (BDI benchmark)
2022-08-18,MOZ_VIZ_CAP,Capesize,Coal,21.41,15832,Synthetic (BDI benchmark)
2022-08-18,MOZ_DHA_PAN,Panamax,Coal,21.78,9406,Synthetic (BDI benchmark)
2022-08-18,MOZ_DHA_CAP,Capesize,Coal,20.38,19997,Synthetic (BDI benchmark)
2022-08-18,MOZ_GAN_PAN,Panamax,Coal,21.4,9484,Synthetic (BDI benchmark)
2022-08-18,MOZ_GAN_CAP,Capesize,Coal,23.38,18894,Synthetic (BDI benchmark)
2022-08-18,MOZ_GOP_PAN,Panamax,Coal,20.34,10822,Synthetic (BDI benchmark)
2022-08-18,MOZ_GOP_CAP,Capesize,Coal,21.59,18978,Synthetic (BDI benchmark)
2022-08-18,MOZ_HAL_PAN,Panamax,Coal,18.12,12222,Synthetic (BDI benchmark)
2022-08-18,MOZ_HAL_CAP,Capesize,Coal,21.6,17688,Synthetic (BDI benchmark)
2022-08-18,USA_PAR_PAN,Panamax,Coal,31.08,11248,Synthetic (BDI benchmark)
2022-08-18,USA_PAR_CAP,Capesize,Coal,32.41,18296,Synthetic (BDI benchmark)
2022-08-18,USA_VIZ_PAN,Panamax,Coal,33.45,13303,Synthetic (BDI benchmark)
2022-08-18,USA_VIZ_CAP,Capesize,Coal,33.07,18739,Synthetic (BDI benchmark)
2022-08-18,USA_DHA_PAN,Panamax,Coal,33.2,9907,Synthetic (BDI benchmark)
2022-08-18,USA_DHA_CAP,Capesize,Coal,33.53,19218,Synthetic (BDI benchmark)
2022-08-18,USA_GAN_PAN,Panamax,Coal,30.63,14414,Synthetic (BDI benchmark)
2022-08-18,USA_GAN_CAP,Capesize,Coal,28.98,19620,Synthetic (BDI benchmark)
2022-08-18,USA_GOP_PAN,Panamax,Coal,37.79,14602,Synthetic (BDI benchmark)
2022-08-18,USA_GOP_CAP,Capesize,Coal,34.78,19561,Synthetic (BDI benchmark)
2022-08-18,USA_HAL_PAN,Panamax,Coal,31.33,12941,Synthetic (BDI benchmark)
2022-08-18,USA_HAL_CAP,Capesize,Coal,35.45,19609,Synthetic (BDI benchmark)
2022-09-17,AUS_PAR_PAN,Panamax,Coal,16.29,10417,Synthetic (BDI benchmark)
2022-09-17,AUS_PAR_CAP,Capesize,Coal,13.77,16775,Synthetic (BDI benchmark)
2022-09-17,AUS_VIZ_PAN,Panamax,Coal,18.26,14657,Synthetic (BDI benchmark)
2022-09-17,AUS_VIZ_CAP,Capesize,Coal,15.89,17011,Synthetic (BDI benchmark)
2022-09-17,AUS_DHA_PAN,Panamax,Coal,17.42,11027,Synthetic (BDI benchmark)
2022-09-17,AUS_DHA_CAP,Capesize,Coal,14.68,19615,Synthetic (BDI benchmark)
2022-09-17,AUS_GAN_PAN,Panamax,Coal,16.62,9409,Synthetic (BDI benchmark)
2022-09-17,AUS_GAN_CAP,Capesize,Coal,15.42,18810,Synthetic (BDI benchmark)
2022-09-17,AUS_GOP_PAN,Panamax,Coal,16.27,9393,Synthetic (BDI benchmark)
2022-09-17,AUS_GOP_CAP,Capesize,Coal,16.79,15348,Synthetic (BDI benchmark)
2022-09-17,AUS_HAL_PAN,Panamax,Coal,17.28,13742,Synthetic (BDI benchmark)
2022-09-17,AUS_HAL_CAP,Capesize,Coal,16.86,17154,Synthetic (BDI benchmark)
2022-09-17,IND_PAR_PAN,Panamax,Coal,11.68,13544,Synthetic (BDI benchmark)
2022-09-17,IND_PAR_CAP,Capesize,Coal,12.0,19471,Synthetic (BDI benchmark)
2022-09-17,IND_VIZ_PAN,Panamax,Coal,11.24,14773,Synthetic (BDI benchmark)
2022-09-17,IND_VIZ_CAP,Capesize,Coal,8.45,15763,Synthetic (BDI benchmark)
2022-09-17,IND_DHA_PAN,Panamax,Coal,9.63,14127,Synthetic (BDI benchmark)
2022-09-17,IND_DHA_CAP,Capesize,Coal,10.54,17153,Synthetic (BDI benchmark)
2022-09-17,IND_GAN_PAN,Panamax,Coal,10.34,11316,Synthetic (BDI benchmark)
2022-09-17,IND_GAN_CAP,Capesize,Coal,8.61,18270,Synthetic (BDI benchmark)
2022-09-17,IND_GOP_PAN,Panamax,Coal,10.56,12928,Synthetic (BDI benchmark)
2022-09-17,IND_GOP_CAP,Capesize,Coal,10.85,18662,Synthetic (BDI benchmark)
2022-09-17,IND_HAL_PAN,Panamax,Coal,11.74,9285,Synthetic (BDI benchmark)
2022-09-17,IND_HAL_CAP,Capesize,Coal,11.33,16897,Synthetic (BDI benchmark)
2022-09-17,RUS_PAR_PAN,Panamax,Coal,19.67,14821,Synthetic (BDI benchmark)
2022-09-17,RUS_PAR_CAP,Capesize,Coal,21.39,18237,Synthetic (BDI benchmark)
2022-09-17,RUS_VIZ_PAN,Panamax,Coal,20.11,11952,Synthetic (BDI benchmark)
2022-09-17,RUS_VIZ_CAP,Capesize,Coal,23.93,18449,Synthetic (BDI benchmark)
2022-09-17,RUS_DHA_PAN,Panamax,Coal,21.25,9801,Synthetic (BDI benchmark)
2022-09-17,RUS_DHA_CAP,Capesize,Coal,19.02,16333,Synthetic (BDI benchmark)
2022-09-17,RUS_GAN_PAN,Panamax,Coal,24.72,9634,Synthetic (BDI benchmark)
2022-09-17,RUS_GAN_CAP,Capesize,Coal,23.29,15055,Synthetic (BDI benchmark)
2022-09-17,RUS_GOP_PAN,Panamax,Coal,23.7,9208,Synthetic (BDI benchmark)
2022-09-17,RUS_GOP_CAP,Capesize,Coal,21.77,17688,Synthetic (BDI benchmark)
2022-09-17,RUS_HAL_PAN,Panamax,Coal,22.48,14327,Synthetic (BDI benchmark)
2022-09-17,RUS_HAL_CAP,Capesize,Coal,23.43,15189,Synthetic (BDI benchmark)
2022-09-17,MOZ_PAR_PAN,Panamax,Coal,20.03,13333,Synthetic (BDI benchmark)
2022-09-17,MOZ_PAR_CAP,Capesize,Coal,21.92,16923,Synthetic (BDI benchmark)
2022-09-17,MOZ_VIZ_PAN,Panamax,Coal,21.19,14592,Synthetic (BDI benchmark)
2022-09-17,MOZ_VIZ_CAP,Capesize,Coal,20.85,17284,Synthetic (BDI benchmark)
2022-09-17,MOZ_DHA_PAN,Panamax,Coal,18.55,14972,Synthetic (BDI benchmark)
2022-09-17,MOZ_DHA_CAP,Capesize,Coal,20.43,16605,Synthetic (BDI benchmark)
2022-09-17,MOZ_GAN_PAN,Panamax,Coal,20.01,14230,Synthetic (BDI benchmark)
2022-09-17,MOZ_GAN_CAP,Capesize,Coal,18.72,19631,Synthetic (BDI benchmark)
2022-09-17,MOZ_GOP_PAN,Panamax,Coal,19.38,11318,Synthetic (BDI benchmark)
2022-09-17,MOZ_GOP_CAP,Capesize,Coal,22.24,19547,Synthetic (BDI benchmark)
2022-09-17,MOZ_HAL_PAN,Panamax,Coal,22.56,12791,Synthetic (BDI benchmark)
2022-09-17,MOZ_HAL_CAP,Capesize,Coal,20.92,15443,Synthetic (BDI benchmark)
2022-09-17,USA_PAR_PAN,Panamax,Coal,30.57,11635,Synthetic (BDI benchmark)
2022-09-17,USA_PAR_CAP,Capesize,Coal,33.15,16242,Synthetic (BDI benchmark)
2022-09-17,USA_VIZ_PAN,Panamax,Coal,35.82,9840,Synthetic (BDI benchmark)
2022-09-17,USA_VIZ_CAP,Capesize,Coal,32.85,18027,Synthetic (BDI benchmark)
2022-09-17,USA_DHA_PAN,Panamax,Coal,32.34,10237,Synthetic (BDI benchmark)
2022-09-17,USA_DHA_CAP,Capesize,Coal,32.03,19607,Synthetic (BDI benchmark)
2022-09-17,USA_GAN_PAN,Panamax,Coal,31.92,12384,Synthetic (BDI benchmark)
2022-09-17,USA_GAN_CAP,Capesize,Coal,28.43,17820,Synthetic (BDI benchmark)
2022-09-17,USA_GOP_PAN,Panamax,Coal,30.69,12980,Synthetic (BDI benchmark)
2022-09-17,USA_GOP_CAP,Capesize,Coal,35.18,16354,Synthetic (BDI benchmark)
2022-09-17,USA_HAL_PAN,Panamax,Coal,31.72,13603,Synthetic (BDI benchmark)
2022-09-17,USA_HAL_CAP,Capesize,Coal,30.29,16513,Synthetic (BDI benchmark)
2022-10-17,AUS_PAR_PAN,Panamax,Coal,14.64,11655,Synthetic (BDI benchmark)
2022-10-17,AUS_PAR_CAP,Capesize,Coal,17.76,16601,Synthetic (BDI benchmark)
2022-10-17,AUS_VIZ_PAN,Panamax,Coal,18.0,14118,Synthetic (BDI benchmark)
2022-10-17,AUS_VIZ_CAP,Capesize,Coal,19.29,15791,Synthetic (BDI benchmark)
2022-10-17,AUS_DHA_PAN,Panamax,Coal,16.91,12988,Synthetic (BDI benchmark)
2022-10-17,AUS_DHA_CAP,Capesize,Coal,16.66,17174,Synthetic (BDI benchmark)
2022-10-17,AUS_GAN_PAN,Panamax,Coal,17.29,11081,Synthetic (BDI benchmark)
2022-10-17,AUS_GAN_CAP,Capesize,Coal,16.2,17163,Synthetic (BDI benchmark)
2022-10-17,AUS_GOP_PAN,Panamax,Coal,14.82,12741,Synthetic (BDI benchmark)
2022-10-17,AUS_GOP_CAP,Capesize,Coal,16.62,17506,Synthetic (BDI benchmark)
2022-10-17,AUS_HAL_PAN,Panamax,Coal,19.64,13164,Synthetic (BDI benchmark)
2022-10-17,AUS_HAL_CAP,Capesize,Coal,17.24,17461,Synthetic (BDI benchmark)
2022-10-17,IND_PAR_PAN,Panamax,Coal,9.76,9248,Synthetic (BDI benchmark)
2022-10-17,IND_PAR_CAP,Capesize,Coal,12.12,15531,Synthetic (BDI benchmark)
2022-10-17,IND_VIZ_PAN,Panamax,Coal,11.99,13027,Synthetic (BDI benchmark)
2022-10-17,IND_VIZ_CAP,Capesize,Coal,10.34,16546,Synthetic (BDI benchmark)
2022-10-17,IND_DHA_PAN,Panamax,Coal,8.76,9419,Synthetic (BDI benchmark)
2022-10-17,IND_DHA_CAP,Capesize,Coal,10.59,17450,Synthetic (BDI benchmark)
2022-10-17,IND_GAN_PAN,Panamax,Coal,10.07,11911,Synthetic (BDI benchmark)
2022-10-17,IND_GAN_CAP,Capesize,Coal,11.26,16299,Synthetic (BDI benchmark)
2022-10-17,IND_GOP_PAN,Panamax,Coal,9.47,10963,Synthetic (BDI benchmark)
2022-10-17,IND_GOP_CAP,Capesize,Coal,9.99,18015,Synthetic (BDI benchmark)
2022-10-17,IND_HAL_PAN,Panamax,Coal,12.69,10643,Synthetic (BDI benchmark)
2022-10-17,IND_HAL_CAP,Capesize,Coal,8.86,19041,Synthetic (BDI benchmark)
2022-10-17,RUS_PAR_PAN,Panamax,Coal,20.2,13381,Synthetic (BDI benchmark)
2022-10-17,RUS_PAR_CAP,Capesize,Coal,20.96,18429,Synthetic (BDI benchmark)
2022-10-17,RUS_VIZ_PAN,Panamax,Coal,26.79,14672,Synthetic (BDI benchmark)
2022-10-17,RUS_VIZ_CAP,Capesize,Coal,21.16,16816,Synthetic (BDI benchmark)
2022-10-17,RUS_DHA_PAN,Panamax,Coal,21.43,14949,Synthetic (BDI benchmark)
2022-10-17,RUS_DHA_CAP,Capesize,Coal,22.14,15071,Synthetic (BDI benchmark)
2022-10-17,RUS_GAN_PAN,Panamax,Coal,22.35,9776,Synthetic (BDI benchmark)
2022-10-17,RUS_GAN_CAP,Capesize,Coal,25.18,16454,Synthetic (BDI benchmark)
2022-10-17,RUS_GOP_PAN,Panamax,Coal,24.41,10034,Synthetic (BDI benchmark)
2022-10-17,RUS_GOP_CAP,Capesize,Coal,21.73,15926,Synthetic (BDI benchmark)
2022-10-17,RUS_HAL_PAN,Panamax,Coal,23.36,10678,Synthetic (BDI benchmark)
2022-10-17,RUS_HAL_CAP,Capesize,Coal,21.64,17102,Synthetic (BDI benchmark)
2022-10-17,MOZ_PAR_PAN,Panamax,Coal,21.63,14755,Synthetic (BDI benchmark)
2022-10-17,MOZ_PAR_CAP,Capesize,Coal,21.54,19576,Synthetic (BDI benchmark)
2022-10-17,MOZ_VIZ_PAN,Panamax,Coal,22.47,13709,Synthetic (BDI benchmark)
2022-10-17,MOZ_VIZ_CAP,Capesize,Coal,22.95,15598,Synthetic (BDI benchmark)
2022-10-17,MOZ_DHA_PAN,Panamax,Coal,22.86,12502,Synthetic (BDI benchmark)
2022-10-17,MOZ_DHA_CAP,Capesize,Coal,22.22,18585,Synthetic (BDI benchmark)
2022-10-17,MOZ_GAN_PAN,Panamax,Coal,20.82,9842,Synthetic (BDI benchmark)
2022-10-17,MOZ_GAN_CAP,Capesize,Coal,22.28,19641,Synthetic (BDI benchmark)
2022-10-17,MOZ_GOP_PAN,Panamax,Coal,20.09,12083,Synthetic (BDI benchmark)
2022-10-17,MOZ_GOP_CAP,Capesize,Coal,22.85,15011,Synthetic (BDI benchmark)
2022-10-17,MOZ_HAL_PAN,Panamax,Coal,20.93,10067,Synthetic (BDI benchmark)
2022-10-17,MOZ_HAL_CAP,Capesize,Coal,21.27,15183,Synthetic (BDI benchmark)
2022-10-17,USA_PAR_PAN,Panamax,Coal,30.94,13035,Synthetic (BDI benchmark)
2022-10-17,USA_PAR_CAP,Capesize,Coal,28.15,16076,Synthetic (BDI benchmark)
2022-10-17,USA_VIZ_PAN,Panamax,Coal,32.3,9500,Synthetic (BDI benchmark)
2022-10-17,USA_VIZ_CAP,Capesize,Coal,31.7,19873,Synthetic (BDI benchmark)
2022-10-17,USA_DHA_PAN,Panamax,Coal,33.16,12927,Synthetic (BDI benchmark)
2022-10-17,USA_DHA_CAP,Capesize,Coal,31.27,15456,Synthetic (BDI benchmark)
2022-10-17,USA_GAN_PAN,Panamax,Coal,33.41,9277,Synthetic (BDI benchmark)
2022-10-17,USA_GAN_CAP,Capesize,Coal,28.55,15192,Synthetic (BDI benchmark)
2022-10-17,USA_GOP_PAN,Panamax,Coal,34.98,9158,Synthetic (BDI benchmark)
2022-10-17,USA_GOP_CAP,Capesize,Coal,32.21,18211,Synthetic (BDI benchmark)
2022-10-17,USA_HAL_PAN,Panamax,Coal,29.57,13276,Synthetic (BDI benchmark)
2022-10-17,USA_HAL_CAP,Capesize,Coal,30.22,17325,Synthetic (BDI benchmark)
2022-11-16,AUS_PAR_PAN,Panamax,Coal,17.13,9241,Synthetic (BDI benchmark)
2022-11-16,AUS_PAR_CAP,Capesize,Coal,15.54,15357,Synthetic (BDI benchmark)
2022-11-16,AUS_VIZ_PAN,Panamax,Coal,15.72,12445,Synthetic (BDI benchmark)
2022-11-16,AUS_VIZ_CAP,Capesize,Coal,15.84,18207,Synthetic (BDI benchmark)
2022-11-16,AUS_DHA_PAN,Panamax,Coal,16.85,12124,Synthetic (BDI benchmark)
2022-11-16,AUS_DHA_CAP,Capesize,Coal,15.39,17528,Synthetic (BDI benchmark)
2022-11-16,AUS_GAN_PAN,Panamax,Coal,14.65,9345,Synthetic (BDI benchmark)
2022-11-16,AUS_GAN_CAP,Capesize,Coal,15.71,19176,Synthetic (BDI benchmark)
2022-11-16,AUS_GOP_PAN,Panamax,Coal,19.1,11515,Synthetic (BDI benchmark)
2022-11-16,AUS_GOP_CAP,Capesize,Coal,17.48,17241,Synthetic (BDI benchmark)
2022-11-16,AUS_HAL_PAN,Panamax,Coal,15.75,13886,Synthetic (BDI benchmark)
2022-11-16,AUS_HAL_CAP,Capesize,Coal,19.16,16998,Synthetic (BDI benchmark)
2022-11-16,IND_PAR_PAN,Panamax,Coal,10.47,12834,Synthetic (BDI benchmark)
2022-11-16,IND_PAR_CAP,Capesize,Coal,9.43,16542,Synthetic (BDI benchmark)
2022-11-16,IND_VIZ_PAN,Panamax,Coal,9.74,12318,Synthetic (BDI benchmark)
2022-11-16,IND_VIZ_CAP,Capesize,Coal,9.26,15214,Synthetic (BDI benchmark)
2022-11-16,IND_DHA_PAN,Panamax,Coal,10.0,11235,Synthetic (BDI benchmark)
2022-11-16,IND_DHA_CAP,Capesize,Coal,10.47,15708,Synthetic (BDI benchmark)
2022-11-16,IND_GAN_PAN,Panamax,Coal,10.64,10516,Synthetic (BDI benchmark)
2022-11-16,IND_GAN_CAP,Capesize,Coal,11.34,16234,Synthetic (BDI benchmark)
2022-11-16,IND_GOP_PAN,Panamax,Coal,10.95,12376,Synthetic (BDI benchmark)
2022-11-16,IND_GOP_CAP,Capesize,Coal,8.64,17649,Synthetic (BDI benchmark)
2022-11-16,IND_HAL_PAN,Panamax,Coal,12.55,9665,Synthetic (BDI benchmark)
2022-11-16,IND_HAL_CAP,Capesize,Coal,8.7,18872,Synthetic (BDI benchmark)
2022-11-16,RUS_PAR_PAN,Panamax,Coal,24.52,9901,Synthetic (BDI benchmark)
2022-11-16,RUS_PAR_CAP,Capesize,Coal,21.64,16207,Synthetic (BDI benchmark)
2022-11-16,RUS_VIZ_PAN,Panamax,Coal,22.15,13503,Synthetic (BDI benchmark)
2022-11-16,RUS_VIZ_CAP,Capesize,Coal,20.83,17668,Synthetic (BDI benchmark)
2022-11-16,RUS_DHA_PAN,Panamax,Coal,21.57,11722,Synthetic (BDI benchmark)
2022-11-16,RUS_DHA_CAP,Capesize,Coal,19.83,15040,Synthetic (BDI benchmark)
2022-11-16,RUS_GAN_PAN,Panamax,Coal,21.1,14349,Synthetic (BDI benchmark)
2022-11-16,RUS_GAN_CAP,Capesize,Coal,20.74,18724,Synthetic (BDI benchmark)
2022-11-16,RUS_GOP_PAN,Panamax,Coal,21.65,10482,Synthetic (BDI benchmark)
2022-11-16,RUS_GOP_CAP,Capesize,Coal,22.84,17216,Synthetic (BDI benchmark)
2022-11-16,RUS_HAL_PAN,Panamax,Coal,24.5,9190,Synthetic (BDI benchmark)
2022-11-16,RUS_HAL_CAP,Capesize,Coal,21.12,19593,Synthetic (BDI benchmark)
2022-11-16,MOZ_PAR_PAN,Panamax,Coal,20.73,14801,Synthetic (BDI benchmark)
2022-11-16,MOZ_PAR_CAP,Capesize,Coal,21.42,19883,Synthetic (BDI benchmark)
2022-11-16,MOZ_VIZ_PAN,Panamax,Coal,21.66,12480,Synthetic (BDI benchmark)
2022-11-16,MOZ_VIZ_CAP,Capesize,Coal,18.81,19048,Synthetic (BDI benchmark)
2022-11-16,MOZ_DHA_PAN,Panamax,Coal,22.17,14426,Synthetic (BDI benchmark)
2022-11-16,MOZ_DHA_CAP,Capesize,Coal,22.75,15829,Synthetic (BDI benchmark)
2022-11-16,MOZ_GAN_PAN,Panamax,Coal,20.84,11841,Synthetic (BDI benchmark)
2022-11-16,MOZ_GAN_CAP,Capesize,Coal,21.81,19433,Synthetic (BDI benchmark)
2022-11-16,MOZ_GOP_PAN,Panamax,Coal,19.89,12897,Synthetic (BDI benchmark)
2022-11-16,MOZ_GOP_CAP,Capesize,Coal,21.25,16092,Synthetic (BDI benchmark)
2022-11-16,MOZ_HAL_PAN,Panamax,Coal,20.65,14235,Synthetic (BDI benchmark)
2022-11-16,MOZ_HAL_CAP,Capesize,Coal,21.58,17809,Synthetic (BDI benchmark)
2022-11-16,USA_PAR_PAN,Panamax,Coal,33.98,11417,Synthetic (BDI benchmark)
2022-11-16,USA_PAR_CAP,Capesize,Coal,37.69,17013,Synthetic (BDI benchmark)
2022-11-16,USA_VIZ_PAN,Panamax,Coal,28.52,11225,Synthetic (BDI benchmark)
2022-11-16,USA_VIZ_CAP,Capesize,Coal,35.11,18542,Synthetic (BDI benchmark)
2022-11-16,USA_DHA_PAN,Panamax,Coal,30.81,10573,Synthetic (BDI benchmark)
2022-11-16,USA_DHA_CAP,Capesize,Coal,34.24,19254,Synthetic (BDI benchmark)
2022-11-16,USA_GAN_PAN,Panamax,Coal,30.56,9570,Synthetic (BDI benchmark)
2022-11-16,USA_GAN_CAP,Capesize,Coal,35.93,18402,Synthetic (BDI benchmark)
2022-11-16,USA_GOP_PAN,Panamax,Coal,33.04,12808,Synthetic (BDI benchmark)
2022-11-16,USA_GOP_CAP,Capesize,Coal,29.01,17492,Synthetic (BDI benchmark)
2022-11-16,USA_HAL_PAN,Panamax,Coal,32.91,9271,Synthetic (BDI benchmark)
2022-11-16,USA_HAL_CAP,Capesize,Coal,35.68,15062,Synthetic (BDI benchmark)
2022-12-16,AUS_PAR_PAN,Panamax,Coal,14.25,10034,Synthetic (BDI benchmark)
2022-12-16,AUS_PAR_CAP,Capesize,Coal,14.89,19512,Synthetic (BDI benchmark)
2022-12-16,AUS_VIZ_PAN,Panamax,Coal,16.27,10316,Synthetic (BDI benchmark)
2022-12-16,AUS_VIZ_CAP,Capesize,Coal,18.27,19794,Synthetic (BDI benchmark)
2022-12-16,AUS_DHA_PAN,Panamax,Coal,15.97,14126,Synthetic (BDI benchmark)
2022-12-16,AUS_DHA_CAP,Capesize,Coal,16.87,19067,Synthetic (BDI benchmark)
2022-12-16,AUS_GAN_PAN,Panamax,Coal,15.4,13841,Synthetic (BDI benchmark)
2022-12-16,AUS_GAN_CAP,Capesize,Coal,18.32,19252,Synthetic (BDI benchmark)
2022-12-16,AUS_GOP_PAN,Panamax,Coal,14.86,10081,Synthetic (BDI benchmark)
2022-12-16,AUS_GOP_CAP,Capesize,Coal,17.01,19686,Synthetic (BDI benchmark)
2022-12-16,AUS_HAL_PAN,Panamax,Coal,17.99,11440,Synthetic (BDI benchmark)
2022-12-16,AUS_HAL_CAP,Capesize,Coal,15.55,19896,Synthetic (BDI benchmark)
2022-12-16,IND_PAR_PAN,Panamax,Coal,9.27,11543,Synthetic (BDI benchmark)
2022-12-16,IND_PAR_CAP,Capesize,Coal,12.09,17427,Synthetic (BDI benchmark)
2022-12-16,IND_VIZ_PAN,Panamax,Coal,9.69,10074,Synthetic (BDI benchmark)
2022-12-16,IND_VIZ_CAP,Capesize,Coal,10.95,18198,Synthetic (BDI benchmark)
2022-12-16,IND_DHA_PAN,Panamax,Coal,9.45,9888,Synthetic (BDI benchmark)
2022-12-16,IND_DHA_CAP,Capesize,Coal,10.92,18467,Synthetic (BDI benchmark)
2022-12-16,IND_GAN_PAN,Panamax,Coal,10.93,9280,Synthetic (BDI benchmark)
2022-12-16,IND_GAN_CAP,Capesize,Coal,10.01,18780,Synthetic (BDI benchmark)
2022-12-16,IND_GOP_PAN,Panamax,Coal,11.26,14049,Synthetic (BDI benchmark)
2022-12-16,IND_GOP_CAP,Capesize,Coal,10.16,17830,Synthetic (BDI benchmark)
2022-12-16,IND_HAL_PAN,Panamax,Coal,10.22,13792,Synthetic (BDI benchmark)
2022-12-16,IND_HAL_CAP,Capesize,Coal,8.7,19168,Synthetic (BDI benchmark)
2022-12-16,RUS_PAR_PAN,Panamax,Coal,23.98,13605,Synthetic (BDI benchmark)
2022-12-16,RUS_PAR_CAP,Capesize,Coal,24.63,15489,Synthetic (BDI benchmark)
2022-12-16,RUS_VIZ_PAN,Panamax,Coal,25.35,14211,Synthetic (BDI benchmark)
2022-12-16,RUS_VIZ_CAP,Capesize,Coal,22.58,15667,Synthetic (BDI benchmark)
2022-12-16,RUS_DHA_PAN,Panamax,Coal,22.21,9232,Synthetic (BDI benchmark)
2022-12-16,RUS_DHA_CAP,Capesize,Coal,19.01,19819,Synthetic (BDI benchmark)
2022-12-16,RUS_GAN_PAN,Panamax,Coal,21.7,14332,Synthetic (BDI benchmark)
2022-12-16,RUS_GAN_CAP,Capesize,Coal,22.16,17892,Synthetic (BDI benchmark)
2022-12-16,RUS_GOP_PAN,Panamax,Coal,19.79,14043,Synthetic (BDI benchmark)
2022-12-16,RUS_GOP_CAP,Capesize,Coal,20.32,16785,Synthetic (BDI benchmark)
2022-12-16,RUS_HAL_PAN,Panamax,Coal,21.19,9676,Synthetic (BDI benchmark)
2022-12-16,RUS_HAL_CAP,Capesize,Coal,21.79,16077,Synthetic (BDI benchmark)
2022-12-16,MOZ_PAR_PAN,Panamax,Coal,23.5,10258,Synthetic (BDI benchmark)
2022-12-16,MOZ_PAR_CAP,Capesize,Coal,20.32,19564,Synthetic (BDI benchmark)
2022-12-16,MOZ_VIZ_PAN,Panamax,Coal,22.25,9443,Synthetic (BDI benchmark)
2022-12-16,MOZ_VIZ_CAP,Capesize,Coal,17.29,15115,Synthetic (BDI benchmark)
2022-12-16,MOZ_DHA_PAN,Panamax,Coal,19.89,9071,Synthetic (BDI benchmark)
2022-12-16,MOZ_DHA_CAP,Capesize,Coal,18.7,15526,Synthetic (BDI benchmark)
2022-12-16,MOZ_GAN_PAN,Panamax,Coal,21.01,10752,Synthetic (BDI benchmark)
2022-12-16,MOZ_GAN_CAP,Capesize,Coal,21.19,19827,Synthetic (BDI benchmark)
2022-12-16,MOZ_GOP_PAN,Panamax,Coal,19.8,13132,Synthetic (BDI benchmark)
2022-12-16,MOZ_GOP_CAP,Capesize,Coal,19.19,18138,Synthetic (BDI benchmark)
2022-12-16,MOZ_HAL_PAN,Panamax,Coal,22.46,12373,Synthetic (BDI benchmark)
2022-12-16,MOZ_HAL_CAP,Capesize,Coal,19.33,17313,Synthetic (BDI benchmark)
2022-12-16,USA_PAR_PAN,Panamax,Coal,29.08,11013,Synthetic (BDI benchmark)
2022-12-16,USA_PAR_CAP,Capesize,Coal,35.73,18832,Synthetic (BDI benchmark)
2022-12-16,USA_VIZ_PAN,Panamax,Coal,30.28,14532,Synthetic (BDI benchmark)
2022-12-16,USA_VIZ_CAP,Capesize,Coal,29.99,17074,Synthetic (BDI benchmark)
2022-12-16,USA_DHA_PAN,Panamax,Coal,29.24,9039,Synthetic (BDI benchmark)
2022-12-16,USA_DHA_CAP,Capesize,Coal,35.82,15130,Synthetic (BDI benchmark)
2022-12-16,USA_GAN_PAN,Panamax,Coal,30.53,12245,Synthetic (BDI benchmark)
2022-12-16,USA_GAN_CAP,Capesize,Coal,28.14,15845,Synthetic (BDI benchmark)
2022-12-16,USA_GOP_PAN,Panamax,Coal,35.91,9312,Synthetic (BDI benchmark)
2022-12-16,USA_GOP_CAP,Capesize,Coal,31.04,19361,Synthetic (BDI benchmark)
2022-12-16,USA_HAL_PAN,Panamax,Coal,34.89,12908,Synthetic (BDI benchmark)
2022-12-16,USA_HAL_CAP,Capesize,Coal,34.79,17105,Synthetic (BDI benchmark)
2023-01-15,AUS_PAR_PAN,Panamax,Coal,16.2,10915,Synthetic (BDI benchmark)
2023-01-15,AUS_PAR_CAP,Capesize,Coal,18.64,16180,Synthetic (BDI benchmark)
2023-01-15,AUS_VIZ_PAN,Panamax,Coal,17.07,14091,Synthetic (BDI benchmark)
2023-01-15,AUS_VIZ_CAP,Capesize,Coal,15.72,17097,Synthetic (BDI benchmark)
2023-01-15,AUS_DHA_PAN,Panamax,Coal,15.32,9844,Synthetic (BDI benchmark)
2023-01-15,AUS_DHA_CAP,Capesize,Coal,15.43,16003,Synthetic (BDI benchmark)
2023-01-15,AUS_GAN_PAN,Panamax,Coal,17.66,11499,Synthetic (BDI benchmark)
2023-01-15,AUS_GAN_CAP,Capesize,Coal,16.22,16009,Synthetic (BDI benchmark)
2023-01-15,AUS_GOP_PAN,Panamax,Coal,18.06,13847,Synthetic (BDI benchmark)
2023-01-15,AUS_GOP_CAP,Capesize,Coal,13.92,19562,Synthetic (BDI benchmark)
2023-01-15,AUS_HAL_PAN,Panamax,Coal,15.49,10297,Synthetic (BDI benchmark)
2023-01-15,AUS_HAL_CAP,Capesize,Coal,15.75,19343,Synthetic (BDI benchmark)
2023-01-15,IND_PAR_PAN,Panamax,Coal,10.02,9991,Synthetic (BDI benchmark)
2023-01-15,IND_PAR_CAP,Capesize,Coal,11.79,19433,Synthetic (BDI benchmark)
2023-01-15,IND_VIZ_PAN,Panamax,Coal,11.48,9597,Synthetic (BDI benchmark)
2023-01-15,IND_VIZ_CAP,Capesize,Coal,11.01,16964,Synthetic (BDI benchmark)
2023-01-15,IND_DHA_PAN,Panamax,Coal,9.91,14981,Synthetic (BDI benchmark)
2023-01-15,IND_DHA_CAP,Capesize,Coal,12.09,19952,Synthetic (BDI benchmark)
2023-01-15,IND_GAN_PAN,Panamax,Coal,11.03,13869,Synthetic (BDI benchmark)
2023-01-15,IND_GAN_CAP,Capesize,Coal,9.92,15770,Synthetic (BDI benchmark)
2023-01-15,IND_GOP_PAN,Panamax,Coal,11.9,14494,Synthetic (BDI benchmark)
2023-01-15,IND_GOP_CAP,Capesize,Coal,11.07,19861,Synthetic (BDI benchmark)
2023-01-15,IND_HAL_PAN,Panamax,Coal,10.84,12938,Synthetic (BDI benchmark)
2023-01-15,IND_HAL_CAP,Capesize,Coal,11.07,16182,Synthetic (BDI benchmark)
2023-01-15,RUS_PAR_PAN,Panamax,Coal,22.96,13245,Synthetic (BDI benchmark)
2023-01-15,RUS_PAR_CAP,Capesize,Coal,22.1,19969,Synthetic (BDI benchmark)
2023-01-15,RUS_VIZ_PAN,Panamax,Coal,22.47,13368,Synthetic (BDI benchmark)
2023-01-15,RUS_VIZ_CAP,Capesize,Coal,22.96,17275,Synthetic (BDI benchmark)
2023-01-15,RUS_DHA_PAN,Panamax,Coal,22.36,9936,Synthetic (BDI benchmark)
2023-01-15,RUS_DHA_CAP,Capesize,Coal,22.1,19173,Synthetic (BDI benchmark)
2023-01-15,RUS_GAN_PAN,Panamax,Coal,21.55,12672,Synthetic (BDI benchmark)
2023-01-15,RUS_GAN_CAP,Capesize,Coal,19.8,15789,Synthetic (BDI benchmark)
2023-01-15,RUS_GOP_PAN,Panamax,Coal,24.47,9188,Synthetic (BDI benchmark)
2023-01-15,RUS_GOP_CAP,Capesize,Coal,21.19,18785,Synthetic (BDI benchmark)
2023-01-15,RUS_HAL_PAN,Panamax,Coal,21.51,11240,Synthetic (BDI benchmark)
2023-01-15,RUS_HAL_CAP,Capesize,Coal,23.35,16770,Synthetic (BDI benchmark)
2023-01-15,MOZ_PAR_PAN,Panamax,Coal,23.15,11016,Synthetic (BDI benchmark)
2023-01-15,MOZ_PAR_CAP,Capesize,Coal,21.13,15390,Synthetic (BDI benchmark)
2023-01-15,MOZ_VIZ_PAN,Panamax,Coal,20.37,14935,Synthetic (BDI benchmark)
2023-01-15,MOZ_VIZ_CAP,Capesize,Coal,19.92,18040,Synthetic (BDI benchmark)
2023-01-15,MOZ_DHA_PAN,Panamax,Coal,19.64,11118,Synthetic (BDI benchmark)
2023-01-15,MOZ_DHA_CAP,Capesize,Coal,24.31,16077,Synthetic (BDI benchmark)
2023-01-15,MOZ_GAN_PAN,Panamax,Coal,23.45,12131,Synthetic (BDI benchmark)
2023-01-15,MOZ_GAN_CAP,Capesize,Coal,21.02,17240,Synthetic (BDI benchmark)
2023-01-15,MOZ_GOP_PAN,Panamax,Coal,19.38,11573,Synthetic (BDI benchmark)
2023-01-15,MOZ_GOP_CAP,Capesize,Coal,18.36,18613,Synthetic (BDI benchmark)
2023-01-15,MOZ_HAL_PAN,Panamax,Coal,20.54,12176,Synthetic (BDI benchmark)
2023-01-15,MOZ_HAL_CAP,Capesize,Coal,17.34,17221,Synthetic (BDI benchmark)
2023-01-15,USA_PAR_PAN,Panamax,Coal,32.64,10426,Synthetic (BDI benchmark)
2023-01-15,USA_PAR_CAP,Capesize,Coal,32.59,19100,Synthetic (BDI benchmark)
2023-01-15,USA_VIZ_PAN,Panamax,Coal,33.67,9074,Synthetic (BDI benchmark)
2023-01-15,USA_VIZ_CAP,Capesize,Coal,33.15,16016,Synthetic (BDI benchmark)
2023-01-15,USA_DHA_PAN,Panamax,Coal,32.6,10654,Synthetic (BDI benchmark)
2023-01-15,USA_DHA_CAP,Capesize,Coal,31.81,16604,Synthetic (BDI benchmark)
2023-01-15,USA_GAN_PAN,Panamax,Coal,37.85,11943,Synthetic (BDI benchmark)
2023-01-15,USA_GAN_CAP,Capesize,Coal,30.06,19903,Synthetic (BDI benchmark)
2023-01-15,USA_GOP_PAN,Panamax,Coal,35.1,12301,Synthetic (BDI benchmark)
2023-01-15,USA_GOP_CAP,Capesize,Coal,32.78,16357,Synthetic (BDI benchmark)
2023-01-15,USA_HAL_PAN,Panamax,Coal,35.18,9838,Synthetic (BDI benchmark)
2023-01-15,USA_HAL_CAP,Capesize,Coal,31.87,19010,Synthetic (BDI benchmark)
2023-02-14,AUS_PAR_PAN,Panamax,Coal,14.55,9088,Synthetic (BDI benchmark)
2023-02-14,AUS_PAR_CAP,Capesize,Coal,15.73,16761,Synthetic (BDI benchmark)
2023-02-14,AUS_VIZ_PAN,Panamax,Coal,15.12,12756,Synthetic (BDI benchmark)
2023-02-14,AUS_VIZ_CAP,Capesize,Coal,16.77,15387,Synthetic (BDI benchmark)
2023-02-14,AUS_DHA_PAN,Panamax,Coal,16.09,9147,Synthetic (BDI benchmark)
2023-02-14,AUS_DHA_CAP,Capesize,Coal,14.7,18635,Synthetic (BDI benchmark)
2023-02-14,AUS_GAN_PAN,Panamax,Coal,16.6,13272,Synthetic (BDI benchmark)
2023-02-14,AUS_GAN_CAP,Capesize,Coal,17.33,16675,Synthetic (BDI benchmark)
2023-02-14,AUS_GOP_PAN,Panamax,Coal,15.61,10148,Synthetic (BDI benchmark)
2023-02-14,AUS_GOP_CAP,Capesize,Coal,18.57,17481,Synthetic (BDI benchmark)
2023-02-14,AUS_HAL_PAN,Panamax,Coal,18.77,9137,Synthetic (BDI benchmark)
2023-02-14,AUS_HAL_CAP,Capesize,Coal,16.02,15837,Synthetic (BDI benchmark)
2023-02-14,IND_PAR_PAN,Panamax,Coal,12.96,9989,Synthetic (BDI benchmark)
2023-02-14,IND_PAR_CAP,Capesize,Coal,8.39,15826,Synthetic (BDI benchmark)
2023-02-14,IND_VIZ_PAN,Panamax,Coal,12.35,14144,Synthetic (BDI benchmark)
2023-02-14,IND_VIZ_CAP,Capesize,Coal,10.36,16110,Synthetic (BDI benchmark)
2023-02-14,IND_DHA_PAN,Panamax,Coal,10.42,9886,Synthetic (BDI benchmark)
2023-02-14,IND_DHA_CAP,Capesize,Coal,11.04,17486,Synthetic (BDI benchmark)
2023-02-14,IND_GAN_PAN,Panamax,Coal,9.21,9096,Synthetic (BDI benchmark)
2023-02-14,IND_GAN_CAP,Capesize,Coal,8.53,17666,Synthetic (BDI benchmark)
2023-02-14,IND_GOP_PAN,Panamax,Coal,9.85,11494,Synthetic (BDI benchmark)
2023-02-14,IND_GOP_CAP,Capesize,Coal,9.76,17064,Synthetic (BDI benchmark)
2023-02-14,IND_HAL_PAN,Panamax,Coal,9.95,11939,Synthetic (BDI benchmark)
2023-02-14,IND_HAL_CAP,Capesize,Coal,9.47,15938,Synthetic (BDI benchmark)
2023-02-14,RUS_PAR_PAN,Panamax,Coal,22.52,12963,Synthetic (BDI benchmark)
2023-02-14,RUS_PAR_CAP,Capesize,Coal,24.28,18283,Synthetic (BDI benchmark)
2023-02-14,RUS_VIZ_PAN,Panamax,Coal,25.9,13880,Synthetic (BDI benchmark)
2023-02-14,RUS_VIZ_CAP,Capesize,Coal,23.74,15587,Synthetic (BDI benchmark)
2023-02-14,RUS_DHA_PAN,Panamax,Coal,18.65,11628,Synthetic (BDI benchmark)
2023-02-14,RUS_DHA_CAP,Capesize,Coal,23.22,19497,Synthetic (BDI benchmark)
2023-02-14,RUS_GAN_PAN,Panamax,Coal,21.57,11333,Synthetic (BDI benchmark)
2023-02-14,RUS_GAN_CAP,Capesize,Coal,21.48,19457,Synthetic (BDI benchmark)
2023-02-14,RUS_GOP_PAN,Panamax,Coal,20.69,14975,Synthetic (BDI benchmark)
2023-02-14,RUS_GOP_CAP,Capesize,Coal,25.67,15303,Synthetic (BDI benchmark)
2023-02-14,RUS_HAL_PAN,Panamax,Coal,21.01,11856,Synthetic (BDI benchmark)
2023-02-14,RUS_HAL_CAP,Capesize,Coal,22.63,15037,Synthetic (BDI benchmark)
2023-02-14,MOZ_PAR_PAN,Panamax,Coal,21.6,10081,Synthetic (BDI benchmark)
2023-02-14,MOZ_PAR_CAP,Capesize,Coal,23.18,15401,Synthetic (BDI benchmark)
2023-02-14,MOZ_VIZ_PAN,Panamax,Coal,20.85,10222,Synthetic (BDI benchmark)
2023-02-14,MOZ_VIZ_CAP,Capesize,Coal,18.72,19776,Synthetic (BDI benchmark)
2023-02-14,MOZ_DHA_PAN,Panamax,Coal,22.85,14645,Synthetic (BDI benchmark)
2023-02-14,MOZ_DHA_CAP,Capesize,Coal,22.1,19035,Synthetic (BDI benchmark)
2023-02-14,MOZ_GAN_PAN,Panamax,Coal,21.59,9740,Synthetic (BDI benchmark)
2023-02-14,MOZ_GAN_CAP,Capesize,Coal,20.72,16463,Synthetic (BDI benchmark)
2023-02-14,MOZ_GOP_PAN,Panamax,Coal,23.1,10869,Synthetic (BDI benchmark)
2023-02-14,MOZ_GOP_CAP,Capesize,Coal,20.21,16227,Synthetic (BDI benchmark)
2023-02-14,MOZ_HAL_PAN,Panamax,Coal,22.04,10133,Synthetic (BDI benchmark)
2023-02-14,MOZ_HAL_CAP,Capesize,Coal,20.97,18656,Synthetic (BDI benchmark)
2023-02-14,USA_PAR_PAN,Panamax,Coal,34.0,9340,Synthetic (BDI benchmark)
2023-02-14,USA_PAR_CAP,Capesize,Coal,36.45,17924,Synthetic (BDI benchmark)
2023-02-14,USA_VIZ_PAN,Panamax,Coal,31.63,13885,Synthetic (BDI benchmark)
2023-02-14,USA_VIZ_CAP,Capesize,Coal,31.48,17130,Synthetic (BDI benchmark)
2023-02-14,USA_DHA_PAN,Panamax,Coal,32.82,13634,Synthetic (BDI benchmark)
2023-02-14,USA_DHA_CAP,Capesize,Coal,30.97,19989,Synthetic (BDI benchmark)
2023-02-14,USA_GAN_PAN,Panamax,Coal,31.34,12550,Synthetic (BDI benchmark)
2023-02-14,USA_GAN_CAP,Capesize,Coal,34.13,19422,Synthetic (BDI benchmark)
2023-02-14,USA_GOP_PAN,Panamax,Coal,29.09,12141,Synthetic (BDI benchmark)
2023-02-14,USA_GOP_CAP,Capesize,Coal,35.95,16705,Synthetic (BDI benchmark)
2023-02-14,USA_HAL_PAN,Panamax,Coal,36.91,12344,Synthetic (BDI benchmark)
2023-02-14,USA_HAL_CAP,Capesize,Coal,36.05,17763,Synthetic (BDI benchmark)
2023-03-16,AUS_PAR_PAN,Panamax,Coal,17.57,14910,Synthetic (BDI benchmark)
2023-03-16,AUS_PAR_CAP,Capesize,Coal,16.68,17860,Synthetic (BDI benchmark)
2023-03-16,AUS_VIZ_PAN,Panamax,Coal,18.94,12755,Synthetic (BDI benchmark)
2023-03-16,AUS_VIZ_CAP,Capesize,Coal,16.53,19343,Synthetic (BDI benchmark)
2023-03-16,AUS_DHA_PAN,Panamax,Coal,16.81,12751,Synthetic (BDI benchmark)
2023-03-16,AUS_DHA_CAP,Capesize,Coal,16.85,19664,Synthetic (BDI benchmark)
2023-03-16,AUS_GAN_PAN,Panamax,Coal,15.96,13819,Synthetic (BDI benchmark)
2023-03-16,AUS_GAN_CAP,Capesize,Coal,15.35,17469,Synthetic (BDI benchmark)
2023-03-16,AUS_GOP_PAN,Panamax,Coal,15.76,13734,Synthetic (BDI benchmark)
2023-03-16,AUS_GOP_CAP,Capesize,Coal,15.24,17562,Synthetic (BDI benchmark)
2023-03-16,AUS_HAL_PAN,Panamax,Coal,18.8,11479,Synthetic (BDI benchmark)
2023-03-16,AUS_HAL_CAP,Capesize,Coal,16.1,19385,Synthetic (BDI benchmark)
2023-03-16,IND_PAR_PAN,Panamax,Coal,8.63,12116,Synthetic (BDI benchmark)
2023-03-16,IND_PAR_CAP,Capesize,Coal,9.2,18263,Synthetic (BDI benchmark)
2023-03-16,IND_VIZ_PAN,Panamax,Coal,11.47,14430,Synthetic (BDI benchmark)
2023-03-16,IND_VIZ_CAP,Capesize,Coal,10.55,18661,Synthetic (BDI benchmark)
2023-03-16,IND_DHA_PAN,Panamax,Coal,11.21,11369,Synthetic (BDI benchmark)
2023-03-16,IND_DHA_CAP,Capesize,Coal,11.03,19422,Synthetic (BDI benchmark)
2023-03-16,IND_GAN_PAN,Panamax,Coal,11.89,13890,Synthetic (BDI benchmark)
2023-03-16,IND_GAN_CAP,Capesize,Coal,10.35,15777,Synthetic (BDI benchmark)
2023-03-16,IND_GOP_PAN,Panamax,Coal,11.63,13006,Synthetic (BDI benchmark)
2023-03-16,IND_GOP_CAP,Capesize,Coal,10.1,17204,Synthetic (BDI benchmark)
2023-03-16,IND_HAL_PAN,Panamax,Coal,9.68,10197,Synthetic (BDI benchmark)
2023-03-16,IND_HAL_CAP,Capesize,Coal,10.36,15414,Synthetic (BDI benchmark)
2023-03-16,RUS_PAR_PAN,Panamax,Coal,25.47,10637,Synthetic (BDI benchmark)
2023-03-16,RUS_PAR_CAP,Capesize,Coal,22.18,15580,Synthetic (BDI benchmark)
2023-03-16,RUS_VIZ_PAN,Panamax,Coal,21.85,11889,Synthetic (BDI benchmark)
2023-03-16,RUS_VIZ_CAP,Capesize,Coal,24.08,17475,Synthetic (BDI benchmark)
2023-03-16,RUS_DHA_PAN,Panamax,Coal,19.55,14598,Synthetic (BDI benchmark)
2023-03-16,RUS_DHA_CAP,Capesize,Coal,21.07,17819,Synthetic (BDI benchmark)
2023-03-16,RUS_GAN_PAN,Panamax,Coal,22.52,13914,Synthetic (BDI benchmark)
2023-03-16,RUS_GAN_CAP,Capesize,Coal,20.83,15752,Synthetic (BDI benchmark)
2023-03-16,RUS_GOP_PAN,Panamax,Coal,25.38,9774,Synthetic (BDI benchmark)
2023-03-16,RUS_GOP_CAP,Capesize,Coal,21.37,17145,Synthetic (BDI benchmark)
2023-03-16,RUS_HAL_PAN,Panamax,Coal,23.65,13678,Synthetic (BDI benchmark)
2023-03-16,RUS_HAL_CAP,Capesize,Coal,20.36,15265,Synthetic (BDI benchmark)
2023-03-16,MOZ_PAR_PAN,Panamax,Coal,22.43,10509,Synthetic (BDI benchmark)
2023-03-16,MOZ_PAR_CAP,Capesize,Coal,20.77,18390,Synthetic (BDI benchmark)
2023-03-16,MOZ_VIZ_PAN,Panamax,Coal,22.83,12837,Synthetic (BDI benchmark)
2023-03-16,MOZ_VIZ_CAP,Capesize,Coal,22.36,19863,Synthetic (BDI benchmark)
2023-03-16,MOZ_DHA_PAN,Panamax,Coal,19.89,12486,Synthetic (BDI benchmark)
2023-03-16,MOZ_DHA_CAP,Capesize,Coal,19.96,19439,Synthetic (BDI benchmark)
2023-03-16,MOZ_GAN_PAN,Panamax,Coal,23.98,9983,Synthetic (BDI benchmark)
2023-03-16,MOZ_GAN_CAP,Capesize,Coal,21.6,15526,Synthetic (BDI benchmark)
2023-03-16,MOZ_GOP_PAN,Panamax,Coal,20.71,14473,Synthetic (BDI benchmark)
2023-03-16,MOZ_GOP_CAP,Capesize,Coal,21.8,15598,Synthetic (BDI benchmark)
2023-03-16,MOZ_HAL_PAN,Panamax,Coal,21.68,9679,Synthetic (BDI benchmark)
2023-03-16,MOZ_HAL_CAP,Capesize,Coal,22.02,19772,Synthetic (BDI benchmark)
2023-03-16,USA_PAR_PAN,Panamax,Coal,35.47,12652,Synthetic (BDI benchmark)
2023-03-16,USA_PAR_CAP,Capesize,Coal,32.76,19861,Synthetic (BDI benchmark)
2023-03-16,USA_VIZ_PAN,Panamax,Coal,31.44,11392,Synthetic (BDI benchmark)
2023-03-16,USA_VIZ_CAP,Capesize,Coal,28.14,15584,Synthetic (BDI benchmark)
2023-03-16,USA_DHA_PAN,Panamax,Coal,27.95,10601,Synthetic (BDI benchmark)
2023-03-16,USA_DHA_CAP,Capesize,Coal,30.18,17483,Synthetic (BDI benchmark)
2023-03-16,USA_GAN_PAN,Panamax,Coal,32.65,10240,Synthetic (BDI benchmark)
2023-03-16,USA_GAN_CAP,Capesize,Coal,35.98,18674,Synthetic (BDI benchmark)
2023-03-16,USA_GOP_PAN,Panamax,Coal,31.52,13595,Synthetic (BDI benchmark)
2023-03-16,USA_GOP_CAP,Capesize,Coal,32.72,19595,Synthetic (BDI benchmark)
2023-03-16,USA_HAL_PAN,Panamax,Coal,32.61,10035,Synthetic (BDI benchmark)
2023-03-16,USA_HAL_CAP,Capesize,Coal,27.86,19924,Synthetic (BDI benchmark)
2023-04-15,AUS_PAR_PAN,Panamax,Coal,18.7,14952,Synthetic (BDI benchmark)
2023-04-15,AUS_PAR_CAP,Capesize,Coal,14.55,19257,Synthetic (BDI benchmark)
2023-04-15,AUS_VIZ_PAN,Panamax,Coal,13.93,14625,Synthetic (BDI benchmark)
2023-04-15,AUS_VIZ_CAP,Capesize,Coal,15.68,16069,Synthetic (BDI benchmark)
2023-04-15,AUS_DHA_PAN,Panamax,Coal,15.03,10077,Synthetic (BDI benchmark)
2023-04-15,AUS_DHA_CAP,Capesize,Coal,18.26,18969,Synthetic (BDI benchmark)
2023-04-15,AUS_GAN_PAN,Panamax,Coal,15.44,9191,Synthetic (BDI benchmark)
2023-04-15,AUS_GAN_CAP,Capesize,Coal,18.36,19454,Synthetic (BDI benchmark)
2023-04-15,AUS_GOP_PAN,Panamax,Coal,17.61,12206,Synthetic (BDI benchmark)
2023-04-15,AUS_GOP_CAP,Capesize,Coal,17.53,15612,Synthetic (BDI benchmark)
2023-04-15,AUS_HAL_PAN,Panamax,Coal,18.11,10999,Synthetic (BDI benchmark)
2023-04-15,AUS_HAL_CAP,Capesize,Coal,13.9,18407,Synthetic (BDI benchmark)
2023-04-15,IND_PAR_PAN,Panamax,Coal,10.9,12724,Synthetic (BDI benchmark)
2023-04-15,IND_PAR_CAP,Capesize,Coal,10.45,19836,Synthetic (BDI benchmark)
2023-04-15,IND_VIZ_PAN,Panamax,Coal,10.79,12699,Synthetic (BDI benchmark)
2023-04-15,IND_VIZ_CAP,Capesize,Coal,10.63,17377,Synthetic (BDI benchmark)
2023-04-15,IND_DHA_PAN,Panamax,Coal,12.26,14059,Synthetic (BDI benchmark)
2023-04-15,IND_DHA_CAP,Capesize,Coal,9.52,15462,Synthetic (BDI benchmark)
2023-04-15,IND_GAN_PAN,Panamax,Coal,9.76,13952,Synthetic (BDI benchmark)
2023-04-15,IND_GAN_CAP,Capesize,Coal,11.18,15851,Synthetic (BDI benchmark)
2023-04-15,IND_GOP_PAN,Panamax,Coal,12.32,10559,Synthetic (BDI benchmark)
2023-04-15,IND_GOP_CAP,Capesize,Coal,9.94,18881,Synthetic (BDI benchmark)
2023-04-15,IND_HAL_PAN,Panamax,Coal,11.34,11126,Synthetic (BDI benchmark)
2023-04-15,IND_HAL_CAP,Capesize,Coal,10.72,17874,Synthetic (BDI benchmark)
2023-04-15,RUS_PAR_PAN,Panamax,Coal,24.22,11212,Synthetic (BDI benchmark)
2023-04-15,RUS_PAR_CAP,Capesize,Coal,21.26,16644,Synthetic (BDI benchmark)
2023-04-15,RUS_VIZ_PAN,Panamax,Coal,25.06,14180,Synthetic (BDI benchmark)
2023-04-15,RUS_VIZ_CAP,Capesize,Coal,21.14,17792,Synthetic (BDI benchmark)
2023-04-15,RUS_DHA_PAN,Panamax,Coal,22.46,9510,Synthetic (BDI benchmark)
2023-04-15,RUS_DHA_CAP,Capesize,Coal,21.41,19883,Synthetic (BDI benchmark)
2023-04-15,RUS_GAN_PAN,Panamax,Coal,19.52,9687,Synthetic (BDI benchmark)
2023-04-15,RUS_GAN_CAP,Capesize,Coal,23.42,18715,Synthetic (BDI benchmark)
2023-04-15,RUS_GOP_PAN,Panamax,Coal,20.33,11715,Synthetic (BDI benchmark)
2023-04-15,RUS_GOP_CAP,Capesize,Coal,22.67,18044,Synthetic (BDI benchmark)
2023-04-15,RUS_HAL_PAN,Panamax,Coal,20.91,9239,Synthetic (BDI benchmark)
2023-04-15,RUS_HAL_CAP,Capesize,Coal,25.97,17942,Synthetic (BDI benchmark)
2023-04-15,MOZ_PAR_PAN,Panamax,Coal,18.01,14013,Synthetic (BDI benchmark)
2023-04-15,MOZ_PAR_CAP,Capesize,Coal,20.62,19165,Synthetic (BDI benchmark)
2023-04-15,MOZ_VIZ_PAN,Panamax,Coal,19.03,13320,Synthetic (BDI benchmark)
2023-04-15,MOZ_VIZ_CAP,Capesize,Coal,22.0,19583,Synthetic (BDI benchmark)
2023-04-15,MOZ_DHA_PAN,Panamax,Coal,20.93,14150,Synthetic (BDI benchmark)
2023-04-15,MOZ_DHA_CAP,Capesize,Coal,21.19,19234,Synthetic (BDI benchmark)
2023-04-15,MOZ_GAN_PAN,Panamax,Coal,18.36,9794,Synthetic (BDI benchmark)
2023-04-15,MOZ_GAN_CAP,Capesize,Coal,22.51,17454,Synthetic (BDI benchmark)
2023-04-15,MOZ_GOP_PAN,Panamax,Coal,19.01,12169,Synthetic (BDI benchmark)
2023-04-15,MOZ_GOP_CAP,Capesize,Coal,21.3,16299,Synthetic (BDI benchmark)
2023-04-15,MOZ_HAL_PAN,Panamax,Coal,22.93,12673,Synthetic (BDI benchmark)
2023-04-15,MOZ_HAL_CAP,Capesize,Coal,21.3,15123,Synthetic (BDI benchmark)
2023-04-15,USA_PAR_PAN,Panamax,Coal,33.98,13320,Synthetic (BDI benchmark)
2023-04-15,USA_PAR_CAP,Capesize,Coal,31.25,19742,Synthetic (BDI benchmark)
2023-04-15,USA_VIZ_PAN,Panamax,Coal,33.3,9430,Synthetic (BDI benchmark)
2023-04-15,USA_VIZ_CAP,Capesize,Coal,29.56,18582,Synthetic (BDI benchmark)
2023-04-15,USA_DHA_PAN,Panamax,Coal,34.82,14631,Synthetic (BDI benchmark)
2023-04-15,USA_DHA_CAP,Capesize,Coal,34.56,18168,Synthetic (BDI benchmark)
2023-04-15,USA_GAN_PAN,Panamax,Coal,37.13,9589,Synthetic (BDI benchmark)
2023-04-15,USA_GAN_CAP,Capesize,Coal,30.87,16448,Synthetic (BDI benchmark)
2023-04-15,USA_GOP_PAN,Panamax,Coal,33.64,13865,Synthetic (BDI benchmark)
2023-04-15,USA_GOP_CAP,Capesize,Coal,29.18,16786,Synthetic (BDI benchmark)
2023-04-15,USA_HAL_PAN,Panamax,Coal,36.42,13302,Synthetic (BDI benchmark)
2023-04-15,USA_HAL_CAP,Capesize,Coal,35.28,15743,Synthetic (BDI benchmark)
2023-05-15,AUS_PAR_PAN,Panamax,Coal,17.62,14534,Synthetic (BDI benchmark)
2023-05-15,AUS_PAR_CAP,Capesize,Coal,17.97,15555,Synthetic (BDI benchmark)
2023-05-15,AUS_VIZ_PAN,Panamax,Coal,15.81,10002,Synthetic (BDI benchmark)
2023-05-15,AUS_VIZ_CAP,Capesize,Coal,16.3,18277,Synthetic (BDI benchmark)
2023-05-15,AUS_DHA_PAN,Panamax,Coal,17.98,11695,Synthetic (BDI benchmark)
2023-05-15,AUS_DHA_CAP,Capesize,Coal,16.92,17252,Synthetic (BDI benchmark)
2023-05-15,AUS_GAN_PAN,Panamax,Coal,15.86,11201,Synthetic (BDI benchmark)
2023-05-15,AUS_GAN_CAP,Capesize,Coal,16.41,18013,Synthetic (BDI benchmark)
2023-05-15,AUS_GOP_PAN,Panamax,Coal,16.88,14774,Synthetic (BDI benchmark)
2023-05-15,AUS_GOP_CAP,Capesize,Coal,16.86,15537,Synthetic (BDI benchmark)
2023-05-15,AUS_HAL_PAN,Panamax,Coal,18.42,12232,Synthetic (BDI benchmark)
2023-05-15,AUS_HAL_CAP,Capesize,Coal,15.21,15144,Synthetic (BDI benchmark)
2023-05-15,IND_PAR_PAN,Panamax,Coal,11.27,10396,Synthetic (BDI benchmark)
2023-05-15,IND_PAR_CAP,Capesize,Coal,10.05,17737,Synthetic (BDI benchmark)
2023-05-15,IND_VIZ_PAN,Panamax,Coal,10.62,9933,Synthetic (BDI benchmark)
2023-05-15,IND_VIZ_CAP,Capesize,Coal,8.54,17802,Synthetic (BDI benchmark)
2023-05-15,IND_DHA_PAN,Panamax,Coal,10.91,10772,Synthetic (BDI benchmark)
2023-05-15,IND_DHA_CAP,Capesize,Coal,9.53,19708,Synthetic (BDI benchmark)
2023-05-15,IND_GAN_PAN,Panamax,Coal,9.76,14482,Synthetic (BDI benchmark)
2023-05-15,IND_GAN_CAP,Capesize,Coal,10.19,15214,Synthetic (BDI benchmark)
2023-05-15,IND_GOP_PAN,Panamax,Coal,10.39,11479,Synthetic (BDI benchmark)
2023-05-15,IND_GOP_CAP,Capesize,Coal,9.85,15009,Synthetic (BDI benchmark)
2023-05-15,IND_HAL_PAN,Panamax,Coal,11.47,10582,Synthetic (BDI benchmark)
2023-05-15,IND_HAL_CAP,Capesize,Coal,9.8,18862,Synthetic (BDI benchmark)
2023-05-15,RUS_PAR_PAN,Panamax,Coal,20.04,13055,Synthetic (BDI benchmark)
2023-05-15,RUS_PAR_CAP,Capesize,Coal,24.22,18274,Synthetic (BDI benchmark)
2023-05-15,RUS_VIZ_PAN,Panamax,Coal,20.5,12207,Synthetic (BDI benchmark)
2023-05-15,RUS_VIZ_CAP,Capesize,Coal,19.44,17782,Synthetic (BDI benchmark)
2023-05-15,RUS_DHA_PAN,Panamax,Coal,21.38,13230,Synthetic (BDI benchmark)
2023-05-15,RUS_DHA_CAP,Capesize,Coal,24.94,19546,Synthetic (BDI benchmark)
2023-05-15,RUS_GAN_PAN,Panamax,Coal,22.69,9196,Synthetic (BDI benchmark)
2023-05-15,RUS_GAN_CAP,Capesize,Coal,23.01,18372,Synthetic (BDI benchmark)
2023-05-15,RUS_GOP_PAN,Panamax,Coal,22.64,10594,Synthetic (BDI benchmark)
2023-05-15,RUS_GOP_CAP,Capesize,Coal,22.63,17103,Synthetic (BDI benchmark)
2023-05-15,RUS_HAL_PAN,Panamax,Coal,23.28,9760,Synthetic (BDI benchmark)
2023-05-15,RUS_HAL_CAP,Capesize,Coal,22.86,19840,Synthetic (BDI benchmark)
2023-05-15,MOZ_PAR_PAN,Panamax,Coal,20.23,12091,Synthetic (BDI benchmark)
2023-05-15,MOZ_PAR_CAP,Capesize,Coal,23.62,16032,Synthetic (BDI benchmark)
2023-05-15,MOZ_VIZ_PAN,Panamax,Coal,21.27,14035,Synthetic (BDI benchmark)
2023-05-15,MOZ_VIZ_CAP,Capesize,Coal,18.74,15706,Synthetic (BDI benchmark)
2023-05-15,MOZ_DHA_PAN,Panamax,Coal,20.56,12803,Synthetic (BDI benchmark)
2023-05-15,MOZ_DHA_CAP,Capesize,Coal,20.86,16237,Synthetic (BDI benchmark)
2023-05-15,MOZ_GAN_PAN,Panamax,Coal,18.92,12129,Synthetic (BDI benchmark)
2023-05-15,MOZ_GAN_CAP,Capesize,Coal,20.32,18422,Synthetic (BDI benchmark)
2023-05-15,MOZ_GOP_PAN,Panamax,Coal,23.17,14249,Synthetic (BDI benchmark)
2023-05-15,MOZ_GOP_CAP,Capesize,Coal,20.56,15333,Synthetic (BDI benchmark)
2023-05-15,MOZ_HAL_PAN,Panamax,Coal,20.05,14874,Synthetic (BDI benchmark)
2023-05-15,MOZ_HAL_CAP,Capesize,Coal,19.49,15909,Synthetic (BDI benchmark)
2023-05-15,USA_PAR_PAN,Panamax,Coal,30.02,12780,Synthetic (BDI benchmark)
2023-05-15,USA_PAR_CAP,Capesize,Coal,33.58,17109,Synthetic (BDI benchmark)
2023-05-15,USA_VIZ_PAN,Panamax,Coal,30.38,12066,Synthetic (BDI benchmark)
2023-05-15,USA_VIZ_CAP,Capesize,Coal,29.53,19812,Synthetic (BDI benchmark)
2023-05-15,USA_DHA_PAN,Panamax,Coal,33.25,10820,Synthetic (BDI benchmark)
2023-05-15,USA_DHA_CAP,Capesize,Coal,34.3,18705,Synthetic (BDI benchmark)
2023-05-15,USA_GAN_PAN,Panamax,Coal,37.13,12832,Synthetic (BDI benchmark)
2023-05-15,USA_GAN_CAP,Capesize,Coal,30.74,18558,Synthetic (BDI benchmark)
2023-05-15,USA_GOP_PAN,Panamax,Coal,32.25,9343,Synthetic (BDI benchmark)
2023-05-15,USA_GOP_CAP,Capesize,Coal,31.77,16360,Synthetic (BDI benchmark)
2023-05-15,USA_HAL_PAN,Panamax,Coal,37.85,11204,Synthetic (BDI benchmark)
2023-05-15,USA_HAL_CAP,Capesize,Coal,32.45,18962,Synthetic (BDI benchmark)
2023-06-14,AUS_PAR_PAN,Panamax,Coal,16.96,14234,Synthetic (BDI benchmark)
2023-06-14,AUS_PAR_CAP,Capesize,Coal,14.49,15693,Synthetic (BDI benchmark)
2023-06-14,AUS_VIZ_PAN,Panamax,Coal,16.16,10474,Synthetic (BDI benchmark)
2023-06-14,AUS_VIZ_CAP,Capesize,Coal,18.45,19570,Synthetic (BDI benchmark)
2023-06-14,AUS_DHA_PAN,Panamax,Coal,14.78,9660,Synthetic (BDI benchmark)
2023-06-14,AUS_DHA_CAP,Capesize,Coal,17.06,16153,Synthetic (BDI benchmark)
2023-06-14,AUS_GAN_PAN,Panamax,Coal,19.47,13878,Synthetic (BDI benchmark)
2023-06-14,AUS_GAN_CAP,Capesize,Coal,17.14,16851,Synthetic (BDI benchmark)
2023-06-14,AUS_GOP_PAN,Panamax,Coal,15.61,12662,Synthetic (BDI benchmark)
2023-06-14,AUS_GOP_CAP,Capesize,Coal,16.72,18664,Synthetic (BDI benchmark)
2023-06-14,AUS_HAL_PAN,Panamax,Coal,15.45,10604,Synthetic (BDI benchmark)
2023-06-14,AUS_HAL_CAP,Capesize,Coal,16.83,18015,Synthetic (BDI benchmark)
2023-06-14,IND_PAR_PAN,Panamax,Coal,9.49,12191,Synthetic (BDI benchmark)
2023-06-14,IND_PAR_CAP,Capesize,Coal,10.48,16451,Synthetic (BDI benchmark)
2023-06-14,IND_VIZ_PAN,Panamax,Coal,10.85,14601,Synthetic (BDI benchmark)
2023-06-14,IND_VIZ_CAP,Capesize,Coal,11.17,15966,Synthetic (BDI benchmark)
2023-06-14,IND_DHA_PAN,Panamax,Coal,9.59,12590,Synthetic (BDI benchmark)
2023-06-14,IND_DHA_CAP,Capesize,Coal,9.61,19484,Synthetic (BDI benchmark)
2023-06-14,IND_GAN_PAN,Panamax,Coal,9.85,10007,Synthetic (BDI benchmark)
2023-06-14,IND_GAN_CAP,Capesize,Coal,9.31,17291,Synthetic (BDI benchmark)
2023-06-14,IND_GOP_PAN,Panamax,Coal,9.19,9277,Synthetic (BDI benchmark)
2023-06-14,IND_GOP_CAP,Capesize,Coal,10.5,16049,Synthetic (BDI benchmark)
2023-06-14,IND_HAL_PAN,Panamax,Coal,9.52,10337,Synthetic (BDI benchmark)
2023-06-14,IND_HAL_CAP,Capesize,Coal,10.37,16889,Synthetic (BDI benchmark)
2023-06-14,RUS_PAR_PAN,Panamax,Coal,19.95,14419,Synthetic (BDI benchmark)
2023-06-14,RUS_PAR_CAP,Capesize,Coal,22.53,19787,Synthetic (BDI benchmark)
2023-06-14,RUS_VIZ_PAN,Panamax,Coal,22.66,9962,Synthetic (BDI benchmark)
2023-06-14,RUS_VIZ_CAP,Capesize,Coal,21.12,18750,Synthetic (BDI benchmark)
2023-06-14,RUS_DHA_PAN,Panamax,Coal,18.56,10225,Synthetic (BDI benchmark)
2023-06-14,RUS_DHA_CAP,Capesize,Coal,23.07,15945,Synthetic (BDI benchmark)
2023-06-14,RUS_GAN_PAN,Panamax,Coal,22.1,9421,Synthetic (BDI benchmark)
2023-06-14,RUS_GAN_CAP,Capesize,Coal,21.73,19113,Synthetic (BDI benchmark)
2023-06-14,RUS_GOP_PAN,Panamax,Coal,22.41,14664,Synthetic (BDI benchmark)
2023-06-14,RUS_GOP_CAP,Capesize,Coal,23.05,16836,Synthetic (BDI benchmark)
2023-06-14,RUS_HAL_PAN,Panamax,Coal,26.28,9138,Synthetic (BDI benchmark)
2023-06-14,RUS_HAL_CAP,Capesize,Coal,20.5,17167,Synthetic (BDI benchmark)
2023-06-14,MOZ_PAR_PAN,Panamax,Coal,24.56,12356,Synthetic (BDI benchmark)
2023-06-14,MOZ_PAR_CAP,Capesize,Coal,19.39,15531,Synthetic (BDI benchmark)
2023-06-14,MOZ_VIZ_PAN,Panamax,Coal,19.3,12254,Synthetic (BDI benchmark)
2023-06-14,MOZ_VIZ_CAP,Capesize,Coal,20.39,15664,Synthetic (BDI benchmark)
2023-06-14,MOZ_DHA_PAN,Panamax,Coal,20.89,9384,Synthetic (BDI benchmark)
2023-06-14,MOZ_DHA_CAP,Capesize,Coal,22.9,18009,Synthetic (BDI benchmark)
2023-06-14,MOZ_GAN_PAN,Panamax,Coal,20.84,12949,Synthetic (BDI benchmark)
2023-06-14,MOZ_GAN_CAP,Capesize,Coal,22.32,19823,Synthetic (BDI benchmark)
2023-06-14,MOZ_GOP_PAN,Panamax,Coal,24.13,9619,Synthetic (BDI benchmark)
2023-06-14,MOZ_GOP_CAP,Capesize,Coal,21.45,16773,Synthetic (BDI benchmark)
2023-06-14,MOZ_HAL_PAN,Panamax,Coal,20.92,14376,Synthetic (BDI benchmark)
2023-06-14,MOZ_HAL_CAP,Capesize,Coal,19.98,15718,Synthetic (BDI benchmark)
2023-06-14,USA_PAR_PAN,Panamax,Coal,30.71,9337,Synthetic (BDI benchmark)
2023-06-14,USA_PAR_CAP,Capesize,Coal,34.97,16604,Synthetic (BDI benchmark)
2023-06-14,USA_VIZ_PAN,Panamax,Coal,31.12,12636,Synthetic (BDI benchmark)
2023-06-14,USA_VIZ_CAP,Capesize,Coal,30.46,15438,Synthetic (BDI benchmark)
2023-06-14,USA_DHA_PAN,Panamax,Coal,31.72,14251,Synthetic (BDI benchmark)
2023-06-14,USA_DHA_CAP,Capesize,Coal,33.88,17418,Synthetic (BDI benchmark)
2023-06-14,USA_GAN_PAN,Panamax,Coal,34.92,10854,Synthetic (BDI benchmark)
2023-06-14,USA_GAN_CAP,Capesize,Coal,32.6,19465,Synthetic (BDI benchmark)
2023-06-14,USA_GOP_PAN,Panamax,Coal,32.09,12638,Synthetic (BDI benchmark)
2023-06-14,USA_GOP_CAP,Capesize,Coal,32.41,16960,Synthetic (BDI benchmark)
2023-06-14,USA_HAL_PAN,Panamax,Coal,34.5,14605,Synthetic (BDI benchmark)
2023-06-14,USA_HAL_CAP,Capesize,Coal,29.47,16368,Synthetic (BDI benchmark)
2023-07-14,AUS_PAR_PAN,Panamax,Coal,15.98,11217,Synthetic (BDI benchmark)
2023-07-14,AUS_PAR_CAP,Capesize,Coal,16.45,18450,Synthetic (BDI benchmark)
2023-07-14,AUS_VIZ_PAN,Panamax,Coal,14.27,11280,Synthetic (BDI benchmark)
2023-07-14,AUS_VIZ_CAP,Capesize,Coal,15.76,19219,Synthetic (BDI benchmark)
2023-07-14,AUS_DHA_PAN,Panamax,Coal,17.89,13536,Synthetic (BDI benchmark)
2023-07-14,AUS_DHA_CAP,Capesize,Coal,17.5,19731,Synthetic (BDI benchmark)
2023-07-14,AUS_GAN_PAN,Panamax,Coal,14.58,11772,Synthetic (BDI benchmark)
2023-07-14,AUS_GAN_CAP,Capesize,Coal,18.27,19013,Synthetic (BDI benchmark)
2023-07-14,AUS_GOP_PAN,Panamax,Coal,15.4,11674,Synthetic (BDI benchmark)
2023-07-14,AUS_GOP_CAP,Capesize,Coal,18.23,16036,Synthetic (BDI benchmark)
2023-07-14,AUS_HAL_PAN,Panamax,Coal,16.55,14889,Synthetic (BDI benchmark)
2023-07-14,AUS_HAL_CAP,Capesize,Coal,18.63,18851,Synthetic (BDI benchmark)
2023-07-14,IND_PAR_PAN,Panamax,Coal,9.53,12149,Synthetic (BDI benchmark)
2023-07-14,IND_PAR_CAP,Capesize,Coal,10.64,19351,Synthetic (BDI benchmark)
2023-07-14,IND_VIZ_PAN,Panamax,Coal,11.84,11748,Synthetic (BDI benchmark)
2023-07-14,IND_VIZ_CAP,Capesize,Coal,10.63,18079,Synthetic (BDI benchmark)
2023-07-14,IND_DHA_PAN,Panamax,Coal,10.36,10983,Synthetic (BDI benchmark)
2023-07-14,IND_DHA_CAP,Capesize,Coal,12.35,18491,Synthetic (BDI benchmark)
2023-07-14,IND_GAN_PAN,Panamax,Coal,9.76,14108,Synthetic (BDI benchmark)
2023-07-14,IND_GAN_CAP,Capesize,Coal,11.3,19833,Synthetic (BDI benchmark)
2023-07-14,IND_GOP_PAN,Panamax,Coal,9.52,13132,Synthetic (BDI benchmark)
2023-07-14,IND_GOP_CAP,Capesize,Coal,9.77,16581,Synthetic (BDI benchmark)
2023-07-14,IND_HAL_PAN,Panamax,Coal,10.06,12449,Synthetic (BDI benchmark)
2023-07-14,IND_HAL_CAP,Capesize,Coal,9.89,17717,Synthetic (BDI benchmark)
2023-07-14,RUS_PAR_PAN,Panamax,Coal,23.64,13234,Synthetic (BDI benchmark)
2023-07-14,RUS_PAR_CAP,Capesize,Coal,24.57,15581,Synthetic (BDI benchmark)
2023-07-14,RUS_VIZ_PAN,Panamax,Coal,23.45,13700,Synthetic (BDI benchmark)
2023-07-14,RUS_VIZ_CAP,Capesize,Coal,24.25,16174,Synthetic (BDI benchmark)
2023-07-14,RUS_DHA_PAN,Panamax,Coal,23.13,11548,Synthetic (BDI benchmark)
2023-07-14,RUS_DHA_CAP,Capesize,Coal,20.98,19288,Synthetic (BDI benchmark)
2023-07-14,RUS_GAN_PAN,Panamax,Coal,25.35,14304,Synthetic (BDI benchmark)
2023-07-14,RUS_GAN_CAP,Capesize,Coal,19.6,19087,Synthetic (BDI benchmark)
2023-07-14,RUS_GOP_PAN,Panamax,Coal,24.49,14988,Synthetic (BDI benchmark)
2023-07-14,RUS_GOP_CAP,Capesize,Coal,21.78,16844,Synthetic (BDI benchmark)
2023-07-14,RUS_HAL_PAN,Panamax,Coal,21.92,9232,Synthetic (BDI benchmark)
2023-07-14,RUS_HAL_CAP,Capesize,Coal,22.45,15581,Synthetic (BDI benchmark)
2023-07-14,MOZ_PAR_PAN,Panamax,Coal,20.2,9060,Synthetic (BDI benchmark)
2023-07-14,MOZ_PAR_CAP,Capesize,Coal,24.44,18969,Synthetic (BDI benchmark)
2023-07-14,MOZ_VIZ_PAN,Panamax,Coal,20.24,14937,Synthetic (BDI benchmark)
2023-07-14,MOZ_VIZ_CAP,Capesize,Coal,20.54,18685,Synthetic (BDI benchmark)
2023-07-14,MOZ_DHA_PAN,Panamax,Coal,19.42,13332,Synthetic (BDI benchmark)
2023-07-14,MOZ_DHA_CAP,Capesize,Coal,21.02,17033,Synthetic (BDI benchmark)
2023-07-14,MOZ_GAN_PAN,Panamax,Coal,20.98,9854,Synthetic (BDI benchmark)
2023-07-14,MOZ_GAN_CAP,Capesize,Coal,22.5,15353,Synthetic (BDI benchmark)
2023-07-14,MOZ_GOP_PAN,Panamax,Coal,20.14,10347,Synthetic (BDI benchmark)
2023-07-14,MOZ_GOP_CAP,Capesize,Coal,19.22,15262,Synthetic (BDI benchmark)
2023-07-14,MOZ_HAL_PAN,Panamax,Coal,23.24,13753,Synthetic (BDI benchmark)
2023-07-14,MOZ_HAL_CAP,Capesize,Coal,18.27,19168,Synthetic (BDI benchmark)
2023-07-14,USA_PAR_PAN,Panamax,Coal,29.86,12973,Synthetic (BDI benchmark)
2023-07-14,USA_PAR_CAP,Capesize,Coal,29.09,16920,Synthetic (BDI benchmark)
2023-07-14,USA_VIZ_PAN,Panamax,Coal,31.46,12677,Synthetic (BDI benchmark)
2023-07-14,USA_VIZ_CAP,Capesize,Coal,28.15,15329,Synthetic (BDI benchmark)
2023-07-14,USA_DHA_PAN,Panamax,Coal,27.16,14688,Synthetic (BDI benchmark)
2023-07-14,USA_DHA_CAP,Capesize,Coal,35.71,16042,Synthetic (BDI benchmark)
2023-07-14,USA_GAN_PAN,Panamax,Coal,28.16,12754,Synthetic (BDI benchmark)
2023-07-14,USA_GAN_CAP,Capesize,Coal,34.53,19041,Synthetic (BDI benchmark)
2023-07-14,USA_GOP_PAN,Panamax,Coal,32.49,10965,Synthetic (BDI benchmark)
2023-07-14,USA_GOP_CAP,Capesize,Coal,29.81,16083,Synthetic (BDI benchmark)
2023-07-14,USA_HAL_PAN,Panamax,Coal,34.82,13728,Synthetic (BDI benchmark)
2023-07-14,USA_HAL_CAP,Capesize,Coal,32.12,17570,Synthetic (BDI benchmark)
2023-08-13,AUS_PAR_PAN,Panamax,Coal,17.39,10304,Synthetic (BDI benchmark)
2023-08-13,AUS_PAR_CAP,Capesize,Coal,17.4,16073,Synthetic (BDI benchmark)
2023-08-13,AUS_VIZ_PAN,Panamax,Coal,15.68,12350,Synthetic (BDI benchmark)
2023-08-13,AUS_VIZ_CAP,Capesize,Coal,16.73,18655,Synthetic (BDI benchmark)
2023-08-13,AUS_DHA_PAN,Panamax,Coal,16.53,13448,Synthetic (BDI benchmark)
2023-08-13,AUS_DHA_CAP,Capesize,Coal,18.06,17116,Synthetic (BDI benchmark)
2023-08-13,AUS_GAN_PAN,Panamax,Coal,17.63,11797,Synthetic (BDI benchmark)
2023-08-13,AUS_GAN_CAP,Capesize,Coal,16.4,19923,Synthetic (BDI benchmark)
2023-08-13,AUS_GOP_PAN,Panamax,Coal,14.89,12823,Synthetic (BDI benchmark)
2023-08-13,AUS_GOP_CAP,Capesize,Coal,16.17,17275,Synthetic (BDI benchmark)
2023-08-13,AUS_HAL_PAN,Panamax,Coal,16.9,10637,Synthetic (BDI benchmark)
2023-08-13,AUS_HAL_CAP,Capesize,Coal,16.5,17659,Synthetic (BDI benchmark)
2023-08-13,IND_PAR_PAN,Panamax,Coal,11.62,9175,Synthetic (BDI benchmark)
2023-08-13,IND_PAR_CAP,Capesize,Coal,9.86,17104,Synthetic (BDI benchmark)
2023-08-13,IND_VIZ_PAN,Panamax,Coal,9.91,12858,Synthetic (BDI benchmark)
2023-08-13,IND_VIZ_CAP,Capesize,Coal,10.12,19130,Synthetic (BDI benchmark)
2023-08-13,IND_DHA_PAN,Panamax,Coal,12.84,11861,Synthetic (BDI benchmark)
2023-08-13,IND_DHA_CAP,Capesize,Coal,9.92,16798,Synthetic (BDI benchmark)
2023-08-13,IND_GAN_PAN,Panamax,Coal,10.79,12258,Synthetic (BDI benchmark)
2023-08-13,IND_GAN_CAP,Capesize,Coal,10.35,17527,Synthetic (BDI benchmark)
2023-08-13,IND_GOP_PAN,Panamax,Coal,10.31,10715,Synthetic (BDI benchmark)
2023-08-13,IND_GOP_CAP,Capesize,Coal,9.42,19425,Synthetic (BDI benchmark)
2023-08-13,IND_HAL_PAN,Panamax,Coal,10.98,11814,Synthetic (BDI benchmark)
2023-08-13,IND_HAL_CAP,Capesize,Coal,10.71,17558,Synthetic (BDI benchmark)
2023-08-13,RUS_PAR_PAN,Panamax,Coal,20.02,14492,Synthetic (BDI benchmark)
2023-08-13,RUS_PAR_CAP,Capesize,Coal,21.61,18533,Synthetic (BDI benchmark)
2023-08-13,RUS_VIZ_PAN,Panamax,Coal,24.96,13046,Synthetic (BDI benchmark)
2023-08-13,RUS_VIZ_CAP,Capesize,Coal,24.76,16122,Synthetic (BDI benchmark)
2023-08-13,RUS_DHA_PAN,Panamax,Coal,22.14,13070,Synthetic (BDI benchmark)
2023-08-13,RUS_DHA_CAP,Capesize,Coal,19.12,15252,Synthetic (BDI benchmark)
2023-08-13,RUS_GAN_PAN,Panamax,Coal,23.25,14256,Synthetic (BDI benchmark)
2023-08-13,RUS_GAN_CAP,Capesize,Coal,22.27,17455,Synthetic (BDI benchmark)
2023-08-13,RUS_GOP_PAN,Panamax,Coal,23.24,13762,Synthetic (BDI benchmark)
2023-08-13,RUS_GOP_CAP,Capesize,Coal,20.94,18228,Synthetic (BDI benchmark)
2023-08-13,RUS_HAL_PAN,Panamax,Coal,23.25,14173,Synthetic (BDI benchmark)
2023-08-13,RUS_HAL_CAP,Capesize,Coal,22.28,15941,Synthetic (BDI benchmark)
2023-08-13,MOZ_PAR_PAN,Panamax,Coal,22.73,12860,Synthetic (BDI benchmark)
2023-08-13,MOZ_PAR_CAP,Capesize,Coal,20.14,15221,Synthetic (BDI benchmark)
2023-08-13,MOZ_VIZ_PAN,Panamax,Coal,24.16,9807,Synthetic (BDI benchmark)
2023-08-13,MOZ_VIZ_CAP,Capesize,Coal,19.11,17209,Synthetic (BDI benchmark)
2023-08-13,MOZ_DHA_PAN,Panamax,Coal,20.53,9150,Synthetic (BDI benchmark)
2023-08-13,MOZ_DHA_CAP,Capesize,Coal,22.3,18546,Synthetic (BDI benchmark)
2023-08-13,MOZ_GAN_PAN,Panamax,Coal,18.16,9615,Synthetic (BDI benchmark)
2023-08-13,MOZ_GAN_CAP,Capesize,Coal,21.5,15848,Synthetic (BDI benchmark)
2023-08-13,MOZ_GOP_PAN,Panamax,Coal,22.51,13480,Synthetic (BDI benchmark)
2023-08-13,MOZ_GOP_CAP,Capesize,Coal,22.99,19338,Synthetic (BDI benchmark)
2023-08-13,MOZ_HAL_PAN,Panamax,Coal,19.02,12335,Synthetic (BDI benchmark)
2023-08-13,MOZ_HAL_CAP,Capesize,Coal,23.92,15096,Synthetic (BDI benchmark)
2023-08-13,USA_PAR_PAN,Panamax,Coal,35.55,12454,Synthetic (BDI benchmark)
2023-08-13,USA_PAR_CAP,Capesize,Coal,29.97,17052,Synthetic (BDI benchmark)
2023-08-13,USA_VIZ_PAN,Panamax,Coal,29.24,9167,Synthetic (BDI benchmark)
2023-08-13,USA_VIZ_CAP,Capesize,Coal,33.53,19738,Synthetic (BDI benchmark)
2023-08-13,USA_DHA_PAN,Panamax,Coal,34.6,9935,Synthetic (BDI benchmark)
2023-08-13,USA_DHA_CAP,Capesize,Coal,28.47,18365,Synthetic (BDI benchmark)
2023-08-13,USA_GAN_PAN,Panamax,Coal,29.84,11993,Synthetic (BDI benchmark)
2023-08-13,USA_GAN_CAP,Capesize,Coal,32.04,17640,Synthetic (BDI benchmark)
2023-08-13,USA_GOP_PAN,Panamax,Coal,27.5,14290,Synthetic (BDI benchmark)
2023-08-13,USA_GOP_CAP,Capesize,Coal,32.11,16147,Synthetic (BDI benchmark)
2023-08-13,USA_HAL_PAN,Panamax,Coal,28.5,13635,Synthetic (BDI benchmark)
2023-08-13,USA_HAL_CAP,Capesize,Coal,33.02,18062,Synthetic (BDI benchmark)
2023-09-12,AUS_PAR_PAN,Panamax,Coal,18.57,14692,Synthetic (BDI benchmark)
2023-09-12,AUS_PAR_CAP,Capesize,Coal,15.69,15248,Synthetic (BDI benchmark)
2023-09-12,AUS_VIZ_PAN,Panamax,Coal,18.0,14460,Synthetic (BDI benchmark)
2023-09-12,AUS_VIZ_CAP,Capesize,Coal,16.09,17104,Synthetic (BDI benchmark)
2023-09-12,AUS_DHA_PAN,Panamax,Coal,15.41,9683,Synthetic (BDI benchmark)
2023-09-12,AUS_DHA_CAP,Capesize,Coal,15.42,16176,Synthetic (BDI benchmark)
2023-09-12,AUS_GAN_PAN,Panamax,Coal,18.26,13370,Synthetic (BDI benchmark)
2023-09-12,AUS_GAN_CAP,Capesize,Coal,17.31,16827,Synthetic (BDI benchmark)
2023-09-12,AUS_GOP_PAN,Panamax,Coal,15.22,10623,Synthetic (BDI benchmark)
2023-09-12,AUS_GOP_CAP,Capesize,Coal,14.28,19809,Synthetic (BDI benchmark)
2023-09-12,AUS_HAL_PAN,Panamax,Coal,17.81,11175,Synthetic (BDI benchmark)
2023-09-12,AUS_HAL_CAP,Capesize,Coal,16.89,17106,Synthetic (BDI benchmark)
2023-09-12,IND_PAR_PAN,Panamax,Coal,10.93,10106,Synthetic (BDI benchmark)
2023-09-12,IND_PAR_CAP,Capesize,Coal,11.09,16711,Synthetic (BDI benchmark)
2023-09-12,IND_VIZ_PAN,Panamax,Coal,11.87,13834,Synthetic (BDI benchmark)
2023-09-12,IND_VIZ_CAP,Capesize,Coal,10.61,16681,Synthetic (BDI benchmark)
2023-09-12,IND_DHA_PAN,Panamax,Coal,11.78,14745,Synthetic (BDI benchmark)
2023-09-12,IND_DHA_CAP,Capesize,Coal,8.61,19196,Synthetic (BDI benchmark)
2023-09-12,IND_GAN_PAN,Panamax,Coal,10.9,11537,Synthetic (BDI benchmark)
2023-09-12,IND_GAN_CAP,Capesize,Coal,11.39,17462,Synthetic (BDI benchmark)
2023-09-12,IND_GOP_PAN,Panamax,Coal,8.9,14729,Synthetic (BDI benchmark)
2023-09-12,IND_GOP_CAP,Capesize,Coal,9.71,16566,Synthetic (BDI benchmark)
2023-09-12,IND_HAL_PAN,Panamax,Coal,11.58,9911,Synthetic (BDI benchmark)
2023-09-12,IND_HAL_CAP,Capesize,Coal,13.04,19205,Synthetic (BDI benchmark)
2023-09-12,RUS_PAR_PAN,Panamax,Coal,24.76,11724,Synthetic (BDI benchmark)
2023-09-12,RUS_PAR_CAP,Capesize,Coal,25.56,19091,Synthetic (BDI benchmark)
2023-09-12,RUS_VIZ_PAN,Panamax,Coal,22.25,14218,Synthetic (BDI benchmark)
2023-09-12,RUS_VIZ_CAP,Capesize,Coal,23.27,18448,Synthetic (BDI benchmark)
2023-09-12,RUS_DHA_PAN,Panamax,Coal,22.49,12850,Synthetic (BDI benchmark)
2023-09-12,RUS_DHA_CAP,Capesize,Coal,24.78,18901,Synthetic (BDI benchmark)
2023-09-12,RUS_GAN_PAN,Panamax,Coal,24.87,12125,Synthetic (BDI benchmark)
2023-09-12,RUS_GAN_CAP,Capesize,Coal,22.08,17952,Synthetic (BDI benchmark)
2023-09-12,RUS_GOP_PAN,Panamax,Coal,23.44,12385,Synthetic (BDI benchmark)
2023-09-12,RUS_GOP_CAP,Capesize,Coal,22.42,17750,Synthetic (BDI benchmark)
2023-09-12,RUS_HAL_PAN,Panamax,Coal,22.33,12161,Synthetic (BDI benchmark)
2023-09-12,RUS_HAL_CAP,Capesize,Coal,25.46,18374,Synthetic (BDI benchmark)
2023-09-12,MOZ_PAR_PAN,Panamax,Coal,20.32,9699,Synthetic (BDI benchmark)
2023-09-12,MOZ_PAR_CAP,Capesize,Coal,17.83,16339,Synthetic (BDI benchmark)
2023-09-12,MOZ_VIZ_PAN,Panamax,Coal,19.24,10510,Synthetic (BDI benchmark)
2023-09-12,MOZ_VIZ_CAP,Capesize,Coal,19.49,19164,Synthetic (BDI benchmark)
2023-09-12,MOZ_DHA_PAN,Panamax,Coal,21.15,11938,Synthetic (BDI benchmark)
2023-09-12,MOZ_DHA_CAP,Capesize,Coal,21.28,15038,Synthetic (BDI benchmark)
2023-09-12,MOZ_GAN_PAN,Panamax,Coal,22.42,10202,Synthetic (BDI benchmark)
2023-09-12,MOZ_GAN_CAP,Capesize,Coal,21.43,18693,Synthetic (BDI benchmark)
2023-09-12,MOZ_GOP_PAN,Panamax,Coal,21.7,14478,Synthetic (BDI benchmark)
2023-09-12,MOZ_GOP_CAP,Capesize,Coal,20.81,16380,Synthetic (BDI benchmark)
2023-09-12,MOZ_HAL_PAN,Panamax,Coal,23.51,12965,Synthetic (BDI benchmark)
2023-09-12,MOZ_HAL_CAP,Capesize,Coal,19.55,16126,Synthetic (BDI benchmark)
2023-09-12,USA_PAR_PAN,Panamax,Coal,30.18,12622,Synthetic (BDI benchmark)
2023-09-12,USA_PAR_CAP,Capesize,Coal,34.33,16126,Synthetic (BDI benchmark)
2023-09-12,USA_VIZ_PAN,Panamax,Coal,30.76,11004,Synthetic (BDI benchmark)
2023-09-12,USA_VIZ_CAP,Capesize,Coal,29.45,19386,Synthetic (BDI benchmark)
2023-09-12,USA_DHA_PAN,Panamax,Coal,30.53,9199,Synthetic (BDI benchmark)
2023-09-12,USA_DHA_CAP,Capesize,Coal,29.98,18422,Synthetic (BDI benchmark)
2023-09-12,USA_GAN_PAN,Panamax,Coal,34.25,13532,Synthetic (BDI benchmark)
2023-09-12,USA_GAN_CAP,Capesize,Coal,29.12,17972,Synthetic (BDI benchmark)
2023-09-12,USA_GOP_PAN,Panamax,Coal,29.25,13390,Synthetic (BDI benchmark)
2023-09-12,USA_GOP_CAP,Capesize,Coal,28.22,18204,Synthetic (BDI benchmark)
2023-09-12,USA_HAL_PAN,Panamax,Coal,32.64,14721,Synthetic (BDI benchmark)
2023-09-12,USA_HAL_CAP,Capesize,Coal,31.06,16069,Synthetic (BDI benchmark)
2023-10-12,AUS_PAR_PAN,Panamax,Coal,15.62,12990,Synthetic (BDI benchmark)
2023-10-12,AUS_PAR_CAP,Capesize,Coal,16.85,18376,Synthetic (BDI benchmark)
2023-10-12,AUS_VIZ_PAN,Panamax,Coal,16.82,11028,Synthetic (BDI benchmark)
2023-10-12,AUS_VIZ_CAP,Capesize,Coal,14.64,16158,Synthetic (BDI benchmark)
2023-10-12,AUS_DHA_PAN,Panamax,Coal,17.0,12786,Synthetic (BDI benchmark)
2023-10-12,AUS_DHA_CAP,Capesize,Coal,17.21,19459,Synthetic (BDI benchmark)
2023-10-12,AUS_GAN_PAN,Panamax,Coal,13.95,14269,Synthetic (BDI benchmark)
2023-10-12,AUS_GAN_CAP,Capesize,Coal,15.36,16224,Synthetic (BDI benchmark)
2023-10-12,AUS_GOP_PAN,Panamax,Coal,17.27,10329,Synthetic (BDI benchmark)
2023-10-12,AUS_GOP_CAP,Capesize,Coal,15.33,18093,Synthetic (BDI benchmark)
2023-10-12,AUS_HAL_PAN,Panamax,Coal,13.84,11422,Synthetic (BDI benchmark)
2023-10-12,AUS_HAL_CAP,Capesize,Coal,15.69,15697,Synthetic (BDI benchmark)
2023-10-12,IND_PAR_PAN,Panamax,Coal,10.5,13731,Synthetic (BDI benchmark)
2023-10-12,IND_PAR_CAP,Capesize,Coal,12.22,19542,Synthetic (BDI benchmark)
2023-10-12,IND_VIZ_PAN,Panamax,Coal,10.67,12941,Synthetic (BDI benchmark)
2023-10-12,IND_VIZ_CAP,Capesize,Coal,11.53,17895,Synthetic (BDI benchmark)
2023-10-12,IND_DHA_PAN,Panamax,Coal,9.94,14939,Synthetic (BDI benchmark)
2023-10-12,IND_DHA_CAP,Capesize,Coal,12.0,19777,Synthetic (BDI benchmark)
2023-10-12,IND_GAN_PAN,Panamax,Coal,9.76,12933,Synthetic (BDI benchmark)
2023-10-12,IND_GAN_CAP,Capesize,Coal,10.16,15487,Synthetic (BDI benchmark)
2023-10-12,IND_GOP_PAN,Panamax,Coal,11.33,13827,Synthetic (BDI benchmark)
2023-10-12,IND_GOP_CAP,Capesize,Coal,12.35,17327,Synthetic (BDI benchmark)
2023-10-12,IND_HAL_PAN,Panamax,Coal,11.22,9872,Synthetic (BDI benchmark)
2023-10-12,IND_HAL_CAP,Capesize,Coal,10.6,15547,Synthetic (BDI benchmark)
2023-10-12,RUS_PAR_PAN,Panamax,Coal,24.37,13571,Synthetic (BDI benchmark)
2023-10-12,RUS_PAR_CAP,Capesize,Coal,23.19,17486,Synthetic (BDI benchmark)
2023-10-12,RUS_VIZ_PAN,Panamax,Coal,22.05,10389,Synthetic (BDI benchmark)
2023-10-12,RUS_VIZ_CAP,Capesize,Coal,20.98,19086,Synthetic (BDI benchmark)
2023-10-12,RUS_DHA_PAN,Panamax,Coal,19.53,11055,Synthetic (BDI benchmark)
2023-10-12,RUS_DHA_CAP,Capesize,Coal,22.2,17678,Synthetic (BDI benchmark)
2023-10-12,RUS_GAN_PAN,Panamax,Coal,22.5,11930,Synthetic (BDI benchmark)
2023-10-12,RUS_GAN_CAP,Capesize,Coal,25.34,18384,Synthetic (BDI benchmark)
2023-10-12,RUS_GOP_PAN,Panamax,Coal,25.42,10180,Synthetic (BDI benchmark)
2023-10-12,RUS_GOP_CAP,Capesize,Coal,19.7,19600,Synthetic (BDI benchmark)
2023-10-12,RUS_HAL_PAN,Panamax,Coal,21.27,11569,Synthetic (BDI benchmark)
2023-10-12,RUS_HAL_CAP,Capesize,Coal,21.32,16510,Synthetic (BDI benchmark)
2023-10-12,MOZ_PAR_PAN,Panamax,Coal,20.55,11145,Synthetic (BDI benchmark)
2023-10-12,MOZ_PAR_CAP,Capesize,Coal,19.87,19319,Synthetic (BDI benchmark)
2023-10-12,MOZ_VIZ_PAN,Panamax,Coal,22.19,9092,Synthetic (BDI benchmark)
2023-10-12,MOZ_VIZ_CAP,Capesize,Coal,20.08,19071,Synthetic (BDI benchmark)
2023-10-12,MOZ_DHA_PAN,Panamax,Coal,20.66,9692,Synthetic (BDI benchmark)
2023-10-12,MOZ_DHA_CAP,Capesize,Coal,22.04,19403,Synthetic (BDI benchmark)
2023-10-12,MOZ_GAN_PAN,Panamax,Coal,24.42,10417,Synthetic (BDI benchmark)
2023-10-12,MOZ_GAN_CAP,Capesize,Coal,23.23,15891,Synthetic (BDI benchmark)
2023-10-12,MOZ_GOP_PAN,Panamax,Coal,23.98,10873,Synthetic (BDI benchmark)
2023-10-12,MOZ_GOP_CAP,Capesize,Coal,20.33,15245,Synthetic (BDI benchmark)
2023-10-12,MOZ_HAL_PAN,Panamax,Coal,22.36,14171,Synthetic (BDI benchmark)
2023-10-12,MOZ_HAL_CAP,Capesize,Coal,20.07,16299,Synthetic (BDI benchmark)
2023-10-12,USA_PAR_PAN,Panamax,Coal,32.02,11503,Synthetic (BDI benchmark)
2023-10-12,USA_PAR_CAP,Capesize,Coal,30.34,19616,Synthetic (BDI benchmark)
2023-10-12,USA_VIZ_PAN,Panamax,Coal,34.07,11070,Synthetic (BDI benchmark)
2023-10-12,USA_VIZ_CAP,Capesize,Coal,34.01,16991,Synthetic (BDI benchmark)
2023-10-12,USA_DHA_PAN,Panamax,Coal,32.34,10485,Synthetic (BDI benchmark)
2023-10-12,USA_DHA_CAP,Capesize,Coal,33.99,15343,Synthetic (BDI benchmark)
2023-10-12,USA_GAN_PAN,Panamax,Coal,35.62,9474,Synthetic (BDI benchmark)
2023-10-12,USA_GAN_CAP,Capesize,Coal,31.39,16190,Synthetic (BDI benchmark)
2023-10-12,USA_GOP_PAN,Panamax,Coal,32.98,14221,Synthetic (BDI benchmark)
2023-10-12,USA_GOP_CAP,Capesize,Coal,31.52,18948,Synthetic (BDI benchmark)
2023-10-12,USA_HAL_PAN,Panamax,Coal,33.3,9752,Synthetic (BDI benchmark)
2023-10-12,USA_HAL_CAP,Capesize,Coal,28.31,18110,Synthetic (BDI benchmark)
2023-11-11,AUS_PAR_PAN,Panamax,Coal,16.01,10745,Synthetic (BDI benchmark)
2023-11-11,AUS_PAR_CAP,Capesize,Coal,14.47,16103,Synthetic (BDI benchmark)
2023-11-11,AUS_VIZ_PAN,Panamax,Coal,14.85,10048,Synthetic (BDI benchmark)
2023-11-11,AUS_VIZ_CAP,Capesize,Coal,15.63,16937,Synthetic (BDI benchmark)
2023-11-11,AUS_DHA_PAN,Panamax,Coal,15.39,11166,Synthetic (BDI benchmark)
2023-11-11,AUS_DHA_CAP,Capesize,Coal,15.9,18071,Synthetic (BDI benchmark)
2023-11-11,AUS_GAN_PAN,Panamax,Coal,16.52,13241,Synthetic (BDI benchmark)
2023-11-11,AUS_GAN_CAP,Capesize,Coal,16.99,18017,Synthetic (BDI benchmark)
2023-11-11,AUS_GOP_PAN,Panamax,Coal,15.8,10319,Synthetic (BDI benchmark)
2023-11-11,AUS_GOP_CAP,Capesize,Coal,17.24,15013,Synthetic (BDI benchmark)
2023-11-11,AUS_HAL_PAN,Panamax,Coal,18.97,11310,Synthetic (BDI benchmark)
2023-11-11,AUS_HAL_CAP,Capesize,Coal,16.58,18062,Synthetic (BDI benchmark)
2023-11-11,IND_PAR_PAN,Panamax,Coal,10.56,12744,Synthetic (BDI benchmark)
2023-11-11,IND_PAR_CAP,Capesize,Coal,11.56,19117,Synthetic (BDI benchmark)
2023-11-11,IND_VIZ_PAN,Panamax,Coal,10.64,9662,Synthetic (BDI benchmark)
2023-11-11,IND_VIZ_CAP,Capesize,Coal,9.01,15022,Synthetic (BDI benchmark)
2023-11-11,IND_DHA_PAN,Panamax,Coal,10.23,9104,Synthetic (BDI benchmark)
2023-11-11,IND_DHA_CAP,Capesize,Coal,11.54,18443,Synthetic (BDI benchmark)
2023-11-11,IND_GAN_PAN,Panamax,Coal,11.12,12478,Synthetic (BDI benchmark)
2023-11-11,IND_GAN_CAP,Capesize,Coal,8.93,19902,Synthetic (BDI benchmark)
2023-11-11,IND_GOP_PAN,Panamax,Coal,10.65,11802,Synthetic (BDI benchmark)
2023-11-11,IND_GOP_CAP,Capesize,Coal,10.44,17926,Synthetic (BDI benchmark)
2023-11-11,IND_HAL_PAN,Panamax,Coal,12.47,14553,Synthetic (BDI benchmark)
2023-11-11,IND_HAL_CAP,Capesize,Coal,11.38,16627,Synthetic (BDI benchmark)
2023-11-11,RUS_PAR_PAN,Panamax,Coal,23.74,12053,Synthetic (BDI benchmark)
2023-11-11,RUS_PAR_CAP,Capesize,Coal,23.59,18352,Synthetic (BDI benchmark)
2023-11-11,RUS_VIZ_PAN,Panamax,Coal,20.95,14132,Synthetic (BDI benchmark)
2023-11-11,RUS_VIZ_CAP,Capesize,Coal,24.07,19613,Synthetic (BDI benchmark)
2023-11-11,RUS_DHA_PAN,Panamax,Coal,24.19,9442,Synthetic (BDI benchmark)
2023-11-11,RUS_DHA_CAP,Capesize,Coal,24.29,17789,Synthetic (BDI benchmark)
2023-11-11,RUS_GAN_PAN,Panamax,Coal,20.56,9053,Synthetic (BDI benchmark)
2023-11-11,RUS_GAN_CAP,Capesize,Coal,22.82,16579,Synthetic (BDI benchmark)
2023-11-11,RUS_GOP_PAN,Panamax,Coal,23.09,11693,Synthetic (BDI benchmark)
2023-11-11,RUS_GOP_CAP,Capesize,Coal,26.14,19935,Synthetic (BDI benchmark)
2023-11-11,RUS_HAL_PAN,Panamax,Coal,21.39,12279,Synthetic (BDI benchmark)
2023-11-11,RUS_HAL_CAP,Capesize,Coal,20.78,15252,Synthetic (BDI benchmark)
2023-11-11,MOZ_PAR_PAN,Panamax,Coal,23.61,10647,Synthetic (BDI benchmark)
2023-11-11,MOZ_PAR_CAP,Capesize,Coal,20.2,18592,Synthetic (BDI benchmark)
2023-11-11,MOZ_VIZ_PAN,Panamax,Coal,19.5,10531,Synthetic (BDI benchmark)
2023-11-11,MOZ_VIZ_CAP,Capesize,Coal,18.85,18755,Synthetic (BDI benchmark)
2023-11-11,MOZ_DHA_PAN,Panamax,Coal,21.94,12861,Synthetic (BDI benchmark)
2023-11-11,MOZ_DHA_CAP,Capesize,Coal,19.92,17804,Synthetic (BDI benchmark)
2023-11-11,MOZ_GAN_PAN,Panamax,Coal,23.26,14363,Synthetic (BDI benchmark)
2023-11-11,MOZ_GAN_CAP,Capesize,Coal,20.41,19315,Synthetic (BDI benchmark)
2023-11-11,MOZ_GOP_PAN,Panamax,Coal,22.64,12075,Synthetic (BDI benchmark)
2023-11-11,MOZ_GOP_CAP,Capesize,Coal,20.91,16593,Synthetic (BDI benchmark)
2023-11-11,MOZ_HAL_PAN,Panamax,Coal,19.91,11043,Synthetic (BDI benchmark)
2023-11-11,MOZ_HAL_CAP,Capesize,Coal,20.16,16237,Synthetic (BDI benchmark)
2023-11-11,USA_PAR_PAN,Panamax,Coal,27.56,10701,Synthetic (BDI benchmark)
2023-11-11,USA_PAR_CAP,Capesize,Coal,27.9,19481,Synthetic (BDI benchmark)
2023-11-11,USA_VIZ_PAN,Panamax,Coal,32.06,9076,Synthetic (BDI benchmark)
2023-11-11,USA_VIZ_CAP,Capesize,Coal,30.02,16119,Synthetic (BDI benchmark)
2023-11-11,USA_DHA_PAN,Panamax,Coal,33.66,9670,Synthetic (BDI benchmark)
2023-11-11,USA_DHA_CAP,Capesize,Coal,30.49,16384,Synthetic (BDI benchmark)
2023-11-11,USA_GAN_PAN,Panamax,Coal,27.29,14764,Synthetic (BDI benchmark)
2023-11-11,USA_GAN_CAP,Capesize,Coal,31.7,16375,Synthetic (BDI benchmark)
2023-11-11,USA_GOP_PAN,Panamax,Coal,35.88,12677,Synthetic (BDI benchmark)
2023-11-11,USA_GOP_CAP,Capesize,Coal,32.3,15474,Synthetic (BDI benchmark)
2023-11-11,USA_HAL_PAN,Panamax,Coal,36.55,12081,Synthetic (BDI benchmark)
2023-11-11,USA_HAL_CAP,Capesize,Coal,33.88,15465,Synthetic (BDI benchmark)
2023-12-11,AUS_PAR_PAN,Panamax,Coal,14.87,12965,Synthetic (BDI benchmark)
2023-12-11,AUS_PAR_CAP,Capesize,Coal,17.59,17092,Synthetic (BDI benchmark)
2023-12-11,AUS_VIZ_PAN,Panamax,Coal,15.3,9157,Synthetic (BDI benchmark)
2023-12-11,AUS_VIZ_CAP,Capesize,Coal,14.31,17368,Synthetic (BDI benchmark)
2023-12-11,AUS_DHA_PAN,Panamax,Coal,15.5,10213,Synthetic (BDI benchmark)
2023-12-11,AUS_DHA_CAP,Capesize,Coal,15.56,17446,Synthetic (BDI benchmark)
2023-12-11,AUS_GAN_PAN,Panamax,Coal,15.43,9384,Synthetic (BDI benchmark)
2023-12-11,AUS_GAN_CAP,Capesize,Coal,17.38,15039,Synthetic (BDI benchmark)
2023-12-11,AUS_GOP_PAN,Panamax,Coal,17.23,12060,Synthetic (BDI benchmark)
2023-12-11,AUS_GOP_CAP,Capesize,Coal,16.09,15349,Synthetic (BDI benchmark)
2023-12-11,AUS_HAL_PAN,Panamax,Coal,17.16,12914,Synthetic (BDI benchmark)
2023-12-11,AUS_HAL_CAP,Capesize,Coal,14.45,19595,Synthetic (BDI benchmark)
2023-12-11,IND_PAR_PAN,Panamax,Coal,11.22,12419,Synthetic (BDI benchmark)
2023-12-11,IND_PAR_CAP,Capesize,Coal,9.96,17454,Synthetic (BDI benchmark)
2023-12-11,IND_VIZ_PAN,Panamax,Coal,9.29,9482,Synthetic (BDI benchmark)
2023-12-11,IND_VIZ_CAP,Capesize,Coal,9.81,15177,Synthetic (BDI benchmark)
2023-12-11,IND_DHA_PAN,Panamax,Coal,10.79,14318,Synthetic (BDI benchmark)
2023-12-11,IND_DHA_CAP,Capesize,Coal,8.6,16267,Synthetic (BDI benchmark)
2023-12-11,IND_GAN_PAN,Panamax,Coal,9.75,11227,Synthetic (BDI benchmark)
2023-12-11,IND_GAN_CAP,Capesize,Coal,12.26,16579,Synthetic (BDI benchmark)
2023-12-11,IND_GOP_PAN,Panamax,Coal,10.55,13142,Synthetic (BDI benchmark)
2023-12-11,IND_GOP_CAP,Capesize,Coal,10.85,19121,Synthetic (BDI benchmark)
2023-12-11,IND_HAL_PAN,Panamax,Coal,12.01,9797,Synthetic (BDI benchmark)
2023-12-11,IND_HAL_CAP,Capesize,Coal,9.68,16360,Synthetic (BDI benchmark)
2023-12-11,RUS_PAR_PAN,Panamax,Coal,18.6,9269,Synthetic (BDI benchmark)
2023-12-11,RUS_PAR_CAP,Capesize,Coal,21.75,18628,Synthetic (BDI benchmark)
2023-12-11,RUS_VIZ_PAN,Panamax,Coal,21.97,12303,Synthetic (BDI benchmark)
2023-12-11,RUS_VIZ_CAP,Capesize,Coal,24.47,17535,Synthetic (BDI benchmark)
2023-12-11,RUS_DHA_PAN,Panamax,Coal,22.78,13427,Synthetic (BDI benchmark)
2023-12-11,RUS_DHA_CAP,Capesize,Coal,19.12,19205,Synthetic (BDI benchmark)
2023-12-11,RUS_GAN_PAN,Panamax,Coal,19.95,13627,Synthetic (BDI benchmark)
2023-12-11,RUS_GAN_CAP,Capesize,Coal,20.94,15692,Synthetic (BDI benchmark)
2023-12-11,RUS_GOP_PAN,Panamax,Coal,23.48,13085,Synthetic (BDI benchmark)
2023-12-11,RUS_GOP_CAP,Capesize,Coal,24.81,17844,Synthetic (BDI benchmark)
2023-12-11,RUS_HAL_PAN,Panamax,Coal,25.99,12077,Synthetic (BDI benchmark)
2023-12-11,RUS_HAL_CAP,Capesize,Coal,22.28,16359,Synthetic (BDI benchmark)
2023-12-11,MOZ_PAR_PAN,Panamax,Coal,23.43,10830,Synthetic (BDI benchmark)
2023-12-11,MOZ_PAR_CAP,Capesize,Coal,24.79,16235,Synthetic (BDI benchmark)
2023-12-11,MOZ_VIZ_PAN,Panamax,Coal,21.55,12535,Synthetic (BDI benchmark)
2023-12-11,MOZ_VIZ_CAP,Capesize,Coal,20.84,18802,Synthetic (BDI benchmark)
2023-12-11,MOZ_DHA_PAN,Panamax,Coal,20.89,11283,Synthetic (BDI benchmark)
2023-12-11,MOZ_DHA_CAP,Capesize,Coal,20.83,18448,Synthetic (BDI benchmark)
2023-12-11,MOZ_GAN_PAN,Panamax,Coal,17.81,12996,Synthetic (BDI benchmark)
2023-12-11,MOZ_GAN_CAP,Capesize,Coal,20.42,17299,Synthetic (BDI benchmark)
2023-12-11,MOZ_GOP_PAN,Panamax,Coal,20.5,11932,Synthetic (BDI benchmark)
2023-12-11,MOZ_GOP_CAP,Capesize,Coal,20.46,15909,Synthetic (BDI benchmark)
2023-12-11,MOZ_HAL_PAN,Panamax,Coal,18.02,13081,Synthetic (BDI benchmark)
2023-12-11,MOZ_HAL_CAP,Capesize,Coal,18.7,15438,Synthetic (BDI benchmark)
2023-12-11,USA_PAR_PAN,Panamax,Coal,29.58,11998,Synthetic (BDI benchmark)
2023-12-11,USA_PAR_CAP,Capesize,Coal,31.15,15501,Synthetic (BDI benchmark)
2023-12-11,USA_VIZ_PAN,Panamax,Coal,35.68,14512,Synthetic (BDI benchmark)
2023-12-11,USA_VIZ_CAP,Capesize,Coal,30.59,16606,Synthetic (BDI benchmark)
2023-12-11,USA_DHA_PAN,Panamax,Coal,35.86,11389,Synthetic (BDI benchmark)
2023-12-11,USA_DHA_CAP,Capesize,Coal,32.9,15799,Synthetic (BDI benchmark)
2023-12-11,USA_GAN_PAN,Panamax,Coal,35.49,9800,Synthetic (BDI benchmark)
2023-12-11,USA_GAN_CAP,Capesize,Coal,33.41,15068,Synthetic (BDI benchmark)
2023-12-11,USA_GOP_PAN,Panamax,Coal,31.18,10456,Synthetic (BDI benchmark)
2023-12-11,USA_GOP_CAP,Capesize,Coal,30.85,17052,Synthetic (BDI benchmark)
2023-12-11,USA_HAL_PAN,Panamax,Coal,32.94,11461,Synthetic (BDI benchmark)
2023-12-11,USA_HAL_CAP,Capesize,Coal,34.45,18798,Synthetic (BDI benchmark)
2024-01-10,AUS_PAR_PAN,Panamax,Coal,15.87,14878,Synthetic (BDI benchmark)
2024-01-10,AUS_PAR_CAP,Capesize,Coal,16.66,17363,Synthetic (BDI benchmark)
2024-01-10,AUS_VIZ_PAN,Panamax,Coal,15.64,12394,Synthetic (BDI benchmark)
2024-01-10,AUS_VIZ_CAP,Capesize,Coal,13.91,16455,Synthetic (BDI benchmark)
2024-01-10,AUS_DHA_PAN,Panamax,Coal,15.83,12143,Synthetic (BDI benchmark)
2024-01-10,AUS_DHA_CAP,Capesize,Coal,15.99,17019,Synthetic (BDI benchmark)
2024-01-10,AUS_GAN_PAN,Panamax,Coal,18.08,12786,Synthetic (BDI benchmark)
2024-01-10,AUS_GAN_CAP,Capesize,Coal,18.34,16382,Synthetic (BDI benchmark)
2024-01-10,AUS_GOP_PAN,Panamax,Coal,14.68,12178,Synthetic (BDI benchmark)
2024-01-10,AUS_GOP_CAP,Capesize,Coal,17.84,19886,Synthetic (BDI benchmark)
2024-01-10,AUS_HAL_PAN,Panamax,Coal,15.42,14044,Synthetic (BDI benchmark)
2024-01-10,AUS_HAL_CAP,Capesize,Coal,14.98,17614,Synthetic (BDI benchmark)
2024-01-10,IND_PAR_PAN,Panamax,Coal,10.05,12672,Synthetic (BDI benchmark)
2024-01-10,IND_PAR_CAP,Capesize,Coal,10.34,15717,Synthetic (BDI benchmark)
2024-01-10,IND_VIZ_PAN,Panamax,Coal,9.35,12714,Synthetic (BDI benchmark)
2024-01-10,IND_VIZ_CAP,Capesize,Coal,9.87,15235,Synthetic (BDI benchmark)
2024-01-10,IND_DHA_PAN,Panamax,Coal,9.68,12647,Synthetic (BDI benchmark)
2024-01-10,IND_DHA_CAP,Capesize,Coal,12.15,19967,Synthetic (BDI benchmark)
2024-01-10,IND_GAN_PAN,Panamax,Coal,9.55,12924,Synthetic (BDI benchmark)
2024-01-10,IND_GAN_CAP,Capesize,Coal,10.24,16660,Synthetic (BDI benchmark)
2024-01-10,IND_GOP_PAN,Panamax,Coal,9.65,11829,Synthetic (BDI benchmark)
2024-01-10,IND_GOP_CAP,Capesize,Coal,8.82,17696,Synthetic (BDI benchmark)
2024-01-10,IND_HAL_PAN,Panamax,Coal,9.41,9242,Synthetic (BDI benchmark)
2024-01-10,IND_HAL_CAP,Capesize,Coal,12.72,16352,Synthetic (BDI benchmark)
2024-01-10,RUS_PAR_PAN,Panamax,Coal,21.48,9868,Synthetic (BDI benchmark)
2024-01-10,RUS_PAR_CAP,Capesize,Coal,22.02,15371,Synthetic (BDI benchmark)
2024-01-10,RUS_VIZ_PAN,Panamax,Coal,22.57,11657,Synthetic (BDI benchmark)
2024-01-10,RUS_VIZ_CAP,Capesize,Coal,22.29,17757,Synthetic (BDI benchmark)
2024-01-10,RUS_DHA_PAN,Panamax,Coal,22.63,9555,Synthetic (BDI benchmark)
2024-01-10,RUS_DHA_CAP,Capesize,Coal,21.95,19131,Synthetic (BDI benchmark)
2024-01-10,RUS_GAN_PAN,Panamax,Coal,21.79,10798,Synthetic (BDI benchmark)
2024-01-10,RUS_GAN_CAP,Capesize,Coal,20.06,18198,Synthetic (BDI benchmark)
2024-01-10,RUS_GOP_PAN,Panamax,Coal,23.49,12090,Synthetic (BDI benchmark)
2024-01-10,RUS_GOP_CAP,Capesize,Coal,22.23,19235,Synthetic (BDI benchmark)
2024-01-10,RUS_HAL_PAN,Panamax,Coal,22.32,12930,Synthetic (BDI benchmark)
2024-01-10,RUS_HAL_CAP,Capesize,Coal,21.02,15621,Synthetic (BDI benchmark)
2024-01-10,MOZ_PAR_PAN,Panamax,Coal,23.23,14226,Synthetic (BDI benchmark)
2024-01-10,MOZ_PAR_CAP,Capesize,Coal,20.92,17668,Synthetic (BDI benchmark)
2024-01-10,MOZ_VIZ_PAN,Panamax,Coal,21.1,9711,Synthetic (BDI benchmark)
2024-01-10,MOZ_VIZ_CAP,Capesize,Coal,21.12,18817,Synthetic (BDI benchmark)
2024-01-10,MOZ_DHA_PAN,Panamax,Coal,19.68,14453,Synthetic (BDI benchmark)
2024-01-10,MOZ_DHA_CAP,Capesize,Coal,19.59,18881,Synthetic (BDI benchmark)
2024-01-10,MOZ_GAN_PAN,Panamax,Coal,21.12,13956,Synthetic (BDI benchmark)
2024-01-10,MOZ_GAN_CAP,Capesize,Coal,21.93,17670,Synthetic (BDI benchmark)
2024-01-10,MOZ_GOP_PAN,Panamax,Coal,21.54,13347,Synthetic (BDI benchmark)
2024-01-10,MOZ_GOP_CAP,Capesize,Coal,25.17,19234,Synthetic (BDI benchmark)
2024-01-10,MOZ_HAL_PAN,Panamax,Coal,21.98,10702,Synthetic (BDI benchmark)
2024-01-10,MOZ_HAL_CAP,Capesize,Coal,18.73,19513,Synthetic (BDI benchmark)
2024-01-10,USA_PAR_PAN,Panamax,Coal,32.77,14073,Synthetic (BDI benchmark)
2024-01-10,USA_PAR_CAP,Capesize,Coal,32.89,19834,Synthetic (BDI benchmark)
2024-01-10,USA_VIZ_PAN,Panamax,Coal,34.41,14050,Synthetic (BDI benchmark)
2024-01-10,USA_VIZ_CAP,Capesize,Coal,35.54,18872,Synthetic (BDI benchmark)
2024-01-10,USA_DHA_PAN,Panamax,Coal,30.35,11354,Synthetic (BDI benchmark)
2024-01-10,USA_DHA_CAP,Capesize,Coal,32.51,18251,Synthetic (BDI benchmark)
2024-01-10,USA_GAN_PAN,Panamax,Coal,33.14,10316,Synthetic (BDI benchmark)
2024-01-10,USA_GAN_CAP,Capesize,Coal,33.04,16326,Synthetic (BDI benchmark)
2024-01-10,USA_GOP_PAN,Panamax,Coal,30.56,13317,Synthetic (BDI benchmark)
2024-01-10,USA_GOP_CAP,Capesize,Coal,29.0,18520,Synthetic (BDI benchmark)
2024-01-10,USA_HAL_PAN,Panamax,Coal,32.66,11041,Synthetic (BDI benchmark)
2024-01-10,USA_HAL_CAP,Capesize,Coal,32.44,19157,Synthetic (BDI benchmark)
2024-02-09,AUS_PAR_PAN,Panamax,Coal,17.51,12199,Synthetic (BDI benchmark)
2024-02-09,AUS_PAR_CAP,Capesize,Coal,17.1,18458,Synthetic (BDI benchmark)
2024-02-09,AUS_VIZ_PAN,Panamax,Coal,15.38,9590,Synthetic (BDI benchmark)
2024-02-09,AUS_VIZ_CAP,Capesize,Coal,17.92,16847,Synthetic (BDI benchmark)
2024-02-09,AUS_DHA_PAN,Panamax,Coal,17.79,10954,Synthetic (BDI benchmark)
2024-02-09,AUS_DHA_CAP,Capesize,Coal,16.37,16177,Synthetic (BDI benchmark)
2024-02-09,AUS_GAN_PAN,Panamax,Coal,15.59,10103,Synthetic (BDI benchmark)
2024-02-09,AUS_GAN_CAP,Capesize,Coal,15.76,19469,Synthetic (BDI benchmark)
2024-02-09,AUS_GOP_PAN,Panamax,Coal,16.01,10378,Synthetic (BDI benchmark)
2024-02-09,AUS_GOP_CAP,Capesize,Coal,14.35,16355,Synthetic (BDI benchmark)
2024-02-09,AUS_HAL_PAN,Panamax,Coal,16.56,14706,Synthetic (BDI benchmark)
2024-02-09,AUS_HAL_CAP,Capesize,Coal,16.27,16477,Synthetic (BDI benchmark)
2024-02-09,IND_PAR_PAN,Panamax,Coal,13.07,9645,Synthetic (BDI benchmark)
2024-02-09,IND_PAR_CAP,Capesize,Coal,10.38,16737,Synthetic (BDI benchmark)
2024-02-09,IND_VIZ_PAN,Panamax,Coal,11.87,10403,Synthetic (BDI benchmark)
2024-02-09,IND_VIZ_CAP,Capesize,Coal,9.76,15425,Synthetic (BDI benchmark)
2024-02-09,IND_DHA_PAN,Panamax,Coal,8.83,13361,Synthetic (BDI benchmark)
2024-02-09,IND_DHA_CAP,Capesize,Coal,10.85,17161,Synthetic (BDI benchmark)
2024-02-09,IND_GAN_PAN,Panamax,Coal,9.5,13483,Synthetic (BDI benchmark)
2024-02-09,IND_GAN_CAP,Capesize,Coal,12.66,15364,Synthetic (BDI benchmark)
2024-02-09,IND_GOP_PAN,Panamax,Coal,10.38,13260,Synthetic (BDI benchmark)
2024-02-09,IND_GOP_CAP,Capesize,Coal,10.36,19869,Synthetic (BDI benchmark)
2024-02-09,IND_HAL_PAN,Panamax,Coal,11.45,14695,Synthetic (BDI benchmark)
2024-02-09,IND_HAL_CAP,Capesize,Coal,10.84,15308,Synthetic (BDI benchmark)
2024-02-09,RUS_PAR_PAN,Panamax,Coal,21.65,13433,Synthetic (BDI benchmark)
2024-02-09,RUS_PAR_CAP,Capesize,Coal,26.78,19685,Synthetic (BDI benchmark)
2024-02-09,RUS_VIZ_PAN,Panamax,Coal,23.57,9954,Synthetic (BDI benchmark)
2024-02-09,RUS_VIZ_CAP,Capesize,Coal,19.37,16376,Synthetic (BDI benchmark)
2024-02-09,RUS_DHA_PAN,Panamax,Coal,21.44,14828,Synthetic (BDI benchmark)
2024-02-09,RUS_DHA_CAP,Capesize,Coal,21.31,16349,Synthetic (BDI benchmark)
2024-02-09,RUS_GAN_PAN,Panamax,Coal,24.62,14872,Synthetic (BDI benchmark)
2024-02-09,RUS_GAN_CAP,Capesize,Coal,22.08,17725,Synthetic (BDI benchmark)
2024-02-09,RUS_GOP_PAN,Panamax,Coal,25.71,11041,Synthetic (BDI benchmark)
2024-02-09,RUS_GOP_CAP,Capesize,Coal,21.11,16966,Synthetic (BDI benchmark)
2024-02-09,RUS_HAL_PAN,Panamax,Coal,22.21,14508,Synthetic (BDI benchmark)
2024-02-09,RUS_HAL_CAP,Capesize,Coal,21.79,18665,Synthetic (BDI benchmark)
2024-02-09,MOZ_PAR_PAN,Panamax,Coal,20.14,12144,Synthetic (BDI benchmark)
2024-02-09,MOZ_PAR_CAP,Capesize,Coal,20.03,16747,Synthetic (BDI benchmark)
2024-02-09,MOZ_VIZ_PAN,Panamax,Coal,23.61,14161,Synthetic (BDI benchmark)
2024-02-09,MOZ_VIZ_CAP,Capesize,Coal,21.28,16652,Synthetic (BDI benchmark)
2024-02-09,MOZ_DHA_PAN,Panamax,Coal,21.95,11445,Synthetic (BDI benchmark)
2024-02-09,MOZ_DHA_CAP,Capesize,Coal,21.03,19646,Synthetic (BDI benchmark)
2024-02-09,MOZ_GAN_PAN,Panamax,Coal,17.98,9706,Synthetic (BDI benchmark)
2024-02-09,MOZ_GAN_CAP,Capesize,Coal,19.41,15829,Synthetic (BDI benchmark)
2024-02-09,MOZ_GOP_PAN,Panamax,Coal,20.92,10977,Synthetic (BDI benchmark)
2024-02-09,MOZ_GOP_CAP,Capesize,Coal,24.01,17442,Synthetic (BDI benchmark)
2024-02-09,MOZ_HAL_PAN,Panamax,Coal,20.84,9763,Synthetic (BDI benchmark)
2024-02-09,MOZ_HAL_CAP,Capesize,Coal,21.42,15343,Synthetic (BDI benchmark)
2024-02-09,USA_PAR_PAN,Panamax,Coal,32.21,9168,Synthetic (BDI benchmark)
2024-02-09,USA_PAR_CAP,Capesize,Coal,32.71,15543,Synthetic (BDI benchmark)
2024-02-09,USA_VIZ_PAN,Panamax,Coal,31.72,12261,Synthetic (BDI benchmark)
2024-02-09,USA_VIZ_CAP,Capesize,Coal,33.74,17200,Synthetic (BDI benchmark)
2024-02-09,USA_DHA_PAN,Panamax,Coal,31.33,13821,Synthetic (BDI benchmark)
2024-02-09,USA_DHA_CAP,Capesize,Coal,31.3,17405,Synthetic (BDI benchmark)
2024-02-09,USA_GAN_PAN,Panamax,Coal,35.33,14214,Synthetic (BDI benchmark)
2024-02-09,USA_GAN_CAP,Capesize,Coal,32.01,15325,Synthetic (BDI benchmark)
2024-02-09,USA_GOP_PAN,Panamax,Coal,30.75,11813,Synthetic (BDI benchmark)
2024-02-09,USA_GOP_CAP,Capesize,Coal,36.98,17785,Synthetic (BDI benchmark)
2024-02-09,USA_HAL_PAN,Panamax,Coal,35.24,10506,Synthetic (BDI benchmark)
2024-02-09,USA_HAL_CAP,Capesize,Coal,28.74,16670,Synthetic (BDI benchmark)
2024-03-10,AUS_PAR_PAN,Panamax,Coal,15.74,12291,Synthetic (BDI benchmark)
2024-03-10,AUS_PAR_CAP,Capesize,Coal,18.07,19715,Synthetic (BDI benchmark)
2024-03-10,AUS_VIZ_PAN,Panamax,Coal,16.25,12748,Synthetic (BDI benchmark)
2024-03-10,AUS_VIZ_CAP,Capesize,Coal,16.38,15009,Synthetic (BDI benchmark)
2024-03-10,AUS_DHA_PAN,Panamax,Coal,14.35,10644,Synthetic (BDI benchmark)
2024-03-10,AUS_DHA_CAP,Capesize,Coal,17.96,15672,Synthetic (BDI benchmark)
2024-03-10,AUS_GAN_PAN,Panamax,Coal,16.95,13200,Synthetic (BDI benchmark)
2024-03-10,AUS_GAN_CAP,Capesize,Coal,15.56,18594,Synthetic (BDI benchmark)
2024-03-10,AUS_GOP_PAN,Panamax,Coal,18.6,10765,Synthetic (BDI benchmark)
2024-03-10,AUS_GOP_CAP,Capesize,Coal,14.77,16121,Synthetic (BDI benchmark)
2024-03-10,AUS_HAL_PAN,Panamax,Coal,18.09,10006,Synthetic (BDI benchmark)
2024-03-10,AUS_HAL_CAP,Capesize,Coal,16.26,19950,Synthetic (BDI benchmark)
2024-03-10,IND_PAR_PAN,Panamax,Coal,12.67,12590,Synthetic (BDI benchmark)
2024-03-10,IND_PAR_CAP,Capesize,Coal,10.34,15665,Synthetic (BDI benchmark)
2024-03-10,IND_VIZ_PAN,Panamax,Coal,10.32,10136,Synthetic (BDI benchmark)
2024-03-10,IND_VIZ_CAP,Capesize,Coal,10.73,19263,Synthetic (BDI benchmark)
2024-03-10,IND_DHA_PAN,Panamax,Coal,10.15,9217,Synthetic (BDI benchmark)
2024-03-10,IND_DHA_CAP,Capesize,Coal,10.6,19696,Synthetic (BDI benchmark)
2024-03-10,IND_GAN_PAN,Panamax,Coal,8.25,14085,Synthetic (BDI benchmark)
2024-03-10,IND_GAN_CAP,Capesize,Coal,9.78,18718,Synthetic (BDI benchmark)
2024-03-10,IND_GOP_PAN,Panamax,Coal,10.21,12757,Synthetic (BDI benchmark)
2024-03-10,IND_GOP_CAP,Capesize,Coal,11.73,18689,Synthetic (BDI benchmark)
2024-03-10,IND_HAL_PAN,Panamax,Coal,10.01,10145,Synthetic (BDI benchmark)
2024-03-10,IND_HAL_CAP,Capesize,Coal,8.98,16762,Synthetic (BDI benchmark)
2024-03-10,RUS_PAR_PAN,Panamax,Coal,23.57,10679,Synthetic (BDI benchmark)
2024-03-10,RUS_PAR_CAP,Capesize,Coal,24.02,19558,Synthetic (BDI benchmark)
2024-03-10,RUS_VIZ_PAN,Panamax,Coal,20.11,10237,Synthetic (BDI benchmark)
2024-03-10,RUS_VIZ_CAP,Capesize,Coal,23.34,16252,Synthetic (BDI benchmark)
2024-03-10,RUS_DHA_PAN,Panamax,Coal,22.76,14961,Synthetic (BDI benchmark)
2024-03-10,RUS_DHA_CAP,Capesize,Coal,22.08,18426,Synthetic (BDI benchmark)
2024-03-10,RUS_GAN_PAN,Panamax,Coal,27.07,12716,Synthetic (BDI benchmark)
2024-03-10,RUS_GAN_CAP,Capesize,Coal,18.87,19771,Synthetic (BDI benchmark)
2024-03-10,RUS_GOP_PAN,Panamax,Coal,21.22,12041,Synthetic (BDI benchmark)
2024-03-10,RUS_GOP_CAP,Capesize,Coal,22.81,17145,Synthetic (BDI benchmark)
2024-03-10,RUS_HAL_PAN,Panamax,Coal,23.25,10834,Synthetic (BDI benchmark)
2024-03-10,RUS_HAL_CAP,Capesize,Coal,19.26,17638,Synthetic (BDI benchmark)
2024-03-10,MOZ_PAR_PAN,Panamax,Coal,21.61,14392,Synthetic (BDI benchmark)
2024-03-10,MOZ_PAR_CAP,Capesize,Coal,19.84,18903,Synthetic (BDI benchmark)
2024-03-10,MOZ_VIZ_PAN,Panamax,Coal,19.54,10299,Synthetic (BDI benchmark)
2024-03-10,MOZ_VIZ_CAP,Capesize,Coal,22.61,17267,Synthetic (BDI benchmark)
2024-03-10,MOZ_DHA_PAN,Panamax,Coal,19.62,10067,Synthetic (BDI benchmark)
2024-03-10,MOZ_DHA_CAP,Capesize,Coal,22.91,15949,Synthetic (BDI benchmark)
2024-03-10,MOZ_GAN_PAN,Panamax,Coal,20.84,9692,Synthetic (BDI benchmark)
2024-03-10,MOZ_GAN_CAP,Capesize,Coal,21.75,17447,Synthetic (BDI benchmark)
2024-03-10,MOZ_GOP_PAN,Panamax,Coal,20.85,13836,Synthetic (BDI benchmark)
2024-03-10,MOZ_GOP_CAP,Capesize,Coal,21.51,16321,Synthetic (BDI benchmark)
2024-03-10,MOZ_HAL_PAN,Panamax,Coal,20.21,14132,Synthetic (BDI benchmark)
2024-03-10,MOZ_HAL_CAP,Capesize,Coal,22.25,15984,Synthetic (BDI benchmark)
2024-03-10,USA_PAR_PAN,Panamax,Coal,32.45,14744,Synthetic (BDI benchmark)
2024-03-10,USA_PAR_CAP,Capesize,Coal,34.99,18129,Synthetic (BDI benchmark)
2024-03-10,USA_VIZ_PAN,Panamax,Coal,28.87,9932,Synthetic (BDI benchmark)
2024-03-10,USA_VIZ_CAP,Capesize,Coal,30.31,17612,Synthetic (BDI benchmark)
2024-03-10,USA_DHA_PAN,Panamax,Coal,33.24,11576,Synthetic (BDI benchmark)
2024-03-10,USA_DHA_CAP,Capesize,Coal,36.94,19548,Synthetic (BDI benchmark)
2024-03-10,USA_GAN_PAN,Panamax,Coal,31.26,12637,Synthetic (BDI benchmark)
2024-03-10,USA_GAN_CAP,Capesize,Coal,31.38,16664,Synthetic (BDI benchmark)
2024-03-10,USA_GOP_PAN,Panamax,Coal,32.52,14410,Synthetic (BDI benchmark)
2024-03-10,USA_GOP_CAP,Capesize,Coal,34.65,15401,Synthetic (BDI benchmark)
2024-03-10,USA_HAL_PAN,Panamax,Coal,34.82,9238,Synthetic (BDI benchmark)
2024-03-10,USA_HAL_CAP,Capesize,Coal,31.99,17394,Synthetic (BDI benchmark)
2024-04-09,AUS_PAR_PAN,Panamax,Coal,17.87,13365,Synthetic (BDI benchmark)
2024-04-09,AUS_PAR_CAP,Capesize,Coal,16.29,19660,Synthetic (BDI benchmark)
2024-04-09,AUS_VIZ_PAN,Panamax,Coal,16.14,11478,Synthetic (BDI benchmark)
2024-04-09,AUS_VIZ_CAP,Capesize,Coal,17.58,17932,Synthetic (BDI benchmark)
2024-04-09,AUS_DHA_PAN,Panamax,Coal,14.54,12497,Synthetic (BDI benchmark)
2024-04-09,AUS_DHA_CAP,Capesize,Coal,17.38,15291,Synthetic (BDI benchmark)
2024-04-09,AUS_GAN_PAN,Panamax,Coal,16.22,11127,Synthetic (BDI benchmark)
2024-04-09,AUS_GAN_CAP,Capesize,Coal,16.45,16815,Synthetic (BDI benchmark)
2024-04-09,AUS_GOP_PAN,Panamax,Coal,16.55,12084,Synthetic (BDI benchmark)
2024-04-09,AUS_GOP_CAP,Capesize,Coal,18.46,18142,Synthetic (BDI benchmark)
2024-04-09,AUS_HAL_PAN,Panamax,Coal,16.34,10129,Synthetic (BDI benchmark)
2024-04-09,AUS_HAL_CAP,Capesize,Coal,15.51,17933,Synthetic (BDI benchmark)
2024-04-09,IND_PAR_PAN,Panamax,Coal,11.0,14578,Synthetic (BDI benchmark)
2024-04-09,IND_PAR_CAP,Capesize,Coal,10.62,15922,Synthetic (BDI benchmark)
2024-04-09,IND_VIZ_PAN,Panamax,Coal,12.23,9478,Synthetic (BDI benchmark)
2024-04-09,IND_VIZ_CAP,Capesize,Coal,11.52,17052,Synthetic (BDI benchmark)
2024-04-09,IND_DHA_PAN,Panamax,Coal,12.55,11071,Synthetic (BDI benchmark)
2024-04-09,IND_DHA_CAP,Capesize,Coal,10.45,18799,Synthetic (BDI benchmark)
2024-04-09,IND_GAN_PAN,Panamax,Coal,10.15,12983,Synthetic (BDI benchmark)
2024-04-09,IND_GAN_CAP,Capesize,Coal,8.55,18202,Synthetic (BDI benchmark)
2024-04-09,IND_GOP_PAN,Panamax,Coal,10.09,13610,Synthetic (BDI benchmark)
2024-04-09,IND_GOP_CAP,Capesize,Coal,10.43,17906,Synthetic (BDI benchmark)
2024-04-09,IND_HAL_PAN,Panamax,Coal,10.35,12780,Synthetic (BDI benchmark)
2024-04-09,IND_HAL_CAP,Capesize,Coal,11.2,18484,Synthetic (BDI benchmark)
2024-04-09,RUS_PAR_PAN,Panamax,Coal,22.37,13216,Synthetic (BDI benchmark)
2024-04-09,RUS_PAR_CAP,Capesize,Coal,23.11,17923,Synthetic (BDI benchmark)
2024-04-09,RUS_VIZ_PAN,Panamax,Coal,19.2,12593,Synthetic (BDI benchmark)
2024-04-09,RUS_VIZ_CAP,Capesize,Coal,22.57,18970,Synthetic (BDI benchmark)
2024-04-09,RUS_DHA_PAN,Panamax,Coal,22.2,12049,Synthetic (BDI benchmark)
2024-04-09,RUS_DHA_CAP,Capesize,Coal,20.4,15422,Synthetic (BDI benchmark)
2024-04-09,RUS_GAN_PAN,Panamax,Coal,23.67,9896,Synthetic (BDI benchmark)
2024-04-09,RUS_GAN_CAP,Capesize,Coal,23.34,17929,Synthetic (BDI benchmark)
2024-04-09,RUS_GOP_PAN,Panamax,Coal,19.6,14881,Synthetic (BDI benchmark)
2024-04-09,RUS_GOP_CAP,Capesize,Coal,18.73,17022,Synthetic (BDI benchmark)
2024-04-09,RUS_HAL_PAN,Panamax,Coal,21.99,13670,Synthetic (BDI benchmark)
2024-04-09,RUS_HAL_CAP,Capesize,Coal,21.02,16169,Synthetic (BDI benchmark)
2024-04-09,MOZ_PAR_PAN,Panamax,Coal,22.19,11132,Synthetic (BDI benchmark)
2024-04-09,MOZ_PAR_CAP,Capesize,Coal,20.77,17267,Synthetic (BDI benchmark)
2024-04-09,MOZ_VIZ_PAN,Panamax,Coal,22.67,10460,Synthetic (BDI benchmark)
2024-04-09,MOZ_VIZ_CAP,Capesize,Coal,21.42,18127,Synthetic (BDI benchmark)
2024-04-09,MOZ_DHA_PAN,Panamax,Coal,21.49,10090,Synthetic (BDI benchmark)
2024-04-09,MOZ_DHA_CAP,Capesize,Coal,20.53,15469,Synthetic (BDI benchmark)
2024-04-09,MOZ_GAN_PAN,Panamax,Coal,19.61,10838,Synthetic (BDI benchmark)
2024-04-09,MOZ_GAN_CAP,Capesize,Coal,20.8,17497,Synthetic (BDI benchmark)
2024-04-09,MOZ_GOP_PAN,Panamax,Coal,20.01,14916,Synthetic (BDI benchmark)
2024-04-09,MOZ_GOP_CAP,Capesize,Coal,21.43,17208,Synthetic (BDI benchmark)
2024-04-09,MOZ_HAL_PAN,Panamax,Coal,23.15,11284,Synthetic (BDI benchmark)
2024-04-09,MOZ_HAL_CAP,Capesize,Coal,19.08,16081,Synthetic (BDI benchmark)
2024-04-09,USA_PAR_PAN,Panamax,Coal,29.72,11288,Synthetic (BDI benchmark)
2024-04-09,USA_PAR_CAP,Capesize,Coal,32.36,15861,Synthetic (BDI benchmark)
2024-04-09,USA_VIZ_PAN,Panamax,Coal,34.34,13453,Synthetic (BDI benchmark)
2024-04-09,USA_VIZ_CAP,Capesize,Coal,31.93,17491,Synthetic (BDI benchmark)
2024-04-09,USA_DHA_PAN,Panamax,Coal,31.77,13174,Synthetic (BDI benchmark)
2024-04-09,USA_DHA_CAP,Capesize,Coal,33.7,17698,Synthetic (BDI benchmark)
2024-04-09,USA_GAN_PAN,Panamax,Coal,32.04,12244,Synthetic (BDI benchmark)
2024-04-09,USA_GAN_CAP,Capesize,Coal,29.77,18761,Synthetic (BDI benchmark)
2024-04-09,USA_GOP_PAN,Panamax,Coal,29.4,9589,Synthetic (BDI benchmark)
2024-04-09,USA_GOP_CAP,Capesize,Coal,34.69,19371,Synthetic (BDI benchmark)
2024-04-09,USA_HAL_PAN,Panamax,Coal,30.47,11997,Synthetic (BDI benchmark)
2024-04-09,USA_HAL_CAP,Capesize,Coal,31.58,16673,Synthetic (BDI benchmark)
2024-05-09,AUS_PAR_PAN,Panamax,Coal,17.54,12302,Synthetic (BDI benchmark)
2024-05-09,AUS_PAR_CAP,Capesize,Coal,16.46,16822,Synthetic (BDI benchmark)
2024-05-09,AUS_VIZ_PAN,Panamax,Coal,17.62,13679,Synthetic (BDI benchmark)
2024-05-09,AUS_VIZ_CAP,Capesize,Coal,16.59,17377,Synthetic (BDI benchmark)
2024-05-09,AUS_DHA_PAN,Panamax,Coal,15.29,12544,Synthetic (BDI benchmark)
2024-05-09,AUS_DHA_CAP,Capesize,Coal,16.13,19037,Synthetic (BDI benchmark)
2024-05-09,AUS_GAN_PAN,Panamax,Coal,16.43,14904,Synthetic (BDI benchmark)
2024-05-09,AUS_GAN_CAP,Capesize,Coal,18.51,15351,Synthetic (BDI benchmark)
2024-05-09,AUS_GOP_PAN,Panamax,Coal,18.32,9387,Synthetic (BDI benchmark)
2024-05-09,AUS_GOP_CAP,Capesize,Coal,18.01,15709,Synthetic (BDI benchmark)
2024-05-09,AUS_HAL_PAN,Panamax,Coal,17.34,12541,Synthetic (BDI benchmark)
2024-05-09,AUS_HAL_CAP,Capesize,Coal,15.82,19773,Synthetic (BDI benchmark)
2024-05-09,IND_PAR_PAN,Panamax,Coal,9.41,13647,Synthetic (BDI benchmark)
2024-05-09,IND_PAR_CAP,Capesize,Coal,8.87,16025,Synthetic (BDI benchmark)
2024-05-09,IND_VIZ_PAN,Panamax,Coal,10.76,13429,Synthetic (BDI benchmark)
2024-05-09,IND_VIZ_CAP,Capesize,Coal,10.43,16219,Synthetic (BDI benchmark)
2024-05-09,IND_DHA_PAN,Panamax,Coal,10.34,12200,Synthetic (BDI benchmark)
2024-05-09,IND_DHA_CAP,Capesize,Coal,11.76,17630,Synthetic (BDI benchmark)
2024-05-09,IND_GAN_PAN,Panamax,Coal,10.79,11403,Synthetic (BDI benchmark)
2024-05-09,IND_GAN_CAP,Capesize,Coal,10.73,18759,Synthetic (BDI benchmark)
2024-05-09,IND_GOP_PAN,Panamax,Coal,9.77,14567,Synthetic (BDI benchmark)
2024-05-09,IND_GOP_CAP,Capesize,Coal,12.28,17599,Synthetic (BDI benchmark)
2024-05-09,IND_HAL_PAN,Panamax,Coal,10.25,13295,Synthetic (BDI benchmark)
2024-05-09,IND_HAL_CAP,Capesize,Coal,10.58,16937,Synthetic (BDI benchmark)
2024-05-09,RUS_PAR_PAN,Panamax,Coal,24.0,12111,Synthetic (BDI benchmark)
2024-05-09,RUS_PAR_CAP,Capesize,Coal,26.13,16827,Synthetic (BDI benchmark)
2024-05-09,RUS_VIZ_PAN,Panamax,Coal,22.69,12462,Synthetic (BDI benchmark)
2024-05-09,RUS_VIZ_CAP,Capesize,Coal,24.31,17835,Synthetic (BDI benchmark)
2024-05-09,RUS_DHA_PAN,Panamax,Coal,21.05,11440,Synthetic (BDI benchmark)
2024-05-09,RUS_DHA_CAP,Capesize,Coal,23.93,17215,Synthetic (BDI benchmark)
2024-05-09,RUS_GAN_PAN,Panamax,Coal,20.56,9366,Synthetic (BDI benchmark)
2024-05-09,RUS_GAN_CAP,Capesize,Coal,22.7,15851,Synthetic (BDI benchmark)
2024-05-09,RUS_GOP_PAN,Panamax,Coal,25.8,12545,Synthetic (BDI benchmark)
2024-05-09,RUS_GOP_CAP,Capesize,Coal,22.3,17413,Synthetic (BDI benchmark)
2024-05-09,RUS_HAL_PAN,Panamax,Coal,25.36,13280,Synthetic (BDI benchmark)
2024-05-09,RUS_HAL_CAP,Capesize,Coal,26.73,15461,Synthetic (BDI benchmark)
2024-05-09,MOZ_PAR_PAN,Panamax,Coal,23.99,9856,Synthetic (BDI benchmark)
2024-05-09,MOZ_PAR_CAP,Capesize,Coal,17.61,18185,Synthetic (BDI benchmark)
2024-05-09,MOZ_VIZ_PAN,Panamax,Coal,21.55,9458,Synthetic (BDI benchmark)
2024-05-09,MOZ_VIZ_CAP,Capesize,Coal,18.92,17594,Synthetic (BDI benchmark)
2024-05-09,MOZ_DHA_PAN,Panamax,Coal,23.06,14619,Synthetic (BDI benchmark)
2024-05-09,MOZ_DHA_CAP,Capesize,Coal,18.91,19986,Synthetic (BDI benchmark)
2024-05-09,MOZ_GAN_PAN,Panamax,Coal,20.42,12187,Synthetic (BDI benchmark)
2024-05-09,MOZ_GAN_CAP,Capesize,Coal,21.56,19506,Synthetic (BDI benchmark)
2024-05-09,MOZ_GOP_PAN,Panamax,Coal,21.22,11742,Synthetic (BDI benchmark)
2024-05-09,MOZ_GOP_CAP,Capesize,Coal,19.71,16431,Synthetic (BDI benchmark)
2024-05-09,MOZ_HAL_PAN,Panamax,Coal,18.64,14466,Synthetic (BDI benchmark)
2024-05-09,MOZ_HAL_CAP,Capesize,Coal,18.81,18583,Synthetic (BDI benchmark)
2024-05-09,USA_PAR_PAN,Panamax,Coal,31.81,12615,Synthetic (BDI benchmark)
2024-05-09,USA_PAR_CAP,Capesize,Coal,35.77,19141,Synthetic (BDI benchmark)
2024-05-09,USA_VIZ_PAN,Panamax,Coal,29.52,13226,Synthetic (BDI benchmark)
2024-05-09,USA_VIZ_CAP,Capesize,Coal,30.99,16488,Synthetic (BDI benchmark)
2024-05-09,USA_DHA_PAN,Panamax,Coal,29.95,9633,Synthetic (BDI benchmark)
2024-05-09,USA_DHA_CAP,Capesize,Coal,30.6,16389,Synthetic (BDI benchmark)
2024-05-09,USA_GAN_PAN,Panamax,Coal,30.35,11390,Synthetic (BDI benchmark)
2024-05-09,USA_GAN_CAP,Capesize,Coal,37.8,17649,Synthetic (BDI benchmark)
2024-05-09,USA_GOP_PAN,Panamax,Coal,33.65,12067,Synthetic (BDI benchmark)
2024-05-09,USA_GOP_CAP,Capesize,Coal,28.84,18865,Synthetic (BDI benchmark)
2024-05-09,USA_HAL_PAN,Panamax,Coal,32.84,11845,Synthetic (BDI benchmark)
2024-05-09,USA_HAL_CAP,Capesize,Coal,34.64,19457,Synthetic (BDI benchmark)
2024-06-08,AUS_PAR_PAN,Panamax,Coal,16.04,13316,Synthetic (BDI benchmark)
2024-06-08,AUS_PAR_CAP,Capesize,Coal,15.75,17495,Synthetic (BDI benchmark)
2024-06-08,AUS_VIZ_PAN,Panamax,Coal,16.88,14368,Synthetic (BDI benchmark)
2024-06-08,AUS_VIZ_CAP,Capesize,Coal,14.77,16768,Synthetic (BDI benchmark)
2024-06-08,AUS_DHA_PAN,Panamax,Coal,14.33,12257,Synthetic (BDI benchmark)
2024-06-08,AUS_DHA_CAP,Capesize,Coal,16.45,16600,Synthetic (BDI benchmark)
2024-06-08,AUS_GAN_PAN,Panamax,Coal,16.26,10791,Synthetic (BDI benchmark)
2024-06-08,AUS_GAN_CAP,Capesize,Coal,17.7,19829,Synthetic (BDI benchmark)
2024-06-08,AUS_GOP_PAN,Panamax,Coal,16.54,12857,Synthetic (BDI benchmark)
2024-06-08,AUS_GOP_CAP,Capesize,Coal,15.4,15103,Synthetic (BDI benchmark)
2024-06-08,AUS_HAL_PAN,Panamax,Coal,16.22,11966,Synthetic (BDI benchmark)
2024-06-08,AUS_HAL_CAP,Capesize,Coal,16.14,15229,Synthetic (BDI benchmark)
2024-06-08,IND_PAR_PAN,Panamax,Coal,9.36,9982,Synthetic (BDI benchmark)
2024-06-08,IND_PAR_CAP,Capesize,Coal,11.61,16069,Synthetic (BDI benchmark)
2024-06-08,IND_VIZ_PAN,Panamax,Coal,9.11,11577,Synthetic (BDI benchmark)
2024-06-08,IND_VIZ_CAP,Capesize,Coal,11.47,19772,Synthetic (BDI benchmark)
2024-06-08,IND_DHA_PAN,Panamax,Coal,8.2,11668,Synthetic (BDI benchmark)
2024-06-08,IND_DHA_CAP,Capesize,Coal,9.71,18336,Synthetic (BDI benchmark)
2024-06-08,IND_GAN_PAN,Panamax,Coal,10.42,11358,Synthetic (BDI benchmark)
2024-06-08,IND_GAN_CAP,Capesize,Coal,10.9,18039,Synthetic (BDI benchmark)
2024-06-08,IND_GOP_PAN,Panamax,Coal,11.6,14182,Synthetic (BDI benchmark)
2024-06-08,IND_GOP_CAP,Capesize,Coal,9.49,15079,Synthetic (BDI benchmark)
2024-06-08,IND_HAL_PAN,Panamax,Coal,9.26,11937,Synthetic (BDI benchmark)
2024-06-08,IND_HAL_CAP,Capesize,Coal,10.85,17192,Synthetic (BDI benchmark)
2024-06-08,RUS_PAR_PAN,Panamax,Coal,21.37,9366,Synthetic (BDI benchmark)
2024-06-08,RUS_PAR_CAP,Capesize,Coal,23.06,17387,Synthetic (BDI benchmark)
2024-06-08,RUS_VIZ_PAN,Panamax,Coal,20.36,9488,Synthetic (BDI benchmark)
2024-06-08,RUS_VIZ_CAP,Capesize,Coal,27.1,18046,Synthetic (BDI benchmark)
2024-06-08,RUS_DHA_PAN,Panamax,Coal,21.88,11413,Synthetic (BDI benchmark)
2024-06-08,RUS_DHA_CAP,Capesize,Coal,23.44,16681,Synthetic (BDI benchmark)
2024-06-08,RUS_GAN_PAN,Panamax,Coal,21.43,10649,Synthetic (BDI benchmark)
2024-06-08,RUS_GAN_CAP,Capesize,Coal,21.86,18415,Synthetic (BDI benchmark)
2024-06-08,RUS_GOP_PAN,Panamax,Coal,22.94,14017,Synthetic (BDI benchmark)
2024-06-08,RUS_GOP_CAP,Capesize,Coal,22.29,18671,Synthetic (BDI benchmark)
2024-06-08,RUS_HAL_PAN,Panamax,Coal,22.21,13260,Synthetic (BDI benchmark)
2024-06-08,RUS_HAL_CAP,Capesize,Coal,21.13,17772,Synthetic (BDI benchmark)
2024-06-08,MOZ_PAR_PAN,Panamax,Coal,20.55,14922,Synthetic (BDI benchmark)
2024-06-08,MOZ_PAR_CAP,Capesize,Coal,22.44,18045,Synthetic (BDI benchmark)
2024-06-08,MOZ_VIZ_PAN,Panamax,Coal,21.59,13219,Synthetic (BDI benchmark)
2024-06-08,MOZ_VIZ_CAP,Capesize,Coal,22.19,17567,Synthetic (BDI benchmark)
2024-06-08,MOZ_DHA_PAN,Panamax,Coal,21.48,9098,Synthetic (BDI benchmark)
2024-06-08,MOZ_DHA_CAP,Capesize,Coal,23.11,19499,Synthetic (BDI benchmark)
2024-06-08,MOZ_GAN_PAN,Panamax,Coal,19.4,14534,Synthetic (BDI benchmark)
2024-06-08,MOZ_GAN_CAP,Capesize,Coal,18.46,17583,Synthetic (BDI benchmark)
2024-06-08,MOZ_GOP_PAN,Panamax,Coal,19.21,14183,Synthetic (BDI benchmark)
2024-06-08,MOZ_GOP_CAP,Capesize,Coal,21.45,18859,Synthetic (BDI benchmark)
2024-06-08,MOZ_HAL_PAN,Panamax,Coal,19.41,11061,Synthetic (BDI benchmark)
2024-06-08,MOZ_HAL_CAP,Capesize,Coal,20.17,17769,Synthetic (BDI benchmark)
2024-06-08,USA_PAR_PAN,Panamax,Coal,36.44,9300,Synthetic (BDI benchmark)
2024-06-08,USA_PAR_CAP,Capesize,Coal,33.8,18308,Synthetic (BDI benchmark)
2024-06-08,USA_VIZ_PAN,Panamax,Coal,32.44,13585,Synthetic (BDI benchmark)
2024-06-08,USA_VIZ_CAP,Capesize,Coal,32.0,16424,Synthetic (BDI benchmark)
2024-06-08,USA_DHA_PAN,Panamax,Coal,31.95,9405,Synthetic (BDI benchmark)
2024-06-08,USA_DHA_CAP,Capesize,Coal,31.71,17141,Synthetic (BDI benchmark)
2024-06-08,USA_GAN_PAN,Panamax,Coal,33.81,13395,Synthetic (BDI benchmark)
2024-06-08,USA_GAN_CAP,Capesize,Coal,29.05,15358,Synthetic (BDI benchmark)
2024-06-08,USA_GOP_PAN,Panamax,Coal,34.65,10982,Synthetic (BDI benchmark)
2024-06-08,USA_GOP_CAP,Capesize,Coal,33.97,15794,Synthetic (BDI benchmark)
2024-06-08,USA_HAL_PAN,Panamax,Coal,29.99,13138,Synthetic (BDI benchmark)
2024-06-08,USA_HAL_CAP,Capesize,Coal,29.07,16548,Synthetic (BDI benchmark)
2024-07-08,AUS_PAR_PAN,Panamax,Coal,19.29,9327,Synthetic (BDI benchmark)
2024-07-08,AUS_PAR_CAP,Capesize,Coal,14.48,17268,Synthetic (BDI benchmark)
2024-07-08,AUS_VIZ_PAN,Panamax,Coal,15.41,13683,Synthetic (BDI benchmark)
2024-07-08,AUS_VIZ_CAP,Capesize,Coal,16.16,18017,Synthetic (BDI benchmark)
2024-07-08,AUS_DHA_PAN,Panamax,Coal,16.77,14887,Synthetic (BDI benchmark)
2024-07-08,AUS_DHA_CAP,Capesize,Coal,14.79,17751,Synthetic (BDI benchmark)
2024-07-08,AUS_GAN_PAN,Panamax,Coal,17.84,10112,Synthetic (BDI benchmark)
2024-07-08,AUS_GAN_CAP,Capesize,Coal,18.19,15937,Synthetic (BDI benchmark)
2024-07-08,AUS_GOP_PAN,Panamax,Coal,16.85,10209,Synthetic (BDI benchmark)
2024-07-08,AUS_GOP_CAP,Capesize,Coal,15.99,18449,Synthetic (BDI benchmark)
2024-07-08,AUS_HAL_PAN,Panamax,Coal,15.43,14478,Synthetic (BDI benchmark)
2024-07-08,AUS_HAL_CAP,Capesize,Coal,19.08,19127,Synthetic (BDI benchmark)
2024-07-08,IND_PAR_PAN,Panamax,Coal,12.2,12004,Synthetic (BDI benchmark)
2024-07-08,IND_PAR_CAP,Capesize,Coal,12.13,15535,Synthetic (BDI benchmark)
2024-07-08,IND_VIZ_PAN,Panamax,Coal,10.21,9093,Synthetic (BDI benchmark)
2024-07-08,IND_VIZ_CAP,Capesize,Coal,9.95,19030,Synthetic (BDI benchmark)
2024-07-08,IND_DHA_PAN,Panamax,Coal,12.58,13983,Synthetic (BDI benchmark)
2024-07-08,IND_DHA_CAP,Capesize,Coal,9.1,16033,Synthetic (BDI benchmark)
2024-07-08,IND_GAN_PAN,Panamax,Coal,9.02,13184,Synthetic (BDI benchmark)
2024-07-08,IND_GAN_CAP,Capesize,Coal,8.96,16321,Synthetic (BDI benchmark)
2024-07-08,IND_GOP_PAN,Panamax,Coal,10.38,11014,Synthetic (BDI benchmark)
2024-07-08,IND_GOP_CAP,Capesize,Coal,10.15,15556,Synthetic (BDI benchmark)
2024-07-08,IND_HAL_PAN,Panamax,Coal,12.24,14702,Synthetic (BDI benchmark)
2024-07-08,IND_HAL_CAP,Capesize,Coal,10.66,19654,Synthetic (BDI benchmark)
2024-07-08,RUS_PAR_PAN,Panamax,Coal,19.77,10056,Synthetic (BDI benchmark)
2024-07-08,RUS_PAR_CAP,Capesize,Coal,22.66,19507,Synthetic (BDI benchmark)
2024-07-08,RUS_VIZ_PAN,Panamax,Coal,24.1,10342,Synthetic (BDI benchmark)
2024-07-08,RUS_VIZ_CAP,Capesize,Coal,24.83,19796,Synthetic (BDI benchmark)
2024-07-08,RUS_DHA_PAN,Panamax,Coal,20.13,14192,Synthetic (BDI benchmark)
2024-07-08,RUS_DHA_CAP,Capesize,Coal,24.71,16773,Synthetic (BDI benchmark)
2024-07-08,RUS_GAN_PAN,Panamax,Coal,25.1,14817,Synthetic (BDI benchmark)
2024-07-08,RUS_GAN_CAP,Capesize,Coal,24.88,16435,Synthetic (BDI benchmark)
2024-07-08,RUS_GOP_PAN,Panamax,Coal,24.16,11204,Synthetic (BDI benchmark)
2024-07-08,RUS_GOP_CAP,Capesize,Coal,26.2,16893,Synthetic (BDI benchmark)
2024-07-08,RUS_HAL_PAN,Panamax,Coal,22.01,12541,Synthetic (BDI benchmark)
2024-07-08,RUS_HAL_CAP,Capesize,Coal,18.35,18413,Synthetic (BDI benchmark)
2024-07-08,MOZ_PAR_PAN,Panamax,Coal,19.99,14544,Synthetic (BDI benchmark)
2024-07-08,MOZ_PAR_CAP,Capesize,Coal,22.36,17327,Synthetic (BDI benchmark)
2024-07-08,MOZ_VIZ_PAN,Panamax,Coal,24.3,12429,Synthetic (BDI benchmark)
2024-07-08,MOZ_VIZ_CAP,Capesize,Coal,22.68,18446,Synthetic (BDI benchmark)
2024-07-08,MOZ_DHA_PAN,Panamax,Coal,18.08,9311,Synthetic (BDI benchmark)
2024-07-08,MOZ_DHA_CAP,Capesize,Coal,20.22,19453,Synthetic (BDI benchmark)
2024-07-08,MOZ_GAN_PAN,Panamax,Coal,20.49,11827,Synthetic (BDI benchmark)
2024-07-08,MOZ_GAN_CAP,Capesize,Coal,20.76,16855,Synthetic (BDI benchmark)
2024-07-08,MOZ_GOP_PAN,Panamax,Coal,20.77,9512,Synthetic (BDI benchmark)
2024-07-08,MOZ_GOP_CAP,Capesize,Coal,23.59,19500,Synthetic (BDI benchmark)
2024-07-08,MOZ_HAL_PAN,Panamax,Coal,20.58,14304,Synthetic (BDI benchmark)
2024-07-08,MOZ_HAL_CAP,Capesize,Coal,24.53,17581,Synthetic (BDI benchmark)
2024-07-08,USA_PAR_PAN,Panamax,Coal,31.31,12373,Synthetic (BDI benchmark)
2024-07-08,USA_PAR_CAP,Capesize,Coal,28.9,19216,Synthetic (BDI benchmark)
2024-07-08,USA_VIZ_PAN,Panamax,Coal,33.28,14938,Synthetic (BDI benchmark)
2024-07-08,USA_VIZ_CAP,Capesize,Coal,33.66,16496,Synthetic (BDI benchmark)
2024-07-08,USA_DHA_PAN,Panamax,Coal,31.85,13800,Synthetic (BDI benchmark)
2024-07-08,USA_DHA_CAP,Capesize,Coal,28.55,19102,Synthetic (BDI benchmark)
2024-07-08,USA_GAN_PAN,Panamax,Coal,31.38,13688,Synthetic (BDI benchmark)
2024-07-08,USA_GAN_CAP,Capesize,Coal,36.41,19232,Synthetic (BDI benchmark)
2024-07-08,USA_GOP_PAN,Panamax,Coal,33.98,11054,Synthetic (BDI benchmark)
2024-07-08,USA_GOP_CAP,Capesize,Coal,31.43,16733,Synthetic (BDI benchmark)
2024-07-08,USA_HAL_PAN,Panamax,Coal,31.36,14259,Synthetic (BDI benchmark)
2024-07-08,USA_HAL_CAP,Capesize,Coal,30.12,17798,Synthetic (BDI benchmark)
2024-08-07,AUS_PAR_PAN,Panamax,Coal,15.69,12524,Synthetic (BDI benchmark)
2024-08-07,AUS_PAR_CAP,Capesize,Coal,17.65,19209,Synthetic (BDI benchmark)
2024-08-07,AUS_VIZ_PAN,Panamax,Coal,17.89,12250,Synthetic (BDI benchmark)
2024-08-07,AUS_VIZ_CAP,Capesize,Coal,15.1,18663,Synthetic (BDI benchmark)
2024-08-07,AUS_DHA_PAN,Panamax,Coal,15.25,14386,Synthetic (BDI benchmark)
2024-08-07,AUS_DHA_CAP,Capesize,Coal,15.69,16790,Synthetic (BDI benchmark)
2024-08-07,AUS_GAN_PAN,Panamax,Coal,15.05,11939,Synthetic (BDI benchmark)
2024-08-07,AUS_GAN_CAP,Capesize,Coal,17.48,16233,Synthetic (BDI benchmark)
2024-08-07,AUS_GOP_PAN,Panamax,Coal,15.06,11619,Synthetic (BDI benchmark)
2024-08-07,AUS_GOP_CAP,Capesize,Coal,17.97,19388,Synthetic (BDI benchmark)
2024-08-07,AUS_HAL_PAN,Panamax,Coal,16.94,10163,Synthetic (BDI benchmark)
2024-08-07,AUS_HAL_CAP,Capesize,Coal,15.43,18777,Synthetic (BDI benchmark)
2024-08-07,IND_PAR_PAN,Panamax,Coal,11.15,12726,Synthetic (BDI benchmark)
2024-08-07,IND_PAR_CAP,Capesize,Coal,9.49,19890,Synthetic (BDI benchmark)
2024-08-07,IND_VIZ_PAN,Panamax,Coal,9.23,9123,Synthetic (BDI benchmark)
2024-08-07,IND_VIZ_CAP,Capesize,Coal,11.06,16892,Synthetic (BDI benchmark)
2024-08-07,IND_DHA_PAN,Panamax,Coal,11.13,13182,Synthetic (BDI benchmark)
2024-08-07,IND_DHA_CAP,Capesize,Coal,11.56,15200,Synthetic (BDI benchmark)
2024-08-07,IND_GAN_PAN,Panamax,Coal,10.24,10894,Synthetic (BDI benchmark)
2024-08-07,IND_GAN_CAP,Capesize,Coal,10.96,18184,Synthetic (BDI benchmark)
2024-08-07,IND_GOP_PAN,Panamax,Coal,9.75,13668,Synthetic (BDI benchmark)
2024-08-07,IND_GOP_CAP,Capesize,Coal,8.55,16780,Synthetic (BDI benchmark)
2024-08-07,IND_HAL_PAN,Panamax,Coal,9.7,10764,Synthetic (BDI benchmark)
2024-08-07,IND_HAL_CAP,Capesize,Coal,10.18,17624,Synthetic (BDI benchmark)
2024-08-07,RUS_PAR_PAN,Panamax,Coal,22.02,13733,Synthetic (BDI benchmark)
2024-08-07,RUS_PAR_CAP,Capesize,Coal,24.22,19744,Synthetic (BDI benchmark)
2024-08-07,RUS_VIZ_PAN,Panamax,Coal,20.2,14443,Synthetic (BDI benchmark)
2024-08-07,RUS_VIZ_CAP,Capesize,Coal,20.25,19833,Synthetic (BDI benchmark)
2024-08-07,RUS_DHA_PAN,Panamax,Coal,23.47,10356,Synthetic (BDI benchmark)
2024-08-07,RUS_DHA_CAP,Capesize,Coal,25.91,18946,Synthetic (BDI benchmark)
2024-08-07,RUS_GAN_PAN,Panamax,Coal,23.13,12360,Synthetic (BDI benchmark)
2024-08-07,RUS_GAN_CAP,Capesize,Coal,20.94,16449,Synthetic (BDI benchmark)
2024-08-07,RUS_GOP_PAN,Panamax,Coal,23.33,11200,Synthetic (BDI benchmark)
2024-08-07,RUS_GOP_CAP,Capesize,Coal,24.08,17225,Synthetic (BDI benchmark)
2024-08-07,RUS_HAL_PAN,Panamax,Coal,22.31,11616,Synthetic (BDI benchmark)
2024-08-07,RUS_HAL_CAP,Capesize,Coal,20.49,16475,Synthetic (BDI benchmark)
2024-08-07,MOZ_PAR_PAN,Panamax,Coal,22.36,12736,Synthetic (BDI benchmark)
2024-08-07,MOZ_PAR_CAP,Capesize,Coal,19.95,18581,Synthetic (BDI benchmark)
2024-08-07,MOZ_VIZ_PAN,Panamax,Coal,21.54,13247,Synthetic (BDI benchmark)
2024-08-07,MOZ_VIZ_CAP,Capesize,Coal,22.85,18848,Synthetic (BDI benchmark)
2024-08-07,MOZ_DHA_PAN,Panamax,Coal,23.36,12459,Synthetic (BDI benchmark)
2024-08-07,MOZ_DHA_CAP,Capesize,Coal,19.55,15848,Synthetic (BDI benchmark)
2024-08-07,MOZ_GAN_PAN,Panamax,Coal,23.28,10797,Synthetic (BDI benchmark)
2024-08-07,MOZ_GAN_CAP,Capesize,Coal,22.6,17743,Synthetic (BDI benchmark)
2024-08-07,MOZ_GOP_PAN,Panamax,Coal,22.84,9651,Synthetic (BDI benchmark)
2024-08-07,MOZ_GOP_CAP,Capesize,Coal,21.3,17112,Synthetic (BDI benchmark)
2024-08-07,MOZ_HAL_PAN,Panamax,Coal,22.14,9892,Synthetic (BDI benchmark)
2024-08-07,MOZ_HAL_CAP,Capesize,Coal,18.5,16923,Synthetic (BDI benchmark)
2024-08-07,USA_PAR_PAN,Panamax,Coal,28.89,10552,Synthetic (BDI benchmark)
2024-08-07,USA_PAR_CAP,Capesize,Coal,30.59,17174,Synthetic (BDI benchmark)
2024-08-07,USA_VIZ_PAN,Panamax,Coal,36.27,11863,Synthetic (BDI benchmark)
2024-08-07,USA_VIZ_CAP,Capesize,Coal,37.36,18831,Synthetic (BDI benchmark)
2024-08-07,USA_DHA_PAN,Panamax,Coal,35.88,13964,Synthetic (BDI benchmark)
2024-08-07,USA_DHA_CAP,Capesize,Coal,32.63,19677,Synthetic (BDI benchmark)
2024-08-07,USA_GAN_PAN,Panamax,Coal,30.82,12902,Synthetic (BDI benchmark)
2024-08-07,USA_GAN_CAP,Capesize,Coal,32.5,15942,Synthetic (BDI benchmark)
2024-08-07,USA_GOP_PAN,Panamax,Coal,33.38,12321,Synthetic (BDI benchmark)
2024-08-07,USA_GOP_CAP,Capesize,Coal,33.33,18233,Synthetic (BDI benchmark)
2024-08-07,USA_HAL_PAN,Panamax,Coal,31.24,14610,Synthetic (BDI benchmark)
2024-08-07,USA_HAL_CAP,Capesize,Coal,35.66,16640,Synthetic (BDI benchmark)
2024-09-06,AUS_PAR_PAN,Panamax,Coal,15.71,10076,Synthetic (BDI benchmark)
2024-09-06,AUS_PAR_CAP,Capesize,Coal,14.83,15436,Synthetic (BDI benchmark)
2024-09-06,AUS_VIZ_PAN,Panamax,Coal,15.76,14193,Synthetic (BDI benchmark)
2024-09-06,AUS_VIZ_CAP,Capesize,Coal,14.98,19271,Synthetic (BDI benchmark)
2024-09-06,AUS_DHA_PAN,Panamax,Coal,16.07,14916,Synthetic (BDI benchmark)
2024-09-06,AUS_DHA_CAP,Capesize,Coal,15.01,19100,Synthetic (BDI benchmark)
2024-09-06,AUS_GAN_PAN,Panamax,Coal,16.33,10561,Synthetic (BDI benchmark)
2024-09-06,AUS_GAN_CAP,Capesize,Coal,16.29,15654,Synthetic (BDI benchmark)
2024-09-06,AUS_GOP_PAN,Panamax,Coal,16.38,14647,Synthetic (BDI benchmark)
2024-09-06,AUS_GOP_CAP,Capesize,Coal,15.81,19636,Synthetic (BDI benchmark)
2024-09-06,AUS_HAL_PAN,Panamax,Coal,19.28,14669,Synthetic (BDI benchmark)
2024-09-06,AUS_HAL_CAP,Capesize,Coal,15.71,18814,Synthetic (BDI benchmark)
2024-09-06,IND_PAR_PAN,Panamax,Coal,10.85,13955,Synthetic (BDI benchmark)
2024-09-06,IND_PAR_CAP,Capesize,Coal,12.12,16362,Synthetic (BDI benchmark)
2024-09-06,IND_VIZ_PAN,Panamax,Coal,10.57,14368,Synthetic (BDI benchmark)
2024-09-06,IND_VIZ_CAP,Capesize,Coal,10.85,17611,Synthetic (BDI benchmark)
2024-09-06,IND_DHA_PAN,Panamax,Coal,9.75,11188,Synthetic (BDI benchmark)
2024-09-06,IND_DHA_CAP,Capesize,Coal,12.01,16210,Synthetic (BDI benchmark)
2024-09-06,IND_GAN_PAN,Panamax,Coal,10.49,11161,Synthetic (BDI benchmark)
2024-09-06,IND_GAN_CAP,Capesize,Coal,10.47,16226,Synthetic (BDI benchmark)
2024-09-06,IND_GOP_PAN,Panamax,Coal,9.48,13215,Synthetic (BDI benchmark)
2024-09-06,IND_GOP_CAP,Capesize,Coal,9.25,19756,Synthetic (BDI benchmark)
2024-09-06,IND_HAL_PAN,Panamax,Coal,12.94,10559,Synthetic (BDI benchmark)
2024-09-06,IND_HAL_CAP,Capesize,Coal,9.69,17614,Synthetic (BDI benchmark)
2024-09-06,RUS_PAR_PAN,Panamax,Coal,20.91,13432,Synthetic (BDI benchmark)
2024-09-06,RUS_PAR_CAP,Capesize,Coal,20.06,16148,Synthetic (BDI benchmark)
2024-09-06,RUS_VIZ_PAN,Panamax,Coal,19.93,9197,Synthetic (BDI benchmark)
2024-09-06,RUS_VIZ_CAP,Capesize,Coal,18.79,19558,Synthetic (BDI benchmark)
2024-09-06,RUS_DHA_PAN,Panamax,Coal,21.47,11746,Synthetic (BDI benchmark)
2024-09-06,RUS_DHA_CAP,Capesize,Coal,21.6,17497,Synthetic (BDI benchmark)
2024-09-06,RUS_GAN_PAN,Panamax,Coal,20.75,12182,Synthetic (BDI benchmark)
2024-09-06,RUS_GAN_CAP,Capesize,Coal,22.42,19800,Synthetic (BDI benchmark)
2024-09-06,RUS_GOP_PAN,Panamax,Coal,26.6,12985,Synthetic (BDI benchmark)
2024-09-06,RUS_GOP_CAP,Capesize,Coal,22.38,19815,Synthetic (BDI benchmark)
2024-09-06,RUS_HAL_PAN,Panamax,Coal,24.39,12189,Synthetic (BDI benchmark)
2024-09-06,RUS_HAL_CAP,Capesize,Coal,20.53,19850,Synthetic (BDI benchmark)
2024-09-06,MOZ_PAR_PAN,Panamax,Coal,19.51,10926,Synthetic (BDI benchmark)
2024-09-06,MOZ_PAR_CAP,Capesize,Coal,23.41,17600,Synthetic (BDI benchmark)
2024-09-06,MOZ_VIZ_PAN,Panamax,Coal,20.62,9244,Synthetic (BDI benchmark)
2024-09-06,MOZ_VIZ_CAP,Capesize,Coal,22.5,15554,Synthetic (BDI benchmark)
2024-09-06,MOZ_DHA_PAN,Panamax,Coal,20.51,10664,Synthetic (BDI benchmark)
2024-09-06,MOZ_DHA_CAP,Capesize,Coal,22.88,18466,Synthetic (BDI benchmark)
2024-09-06,MOZ_GAN_PAN,Panamax,Coal,21.39,12583,Synthetic (BDI benchmark)
2024-09-06,MOZ_GAN_CAP,Capesize,Coal,21.72,18866,Synthetic (BDI benchmark)
2024-09-06,MOZ_GOP_PAN,Panamax,Coal,20.72,14580,Synthetic (BDI benchmark)
2024-09-06,MOZ_GOP_CAP,Capesize,Coal,23.38,17452,Synthetic (BDI benchmark)
2024-09-06,MOZ_HAL_PAN,Panamax,Coal,21.18,14562,Synthetic (BDI benchmark)
2024-09-06,MOZ_HAL_CAP,Capesize,Coal,20.49,19454,Synthetic (BDI benchmark)
2024-09-06,USA_PAR_PAN,Panamax,Coal,33.09,9846,Synthetic (BDI benchmark)
2024-09-06,USA_PAR_CAP,Capesize,Coal,30.01,19885,Synthetic (BDI benchmark)
2024-09-06,USA_VIZ_PAN,Panamax,Coal,36.45,11294,Synthetic (BDI benchmark)
2024-09-06,USA_VIZ_CAP,Capesize,Coal,28.71,15844,Synthetic (BDI benchmark)
2024-09-06,USA_DHA_PAN,Panamax,Coal,35.0,12819,Synthetic (BDI benchmark)
2024-09-06,USA_DHA_CAP,Capesize,Coal,34.56,19419,Synthetic (BDI benchmark)
2024-09-06,USA_GAN_PAN,Panamax,Coal,32.68,12840,Synthetic (BDI benchmark)
2024-09-06,USA_GAN_CAP,Capesize,Coal,34.86,18000,Synthetic (BDI benchmark)
2024-09-06,USA_GOP_PAN,Panamax,Coal,32.64,13343,Synthetic (BDI benchmark)
2024-09-06,USA_GOP_CAP,Capesize,Coal,32.19,19517,Synthetic (BDI benchmark)
2024-09-06,USA_HAL_PAN,Panamax,Coal,33.86,13453,Synthetic (BDI benchmark)
2024-09-06,USA_HAL_CAP,Capesize,Coal,32.78,17471,Synthetic (BDI benchmark)
2024-10-06,AUS_PAR_PAN,Panamax,Coal,17.18,10932,Synthetic (BDI benchmark)
2024-10-06,AUS_PAR_CAP,Capesize,Coal,15.31,18082,Synthetic (BDI benchmark)
2024-10-06,AUS_VIZ_PAN,Panamax,Coal,18.57,14385,Synthetic (BDI benchmark)
2024-10-06,AUS_VIZ_CAP,Capesize,Coal,16.72,19352,Synthetic (BDI benchmark)
2024-10-06,AUS_DHA_PAN,Panamax,Coal,14.34,12188,Synthetic (BDI benchmark)
2024-10-06,AUS_DHA_CAP,Capesize,Coal,15.87,16102,Synthetic (BDI benchmark)
2024-10-06,AUS_GAN_PAN,Panamax,Coal,16.25,12143,Synthetic (BDI benchmark)
2024-10-06,AUS_GAN_CAP,Capesize,Coal,17.58,16936,Synthetic (BDI benchmark)
2024-10-06,AUS_GOP_PAN,Panamax,Coal,17.58,13711,Synthetic (BDI benchmark)
2024-10-06,AUS_GOP_CAP,Capesize,Coal,14.69,19697,Synthetic (BDI benchmark)
2024-10-06,AUS_HAL_PAN,Panamax,Coal,19.3,9712,Synthetic (BDI benchmark)
2024-10-06,AUS_HAL_CAP,Capesize,Coal,16.19,18258,Synthetic (BDI benchmark)
2024-10-06,IND_PAR_PAN,Panamax,Coal,9.68,13608,Synthetic (BDI benchmark)
2024-10-06,IND_PAR_CAP,Capesize,Coal,11.24,16285,Synthetic (BDI benchmark)
2024-10-06,IND_VIZ_PAN,Panamax,Coal,9.89,14730,Synthetic (BDI benchmark)
2024-10-06,IND_VIZ_CAP,Capesize,Coal,10.94,16530,Synthetic (BDI benchmark)
2024-10-06,IND_DHA_PAN,Panamax,Coal,10.46,9509,Synthetic (BDI benchmark)
2024-10-06,IND_DHA_CAP,Capesize,Coal,11.71,16720,Synthetic (BDI benchmark)
2024-10-06,IND_GAN_PAN,Panamax,Coal,11.43,13974,Synthetic (BDI benchmark)
2024-10-06,IND_GAN_CAP,Capesize,Coal,12.27,16843,Synthetic (BDI benchmark)
2024-10-06,IND_GOP_PAN,Panamax,Coal,11.51,10651,Synthetic (BDI benchmark)
2024-10-06,IND_GOP_CAP,Capesize,Coal,9.53,17755,Synthetic (BDI benchmark)
2024-10-06,IND_HAL_PAN,Panamax,Coal,10.89,14561,Synthetic (BDI benchmark)
2024-10-06,IND_HAL_CAP,Capesize,Coal,10.75,16840,Synthetic (BDI benchmark)
2024-10-06,RUS_PAR_PAN,Panamax,Coal,23.13,10429,Synthetic (BDI benchmark)
2024-10-06,RUS_PAR_CAP,Capesize,Coal,22.66,19010,Synthetic (BDI benchmark)
2024-10-06,RUS_VIZ_PAN,Panamax,Coal,20.08,12425,Synthetic (BDI benchmark)
2024-10-06,RUS_VIZ_CAP,Capesize,Coal,26.38,16515,Synthetic (BDI benchmark)
2024-10-06,RUS_DHA_PAN,Panamax,Coal,22.87,11296,Synthetic (BDI benchmark)
2024-10-06,RUS_DHA_CAP,Capesize,Coal,22.42,15267,Synthetic (BDI benchmark)
2024-10-06,RUS_GAN_PAN,Panamax,Coal,24.14,13763,Synthetic (BDI benchmark)
2024-10-06,RUS_GAN_CAP,Capesize,Coal,23.43,19938,Synthetic (BDI benchmark)
2024-10-06,RUS_GOP_PAN,Panamax,Coal,21.58,11921,Synthetic (BDI benchmark)
2024-10-06,RUS_GOP_CAP,Capesize,Coal,20.99,17120,Synthetic (BDI benchmark)
2024-10-06,RUS_HAL_PAN,Panamax,Coal,21.01,9031,Synthetic (BDI benchmark)
2024-10-06,RUS_HAL_CAP,Capesize,Coal,25.25,17918,Synthetic (BDI benchmark)
2024-10-06,MOZ_PAR_PAN,Panamax,Coal,19.16,11145,Synthetic (BDI benchmark)
2024-10-06,MOZ_PAR_CAP,Capesize,Coal,18.82,16131,Synthetic (BDI benchmark)
2024-10-06,MOZ_VIZ_PAN,Panamax,Coal,21.88,10432,Synthetic (BDI benchmark)
2024-10-06,MOZ_VIZ_CAP,Capesize,Coal,21.44,16528,Synthetic (BDI benchmark)
2024-10-06,MOZ_DHA_PAN,Panamax,Coal,21.09,9681,Synthetic (BDI benchmark)
2024-10-06,MOZ_DHA_CAP,Capesize,Coal,17.79,19960,Synthetic (BDI benchmark)
2024-10-06,MOZ_GAN_PAN,Panamax,Coal,20.93,9563,Synthetic (BDI benchmark)
2024-10-06,MOZ_GAN_CAP,Capesize,Coal,21.01,18668,Synthetic (BDI benchmark)
2024-10-06,MOZ_GOP_PAN,Panamax,Coal,18.48,10683,Synthetic (BDI benchmark)
2024-10-06,MOZ_GOP_CAP,Capesize,Coal,22.94,15823,Synthetic (BDI benchmark)
2024-10-06,MOZ_HAL_PAN,Panamax,Coal,18.38,11309,Synthetic (BDI benchmark)
2024-10-06,MOZ_HAL_CAP,Capesize,Coal,22.0,19123,Synthetic (BDI benchmark)
2024-10-06,USA_PAR_PAN,Panamax,Coal,34.64,14386,Synthetic (BDI benchmark)
2024-10-06,USA_PAR_CAP,Capesize,Coal,34.72,19575,Synthetic (BDI benchmark)
2024-10-06,USA_VIZ_PAN,Panamax,Coal,31.92,13088,Synthetic (BDI benchmark)
2024-10-06,USA_VIZ_CAP,Capesize,Coal,35.75,17063,Synthetic (BDI benchmark)
2024-10-06,USA_DHA_PAN,Panamax,Coal,28.74,11886,Synthetic (BDI benchmark)
2024-10-06,USA_DHA_CAP,Capesize,Coal,31.12,19745,Synthetic (BDI benchmark)
2024-10-06,USA_GAN_PAN,Panamax,Coal,32.1,12131,Synthetic (BDI benchmark)
2024-10-06,USA_GAN_CAP,Capesize,Coal,31.77,16913,Synthetic (BDI benchmark)
2024-10-06,USA_GOP_PAN,Panamax,Coal,35.52,13786,Synthetic (BDI benchmark)
2024-10-06,USA_GOP_CAP,Capesize,Coal,32.53,16940,Synthetic (BDI benchmark)
2024-10-06,USA_HAL_PAN,Panamax,Coal,30.53,13395,Synthetic (BDI benchmark)
2024-10-06,USA_HAL_CAP,Capesize,Coal,28.47,19726,Synthetic (BDI benchmark)
2024-11-05,AUS_PAR_PAN,Panamax,Coal,19.2,10313,Synthetic (BDI benchmark)
2024-11-05,AUS_PAR_CAP,Capesize,Coal,15.85,16385,Synthetic (BDI benchmark)
2024-11-05,AUS_VIZ_PAN,Panamax,Coal,16.14,9156,Synthetic (BDI benchmark)
2024-11-05,AUS_VIZ_CAP,Capesize,Coal,17.11,17297,Synthetic (BDI benchmark)
2024-11-05,AUS_DHA_PAN,Panamax,Coal,18.47,13126,Synthetic (BDI benchmark)
2024-11-05,AUS_DHA_CAP,Capesize,Coal,16.4,18473,Synthetic (BDI benchmark)
2024-11-05,AUS_GAN_PAN,Panamax,Coal,15.21,12532,Synthetic (BDI benchmark)
2024-11-05,AUS_GAN_CAP,Capesize,Coal,15.73,19193,Synthetic (BDI benchmark)
2024-11-05,AUS_GOP_PAN,Panamax,Coal,16.33,12555,Synthetic (BDI benchmark)
2024-11-05,AUS_GOP_CAP,Capesize,Coal,17.3,16714,Synthetic (BDI benchmark)
2024-11-05,AUS_HAL_PAN,Panamax,Coal,17.66,11045,Synthetic (BDI benchmark)
2024-11-05,AUS_HAL_CAP,Capesize,Coal,18.68,18604,Synthetic (BDI benchmark)
2024-11-05,IND_PAR_PAN,Panamax,Coal,9.77,10118,Synthetic (BDI benchmark)
2024-11-05,IND_PAR_CAP,Capesize,Coal,10.14,17063,Synthetic (BDI benchmark)
2024-11-05,IND_VIZ_PAN,Panamax,Coal,12.07,12452,Synthetic (BDI benchmark)
2024-11-05,IND_VIZ_CAP,Capesize,Coal,11.19,18530,Synthetic (BDI benchmark)
2024-11-05,IND_DHA_PAN,Panamax,Coal,12.79,10022,Synthetic (BDI benchmark)
2024-11-05,IND_DHA_CAP,Capesize,Coal,9.48,18908,Synthetic (BDI benchmark)
2024-11-05,IND_GAN_PAN,Panamax,Coal,10.45,13673,Synthetic (BDI benchmark)
2024-11-05,IND_GAN_CAP,Capesize,Coal,11.37,18063,Synthetic (BDI benchmark)
2024-11-05,IND_GOP_PAN,Panamax,Coal,11.88,14781,Synthetic (BDI benchmark)
2024-11-05,IND_GOP_CAP,Capesize,Coal,8.69,16551,Synthetic (BDI benchmark)
2024-11-05,IND_HAL_PAN,Panamax,Coal,11.08,11987,Synthetic (BDI benchmark)
2024-11-05,IND_HAL_CAP,Capesize,Coal,11.02,16107,Synthetic (BDI benchmark)
2024-11-05,RUS_PAR_PAN,Panamax,Coal,20.8,10312,Synthetic (BDI benchmark)
2024-11-05,RUS_PAR_CAP,Capesize,Coal,22.36,16089,Synthetic (BDI benchmark)
2024-11-05,RUS_VIZ_PAN,Panamax,Coal,24.19,9356,Synthetic (BDI benchmark)
2024-11-05,RUS_VIZ_CAP,Capesize,Coal,20.52,18331,Synthetic (BDI benchmark)
2024-11-05,RUS_DHA_PAN,Panamax,Coal,24.61,12360,Synthetic (BDI benchmark)
2024-11-05,RUS_DHA_CAP,Capesize,Coal,20.67,17795,Synthetic (BDI benchmark)
2024-11-05,RUS_GAN_PAN,Panamax,Coal,24.2,11255,Synthetic (BDI benchmark)
2024-11-05,RUS_GAN_CAP,Capesize,Coal,22.95,19481,Synthetic (BDI benchmark)
2024-11-05,RUS_GOP_PAN,Panamax,Coal,19.79,9875,Synthetic (BDI benchmark)
2024-11-05,RUS_GOP_CAP,Capesize,Coal,21.76,18318,Synthetic (BDI benchmark)
2024-11-05,RUS_HAL_PAN,Panamax,Coal,22.12,9399,Synthetic (BDI benchmark)
2024-11-05,RUS_HAL_CAP,Capesize,Coal,23.67,17542,Synthetic (BDI benchmark)
2024-11-05,MOZ_PAR_PAN,Panamax,Coal,22.79,10105,Synthetic (BDI benchmark)
2024-11-05,MOZ_PAR_CAP,Capesize,Coal,20.79,15777,Synthetic (BDI benchmark)
2024-11-05,MOZ_VIZ_PAN,Panamax,Coal,20.78,9595,Synthetic (BDI benchmark)
2024-11-05,MOZ_VIZ_CAP,Capesize,Coal,22.76,16660,Synthetic (BDI benchmark)
2024-11-05,MOZ_DHA_PAN,Panamax,Coal,22.59,13685,Synthetic (BDI benchmark)
2024-11-05,MOZ_DHA_CAP,Capesize,Coal,21.43,19287,Synthetic (BDI benchmark)
2024-11-05,MOZ_GAN_PAN,Panamax,Coal,23.2,14474,Synthetic (BDI benchmark)
2024-11-05,MOZ_GAN_CAP,Capesize,Coal,22.24,15284,Synthetic (BDI benchmark)
2024-11-05,MOZ_GOP_PAN,Panamax,Coal,22.26,11420,Synthetic (BDI benchmark)
2024-11-05,MOZ_GOP_CAP,Capesize,Coal,21.78,16317,Synthetic (BDI benchmark)
2024-11-05,MOZ_HAL_PAN,Panamax,Coal,21.26,11448,Synthetic (BDI benchmark)
2024-11-05,MOZ_HAL_CAP,Capesize,Coal,22.65,17898,Synthetic (BDI benchmark)
2024-11-05,USA_PAR_PAN,Panamax,Coal,32.34,13211,Synthetic (BDI benchmark)
2024-11-05,USA_PAR_CAP,Capesize,Coal,33.1,16170,Synthetic (BDI benchmark)
2024-11-05,USA_VIZ_PAN,Panamax,Coal,31.47,10018,Synthetic (BDI benchmark)
2024-11-05,USA_VIZ_CAP,Capesize,Coal,33.3,18404,Synthetic (BDI benchmark)
2024-11-05,USA_DHA_PAN,Panamax,Coal,31.07,13069,Synthetic (BDI benchmark)
2024-11-05,USA_DHA_CAP,Capesize,Coal,29.14,15104,Synthetic (BDI benchmark)
2024-11-05,USA_GAN_PAN,Panamax,Coal,32.57,13482,Synthetic (BDI benchmark)
2024-11-05,USA_GAN_CAP,Capesize,Coal,31.37,16122,Synthetic (BDI benchmark)
2024-11-05,USA_GOP_PAN,Panamax,Coal,33.49,12755,Synthetic (BDI benchmark)
2024-11-05,USA_GOP_CAP,Capesize,Coal,29.13,18627,Synthetic (BDI benchmark)
2024-11-05,USA_HAL_PAN,Panamax,Coal,35.53,11474,Synthetic (BDI benchmark)
2024-11-05,USA_HAL_CAP,Capesize,Coal,29.61,17629,Synthetic (BDI benchmark)
2024-12-05,AUS_PAR_PAN,Panamax,Coal,16.65,11551,Synthetic (BDI benchmark)
2024-12-05,AUS_PAR_CAP,Capesize,Coal,16.85,15711,Synthetic (BDI benchmark)
2024-12-05,AUS_VIZ_PAN,Panamax,Coal,18.16,13065,Synthetic (BDI benchmark)
2024-12-05,AUS_VIZ_CAP,Capesize,Coal,14.86,19814,Synthetic (BDI benchmark)
2024-12-05,AUS_DHA_PAN,Panamax,Coal,16.64,11157,Synthetic (BDI benchmark)
2024-12-05,AUS_DHA_CAP,Capesize,Coal,15.22,15747,Synthetic (BDI benchmark)
2024-12-05,AUS_GAN_PAN,Panamax,Coal,15.35,13975,Synthetic (BDI benchmark)
2024-12-05,AUS_GAN_CAP,Capesize,Coal,17.62,16043,Synthetic (BDI benchmark)
2024-12-05,AUS_GOP_PAN,Panamax,Coal,16.67,10795,Synthetic (BDI benchmark)
2024-12-05,AUS_GOP_CAP,Capesize,Coal,16.52,17159,Synthetic (BDI benchmark)
2024-12-05,AUS_HAL_PAN,Panamax,Coal,17.49,13762,Synthetic (BDI benchmark)
2024-12-05,AUS_HAL_CAP,Capesize,Coal,15.98,16976,Synthetic (BDI benchmark)
2024-12-05,IND_PAR_PAN,Panamax,Coal,11.05,11008,Synthetic (BDI benchmark)
2024-12-05,IND_PAR_CAP,Capesize,Coal,9.05,17764,Synthetic (BDI benchmark)
2024-12-05,IND_VIZ_PAN,Panamax,Coal,9.83,14266,Synthetic (BDI benchmark)
2024-12-05,IND_VIZ_CAP,Capesize,Coal,11.36,17834,Synthetic (BDI benchmark)
2024-12-05,IND_DHA_PAN,Panamax,Coal,10.53,14837,Synthetic (BDI benchmark)
2024-12-05,IND_DHA_CAP,Capesize,Coal,9.01,19054,Synthetic (BDI benchmark)
2024-12-05,IND_GAN_PAN,Panamax,Coal,8.87,12299,Synthetic (BDI benchmark)
2024-12-05,IND_GAN_CAP,Capesize,Coal,11.76,17846,Synthetic (BDI benchmark)
2024-12-05,IND_GOP_PAN,Panamax,Coal,12.84,14594,Synthetic (BDI benchmark)
2024-12-05,IND_GOP_CAP,Capesize,Coal,8.89,17700,Synthetic (BDI benchmark)
2024-12-05,IND_HAL_PAN,Panamax,Coal,8.28,11387,Synthetic (BDI benchmark)
2024-12-05,IND_HAL_CAP,Capesize,Coal,11.24,17711,Synthetic (BDI benchmark)
2024-12-05,RUS_PAR_PAN,Panamax,Coal,23.21,10227,Synthetic (BDI benchmark)
2024-12-05,RUS_PAR_CAP,Capesize,Coal,20.84,15135,Synthetic (BDI benchmark)
2024-12-05,RUS_VIZ_PAN,Panamax,Coal,23.31,10541,Synthetic (BDI benchmark)
2024-12-05,RUS_VIZ_CAP,Capesize,Coal,24.65,18074,Synthetic (BDI benchmark)
2024-12-05,RUS_DHA_PAN,Panamax,Coal,24.37,14823,Synthetic (BDI benchmark)
2024-12-05,RUS_DHA_CAP,Capesize,Coal,26.05,18387,Synthetic (BDI benchmark)
2024-12-05,RUS_GAN_PAN,Panamax,Coal,23.92,9852,Synthetic (BDI benchmark)
2024-12-05,RUS_GAN_CAP,Capesize,Coal,26.19,19649,Synthetic (BDI benchmark)
2024-12-05,RUS_GOP_PAN,Panamax,Coal,21.8,9047,Synthetic (BDI benchmark)
2024-12-05,RUS_GOP_CAP,Capesize,Coal,21.63,17846,Synthetic (BDI benchmark)
2024-12-05,RUS_HAL_PAN,Panamax,Coal,27.28,9917,Synthetic (BDI benchmark)
2024-12-05,RUS_HAL_CAP,Capesize,Coal,20.27,15594,Synthetic (BDI benchmark)
2024-12-05,MOZ_PAR_PAN,Panamax,Coal,21.85,9087,Synthetic (BDI benchmark)
2024-12-05,MOZ_PAR_CAP,Capesize,Coal,20.98,16674,Synthetic (BDI benchmark)
2024-12-05,MOZ_VIZ_PAN,Panamax,Coal,23.54,12457,Synthetic (BDI benchmark)
2024-12-05,MOZ_VIZ_CAP,Capesize,Coal,20.79,16684,Synthetic (BDI benchmark)
2024-12-05,MOZ_DHA_PAN,Panamax,Coal,21.06,10328,Synthetic (BDI benchmark)
2024-12-05,MOZ_DHA_CAP,Capesize,Coal,20.89,19786,Synthetic (BDI benchmark)
2024-12-05,MOZ_GAN_PAN,Panamax,Coal,20.02,10951,Synthetic (BDI benchmark)
2024-12-05,MOZ_GAN_CAP,Capesize,Coal,21.25,17612,Synthetic (BDI benchmark)
2024-12-05,MOZ_GOP_PAN,Panamax,Coal,19.79,14530,Synthetic (BDI benchmark)
2024-12-05,MOZ_GOP_CAP,Capesize,Coal,18.66,15185,Synthetic (BDI benchmark)
2024-12-05,MOZ_HAL_PAN,Panamax,Coal,22.29,14326,Synthetic (BDI benchmark)
2024-12-05,MOZ_HAL_CAP,Capesize,Coal,22.32,17549,Synthetic (BDI benchmark)
2024-12-05,USA_PAR_PAN,Panamax,Coal,31.95,14422,Synthetic (BDI benchmark)
2024-12-05,USA_PAR_CAP,Capesize,Coal,33.49,18066,Synthetic (BDI benchmark)
2024-12-05,USA_VIZ_PAN,Panamax,Coal,33.81,9274,Synthetic (BDI benchmark)
2024-12-05,USA_VIZ_CAP,Capesize,Coal,30.44,16328,Synthetic (BDI benchmark)
2024-12-05,USA_DHA_PAN,Panamax,Coal,30.95,9759,Synthetic (BDI benchmark)
2024-12-05,USA_DHA_CAP,Capesize,Coal,34.36,17769,Synthetic (BDI benchmark)
2024-12-05,USA_GAN_PAN,Panamax,Coal,32.69,11855,Synthetic (BDI benchmark)
2024-12-05,USA_GAN_CAP,Capesize,Coal,29.8,19410,Synthetic (BDI benchmark)
2024-12-05,USA_GOP_PAN,Panamax,Coal,31.03,13914,Synthetic (BDI benchmark)
2024-12-05,USA_GOP_CAP,Capesize,Coal,31.65,18040,Synthetic (BDI benchmark)
2024-12-05,USA_HAL_PAN,Panamax,Coal,33.85,14807,Synthetic (BDI benchmark)
2024-12-05,USA_HAL_CAP,Capesize,Coal,29.2,19058,Synthetic (BDI benchmark)
2025-01-04,AUS_PAR_PAN,Panamax,Coal,14.4,14633,Synthetic (BDI benchmark)
2025-01-04,AUS_PAR_CAP,Capesize,Coal,15.35,16661,Synthetic (BDI benchmark)
2025-01-04,AUS_VIZ_PAN,Panamax,Coal,16.6,9384,Synthetic (BDI benchmark)
2025-01-04,AUS_VIZ_CAP,Capesize,Coal,16.35,19252,Synthetic (BDI benchmark)
2025-01-04,AUS_DHA_PAN,Panamax,Coal,15.27,12458,Synthetic (BDI benchmark)
2025-01-04,AUS_DHA_CAP,Capesize,Coal,15.43,18672,Synthetic (BDI benchmark)
2025-01-04,AUS_GAN_PAN,Panamax,Coal,16.31,10769,Synthetic (BDI benchmark)
2025-01-04,AUS_GAN_CAP,Capesize,Coal,15.94,17438,Synthetic (BDI benchmark)
2025-01-04,AUS_GOP_PAN,Panamax,Coal,17.58,14681,Synthetic (BDI benchmark)
2025-01-04,AUS_GOP_CAP,Capesize,Coal,16.08,17150,Synthetic (BDI benchmark)
2025-01-04,AUS_HAL_PAN,Panamax,Coal,17.24,12009,Synthetic (BDI benchmark)
2025-01-04,AUS_HAL_CAP,Capesize,Coal,17.96,16327,Synthetic (BDI benchmark)
2025-01-04,IND_PAR_PAN,Panamax,Coal,9.07,13973,Synthetic (BDI benchmark)
2025-01-04,IND_PAR_CAP,Capesize,Coal,11.04,19861,Synthetic (BDI benchmark)
2025-01-04,IND_VIZ_PAN,Panamax,Coal,10.13,11998,Synthetic (BDI benchmark)
2025-01-04,IND_VIZ_CAP,Capesize,Coal,11.85,19305,Synthetic (BDI benchmark)
2025-01-04,IND_DHA_PAN,Panamax,Coal,9.31,10335,Synthetic (BDI benchmark)
2025-01-04,IND_DHA_CAP,Capesize,Coal,9.9,19972,Synthetic (BDI benchmark)
2025-01-04,IND_GAN_PAN,Panamax,Coal,10.61,9932,Synthetic (BDI benchmark)
2025-01-04,IND_GAN_CAP,Capesize,Coal,11.92,16815,Synthetic (BDI benchmark)
2025-01-04,IND_GOP_PAN,Panamax,Coal,12.88,12044,Synthetic (BDI benchmark)
2025-01-04,IND_GOP_CAP,Capesize,Coal,11.37,17703,Synthetic (BDI benchmark)
2025-01-04,IND_HAL_PAN,Panamax,Coal,9.62,13315,Synthetic (BDI benchmark)
2025-01-04,IND_HAL_CAP,Capesize,Coal,8.86,17400,Synthetic (BDI benchmark)
2025-01-04,RUS_PAR_PAN,Panamax,Coal,19.83,10076,Synthetic (BDI benchmark)
2025-01-04,RUS_PAR_CAP,Capesize,Coal,23.11,17095,Synthetic (BDI benchmark)
2025-01-04,RUS_VIZ_PAN,Panamax,Coal,21.05,13184,Synthetic (BDI benchmark)
2025-01-04,RUS_VIZ_CAP,Capesize,Coal,20.94,15248,Synthetic (BDI benchmark)
2025-01-04,RUS_DHA_PAN,Panamax,Coal,20.52,11669,Synthetic (BDI benchmark)
2025-01-04,RUS_DHA_CAP,Capesize,Coal,22.51,16458,Synthetic (BDI benchmark)
2025-01-04,RUS_GAN_PAN,Panamax,Coal,18.65,9105,Synthetic (BDI benchmark)
2025-01-04,RUS_GAN_CAP,Capesize,Coal,23.22,19520,Synthetic (BDI benchmark)
2025-01-04,RUS_GOP_PAN,Panamax,Coal,22.22,11932,Synthetic (BDI benchmark)
2025-01-04,RUS_GOP_CAP,Capesize,Coal,24.58,19477,Synthetic (BDI benchmark)
2025-01-04,RUS_HAL_PAN,Panamax,Coal,22.65,12555,Synthetic (BDI benchmark)
2025-01-04,RUS_HAL_CAP,Capesize,Coal,24.71,19100,Synthetic (BDI benchmark)
2025-01-04,MOZ_PAR_PAN,Panamax,Coal,22.15,11970,Synthetic (BDI benchmark)
2025-01-04,MOZ_PAR_CAP,Capesize,Coal,21.24,16893,Synthetic (BDI benchmark)
2025-01-04,MOZ_VIZ_PAN,Panamax,Coal,20.02,12692,Synthetic (BDI benchmark)
2025-01-04,MOZ_VIZ_CAP,Capesize,Coal,23.67,17428,Synthetic (BDI benchmark)
2025-01-04,MOZ_DHA_PAN,Panamax,Coal,22.39,13752,Synthetic (BDI benchmark)
2025-01-04,MOZ_DHA_CAP,Capesize,Coal,18.79,17210,Synthetic (BDI benchmark)
2025-01-04,MOZ_GAN_PAN,Panamax,Coal,22.39,12578,Synthetic (BDI benchmark)
2025-01-04,MOZ_GAN_CAP,Capesize,Coal,21.99,15034,Synthetic (BDI benchmark)
2025-01-04,MOZ_GOP_PAN,Panamax,Coal,18.99,10368,Synthetic (BDI benchmark)
2025-01-04,MOZ_GOP_CAP,Capesize,Coal,24.27,18881,Synthetic (BDI benchmark)
2025-01-04,MOZ_HAL_PAN,Panamax,Coal,18.84,14660,Synthetic (BDI benchmark)
2025-01-04,MOZ_HAL_CAP,Capesize,Coal,23.51,15269,Synthetic (BDI benchmark)
2025-01-04,USA_PAR_PAN,Panamax,Coal,31.35,11252,Synthetic (BDI benchmark)
2025-01-04,USA_PAR_CAP,Capesize,Coal,31.52,15766,Synthetic (BDI benchmark)
2025-01-04,USA_VIZ_PAN,Panamax,Coal,35.69,10381,Synthetic (BDI benchmark)
2025-01-04,USA_VIZ_CAP,Capesize,Coal,31.54,15977,Synthetic (BDI benchmark)
2025-01-04,USA_DHA_PAN,Panamax,Coal,31.92,11365,Synthetic (BDI benchmark)
2025-01-04,USA_DHA_CAP,Capesize,Coal,30.59,18056,Synthetic (BDI benchmark)
2025-01-04,USA_GAN_PAN,Panamax,Coal,30.34,10412,Synthetic (BDI benchmark)
2025-01-04,USA_GAN_CAP,Capesize,Coal,35.37,15541,Synthetic (BDI benchmark)
2025-01-04,USA_GOP_PAN,Panamax,Coal,28.37,9343,Synthetic (BDI benchmark)
2025-01-04,USA_GOP_CAP,Capesize,Coal,31.8,18093,Synthetic (BDI benchmark)
2025-01-04,USA_HAL_PAN,Panamax,Coal,33.07,11873,Synthetic (BDI benchmark)
2025-01-04,USA_HAL_CAP,Capesize,Coal,33.86,18575,Synthetic (BDI benchmark)
2025-02-03,AUS_PAR_PAN,Panamax,Coal,15.04,9089,Synthetic (BDI benchmark)
2025-02-03,AUS_PAR_CAP,Capesize,Coal,16.13,15821,Synthetic (BDI benchmark)
2025-02-03,AUS_VIZ_PAN,Panamax,Coal,15.83,12539,Synthetic (BDI benchmark)
2025-02-03,AUS_VIZ_CAP,Capesize,Coal,14.8,19981,Synthetic (BDI benchmark)
2025-02-03,AUS_DHA_PAN,Panamax,Coal,17.81,10883,Synthetic (BDI benchmark)
2025-02-03,AUS_DHA_CAP,Capesize,Coal,17.53,19765,Synthetic (BDI benchmark)
2025-02-03,AUS_GAN_PAN,Panamax,Coal,15.61,11414,Synthetic (BDI benchmark)
2025-02-03,AUS_GAN_CAP,Capesize,Coal,18.51,16652,Synthetic (BDI benchmark)
2025-02-03,AUS_GOP_PAN,Panamax,Coal,14.42,9949,Synthetic (BDI benchmark)
2025-02-03,AUS_GOP_CAP,Capesize,Coal,18.35,19615,Synthetic (BDI benchmark)
2025-02-03,AUS_HAL_PAN,Panamax,Coal,15.77,11046,Synthetic (BDI benchmark)
2025-02-03,AUS_HAL_CAP,Capesize,Coal,16.78,16713,Synthetic (BDI benchmark)
2025-02-03,IND_PAR_PAN,Panamax,Coal,11.06,13513,Synthetic (BDI benchmark)
2025-02-03,IND_PAR_CAP,Capesize,Coal,8.83,16011,Synthetic (BDI benchmark)
2025-02-03,IND_VIZ_PAN,Panamax,Coal,11.83,14165,Synthetic (BDI benchmark)
2025-02-03,IND_VIZ_CAP,Capesize,Coal,10.81,16692,Synthetic (BDI benchmark)
2025-02-03,IND_DHA_PAN,Panamax,Coal,10.55,14909,Synthetic (BDI benchmark)
2025-02-03,IND_DHA_CAP,Capesize,Coal,10.8,17625,Synthetic (BDI benchmark)
2025-02-03,IND_GAN_PAN,Panamax,Coal,10.75,14527,Synthetic (BDI benchmark)
2025-02-03,IND_GAN_CAP,Capesize,Coal,9.6,18398,Synthetic (BDI benchmark)
2025-02-03,IND_GOP_PAN,Panamax,Coal,10.21,13964,Synthetic (BDI benchmark)
2025-02-03,IND_GOP_CAP,Capesize,Coal,12.03,17555,Synthetic (BDI benchmark)
2025-02-03,IND_HAL_PAN,Panamax,Coal,11.57,11213,Synthetic (BDI benchmark)
2025-02-03,IND_HAL_CAP,Capesize,Coal,11.73,15655,Synthetic (BDI benchmark)
2025-02-03,RUS_PAR_PAN,Panamax,Coal,22.81,13234,Synthetic (BDI benchmark)
2025-02-03,RUS_PAR_CAP,Capesize,Coal,22.93,15320,Synthetic (BDI benchmark)
2025-02-03,RUS_VIZ_PAN,Panamax,Coal,24.52,10240,Synthetic (BDI benchmark)
2025-02-03,RUS_VIZ_CAP,Capesize,Coal,21.65,15351,Synthetic (BDI benchmark)
2025-02-03,RUS_DHA_PAN,Panamax,Coal,23.96,10746,Synthetic (BDI benchmark)
2025-02-03,RUS_DHA_CAP,Capesize,Coal,22.12,16737,Synthetic (BDI benchmark)
2025-02-03,RUS_GAN_PAN,Panamax,Coal,22.84,11545,Synthetic (BDI benchmark)
2025-02-03,RUS_GAN_CAP,Capesize,Coal,23.87,19087,Synthetic (BDI benchmark)
2025-02-03,RUS_GOP_PAN,Panamax,Coal,22.97,10736,Synthetic (BDI benchmark)
2025-02-03,RUS_GOP_CAP,Capesize,Coal,22.57,19916,Synthetic (BDI benchmark)
2025-02-03,RUS_HAL_PAN,Panamax,Coal,20.44,12212,Synthetic (BDI benchmark)
2025-02-03,RUS_HAL_CAP,Capesize,Coal,23.74,16475,Synthetic (BDI benchmark)
2025-02-03,MOZ_PAR_PAN,Panamax,Coal,21.67,10282,Synthetic (BDI benchmark)
2025-02-03,MOZ_PAR_CAP,Capesize,Coal,20.11,19724,Synthetic (BDI benchmark)
2025-02-03,MOZ_VIZ_PAN,Panamax,Coal,21.68,11969,Synthetic (BDI benchmark)
2025-02-03,MOZ_VIZ_CAP,Capesize,Coal,19.99,17226,Synthetic (BDI benchmark)
2025-02-03,MOZ_DHA_PAN,Panamax,Coal,18.58,14687,Synthetic (BDI benchmark)
2025-02-03,MOZ_DHA_CAP,Capesize,Coal,21.56,17213,Synthetic (BDI benchmark)
2025-02-03,MOZ_GAN_PAN,Panamax,Coal,21.93,10074,Synthetic (BDI benchmark)
2025-02-03,MOZ_GAN_CAP,Capesize,Coal,19.84,15460,Synthetic (BDI benchmark)
2025-02-03,MOZ_GOP_PAN,Panamax,Coal,24.0,9733,Synthetic (BDI benchmark)
2025-02-03,MOZ_GOP_CAP,Capesize,Coal,21.24,15638,Synthetic (BDI benchmark)
2025-02-03,MOZ_HAL_PAN,Panamax,Coal,20.6,10871,Synthetic (BDI benchmark)
2025-02-03,MOZ_HAL_CAP,Capesize,Coal,23.75,16078,Synthetic (BDI benchmark)
2025-02-03,USA_PAR_PAN,Panamax,Coal,35.72,14766,Synthetic (BDI benchmark)
2025-02-03,USA_PAR_CAP,Capesize,Coal,36.58,19833,Synthetic (BDI benchmark)
2025-02-03,USA_VIZ_PAN,Panamax,Coal,31.0,14524,Synthetic (BDI benchmark)
2025-02-03,USA_VIZ_CAP,Capesize,Coal,31.63,17773,Synthetic (BDI benchmark)
2025-02-03,USA_DHA_PAN,Panamax,Coal,34.55,10090,Synthetic (BDI benchmark)
2025-02-03,USA_DHA_CAP,Capesize,Coal,33.36,16741,Synthetic (BDI benchmark)
2025-02-03,USA_GAN_PAN,Panamax,Coal,31.33,9278,Synthetic (BDI benchmark)
2025-02-03,USA_GAN_CAP,Capesize,Coal,35.47,18615,Synthetic (BDI benchmark)
2025-02-03,USA_GOP_PAN,Panamax,Coal,33.68,12093,Synthetic (BDI benchmark)
2025-02-03,USA_GOP_CAP,Capesize,Coal,31.82,18989,Synthetic (BDI benchmark)
2025-02-03,USA_HAL_PAN,Panamax,Coal,35.32,12031,Synthetic (BDI benchmark)
2025-02-03,USA_HAL_CAP,Capesize,Coal,34.14,15541,Synthetic (BDI benchmark)
2025-03-05,AUS_PAR_PAN,Panamax,Coal,17.28,10907,Synthetic (BDI benchmark)
2025-03-05,AUS_PAR_CAP,Capesize,Coal,16.24,18767,Synthetic (BDI benchmark)
2025-03-05,AUS_VIZ_PAN,Panamax,Coal,18.18,14628,Synthetic (BDI benchmark)
2025-03-05,AUS_VIZ_CAP,Capesize,Coal,15.83,15760,Synthetic (BDI benchmark)
2025-03-05,AUS_DHA_PAN,Panamax,Coal,16.55,11264,Synthetic (BDI benchmark)
2025-03-05,AUS_DHA_CAP,Capesize,Coal,18.38,18673,Synthetic (BDI benchmark)
2025-03-05,AUS_GAN_PAN,Panamax,Coal,16.82,11781,Synthetic (BDI benchmark)
2025-03-05,AUS_GAN_CAP,Capesize,Coal,18.44,16010,Synthetic (BDI benchmark)
2025-03-05,AUS_GOP_PAN,Panamax,Coal,18.08,12311,Synthetic (BDI benchmark)
2025-03-05,AUS_GOP_CAP,Capesize,Coal,16.73,16228,Synthetic (BDI benchmark)
2025-03-05,AUS_HAL_PAN,Panamax,Coal,16.42,12708,Synthetic (BDI benchmark)
2025-03-05,AUS_HAL_CAP,Capesize,Coal,17.98,15669,Synthetic (BDI benchmark)
2025-03-05,IND_PAR_PAN,Panamax,Coal,9.73,14203,Synthetic (BDI benchmark)
2025-03-05,IND_PAR_CAP,Capesize,Coal,9.7,16149,Synthetic (BDI benchmark)
2025-03-05,IND_VIZ_PAN,Panamax,Coal,10.65,10151,Synthetic (BDI benchmark)
2025-03-05,IND_VIZ_CAP,Capesize,Coal,10.87,18224,Synthetic (BDI benchmark)
2025-03-05,IND_DHA_PAN,Panamax,Coal,12.01,9922,Synthetic (BDI benchmark)
2025-03-05,IND_DHA_CAP,Capesize,Coal,9.41,15690,Synthetic (BDI benchmark)
2025-03-05,IND_GAN_PAN,Panamax,Coal,9.04,14088,Synthetic (BDI benchmark)
2025-03-05,IND_GAN_CAP,Capesize,Coal,11.26,18057,Synthetic (BDI benchmark)
2025-03-05,IND_GOP_PAN,Panamax,Coal,9.89,13384,Synthetic (BDI benchmark)
2025-03-05,IND_GOP_CAP,Capesize,Coal,10.55,18049,Synthetic (BDI benchmark)
2025-03-05,IND_HAL_PAN,Panamax,Coal,8.47,9883,Synthetic (BDI benchmark)
2025-03-05,IND_HAL_CAP,Capesize,Coal,9.69,15730,Synthetic (BDI benchmark)
2025-03-05,RUS_PAR_PAN,Panamax,Coal,23.5,12603,Synthetic (BDI benchmark)
2025-03-05,RUS_PAR_CAP,Capesize,Coal,22.04,18624,Synthetic (BDI benchmark)
2025-03-05,RUS_VIZ_PAN,Panamax,Coal,22.61,14864,Synthetic (BDI benchmark)
2025-03-05,RUS_VIZ_CAP,Capesize,Coal,19.81,19303,Synthetic (BDI benchmark)
2025-03-05,RUS_DHA_PAN,Panamax,Coal,24.65,10676,Synthetic (BDI benchmark)
2025-03-05,RUS_DHA_CAP,Capesize,Coal,19.9,18005,Synthetic (BDI benchmark)
2025-03-05,RUS_GAN_PAN,Panamax,Coal,25.13,14413,Synthetic (BDI benchmark)
2025-03-05,RUS_GAN_CAP,Capesize,Coal,20.79,15055,Synthetic (BDI benchmark)
2025-03-05,RUS_GOP_PAN,Panamax,Coal,22.9,9981,Synthetic (BDI benchmark)
2025-03-05,RUS_GOP_CAP,Capesize,Coal,21.11,19542,Synthetic (BDI benchmark)
2025-03-05,RUS_HAL_PAN,Panamax,Coal,21.71,9306,Synthetic (BDI benchmark)
2025-03-05,RUS_HAL_CAP,Capesize,Coal,25.93,18375,Synthetic (BDI benchmark)
2025-03-05,MOZ_PAR_PAN,Panamax,Coal,21.11,9818,Synthetic (BDI benchmark)
2025-03-05,MOZ_PAR_CAP,Capesize,Coal,20.03,16823,Synthetic (BDI benchmark)
2025-03-05,MOZ_VIZ_PAN,Panamax,Coal,19.51,11350,Synthetic (BDI benchmark)
2025-03-05,MOZ_VIZ_CAP,Capesize,Coal,17.62,19305,Synthetic (BDI benchmark)
2025-03-05,MOZ_DHA_PAN,Panamax,Coal,21.81,9239,Synthetic (BDI benchmark)
2025-03-05,MOZ_DHA_CAP,Capesize,Coal,20.34,16492,Synthetic (BDI benchmark)
2025-03-05,MOZ_GAN_PAN,Panamax,Coal,17.89,14897,Synthetic (BDI benchmark)
2025-03-05,MOZ_GAN_CAP,Capesize,Coal,20.17,17112,Synthetic (BDI benchmark)
2025-03-05,MOZ_GOP_PAN,Panamax,Coal,18.69,11257,Synthetic (BDI benchmark)
2025-03-05,MOZ_GOP_CAP,Capesize,Coal,20.98,18392,Synthetic (BDI benchmark)
2025-03-05,MOZ_HAL_PAN,Panamax,Coal,20.11,11200,Synthetic (BDI benchmark)
2025-03-05,MOZ_HAL_CAP,Capesize,Coal,20.42,19195,Synthetic (BDI benchmark)
2025-03-05,USA_PAR_PAN,Panamax,Coal,30.37,10615,Synthetic (BDI benchmark)
2025-03-05,USA_PAR_CAP,Capesize,Coal,29.84,15477,Synthetic (BDI benchmark)
2025-03-05,USA_VIZ_PAN,Panamax,Coal,29.8,11577,Synthetic (BDI benchmark)
2025-03-05,USA_VIZ_CAP,Capesize,Coal,33.25,18506,Synthetic (BDI benchmark)
2025-03-05,USA_DHA_PAN,Panamax,Coal,36.5,11393,Synthetic (BDI benchmark)
2025-03-05,USA_DHA_CAP,Capesize,Coal,31.33,17673,Synthetic (BDI benchmark)
2025-03-05,USA_GAN_PAN,Panamax,Coal,32.34,10791,Synthetic (BDI benchmark)
2025-03-05,USA_GAN_CAP,Capesize,Coal,29.68,15416,Synthetic (BDI benchmark)
2025-03-05,USA_GOP_PAN,Panamax,Coal,33.73,13719,Synthetic (BDI benchmark)
2025-03-05,USA_GOP_CAP,Capesize,Coal,30.11,15076,Synthetic (BDI benchmark)
2025-03-05,USA_HAL_PAN,Panamax,Coal,30.47,10745,Synthetic (BDI benchmark)
2025-03-05,USA_HAL_CAP,Capesize,Coal,32.22,17358,Synthetic (BDI benchmark)
2025-04-04,AUS_PAR_PAN,Panamax,Coal,16.7,14297,Synthetic (BDI benchmark)
2025-04-04,AUS_PAR_CAP,Capesize,Coal,15.7,19418,Synthetic (BDI benchmark)
2025-04-04,AUS_VIZ_PAN,Panamax,Coal,16.45,12808,Synthetic (BDI benchmark)
2025-04-04,AUS_VIZ_CAP,Capesize,Coal,16.99,15239,Synthetic (BDI benchmark)
2025-04-04,AUS_DHA_PAN,Panamax,Coal,19.21,13603,Synthetic (BDI benchmark)
2025-04-04,AUS_DHA_CAP,Capesize,Coal,16.23,17614,Synthetic (BDI benchmark)
2025-04-04,AUS_GAN_PAN,Panamax,Coal,18.29,9596,Synthetic (BDI benchmark)
2025-04-04,AUS_GAN_CAP,Capesize,Coal,16.26,16914,Synthetic (BDI benchmark)
2025-04-04,AUS_GOP_PAN,Panamax,Coal,18.0,14884,Synthetic (BDI benchmark)
2025-04-04,AUS_GOP_CAP,Capesize,Coal,16.66,16291,Synthetic (BDI benchmark)
2025-04-04,AUS_HAL_PAN,Panamax,Coal,19.27,12339,Synthetic (BDI benchmark)
2025-04-04,AUS_HAL_CAP,Capesize,Coal,16.24,18071,Synthetic (BDI benchmark)
2025-04-04,IND_PAR_PAN,Panamax,Coal,12.17,13290,Synthetic (BDI benchmark)
2025-04-04,IND_PAR_CAP,Capesize,Coal,9.66,15483,Synthetic (BDI benchmark)
2025-04-04,IND_VIZ_PAN,Panamax,Coal,10.17,11997,Synthetic (BDI benchmark)
2025-04-04,IND_VIZ_CAP,Capesize,Coal,8.63,17230,Synthetic (BDI benchmark)
2025-04-04,IND_DHA_PAN,Panamax,Coal,10.25,14375,Synthetic (BDI benchmark)
2025-04-04,IND_DHA_CAP,Capesize,Coal,9.78,15501,Synthetic (BDI benchmark)
2025-04-04,IND_GAN_PAN,Panamax,Coal,11.61,13447,Synthetic (BDI benchmark)
2025-04-04,IND_GAN_CAP,Capesize,Coal,9.46,16919,Synthetic (BDI benchmark)
2025-04-04,IND_GOP_PAN,Panamax,Coal,10.68,10694,Synthetic (BDI benchmark)
2025-04-04,IND_GOP_CAP,Capesize,Coal,9.71,16521,Synthetic (BDI benchmark)
2025-04-04,IND_HAL_PAN,Panamax,Coal,9.45,12689,Synthetic (BDI benchmark)
2025-04-04,IND_HAL_CAP,Capesize,Coal,9.92,18152,Synthetic (BDI benchmark)
2025-04-04,RUS_PAR_PAN,Panamax,Coal,19.21,11742,Synthetic (BDI benchmark)
2025-04-04,RUS_PAR_CAP,Capesize,Coal,21.72,16388,Synthetic (BDI benchmark)
2025-04-04,RUS_VIZ_PAN,Panamax,Coal,20.89,11138,Synthetic (BDI benchmark)
2025-04-04,RUS_VIZ_CAP,Capesize,Coal,24.35,18536,Synthetic (BDI benchmark)
2025-04-04,RUS_DHA_PAN,Panamax,Coal,21.39,9720,Synthetic (BDI benchmark)
2025-04-04,RUS_DHA_CAP,Capesize,Coal,20.7,19003,Synthetic (BDI benchmark)
2025-04-04,RUS_GAN_PAN,Panamax,Coal,22.43,11789,Synthetic (BDI benchmark)
2025-04-04,RUS_GAN_CAP,Capesize,Coal,24.63,19397,Synthetic (BDI benchmark)
2025-04-04,RUS_GOP_PAN,Panamax,Coal,23.02,10742,Synthetic (BDI benchmark)
2025-04-04,RUS_GOP_CAP,Capesize,Coal,19.37,15904,Synthetic (BDI benchmark)
2025-04-04,RUS_HAL_PAN,Panamax,Coal,21.07,9946,Synthetic (BDI benchmark)
2025-04-04,RUS_HAL_CAP,Capesize,Coal,21.94,17577,Synthetic (BDI benchmark)
2025-04-04,MOZ_PAR_PAN,Panamax,Coal,20.93,13827,Synthetic (BDI benchmark)
2025-04-04,MOZ_PAR_CAP,Capesize,Coal,21.15,18376,Synthetic (BDI benchmark)
2025-04-04,MOZ_VIZ_PAN,Panamax,Coal,22.83,11211,Synthetic (BDI benchmark)
2025-04-04,MOZ_VIZ_CAP,Capesize,Coal,22.96,19568,Synthetic (BDI benchmark)
2025-04-04,MOZ_DHA_PAN,Panamax,Coal,22.25,11041,Synthetic (BDI benchmark)
2025-04-04,MOZ_DHA_CAP,Capesize,Coal,20.65,16127,Synthetic (BDI benchmark)
2025-04-04,MOZ_GAN_PAN,Panamax,Coal,17.7,11774,Synthetic (BDI benchmark)
2025-04-04,MOZ_GAN_CAP,Capesize,Coal,21.62,19709,Synthetic (BDI benchmark)
2025-04-04,MOZ_GOP_PAN,Panamax,Coal,20.95,10244,Synthetic (BDI benchmark)
2025-04-04,MOZ_GOP_CAP,Capesize,Coal,18.09,16815,Synthetic (BDI benchmark)
2025-04-04,MOZ_HAL_PAN,Panamax,Coal,23.4,14630,Synthetic (BDI benchmark)
2025-04-04,MOZ_HAL_CAP,Capesize,Coal,20.91,19665,Synthetic (BDI benchmark)
2025-04-04,USA_PAR_PAN,Panamax,Coal,30.07,12043,Synthetic (BDI benchmark)
2025-04-04,USA_PAR_CAP,Capesize,Coal,32.13,19403,Synthetic (BDI benchmark)
2025-04-04,USA_VIZ_PAN,Panamax,Coal,33.35,12736,Synthetic (BDI benchmark)
2025-04-04,USA_VIZ_CAP,Capesize,Coal,32.49,15875,Synthetic (BDI benchmark)
2025-04-04,USA_DHA_PAN,Panamax,Coal,30.49,12538,Synthetic (BDI benchmark)
2025-04-04,USA_DHA_CAP,Capesize,Coal,30.83,16275,Synthetic (BDI benchmark)
2025-04-04,USA_GAN_PAN,Panamax,Coal,36.73,11503,Synthetic (BDI benchmark)
2025-04-04,USA_GAN_CAP,Capesize,Coal,29.79,17232,Synthetic (BDI benchmark)
2025-04-04,USA_GOP_PAN,Panamax,Coal,31.24,13224,Synthetic (BDI benchmark)
2025-04-04,USA_GOP_CAP,Capesize,Coal,31.59,16149,Synthetic (BDI benchmark)
2025-04-04,USA_HAL_PAN,Panamax,Coal,30.01,11477,Synthetic (BDI benchmark)
2025-04-04,USA_HAL_CAP,Capesize,Coal,33.9,19438,Synthetic (BDI benchmark)
2025-05-04,AUS_PAR_PAN,Panamax,Coal,17.51,10752,Synthetic (BDI benchmark)
2025-05-04,AUS_PAR_CAP,Capesize,Coal,15.27,15075,Synthetic (BDI benchmark)
2025-05-04,AUS_VIZ_PAN,Panamax,Coal,16.6,13787,Synthetic (BDI benchmark)
2025-05-04,AUS_VIZ_CAP,Capesize,Coal,19.16,18733,Synthetic (BDI benchmark)
2025-05-04,AUS_DHA_PAN,Panamax,Coal,17.29,12450,Synthetic (BDI benchmark)
2025-05-04,AUS_DHA_CAP,Capesize,Coal,17.28,17713,Synthetic (BDI benchmark)
2025-05-04,AUS_GAN_PAN,Panamax,Coal,14.35,12458,Synthetic (BDI benchmark)
2025-05-04,AUS_GAN_CAP,Capesize,Coal,17.34,19178,Synthetic (BDI benchmark)
2025-05-04,AUS_GOP_PAN,Panamax,Coal,14.96,14904,Synthetic (BDI benchmark)
2025-05-04,AUS_GOP_CAP,Capesize,Coal,16.49,15668,Synthetic (BDI benchmark)
2025-05-04,AUS_HAL_PAN,Panamax,Coal,17.95,9008,Synthetic (BDI benchmark)
2025-05-04,AUS_HAL_CAP,Capesize,Coal,17.15,17635,Synthetic (BDI benchmark)
2025-05-04,IND_PAR_PAN,Panamax,Coal,10.8,14682,Synthetic (BDI benchmark)
2025-05-04,IND_PAR_CAP,Capesize,Coal,11.73,16554,Synthetic (BDI benchmark)
2025-05-04,IND_VIZ_PAN,Panamax,Coal,10.51,9397,Synthetic (BDI benchmark)
2025-05-04,IND_VIZ_CAP,Capesize,Coal,10.8,19662,Synthetic (BDI benchmark)
2025-05-04,IND_DHA_PAN,Panamax,Coal,9.43,14465,Synthetic (BDI benchmark)
2025-05-04,IND_DHA_CAP,Capesize,Coal,8.47,15062,Synthetic (BDI benchmark)
2025-05-04,IND_GAN_PAN,Panamax,Coal,8.53,11317,Synthetic (BDI benchmark)
2025-05-04,IND_GAN_CAP,Capesize,Coal,9.67,16011,Synthetic (BDI benchmark)
2025-05-04,IND_GOP_PAN,Panamax,Coal,9.95,9377,Synthetic (BDI benchmark)
2025-05-04,IND_GOP_CAP,Capesize,Coal,11.44,16446,Synthetic (BDI benchmark)
2025-05-04,IND_HAL_PAN,Panamax,Coal,10.78,11299,Synthetic (BDI benchmark)
2025-05-04,IND_HAL_CAP,Capesize,Coal,8.44,17350,Synthetic (BDI benchmark)
2025-05-04,RUS_PAR_PAN,Panamax,Coal,25.79,9749,Synthetic (BDI benchmark)
2025-05-04,RUS_PAR_CAP,Capesize,Coal,25.15,19734,Synthetic (BDI benchmark)
2025-05-04,RUS_VIZ_PAN,Panamax,Coal,19.74,14310,Synthetic (BDI benchmark)
2025-05-04,RUS_VIZ_CAP,Capesize,Coal,24.7,15662,Synthetic (BDI benchmark)
2025-05-04,RUS_DHA_PAN,Panamax,Coal,19.85,9333,Synthetic (BDI benchmark)
2025-05-04,RUS_DHA_CAP,Capesize,Coal,22.13,16425,Synthetic (BDI benchmark)
2025-05-04,RUS_GAN_PAN,Panamax,Coal,19.76,11526,Synthetic (BDI benchmark)
2025-05-04,RUS_GAN_CAP,Capesize,Coal,19.45,19067,Synthetic (BDI benchmark)
2025-05-04,RUS_GOP_PAN,Panamax,Coal,20.16,11142,Synthetic (BDI benchmark)
2025-05-04,RUS_GOP_CAP,Capesize,Coal,23.58,16823,Synthetic (BDI benchmark)
2025-05-04,RUS_HAL_PAN,Panamax,Coal,25.17,9040,Synthetic (BDI benchmark)
2025-05-04,RUS_HAL_CAP,Capesize,Coal,20.55,18641,Synthetic (BDI benchmark)
2025-05-04,MOZ_PAR_PAN,Panamax,Coal,19.01,10405,Synthetic (BDI benchmark)
2025-05-04,MOZ_PAR_CAP,Capesize,Coal,23.46,18035,Synthetic (BDI benchmark)
2025-05-04,MOZ_VIZ_PAN,Panamax,Coal,22.2,14340,Synthetic (BDI benchmark)
2025-05-04,MOZ_VIZ_CAP,Capesize,Coal,21.51,18851,Synthetic (BDI benchmark)
2025-05-04,MOZ_DHA_PAN,Panamax,Coal,20.79,12763,Synthetic (BDI benchmark)
2025-05-04,MOZ_DHA_CAP,Capesize,Coal,20.38,16112,Synthetic (BDI benchmark)
2025-05-04,MOZ_GAN_PAN,Panamax,Coal,21.36,11869,Synthetic (BDI benchmark)
2025-05-04,MOZ_GAN_CAP,Capesize,Coal,20.69,19273,Synthetic (BDI benchmark)
2025-05-04,MOZ_GOP_PAN,Panamax,Coal,19.81,14313,Synthetic (BDI benchmark)
2025-05-04,MOZ_GOP_CAP,Capesize,Coal,20.88,18404,Synthetic (BDI benchmark)
2025-05-04,MOZ_HAL_PAN,Panamax,Coal,24.32,12889,Synthetic (BDI benchmark)
2025-05-04,MOZ_HAL_CAP,Capesize,Coal,20.66,16367,Synthetic (BDI benchmark)
2025-05-04,USA_PAR_PAN,Panamax,Coal,31.62,9755,Synthetic (BDI benchmark)
2025-05-04,USA_PAR_CAP,Capesize,Coal,32.35,18330,Synthetic (BDI benchmark)
2025-05-04,USA_VIZ_PAN,Panamax,Coal,30.73,12813,Synthetic (BDI benchmark)
2025-05-04,USA_VIZ_CAP,Capesize,Coal,29.35,18542,Synthetic (BDI benchmark)
2025-05-04,USA_DHA_PAN,Panamax,Coal,30.11,14861,Synthetic (BDI benchmark)
2025-05-04,USA_DHA_CAP,Capesize,Coal,36.65,17425,Synthetic (BDI benchmark)
2025-05-04,USA_GAN_PAN,Panamax,Coal,34.93,13512,Synthetic (BDI benchmark)
2025-05-04,USA_GAN_CAP,Capesize,Coal,29.75,19407,Synthetic (BDI benchmark)
2025-05-04,USA_GOP_PAN,Panamax,Coal,32.44,11193,Synthetic (BDI benchmark)
2025-05-04,USA_GOP_CAP,Capesize,Coal,30.67,18428,Synthetic (BDI benchmark)
2025-05-04,USA_HAL_PAN,Panamax,Coal,33.71,12844,Synthetic (BDI benchmark)
2025-05-04,USA_HAL_CAP,Capesize,Coal,32.39,19031,Synthetic (BDI benchmark)
2025-06-03,AUS_PAR_PAN,Panamax,Coal,17.49,12264,Synthetic (BDI benchmark)
2025-06-03,AUS_PAR_CAP,Capesize,Coal,14.69,19325,Synthetic (BDI benchmark)
2025-06-03,AUS_VIZ_PAN,Panamax,Coal,15.55,12548,Synthetic (BDI benchmark)
2025-06-03,AUS_VIZ_CAP,Capesize,Coal,15.29,19652,Synthetic (BDI benchmark)
2025-06-03,AUS_DHA_PAN,Panamax,Coal,19.0,13346,Synthetic (BDI benchmark)
2025-06-03,AUS_DHA_CAP,Capesize,Coal,17.44,19307,Synthetic (BDI benchmark)
2025-06-03,AUS_GAN_PAN,Panamax,Coal,14.8,12000,Synthetic (BDI benchmark)
2025-06-03,AUS_GAN_CAP,Capesize,Coal,14.39,19480,Synthetic (BDI benchmark)
2025-06-03,AUS_GOP_PAN,Panamax,Coal,17.66,10427,Synthetic (BDI benchmark)
2025-06-03,AUS_GOP_CAP,Capesize,Coal,17.74,18929,Synthetic (BDI benchmark)
2025-06-03,AUS_HAL_PAN,Panamax,Coal,16.84,12150,Synthetic (BDI benchmark)
2025-06-03,AUS_HAL_CAP,Capesize,Coal,15.35,18314,Synthetic (BDI benchmark)
2025-06-03,IND_PAR_PAN,Panamax,Coal,10.26,14282,Synthetic (BDI benchmark)
2025-06-03,IND_PAR_CAP,Capesize,Coal,8.2,17979,Synthetic (BDI benchmark)
2025-06-03,IND_VIZ_PAN,Panamax,Coal,9.55,11322,Synthetic (BDI benchmark)
2025-06-03,IND_VIZ_CAP,Capesize,Coal,10.53,17186,Synthetic (BDI benchmark)
2025-06-03,IND_DHA_PAN,Panamax,Coal,9.49,9002,Synthetic (BDI benchmark)
2025-06-03,IND_DHA_CAP,Capesize,Coal,11.68,15903,Synthetic (BDI benchmark)
2025-06-03,IND_GAN_PAN,Panamax,Coal,10.46,12684,Synthetic (BDI benchmark)
2025-06-03,IND_GAN_CAP,Capesize,Coal,9.59,16994,Synthetic (BDI benchmark)
2025-06-03,IND_GOP_PAN,Panamax,Coal,8.94,9812,Synthetic (BDI benchmark)
2025-06-03,IND_GOP_CAP,Capesize,Coal,12.61,17358,Synthetic (BDI benchmark)
2025-06-03,IND_HAL_PAN,Panamax,Coal,11.01,10148,Synthetic (BDI benchmark)
2025-06-03,IND_HAL_CAP,Capesize,Coal,11.42,18100,Synthetic (BDI benchmark)
2025-06-03,RUS_PAR_PAN,Panamax,Coal,24.01,12438,Synthetic (BDI benchmark)
2025-06-03,RUS_PAR_CAP,Capesize,Coal,21.95,18317,Synthetic (BDI benchmark)
2025-06-03,RUS_VIZ_PAN,Panamax,Coal,22.01,9605,Synthetic (BDI benchmark)
2025-06-03,RUS_VIZ_CAP,Capesize,Coal,20.47,18899,Synthetic (BDI benchmark)
2025-06-03,RUS_DHA_PAN,Panamax,Coal,24.72,14124,Synthetic (BDI benchmark)
2025-06-03,RUS_DHA_CAP,Capesize,Coal,21.13,19854,Synthetic (BDI benchmark)
2025-06-03,RUS_GAN_PAN,Panamax,Coal,22.69,14603,Synthetic (BDI benchmark)
2025-06-03,RUS_GAN_CAP,Capesize,Coal,23.27,17894,Synthetic (BDI benchmark)
2025-06-03,RUS_GOP_PAN,Panamax,Coal,20.65,13773,Synthetic (BDI benchmark)
2025-06-03,RUS_GOP_CAP,Capesize,Coal,23.32,15063,Synthetic (BDI benchmark)
2025-06-03,RUS_HAL_PAN,Panamax,Coal,19.51,10794,Synthetic (BDI benchmark)
2025-06-03,RUS_HAL_CAP,Capesize,Coal,20.33,19867,Synthetic (BDI benchmark)
2025-06-03,MOZ_PAR_PAN,Panamax,Coal,19.67,12800,Synthetic (BDI benchmark)
2025-06-03,MOZ_PAR_CAP,Capesize,Coal,20.92,15638,Synthetic (BDI benchmark)
2025-06-03,MOZ_VIZ_PAN,Panamax,Coal,21.41,12574,Synthetic (BDI benchmark)
2025-06-03,MOZ_VIZ_CAP,Capesize,Coal,21.53,19289,Synthetic (BDI benchmark)
2025-06-03,MOZ_DHA_PAN,Panamax,Coal,22.56,11765,Synthetic (BDI benchmark)
2025-06-03,MOZ_DHA_CAP,Capesize,Coal,21.75,18643,Synthetic (BDI benchmark)
2025-06-03,MOZ_GAN_PAN,Panamax,Coal,21.57,12817,Synthetic (BDI benchmark)
2025-06-03,MOZ_GAN_CAP,Capesize,Coal,21.56,16602,Synthetic (BDI benchmark)
2025-06-03,MOZ_GOP_PAN,Panamax,Coal,21.78,9019,Synthetic (BDI benchmark)
2025-06-03,MOZ_GOP_CAP,Capesize,Coal,24.36,18519,Synthetic (BDI benchmark)
2025-06-03,MOZ_HAL_PAN,Panamax,Coal,19.21,13695,Synthetic (BDI benchmark)
2025-06-03,MOZ_HAL_CAP,Capesize,Coal,18.52,19739,Synthetic (BDI benchmark)
2025-06-03,USA_PAR_PAN,Panamax,Coal,34.88,11345,Synthetic (BDI benchmark)
2025-06-03,USA_PAR_CAP,Capesize,Coal,30.25,16439,Synthetic (BDI benchmark)
2025-06-03,USA_VIZ_PAN,Panamax,Coal,34.2,13904,Synthetic (BDI benchmark)
2025-06-03,USA_VIZ_CAP,Capesize,Coal,33.83,18987,Synthetic (BDI benchmark)
2025-06-03,USA_DHA_PAN,Panamax,Coal,33.49,13624,Synthetic (BDI benchmark)
2025-06-03,USA_DHA_CAP,Capesize,Coal,30.17,18989,Synthetic (BDI benchmark)
2025-06-03,USA_GAN_PAN,Panamax,Coal,33.77,13142,Synthetic (BDI benchmark)
2025-06-03,USA_GAN_CAP,Capesize,Coal,33.72,15251,Synthetic (BDI benchmark)
2025-06-03,USA_GOP_PAN,Panamax,Coal,35.7,9085,Synthetic (BDI benchmark)
2025-06-03,USA_GOP_CAP,Capesize,Coal,35.8,16031,Synthetic (BDI benchmark)
2025-06-03,USA_HAL_PAN,Panamax,Coal,36.71,13381,Synthetic (BDI benchmark)
2025-06-03,USA_HAL_CAP,Capesize,Coal,35.12,19073,Synthetic (BDI benchmark)
2025-07-03,AUS_PAR_PAN,Panamax,Coal,16.07,11147,Synthetic (BDI benchmark)
2025-07-03,AUS_PAR_CAP,Capesize,Coal,16.22,15857,Synthetic (BDI benchmark)
2025-07-03,AUS_VIZ_PAN,Panamax,Coal,15.97,10741,Synthetic (BDI benchmark)
2025-07-03,AUS_VIZ_CAP,Capesize,Coal,15.65,17535,Synthetic (BDI benchmark)
2025-07-03,AUS_DHA_PAN,Panamax,Coal,18.94,9584,Synthetic (BDI benchmark)
2025-07-03,AUS_DHA_CAP,Capesize,Coal,16.0,16918,Synthetic (BDI benchmark)
2025-07-03,AUS_GAN_PAN,Panamax,Coal,16.05,12665,Synthetic (BDI benchmark)
2025-07-03,AUS_GAN_CAP,Capesize,Coal,15.47,18168,Synthetic (BDI benchmark)
2025-07-03,AUS_GOP_PAN,Panamax,Coal,15.8,13508,Synthetic (BDI benchmark)
2025-07-03,AUS_GOP_CAP,Capesize,Coal,16.08,15559,Synthetic (BDI benchmark)
2025-07-03,AUS_HAL_PAN,Panamax,Coal,15.67,14056,Synthetic (BDI benchmark)
2025-07-03,AUS_HAL_CAP,Capesize,Coal,16.65,18620,Synthetic (BDI benchmark)
2025-07-03,IND_PAR_PAN,Panamax,Coal,9.6,9014,Synthetic (BDI benchmark)
2025-07-03,IND_PAR_CAP,Capesize,Coal,9.86,15800,Synthetic (BDI benchmark)
2025-07-03,IND_VIZ_PAN,Panamax,Coal,10.44,10033,Synthetic (BDI benchmark)
2025-07-03,IND_VIZ_CAP,Capesize,Coal,9.96,18222,Synthetic (BDI benchmark)
2025-07-03,IND_DHA_PAN,Panamax,Coal,12.55,13589,Synthetic (BDI benchmark)
2025-07-03,IND_DHA_CAP,Capesize,Coal,9.47,19365,Synthetic (BDI benchmark)
2025-07-03,IND_GAN_PAN,Panamax,Coal,12.07,12460,Synthetic (BDI benchmark)
2025-07-03,IND_GAN_CAP,Capesize,Coal,9.84,16557,Synthetic (BDI benchmark)
2025-07-03,IND_GOP_PAN,Panamax,Coal,10.25,9312,Synthetic (BDI benchmark)
2025-07-03,IND_GOP_CAP,Capesize,Coal,9.01,18910,Synthetic (BDI benchmark)
2025-07-03,IND_HAL_PAN,Panamax,Coal,8.78,12593,Synthetic (BDI benchmark)
2025-07-03,IND_HAL_CAP,Capesize,Coal,10.7,16062,Synthetic (BDI benchmark)
2025-07-03,RUS_PAR_PAN,Panamax,Coal,22.99,11166,Synthetic (BDI benchmark)
2025-07-03,RUS_PAR_CAP,Capesize,Coal,20.85,16125,Synthetic (BDI benchmark)
2025-07-03,RUS_VIZ_PAN,Panamax,Coal,25.28,11249,Synthetic (BDI benchmark)
2025-07-03,RUS_VIZ_CAP,Capesize,Coal,24.48,17130,Synthetic (BDI benchmark)
2025-07-03,RUS_DHA_PAN,Panamax,Coal,23.96,11013,Synthetic (BDI benchmark)
2025-07-03,RUS_DHA_CAP,Capesize,Coal,23.1,16174,Synthetic (BDI benchmark)
2025-07-03,RUS_GAN_PAN,Panamax,Coal,25.55,10443,Synthetic (BDI benchmark)
2025-07-03,RUS_GAN_CAP,Capesize,Coal,20.4,18099,Synthetic (BDI benchmark)
2025-07-03,RUS_GOP_PAN,Panamax,Coal,23.93,10499,Synthetic (BDI benchmark)
2025-07-03,RUS_GOP_CAP,Capesize,Coal,21.16,18960,Synthetic (BDI benchmark)
2025-07-03,RUS_HAL_PAN,Panamax,Coal,24.24,10283,Synthetic (BDI benchmark)
2025-07-03,RUS_HAL_CAP,Capesize,Coal,22.13,16451,Synthetic (BDI benchmark)
2025-07-03,MOZ_PAR_PAN,Panamax,Coal,23.3,14747,Synthetic (BDI benchmark)
2025-07-03,MOZ_PAR_CAP,Capesize,Coal,19.74,15121,Synthetic (BDI benchmark)
2025-07-03,MOZ_VIZ_PAN,Panamax,Coal,21.62,12549,Synthetic (BDI benchmark)
2025-07-03,MOZ_VIZ_CAP,Capesize,Coal,21.59,16420,Synthetic (BDI benchmark)
2025-07-03,MOZ_DHA_PAN,Panamax,Coal,21.69,14495,Synthetic (BDI benchmark)
2025-07-03,MOZ_DHA_CAP,Capesize,Coal,21.09,18602,Synthetic (BDI benchmark)
2025-07-03,MOZ_GAN_PAN,Panamax,Coal,18.13,9750,Synthetic (BDI benchmark)
2025-07-03,MOZ_GAN_CAP,Capesize,Coal,22.75,18249,Synthetic (BDI benchmark)
2025-07-03,MOZ_GOP_PAN,Panamax,Coal,20.78,9700,Synthetic (BDI benchmark)
2025-07-03,MOZ_GOP_CAP,Capesize,Coal,22.35,18726,Synthetic (BDI benchmark)
2025-07-03,MOZ_HAL_PAN,Panamax,Coal,21.76,12976,Synthetic (BDI benchmark)
2025-07-03,MOZ_HAL_CAP,Capesize,Coal,17.61,18438,Synthetic (BDI benchmark)
2025-07-03,USA_PAR_PAN,Panamax,Coal,33.42,14254,Synthetic (BDI benchmark)
2025-07-03,USA_PAR_CAP,Capesize,Coal,29.19,16505,Synthetic (BDI benchmark)
2025-07-03,USA_VIZ_PAN,Panamax,Coal,32.45,14680,Synthetic (BDI benchmark)
2025-07-03,USA_VIZ_CAP,Capesize,Coal,33.71,16406,Synthetic (BDI benchmark)
2025-07-03,USA_DHA_PAN,Panamax,Coal,28.96,10256,Synthetic (BDI benchmark)
2025-07-03,USA_DHA_CAP,Capesize,Coal,31.5,15842,Synthetic (BDI benchmark)
2025-07-03,USA_GAN_PAN,Panamax,Coal,30.29,13534,Synthetic (BDI benchmark)
2025-07-03,USA_GAN_CAP,Capesize,Coal,30.77,15946,Synthetic (BDI benchmark)
2025-07-03,USA_GOP_PAN,Panamax,Coal,28.87,14124,Synthetic (BDI benchmark)
2025-07-03,USA_GOP_CAP,Capesize,Coal,31.3,17455,Synthetic (BDI benchmark)
2025-07-03,USA_HAL_PAN,Panamax,Coal,34.21,14605,Synthetic (BDI benchmark)
2025-07-03,USA_HAL_CAP,Capesize,Coal,36.26,19145,Synthetic (BDI benchmark)
2025-08-02,AUS_PAR_PAN,Panamax,Coal,19.53,10455,Synthetic (BDI benchmark)
2025-08-02,AUS_PAR_CAP,Capesize,Coal,18.09,19331,Synthetic (BDI benchmark)
2025-08-02,AUS_VIZ_PAN,Panamax,Coal,17.98,9376,Synthetic (BDI benchmark)
2025-08-02,AUS_VIZ_CAP,Capesize,Coal,15.36,16690,Synthetic (BDI benchmark)
2025-08-02,AUS_DHA_PAN,Panamax,Coal,18.15,14781,Synthetic (BDI benchmark)
2025-08-02,AUS_DHA_CAP,Capesize,Coal,18.31,19014,Synthetic (BDI benchmark)
2025-08-02,AUS_GAN_PAN,Panamax,Coal,14.56,11223,Synthetic (BDI benchmark)
2025-08-02,AUS_GAN_CAP,Capesize,Coal,14.39,15501,Synthetic (BDI benchmark)
2025-08-02,AUS_GOP_PAN,Panamax,Coal,15.8,13850,Synthetic (BDI benchmark)
2025-08-02,AUS_GOP_CAP,Capesize,Coal,15.23,18195,Synthetic (BDI benchmark)
2025-08-02,AUS_HAL_PAN,Panamax,Coal,19.03,11309,Synthetic (BDI benchmark)
2025-08-02,AUS_HAL_CAP,Capesize,Coal,15.41,16238,Synthetic (BDI benchmark)
2025-08-02,IND_PAR_PAN,Panamax,Coal,11.58,11604,Synthetic (BDI benchmark)
2025-08-02,IND_PAR_CAP,Capesize,Coal,10.31,16205,Synthetic (BDI benchmark)
2025-08-02,IND_VIZ_PAN,Panamax,Coal,11.25,13580,Synthetic (BDI benchmark)
2025-08-02,IND_VIZ_CAP,Capesize,Coal,11.66,19713,Synthetic (BDI benchmark)
2025-08-02,IND_DHA_PAN,Panamax,Coal,11.55,12793,Synthetic (BDI benchmark)
2025-08-02,IND_DHA_CAP,Capesize,Coal,9.65,17535,Synthetic (BDI benchmark)
2025-08-02,IND_GAN_PAN,Panamax,Coal,13.01,12668,Synthetic (BDI benchmark)
2025-08-02,IND_GAN_CAP,Capesize,Coal,10.6,15381,Synthetic (BDI benchmark)
2025-08-02,IND_GOP_PAN,Panamax,Coal,12.33,9152,Synthetic (BDI benchmark)
2025-08-02,IND_GOP_CAP,Capesize,Coal,10.41,19285,Synthetic (BDI benchmark)
2025-08-02,IND_HAL_PAN,Panamax,Coal,10.64,14689,Synthetic (BDI benchmark)
2025-08-02,IND_HAL_CAP,Capesize,Coal,9.48,19612,Synthetic (BDI benchmark)
2025-08-02,RUS_PAR_PAN,Panamax,Coal,22.13,10521,Synthetic (BDI benchmark)
2025-08-02,RUS_PAR_CAP,Capesize,Coal,24.17,18275,Synthetic (BDI benchmark)
2025-08-02,RUS_VIZ_PAN,Panamax,Coal,23.1,12490,Synthetic (BDI benchmark)
2025-08-02,RUS_VIZ_CAP,Capesize,Coal,22.54,17038,Synthetic (BDI benchmark)
2025-08-02,RUS_DHA_PAN,Panamax,Coal,24.15,12867,Synthetic (BDI benchmark)
2025-08-02,RUS_DHA_CAP,Capesize,Coal,22.7,18879,Synthetic (BDI benchmark)
2025-08-02,RUS_GAN_PAN,Panamax,Coal,18.08,11459,Synthetic (BDI benchmark)
2025-08-02,RUS_GAN_CAP,Capesize,Coal,21.97,19211,Synthetic (BDI benchmark)
2025-08-02,RUS_GOP_PAN,Panamax,Coal,21.77,11369,Synthetic (BDI benchmark)
2025-08-02,RUS_GOP_CAP,Capesize,Coal,19.22,15718,Synthetic (BDI benchmark)
2025-08-02,RUS_HAL_PAN,Panamax,Coal,21.3,13873,Synthetic (BDI benchmark)
2025-08-02,RUS_HAL_CAP,Capesize,Coal,20.94,18810,Synthetic (BDI benchmark)
2025-08-02,MOZ_PAR_PAN,Panamax,Coal,21.72,9916,Synthetic (BDI benchmark)
2025-08-02,MOZ_PAR_CAP,Capesize,Coal,21.36,19223,Synthetic (BDI benchmark)
2025-08-02,MOZ_VIZ_PAN,Panamax,Coal,22.0,9036,Synthetic (BDI benchmark)
2025-08-02,MOZ_VIZ_CAP,Capesize,Coal,19.42,19075,Synthetic (BDI benchmark)
2025-08-02,MOZ_DHA_PAN,Panamax,Coal,18.34,14918,Synthetic (BDI benchmark)
2025-08-02,MOZ_DHA_CAP,Capesize,Coal,23.46,15407,Synthetic (BDI benchmark)
2025-08-02,MOZ_GAN_PAN,Panamax,Coal,23.14,10150,Synthetic (BDI benchmark)
2025-08-02,MOZ_GAN_CAP,Capesize,Coal,20.73,15972,Synthetic (BDI benchmark)
2025-08-02,MOZ_GOP_PAN,Panamax,Coal,19.46,10291,Synthetic (BDI benchmark)
2025-08-02,MOZ_GOP_CAP,Capesize,Coal,20.33,18699,Synthetic (BDI benchmark)
2025-08-02,MOZ_HAL_PAN,Panamax,Coal,19.06,13327,Synthetic (BDI benchmark)
2025-08-02,MOZ_HAL_CAP,Capesize,Coal,20.22,18636,Synthetic (BDI benchmark)
2025-08-02,USA_PAR_PAN,Panamax,Coal,28.33,14315,Synthetic (BDI benchmark)
2025-08-02,USA_PAR_CAP,Capesize,Coal,34.74,16012,Synthetic (BDI benchmark)
2025-08-02,USA_VIZ_PAN,Panamax,Coal,35.73,11368,Synthetic (BDI benchmark)
2025-08-02,USA_VIZ_CAP,Capesize,Coal,30.48,18048,Synthetic (BDI benchmark)
2025-08-02,USA_DHA_PAN,Panamax,Coal,30.23,11858,Synthetic (BDI benchmark)
2025-08-02,USA_DHA_CAP,Capesize,Coal,30.55,19400,Synthetic (BDI benchmark)
2025-08-02,USA_GAN_PAN,Panamax,Coal,30.83,9233,Synthetic (BDI benchmark)
2025-08-02,USA_GAN_CAP,Capesize,Coal,31.1,18472,Synthetic (BDI benchmark)
2025-08-02,USA_GOP_PAN,Panamax,Coal,30.86,11259,Synthetic (BDI benchmark)
2025-08-02,USA_GOP_CAP,Capesize,Coal,28.32,15764,Synthetic (BDI benchmark)
2025-08-02,USA_HAL_PAN,Panamax,Coal,27.73,10669,Synthetic (BDI benchmark)
2025-08-02,USA_HAL_CAP,Capesize,Coal,31.25,19476,Synthetic (BDI benchmark)
2025-09-01,AUS_PAR_PAN,Panamax,Coal,15.05,10639,Synthetic (BDI benchmark)
2025-09-01,AUS_PAR_CAP,Capesize,Coal,16.15,17152,Synthetic (BDI benchmark)
2025-09-01,AUS_VIZ_PAN,Panamax,Coal,15.08,9018,Synthetic (BDI benchmark)
2025-09-01,AUS_VIZ_CAP,Capesize,Coal,16.0,15570,Synthetic (BDI benchmark)
2025-09-01,AUS_DHA_PAN,Panamax,Coal,16.36,12006,Synthetic (BDI benchmark)
2025-09-01,AUS_DHA_CAP,Capesize,Coal,14.46,15477,Synthetic (BDI benchmark)
2025-09-01,AUS_GAN_PAN,Panamax,Coal,15.27,10207,Synthetic (BDI benchmark)
2025-09-01,AUS_GAN_CAP,Capesize,Coal,15.4,17265,Synthetic (BDI benchmark)
2025-09-01,AUS_GOP_PAN,Panamax,Coal,15.72,10457,Synthetic (BDI benchmark)
2025-09-01,AUS_GOP_CAP,Capesize,Coal,15.94,15790,Synthetic (BDI benchmark)
2025-09-01,AUS_HAL_PAN,Panamax,Coal,17.25,11171,Synthetic (BDI benchmark)
2025-09-01,AUS_HAL_CAP,Capesize,Coal,16.12,15827,Synthetic (BDI benchmark)
2025-09-01,IND_PAR_PAN,Panamax,Coal,11.79,12834,Synthetic (BDI benchmark)
2025-09-01,IND_PAR_CAP,Capesize,Coal,10.21,19302,Synthetic (BDI benchmark)
2025-09-01,IND_VIZ_PAN,Panamax,Coal,10.19,11166,Synthetic (BDI benchmark)
2025-09-01,IND_VIZ_CAP,Capesize,Coal,9.17,15434,Synthetic (BDI benchmark)
2025-09-01,IND_DHA_PAN,Panamax,Coal,10.93,9896,Synthetic (BDI benchmark)
2025-09-01,IND_DHA_CAP,Capesize,Coal,11.05,17506,Synthetic (BDI benchmark)
2025-09-01,IND_GAN_PAN,Panamax,Coal,11.53,10228,Synthetic (BDI benchmark)
2025-09-01,IND_GAN_CAP,Capesize,Coal,12.68,16444,Synthetic (BDI benchmark)
2025-09-01,IND_GOP_PAN,Panamax,Coal,10.86,13815,Synthetic (BDI benchmark)
2025-09-01,IND_GOP_CAP,Capesize,Coal,9.31,18351,Synthetic (BDI benchmark)
2025-09-01,IND_HAL_PAN,Panamax,Coal,11.6,12646,Synthetic (BDI benchmark)
2025-09-01,IND_HAL_CAP,Capesize,Coal,10.73,17499,Synthetic (BDI benchmark)
2025-09-01,RUS_PAR_PAN,Panamax,Coal,22.24,14265,Synthetic (BDI benchmark)
2025-09-01,RUS_PAR_CAP,Capesize,Coal,21.9,19974,Synthetic (BDI benchmark)
2025-09-01,RUS_VIZ_PAN,Panamax,Coal,23.73,10018,Synthetic (BDI benchmark)
2025-09-01,RUS_VIZ_CAP,Capesize,Coal,22.73,16260,Synthetic (BDI benchmark)
2025-09-01,RUS_DHA_PAN,Panamax,Coal,23.35,14754,Synthetic (BDI benchmark)
2025-09-01,RUS_DHA_CAP,Capesize,Coal,23.63,15623,Synthetic (BDI benchmark)
2025-09-01,RUS_GAN_PAN,Panamax,Coal,22.5,10045,Synthetic (BDI benchmark)
2025-09-01,RUS_GAN_CAP,Capesize,Coal,25.83,15127,Synthetic (BDI benchmark)
2025-09-01,RUS_GOP_PAN,Panamax,Coal,22.25,13701,Synthetic (BDI benchmark)
2025-09-01,RUS_GOP_CAP,Capesize,Coal,20.6,18928,Synthetic (BDI benchmark)
2025-09-01,RUS_HAL_PAN,Panamax,Coal,18.83,9412,Synthetic (BDI benchmark)
2025-09-01,RUS_HAL_CAP,Capesize,Coal,23.45,15903,Synthetic (BDI benchmark)
2025-09-01,MOZ_PAR_PAN,Panamax,Coal,22.65,9468,Synthetic (BDI benchmark)
2025-09-01,MOZ_PAR_CAP,Capesize,Coal,23.61,16495,Synthetic (BDI benchmark)
2025-09-01,MOZ_VIZ_PAN,Panamax,Coal,22.05,12760,Synthetic (BDI benchmark)
2025-09-01,MOZ_VIZ_CAP,Capesize,Coal,20.78,19517,Synthetic (BDI benchmark)
2025-09-01,MOZ_DHA_PAN,Panamax,Coal,18.7,12925,Synthetic (BDI benchmark)
2025-09-01,MOZ_DHA_CAP,Capesize,Coal,23.76,16991,Synthetic (BDI benchmark)
2025-09-01,MOZ_GAN_PAN,Panamax,Coal,18.75,10915,Synthetic (BDI benchmark)
2025-09-01,MOZ_GAN_CAP,Capesize,Coal,18.39,18252,Synthetic (BDI benchmark)
2025-09-01,MOZ_GOP_PAN,Panamax,Coal,23.27,10020,Synthetic (BDI benchmark)
2025-09-01,MOZ_GOP_CAP,Capesize,Coal,22.33,17290,Synthetic (BDI benchmark)
2025-09-01,MOZ_HAL_PAN,Panamax,Coal,21.57,9896,Synthetic (BDI benchmark)
2025-09-01,MOZ_HAL_CAP,Capesize,Coal,23.58,18227,Synthetic (BDI benchmark)
2025-09-01,USA_PAR_PAN,Panamax,Coal,35.19,9839,Synthetic (BDI benchmark)
2025-09-01,USA_PAR_CAP,Capesize,Coal,35.77,18191,Synthetic (BDI benchmark)
2025-09-01,USA_VIZ_PAN,Panamax,Coal,29.17,10646,Synthetic (BDI benchmark)
2025-09-01,USA_VIZ_CAP,Capesize,Coal,31.74,18693,Synthetic (BDI benchmark)
2025-09-01,USA_DHA_PAN,Panamax,Coal,35.01,10790,Synthetic (BDI benchmark)
2025-09-01,USA_DHA_CAP,Capesize,Coal,36.15,17307,Synthetic (BDI benchmark)
2025-09-01,USA_GAN_PAN,Panamax,Coal,29.09,12963,Synthetic (BDI benchmark)
2025-09-01,USA_GAN_CAP,Capesize,Coal,30.73,19298,Synthetic (BDI benchmark)
2025-09-01,USA_GOP_PAN,Panamax,Coal,31.5,14872,Synthetic (BDI benchmark)
2025-09-01,USA_GOP_CAP,Capesize,Coal,31.06,18176,Synthetic (BDI benchmark)
2025-09-01,USA_HAL_PAN,Panamax,Coal,29.77,13094,Synthetic (BDI benchmark)
2025-09-01,USA_HAL_CAP,Capesize,Coal,33.9,19587,Synthetic (BDI benchmark)
2025-10-01,AUS_PAR_PAN,Panamax,Coal,16.08,10557,Synthetic (BDI benchmark)
2025-10-01,AUS_PAR_CAP,Capesize,Coal,13.88,16239,Synthetic (BDI benchmark)
2025-10-01,AUS_VIZ_PAN,Panamax,Coal,19.44,12986,Synthetic (BDI benchmark)
2025-10-01,AUS_VIZ_CAP,Capesize,Coal,15.28,15425,Synthetic (BDI benchmark)
2025-10-01,AUS_DHA_PAN,Panamax,Coal,17.65,9343,Synthetic (BDI benchmark)
2025-10-01,AUS_DHA_CAP,Capesize,Coal,15.79,16860,Synthetic (BDI benchmark)
2025-10-01,AUS_GAN_PAN,Panamax,Coal,19.24,12250,Synthetic (BDI benchmark)
2025-10-01,AUS_GAN_CAP,Capesize,Coal,18.04,18077,Synthetic (BDI benchmark)
2025-10-01,AUS_GOP_PAN,Panamax,Coal,16.11,9895,Synthetic (BDI benchmark)
2025-10-01,AUS_GOP_CAP,Capesize,Coal,16.57,16720,Synthetic (BDI benchmark)
2025-10-01,AUS_HAL_PAN,Panamax,Coal,17.87,11311,Synthetic (BDI benchmark)
2025-10-01,AUS_HAL_CAP,Capesize,Coal,17.28,18561,Synthetic (BDI benchmark)
2025-10-01,IND_PAR_PAN,Panamax,Coal,9.52,10522,Synthetic (BDI benchmark)
2025-10-01,IND_PAR_CAP,Capesize,Coal,10.44,15039,Synthetic (BDI benchmark)
2025-10-01,IND_VIZ_PAN,Panamax,Coal,9.96,13212,Synthetic (BDI benchmark)
2025-10-01,IND_VIZ_CAP,Capesize,Coal,9.82,15748,Synthetic (BDI benchmark)
2025-10-01,IND_DHA_PAN,Panamax,Coal,8.42,11953,Synthetic (BDI benchmark)
2025-10-01,IND_DHA_CAP,Capesize,Coal,12.53,17076,Synthetic (BDI benchmark)
2025-10-01,IND_GAN_PAN,Panamax,Coal,9.7,10270,Synthetic (BDI benchmark)
2025-10-01,IND_GAN_CAP,Capesize,Coal,9.19,17699,Synthetic (BDI benchmark)
2025-10-01,IND_GOP_PAN,Panamax,Coal,10.57,14876,Synthetic (BDI benchmark)
2025-10-01,IND_GOP_CAP,Capesize,Coal,9.53,19588,Synthetic (BDI benchmark)
2025-10-01,IND_HAL_PAN,Panamax,Coal,11.25,13608,Synthetic (BDI benchmark)
2025-10-01,IND_HAL_CAP,Capesize,Coal,9.64,19300,Synthetic (BDI benchmark)
2025-10-01,RUS_PAR_PAN,Panamax,Coal,22.8,10075,Synthetic (BDI benchmark)
2025-10-01,RUS_PAR_CAP,Capesize,Coal,22.52,15848,Synthetic (BDI benchmark)
2025-10-01,RUS_VIZ_PAN,Panamax,Coal,24.82,13841,Synthetic (BDI benchmark)
2025-10-01,RUS_VIZ_CAP,Capesize,Coal,21.0,15522,Synthetic (BDI benchmark)
2025-10-01,RUS_DHA_PAN,Panamax,Coal,22.35,9326,Synthetic (BDI benchmark)
2025-10-01,RUS_DHA_CAP,Capesize,Coal,22.72,19602,Synthetic (BDI benchmark)
2025-10-01,RUS_GAN_PAN,Panamax,Coal,21.63,14354,Synthetic (BDI benchmark)
2025-10-01,RUS_GAN_CAP,Capesize,Coal,22.59,18754,Synthetic (BDI benchmark)
2025-10-01,RUS_GOP_PAN,Panamax,Coal,23.68,12928,Synthetic (BDI benchmark)
2025-10-01,RUS_GOP_CAP,Capesize,Coal,20.19,18385,Synthetic (BDI benchmark)
2025-10-01,RUS_HAL_PAN,Panamax,Coal,21.45,12252,Synthetic (BDI benchmark)
2025-10-01,RUS_HAL_CAP,Capesize,Coal,25.2,15417,Synthetic (BDI benchmark)
2025-10-01,MOZ_PAR_PAN,Panamax,Coal,21.12,12115,Synthetic (BDI benchmark)
2025-10-01,MOZ_PAR_CAP,Capesize,Coal,17.84,18799,Synthetic (BDI benchmark)
2025-10-01,MOZ_VIZ_PAN,Panamax,Coal,22.29,10361,Synthetic (BDI benchmark)
2025-10-01,MOZ_VIZ_CAP,Capesize,Coal,24.06,17897,Synthetic (BDI benchmark)
2025-10-01,MOZ_DHA_PAN,Panamax,Coal,20.62,12959,Synthetic (BDI benchmark)
2025-10-01,MOZ_DHA_CAP,Capesize,Coal,21.64,16819,Synthetic (BDI benchmark)
2025-10-01,MOZ_GAN_PAN,Panamax,Coal,23.23,11035,Synthetic (BDI benchmark)
2025-10-01,MOZ_GAN_CAP,Capesize,Coal,22.93,17831,Synthetic (BDI benchmark)
2025-10-01,MOZ_GOP_PAN,Panamax,Coal,21.19,10806,Synthetic (BDI benchmark)
2025-10-01,MOZ_GOP_CAP,Capesize,Coal,23.11,16909,Synthetic (BDI benchmark)
2025-10-01,MOZ_HAL_PAN,Panamax,Coal,18.11,11640,Synthetic (BDI benchmark)
2025-10-01,MOZ_HAL_CAP,Capesize,Coal,20.6,16329,Synthetic (BDI benchmark)
2025-10-01,USA_PAR_PAN,Panamax,Coal,34.16,13257,Synthetic (BDI benchmark)
2025-10-01,USA_PAR_CAP,Capesize,Coal,32.61,19607,Synthetic (BDI benchmark)
2025-10-01,USA_VIZ_PAN,Panamax,Coal,32.35,10739,Synthetic (BDI benchmark)
2025-10-01,USA_VIZ_CAP,Capesize,Coal,35.83,15460,Synthetic (BDI benchmark)
2025-10-01,USA_DHA_PAN,Panamax,Coal,29.72,9076,Synthetic (BDI benchmark)
2025-10-01,USA_DHA_CAP,Capesize,Coal,36.48,19748,Synthetic (BDI benchmark)
2025-10-01,USA_GAN_PAN,Panamax,Coal,33.43,14873,Synthetic (BDI benchmark)
2025-10-01,USA_GAN_CAP,Capesize,Coal,34.13,15348,Synthetic (BDI benchmark)
2025-10-01,USA_GOP_PAN,Panamax,Coal,31.05,12802,Synthetic (BDI benchmark)
2025-10-01,USA_GOP_CAP,Capesize,Coal,34.26,19762,Synthetic (BDI benchmark)
2025-10-01,USA_HAL_PAN,Panamax,Coal,30.88,11540,Synthetic (BDI benchmark)
2025-10-01,USA_HAL_CAP,Capesize,Coal,31.56,15800,Synthetic (BDI benchmark)
2025-10-31,AUS_PAR_PAN,Panamax,Coal,15.62,14581,Synthetic (BDI benchmark)
2025-10-31,AUS_PAR_CAP,Capesize,Coal,17.43,18114,Synthetic (BDI benchmark)
2025-10-31,AUS_VIZ_PAN,Panamax,Coal,17.46,13285,Synthetic (BDI benchmark)
2025-10-31,AUS_VIZ_CAP,Capesize,Coal,16.4,19851,Synthetic (BDI benchmark)
2025-10-31,AUS_DHA_PAN,Panamax,Coal,16.47,9304,Synthetic (BDI benchmark)
2025-10-31,AUS_DHA_CAP,Capesize,Coal,18.33,15986,Synthetic (BDI benchmark)
2025-10-31,AUS_GAN_PAN,Panamax,Coal,15.2,14893,Synthetic (BDI benchmark)
2025-10-31,AUS_GAN_CAP,Capesize,Coal,14.79,17498,Synthetic (BDI benchmark)
2025-10-31,AUS_GOP_PAN,Panamax,Coal,18.06,13845,Synthetic (BDI benchmark)
2025-10-31,AUS_GOP_CAP,Capesize,Coal,15.42,15365,Synthetic (BDI benchmark)
2025-10-31,AUS_HAL_PAN,Panamax,Coal,18.39,14691,Synthetic (BDI benchmark)
2025-10-31,AUS_HAL_CAP,Capesize,Coal,19.43,17256,Synthetic (BDI benchmark)
2025-10-31,IND_PAR_PAN,Panamax,Coal,12.35,12339,Synthetic (BDI benchmark)
2025-10-31,IND_PAR_CAP,Capesize,Coal,8.6,17168,Synthetic (BDI benchmark)
2025-10-31,IND_VIZ_PAN,Panamax,Coal,9.64,13763,Synthetic (BDI benchmark)
2025-10-31,IND_VIZ_CAP,Capesize,Coal,12.68,18506,Synthetic (BDI benchmark)
2025-10-31,IND_DHA_PAN,Panamax,Coal,10.35,10606,Synthetic (BDI benchmark)
2025-10-31,IND_DHA_CAP,Capesize,Coal,11.07,15061,Synthetic (BDI benchmark)
2025-10-31,IND_GAN_PAN,Panamax,Coal,9.94,13518,Synthetic (BDI benchmark)
2025-10-31,IND_GAN_CAP,Capesize,Coal,11.99,16874,Synthetic (BDI benchmark)
2025-10-31,IND_GOP_PAN,Panamax,Coal,11.37,10628,Synthetic (BDI benchmark)
2025-10-31,IND_GOP_CAP,Capesize,Coal,10.04,17938,Synthetic (BDI benchmark)
2025-10-31,IND_HAL_PAN,Panamax,Coal,11.16,10422,Synthetic (BDI benchmark)
2025-10-31,IND_HAL_CAP,Capesize,Coal,9.62,16542,Synthetic (BDI benchmark)
2025-10-31,RUS_PAR_PAN,Panamax,Coal,22.09,13181,Synthetic (BDI benchmark)
2025-10-31,RUS_PAR_CAP,Capesize,Coal,23.23,17232,Synthetic (BDI benchmark)
2025-10-31,RUS_VIZ_PAN,Panamax,Coal,21.59,10816,Synthetic (BDI benchmark)
2025-10-31,RUS_VIZ_CAP,Capesize,Coal,21.68,18944,Synthetic (BDI benchmark)
2025-10-31,RUS_DHA_PAN,Panamax,Coal,21.46,11902,Synthetic (BDI benchmark)
2025-10-31,RUS_DHA_CAP,Capesize,Coal,21.62,17591,Synthetic (BDI benchmark)
2025-10-31,RUS_GAN_PAN,Panamax,Coal,20.85,11072,Synthetic (BDI benchmark)
2025-10-31,RUS_GAN_CAP,Capesize,Coal,21.63,15687,Synthetic (BDI benchmark)
2025-10-31,RUS_GOP_PAN,Panamax,Coal,24.99,10027,Synthetic (BDI benchmark)
2025-10-31,RUS_GOP_CAP,Capesize,Coal,23.69,15667,Synthetic (BDI benchmark)
2025-10-31,RUS_HAL_PAN,Panamax,Coal,24.95,9026,Synthetic (BDI benchmark)
2025-10-31,RUS_HAL_CAP,Capesize,Coal,23.39,17333,Synthetic (BDI benchmark)
2025-10-31,MOZ_PAR_PAN,Panamax,Coal,21.24,11829,Synthetic (BDI benchmark)
2025-10-31,MOZ_PAR_CAP,Capesize,Coal,21.9,19010,Synthetic (BDI benchmark)
2025-10-31,MOZ_VIZ_PAN,Panamax,Coal,20.23,12344,Synthetic (BDI benchmark)
2025-10-31,MOZ_VIZ_CAP,Capesize,Coal,18.04,17958,Synthetic (BDI benchmark)
2025-10-31,MOZ_DHA_PAN,Panamax,Coal,21.75,13861,Synthetic (BDI benchmark)
2025-10-31,MOZ_DHA_CAP,Capesize,Coal,24.05,19895,Synthetic (BDI benchmark)
2025-10-31,MOZ_GAN_PAN,Panamax,Coal,22.41,12838,Synthetic (BDI benchmark)
2025-10-31,MOZ_GAN_CAP,Capesize,Coal,23.59,17312,Synthetic (BDI benchmark)
2025-10-31,MOZ_GOP_PAN,Panamax,Coal,19.74,10163,Synthetic (BDI benchmark)
2025-10-31,MOZ_GOP_CAP,Capesize,Coal,23.85,18621,Synthetic (BDI benchmark)
2025-10-31,MOZ_HAL_PAN,Panamax,Coal,20.39,13813,Synthetic (BDI benchmark)
2025-10-31,MOZ_HAL_CAP,Capesize,Coal,18.35,17190,Synthetic (BDI benchmark)
2025-10-31,USA_PAR_PAN,Panamax,Coal,32.07,14880,Synthetic (BDI benchmark)
2025-10-31,USA_PAR_CAP,Capesize,Coal,35.39,15025,Synthetic (BDI benchmark)
2025-10-31,USA_VIZ_PAN,Panamax,Coal,33.59,13897,Synthetic (BDI benchmark)
2025-10-31,USA_VIZ_CAP,Capesize,Coal,35.09,16340,Synthetic (BDI benchmark)
2025-10-31,USA_DHA_PAN,Panamax,Coal,30.06,13490,Synthetic (BDI benchmark)
2025-10-31,USA_DHA_CAP,Capesize,Coal,37.81,19123,Synthetic (BDI benchmark)
2025-10-31,USA_GAN_PAN,Panamax,Coal,28.09,12862,Synthetic (BDI benchmark)
2025-10-31,USA_GAN_CAP,Capesize,Coal,31.94,19506,Synthetic (BDI benchmark)
2025-10-31,USA_GOP_PAN,Panamax,Coal,31.71,12997,Synthetic (BDI benchmark)
2025-10-31,USA_GOP_CAP,Capesize,Coal,35.03,16280,Synthetic (BDI benchmark)
2025-10-31,USA_HAL_PAN,Panamax,Coal,30.44,10489,Synthetic (BDI benchmark)
2025-10-31,USA_HAL_CAP,Capesize,Coal,28.23,19287,Synthetic (BDI benchmark)
