timestamp,imo,latitude,longitude,speed,heading,destination,draft
2019-12-23 10:19,9264511,20.0671,86.2562,10.6,55,Dhamra,13.9
2019-12-24 02:19,9264511,20.9832,86.8522,11.2,174,Dhamra,13.9
2019-12-24 10:47,9264511,20.7345,86.8668,0.2,0,Dhamra,14.0
2019-12-25 11:23,9264511,20.7942,86.9318,0.0,193,Dhamra,13.4
2019-12-26 08:02,9264511,20.7759,86.9146,0.0,22,Dhamra,13.5
2019-12-26 04:45,9367188,20.2108,87.3808,9.1,220,Dhamra,13.4
2019-12-26 20:45,9367188,20.6581,87.0969,12.1,175,Dhamra,13.3
2019-12-27 06:11,9367188,20.8797,86.9583,0.5,161,Dhamra,12.6
2019-12-28 07:59,9367188,20.799,86.9225,0.0,222,Dhamra,13.8
2019-12-29 02:42,9367188,20.7888,86.9234,0.0,248,Dhamra,13.7
2020-01-07 07:46,9952378,20.6545,86.9328,12.4,330,Dhamra,12.9
2020-01-07 23:46,9952378,20.9541,87.1373,11.6,87,Dhamra,13.1
2020-01-08 09:25,9952378,20.8985,86.9836,0.3,172,Dhamra,12.6
2020-01-09 06:55,9952378,20.7867,86.93,0.0,186,Dhamra,13.3
2020-01-10 02:18,9952378,20.7774,86.9059,0.0,272,Dhamra,13.7
2020-01-25 09:29,9367188,21.3018,86.2123,10.2,253,Dhamra,13.9
2020-01-26 01:29,9367188,20.8526,86.7745,10.9,90,Dhamra,12.8
2020-01-26 11:05,9367188,20.7469,86.9051,0.0,233,Dhamra,12.9
2020-01-27 15:15,9367188,20.7736,86.9108,0.0,139,Dhamra,14.0
2020-01-28 11:54,9367188,20.7887,86.8967,0.0,316,Dhamra,13.3
2020-02-02 01:06,9367188,20.5514,86.2588,10.7,4,Dhamra,13.7
2020-02-02 17:06,9367188,20.7179,86.9415,11.5,14,Dhamra,14.0
2020-02-03 01:53,9367188,20.7751,86.9919,0.3,178,Dhamra,12.6
2020-02-04 05:55,9367188,20.7887,86.9033,0.0,214,Dhamra,13.3
2020-02-04 23:58,9367188,20.7981,86.9025,0.0,342,Dhamra,13.5
2020-02-07 16:00,9462030,20.1087,87.523,9.2,265,Dhamra,13.3
2020-02-08 08:00,9462030,20.6799,87.1374,12.1,149,Dhamra,13.9
2020-02-08 17:10,9462030,20.6712,87.0592,0.4,322,Dhamra,13.0
2020-02-09 05:46,9462030,20.763,86.9891,0.4,10,Dhamra,13.3
2020-02-10 01:37,9462030,20.7981,86.9263,0.0,342,Dhamra,13.8
2020-02-10 19:04,9462030,20.7805,86.9277,0.0,81,Dhamra,13.9
2020-02-05 11:18,9174447,21.3775,86.9403,9.5,256,Dhamra,12.8
2020-02-06 03:18,9174447,20.904,86.77,11.3,47,Dhamra,13.1
2020-02-06 12:49,9174447,20.6943,86.8633,0.3,256,Dhamra,12.8
2020-02-07 06:01,9174447,20.7712,86.9047,0.0,8,Dhamra,13.5
2020-02-07 23:28,9174447,20.7859,86.9001,0.0,162,Dhamra,13.5
2020-03-08 22:23,9260565,20.8706,86.3302,12.6,273,Dhamra,13.0
2020-03-09 14:23,9260565,20.9976,86.9126,10.6,14,Dhamra,13.1
2020-03-10 00:52,9260565,20.8067,86.9125,0.3,114,Dhamra,14.0
2020-03-10 21:00,9260565,20.8003,86.9211,0.0,3,Dhamra,14.1
2020-03-11 15:39,9260565,20.7949,86.9211,0.0,253,Dhamra,13.7
2020-03-09 06:48,9096672,20.9187,87.2227,10.4,235,Dhamra,17.0
2020-03-09 22:48,9096672,20.8734,86.8744,10.4,229,Dhamra,17.0
2020-03-10 09:03,9096672,20.8794,86.8209,0.8,31,Dhamra,17.9
2020-03-10 19:55,9096672,20.7129,87.044,0.7,192,Dhamra,17.1
2020-03-11 23:22,9096672,20.8002,86.9016,0.0,135,Dhamra,17.7
2020-03-13 12:13,9096672,20.7875,86.8989,0.0,194,Dhamra,17.3
2020-02-21 01:36,9686782,20.6048,86.2886,11.3,166,Dhamra,13.3
2020-02-21 17:36,9686782,20.7542,87.0985,11.3,176,Dhamra,13.3
2020-02-22 03:40,9686782,20.7836,87.0383,0.2,24,Dhamra,13.2
2020-02-23 07:13,9686782,20.7641,86.9231,0.0,67,Dhamra,14.0
2020-02-24 00:58,9686782,20.765,86.9366,0.0,72,Dhamra,13.9
2020-03-26 20:39,9686782,20.5749,87.6235,11.4,16,Dhamra,13.6
2020-03-27 12:39,9686782,20.9964,87.1234,12.1,147,Dhamra,14.0
2020-03-27 23:21,9686782,20.6375,86.9857,0.2,32,Dhamra,14.2
2020-03-28 09:30,9686782,20.9319,86.874,0.0,6,Dhamra,13.7
2020-03-29 13:36,9686782,20.7699,86.8986,0.0,268,Dhamra,13.8
2020-03-30 07:47,9686782,20.7928,86.9179,0.0,99,Dhamra,13.9
2020-03-26 07:34,9463594,21.3684,86.8645,10.1,47,Dhamra,12.7
2020-03-26 23:34,9463594,20.8435,86.9473,12.2,266,Dhamra,13.9
2020-03-27 07:46,9463594,20.9151,86.8886,0.6,56,Dhamra,12.7
2020-03-28 07:48,9463594,20.7806,86.9229,0.0,264,Dhamra,13.5
2020-03-29 01:01,9463594,20.783,86.9045,0.0,108,Dhamra,14.0
2020-03-28 11:57,9096672,21.5391,86.5079,9.8,206,Dhamra,18.1
2020-03-29 03:57,9096672,20.5225,87.0,11.2,21,Dhamra,18.1
2020-03-29 12:41,9096672,20.8993,87.0226,0.6,95,Dhamra,16.9
2020-03-30 21:05,9096672,20.7746,86.9224,0.0,166,Dhamra,17.5
2020-04-01 09:30,9096672,20.7643,86.9112,0.0,78,Dhamra,17.7
2020-03-28 09:31,9151262,20.6462,86.9336,12.7,200,Dhamra,13.3
2020-03-29 01:31,9151262,20.7247,87.1747,11.0,21,Dhamra,12.9
2020-03-29 10:56,9151262,20.8494,86.7988,0.1,180,Dhamra,13.3
2020-03-29 21:34,9151262,20.7896,86.8533,0.2,24,Dhamra,12.7
2020-03-31 02:49,9151262,20.7965,86.9268,0.0,303,Dhamra,13.7
2020-03-31 22:19,9151262,20.7927,86.9279,0.0,105,Dhamra,13.9
2020-05-02 17:24,9192002,20.271,86.3185,10.9,2,Dhamra,13.1
2020-05-03 09:24,9192002,20.9401,86.8266,9.4,112,Dhamra,13.5
2020-05-03 20:12,9192002,20.8317,86.7846,0.1,236,Dhamra,13.9
2020-05-04 18:02,9192002,20.7687,86.8983,0.0,225,Dhamra,14.3
2020-05-05 13:57,9192002,20.7961,86.9294,0.0,120,Dhamra,14.1
2020-05-07 05:16,9367188,20.5296,86.3455,11.7,149,Dhamra,13.1
2020-05-07 21:16,9367188,20.7303,87.0697,12.3,29,Dhamra,13.4
2020-05-08 05:35,9367188,20.7082,86.837,0.4,0,Dhamra,13.7
2020-05-08 19:04,9367188,20.8635,87.0246,0.7,134,Dhamra,13.9
2020-05-09 18:19,9367188,20.8024,86.9189,0.0,189,Dhamra,13.7
2020-05-10 14:00,9367188,20.7972,86.9318,0.0,308,Dhamra,13.5
2020-05-07 20:13,9192002,20.4849,87.4633,12.2,259,Dhamra,14.0
2020-05-08 12:13,9192002,20.8615,86.6926,11.9,312,Dhamra,13.3
2020-05-08 22:47,9192002,20.8533,87.0537,0.4,204,Dhamra,13.8
2020-05-09 08:25,9192002,20.6949,86.8742,0.6,145,Dhamra,13.8
2020-05-10 05:56,9192002,20.7854,86.9185,0.0,198,Dhamra,13.6
2020-05-11 01:29,9192002,20.7924,86.9273,0.0,320,Dhamra,14.1
2020-06-01 00:45,9462030,21.2315,86.7015,9.4,309,Dhamra,12.9
2020-06-01 16:45,9462030,20.5813,87.1377,10.4,130,Dhamra,13.3
2020-06-02 01:30,9462030,20.6611,86.8447,0.6,61,Dhamra,13.7
2020-06-03 01:58,9462030,20.7681,86.9334,0.0,146,Dhamra,14.1
2020-06-03 20:37,9462030,20.7888,86.9272,0.0,336,Dhamra,13.7
2020-05-19 10:14,9490456,21.5141,86.1253,12.4,317,Dhamra,16.6
2020-05-20 02:14,9490456,20.9259,87.0966,12.3,183,Dhamra,18.1
2020-05-20 10:46,9490456,20.9046,86.8829,0.3,122,Dhamra,18.0
2020-05-21 17:41,9490456,20.7956,86.9019,0.0,42,Dhamra,17.4
2020-05-23 04:40,9490456,20.774,86.9034,0.0,199,Dhamra,18.0
2020-05-28 01:19,9462030,20.0872,86.1548,12.2,201,Dhamra,13.2
2020-05-28 17:19,9462030,20.5452,87.0099,11.9,158,Dhamra,13.2
2020-05-29 02:57,9462030,20.8318,87.0646,0.5,157,Dhamra,13.2
2020-05-29 16:12,9462030,20.7614,86.9159,0.3,78,Dhamra,13.0
2020-05-30 10:43,9462030,20.7652,86.9056,0.0,32,Dhamra,13.8
2020-05-31 05:19,9462030,20.8019,86.9127,0.0,222,Dhamra,14.0
2020-06-18 07:45,9339563,21.4856,86.2361,12.3,110,Dhamra,12.9
2020-06-18 23:45,9339563,20.5394,86.9353,10.2,15,Dhamra,13.1
2020-06-19 07:51,9339563,20.8899,86.9243,0.8,25,Dhamra,14.0
2020-06-19 22:08,9339563,20.8982,86.9513,0.3,93,Dhamra,13.7
2020-06-20 20:57,9339563,20.7795,86.9138,0.0,348,Dhamra,13.6
2020-06-21 17:57,9339563,20.765,86.9028,0.0,329,Dhamra,13.6
2020-07-06 21:57,9462030,21.1128,87.0507,10.5,215,Dhamra,13.8
2020-07-07 13:57,9462030,20.6679,87.1005,11.1,338,Dhamra,14.1
2020-07-07 22:13,9462030,20.8898,86.7674,0.5,73,Dhamra,13.5
2020-07-08 11:44,9462030,20.8325,86.797,0.7,126,Dhamra,13.7
2020-07-09 00:25,9462030,20.7771,86.8782,0.6,238,Dhamra,13.3
2020-07-09 22:37,9462030,20.7929,86.93,0.0,288,Dhamra,14.2
2020-07-10 17:28,9462030,20.7894,86.9355,0.0,101,Dhamra,13.6
2020-07-05 04:35,9191845,20.5831,87.0542,11.0,190,Dhamra,17.8
2020-07-05 20:35,9191845,20.8704,87.1323,12.9,316,Dhamra,16.5
2020-07-06 06:18,9191845,20.9259,86.9186,0.6,249,Dhamra,18.1
2020-07-06 18:51,9191845,20.8972,87.0054,0.4,161,Dhamra,18.1
2020-07-07 06:28,9191845,20.7582,87.0375,0.6,136,Dhamra,17.0
2020-07-08 13:20,9191845,20.7825,86.9061,0.0,27,Dhamra,17.9
2020-07-09 22:31,9191845,20.7917,86.9024,0.0,20,Dhamra,17.4
2020-07-01 05:01,9404531,21.2749,86.3843,11.7,91,Dhamra,13.9
2020-07-01 21:01,9404531,20.9864,86.9213,11.6,248,Dhamra,13.5
2020-07-02 05:01,9404531,20.68,86.8718,0.5,326,Dhamra,13.4
2020-07-02 17:13,9404531,20.8573,87.0304,0.3,24,Dhamra,13.7
2020-07-03 07:36,9404531,20.8425,87.0608,0.4,7,Dhamra,12.9
2020-07-03 23:58,9404531,20.7918,86.9108,0.0,164,Dhamra,14.0
2020-07-04 18:45,9404531,20.8021,86.9186,0.0,344,Dhamra,14.1
2020-06-27 08:08,9404531,20.7451,87.3465,11.4,174,Dhamra,13.7
2020-06-28 00:08,9404531,20.5341,86.7176,10.8,346,Dhamra,14.0
2020-06-28 09:25,9404531,20.8847,86.8712,0.5,64,Dhamra,13.2
2020-06-28 22:56,9404531,20.7966,86.9689,0.3,24,Dhamra,12.9
2020-06-29 08:31,9404531,20.7884,86.9467,0.4,204,Dhamra,13.8
2020-06-30 05:52,9404531,20.7659,86.9042,0.0,178,Dhamra,13.7
2020-07-01 00:53,9404531,20.7912,86.9262,0.0,59,Dhamra,13.8
2020-07-21 19:35,9490456,20.5578,87.6179,9.4,131,Dhamra,16.5
2020-07-22 11:35,9490456,20.5812,86.7433,9.3,33,Dhamra,17.1
2020-07-22 21:31,9490456,20.9097,87.0454,0.3,229,Dhamra,17.7
2020-07-23 08:49,9490456,20.6615,86.8564,0.4,192,Dhamra,17.9
2020-07-24 16:17,9490456,20.7926,86.9114,0.0,32,Dhamra,17.6
2020-07-26 02:11,9490456,20.7707,86.8978,0.0,200,Dhamra,17.7
2020-08-07 12:16,9490456,20.0361,86.4441,10.1,359,Dhamra,16.9
2020-08-08 04:16,9490456,20.6872,86.9016,9.9,17,Dhamra,17.5
2020-08-08 14:46,9490456,20.6957,86.8389,0.4,113,Dhamra,17.9
2020-08-09 02:59,9490456,20.6821,86.9058,0.6,243,Dhamra,17.5
2020-08-10 04:01,9490456,20.7818,86.9331,0.0,223,Dhamra,17.9
2020-08-11 16:12,9490456,20.775,86.9228,0.0,238,Dhamra,18.2
2020-08-19 01:41,9231171,21.4337,87.0937,10.3,289,Dhamra,13.6
2020-08-19 17:41,9231171,20.7995,86.7744,9.2,356,Dhamra,13.4
2020-08-20 03:12,9231171,20.8364,86.8485,0.2,148,Dhamra,13.0
2020-08-20 15:14,9231171,20.9057,86.8919,0.6,42,Dhamra,13.6
2020-08-21 09:14,9231171,20.7852,86.9114,0.0,355,Dhamra,13.9
2020-08-22 03:43,9231171,20.7687,86.9034,0.0,358,Dhamra,13.9
2020-08-25 10:30,9133209,20.2069,87.6638,10.2,79,Dhamra,13.2
2020-08-26 02:30,9133209,20.6597,86.7738,12.3,151,Dhamra,13.2
2020-08-26 12:16,9133209,20.8583,86.8594,0.7,98,Dhamra,13.8
2020-08-26 22:34,9133209,20.6808,86.8666,0.5,82,Dhamra,13.4
2020-08-27 10:48,9133209,20.6457,86.8314,0.1,236,Dhamra,13.6
2020-08-28 06:32,9133209,20.7671,86.919,0.0,25,Dhamra,14.1
2020-08-28 23:27,9133209,20.7728,86.9008,0.0,79,Dhamra,13.9
2020-09-27 09:14,9151262,20.4743,86.8376,9.5,188,Dhamra,13.5
2020-09-28 01:14,9151262,21.0271,86.9783,10.2,221,Dhamra,13.5
2020-09-28 09:42,9151262,20.8041,86.8244,0.2,344,Dhamra,13.6
2020-09-29 11:40,9151262,20.7835,86.9363,0.0,300,Dhamra,13.7
2020-09-30 05:47,9151262,20.795,86.9031,0.0,86,Dhamra,13.4
2020-10-21 20:38,9725674,21.4172,86.3066,10.2,90,Dhamra,13.7
2020-10-22 12:38,9725674,20.7827,87.0587,12.7,207,Dhamra,13.0
2020-10-22 22:32,9725674,20.7028,86.9528,0.7,39,Dhamra,13.8
2020-10-23 09:23,9725674,20.7224,86.8375,0.1,104,Dhamra,14.1
2020-10-24 14:06,9725674,20.7637,86.9252,0.0,46,Dhamra,13.7
2020-10-25 07:45,9725674,20.7754,86.9162,0.0,94,Dhamra,13.7
2020-11-01 09:10,9264511,20.7909,86.8144,10.2,230,Dhamra,13.6
2020-11-02 01:10,9264511,20.5921,86.8282,10.8,239,Dhamra,13.9
2020-11-02 09:30,9264511,20.7818,87.064,0.3,63,Dhamra,13.0
2020-11-02 22:14,9264511,20.911,86.843,0.5,47,Dhamra,12.8
2020-11-03 11:05,9264511,20.7373,87.0169,0.4,77,Dhamra,12.9
2020-11-03 21:42,9264511,20.8359,86.8288,0.4,73,Dhamra,13.8
2020-11-05 00:32,9264511,20.7903,86.9065,0.0,219,Dhamra,13.7
2020-11-05 21:29,9264511,20.7697,86.9364,0.0,187,Dhamra,14.0
2020-10-31 19:16,9184777,21.5389,86.7495,11.8,351,Dhamra,13.4
2020-11-01 11:16,9184777,20.8936,86.7732,10.9,345,Dhamra,13.3
2020-11-01 19:43,9184777,20.813,86.9001,0.6,164,Dhamra,13.9
2020-11-02 07:16,9184777,20.7732,86.9029,0.5,121,Dhamra,12.5
2020-11-02 19:39,9184777,20.7146,86.9142,0.5,334,Dhamra,13.8
2020-11-03 14:58,9184777,20.773,86.9017,0.0,329,Dhamra,13.4
2020-11-04 10:28,9184777,20.7794,86.9157,0.0,195,Dhamra,13.6
2020-10-28 13:08,9842348,20.3987,87.3668,11.6,69,Dhamra,13.2
2020-10-29 05:08,9842348,20.9116,86.8837,11.6,47,Dhamra,14.4
2020-10-29 13:38,9842348,20.7585,87.0489,0.4,246,Dhamra,13.9
2020-10-30 01:17,9842348,20.6778,86.9972,0.2,265,Dhamra,13.8
2020-10-30 15:51,9842348,20.8197,86.9532,0.6,67,Dhamra,14.4
2020-10-31 01:47,9842348,20.8399,86.7865,0.4,258,Dhamra,13.7
2020-10-31 23:58,9842348,20.7884,86.9083,0.0,98,Dhamra,14.0
2020-11-01 17:29,9842348,20.779,86.9218,0.0,101,Dhamra,14.1
2020-11-17 16:45,9060320,20.325,86.4247,11.7,264,Dhamra,17.3
2020-11-18 08:45,9060320,20.8507,86.8097,12.4,146,Dhamra,16.0
2020-11-18 19:12,9060320,20.7295,86.8409,0.1,190,Dhamra,16.9
2020-11-19 07:37,9060320,20.6652,86.8981,0.0,10,Dhamra,16.4
2020-11-19 19:01,9060320,20.8027,86.9611,0.3,173,Dhamra,16.9
2020-11-20 18:47,9060320,20.7702,86.9045,0.0,155,Dhamra,17.2
2020-11-22 11:06,9060320,20.7731,86.9202,0.0,158,Dhamra,16.8
2020-12-01 14:46,9339563,20.5122,87.5928,11.3,346,Dhamra,13.1
2020-12-02 06:46,9339563,20.8506,86.8469,11.3,81,Dhamra,13.4
2020-12-02 16:20,9339563,20.827,86.81,0.3,25,Dhamra,13.7
2020-12-03 03:56,9339563,20.7812,86.83,0.3,107,Dhamra,13.7
2020-12-03 15:16,9339563,20.8176,86.8453,0.3,298,Dhamra,13.5
2020-12-04 11:54,9339563,20.7784,86.9043,0.0,2,Dhamra,13.5
2020-12-05 08:43,9339563,20.8021,86.9204,0.0,310,Dhamra,14.1
2020-11-27 08:18,9367188,21.5128,87.1857,10.0,255,Dhamra,13.1
2020-11-28 00:18,9367188,20.6253,86.8589,11.2,33,Dhamra,13.4
2020-11-28 09:13,9367188,20.8657,87.0603,0.6,294,Dhamra,13.2
2020-11-28 21:16,9367188,20.7406,86.984,0.5,19,Dhamra,12.9
2020-11-29 09:36,9367188,20.7358,86.9041,0.6,56,Dhamra,12.6
2020-11-30 11:44,9367188,20.764,86.9341,0.0,29,Dhamra,13.6
2020-12-01 07:57,9367188,20.7698,86.9348,0.0,67,Dhamra,13.5
2020-12-17 21:09,9785903,20.2879,86.5255,9.8,126,Dhamra,13.6
2020-12-18 13:09,9785903,20.536,86.9204,10.9,282,Dhamra,13.2
2020-12-18 21:38,9785903,20.9194,86.9893,0.5,343,Dhamra,13.9
2020-12-19 09:29,9785903,20.666,86.7858,0.6,338,Dhamra,14.2
2020-12-19 21:34,9785903,20.7686,86.9267,0.7,71,Dhamra,13.3
2020-12-20 09:53,9785903,20.6588,87.0578,0.6,156,Dhamra,13.1
2020-12-20 21:51,9785903,20.8377,86.8785,0.3,59,Dhamra,13.3
2020-12-21 17:22,9785903,20.8,86.8973,0.0,32,Dhamra,14.2
2020-12-22 12:01,9785903,20.7916,86.8999,0.0,343,Dhamra,14.2
2021-01-01 00:54,9192002,21.0257,86.943,10.0,171,Dhamra,14.2
2021-01-01 16:54,9192002,20.9754,86.7617,10.7,19,Dhamra,13.0
2021-01-02 03:12,9192002,20.8842,86.7969,0.4,100,Dhamra,13.6
2021-01-02 14:59,9192002,20.8485,86.7698,0.4,339,Dhamra,13.2
2021-01-03 01:56,9192002,20.9047,86.8055,0.6,290,Dhamra,13.1
2021-01-03 15:30,9192002,20.8256,86.8575,0.2,228,Dhamra,12.9
2021-01-04 01:10,9192002,20.8886,86.7899,0.3,341,Dhamra,13.5
2021-01-04 23:36,9192002,20.7682,86.9153,0.0,70,Dhamra,14.1
2021-01-05 17:54,9192002,20.8029,86.9332,0.0,304,Dhamra,14.0
2020-12-16 04:45,9842348,20.8365,87.0149,10.3,254,Dhamra,14.0
2020-12-16 20:45,9842348,20.9805,86.9568,10.2,101,Dhamra,14.2
2020-12-17 07:06,9842348,20.7697,86.7883,0.4,127,Dhamra,13.7
2020-12-17 17:27,9842348,20.7501,86.8634,0.6,273,Dhamra,14.1
2020-12-18 05:35,9842348,20.8966,86.9441,0.6,270,Dhamra,13.2
2020-12-18 18:47,9842348,20.6749,87.0325,0.1,343,Dhamra,14.5
2020-12-19 13:28,9842348,20.7922,86.9016,0.0,140,Dhamra,13.9
2020-12-20 07:31,9842348,20.7732,86.9007,0.0,299,Dhamra,14.5
2020-12-18 20:56,9307294,20.5239,86.6221,11.7,151,Dhamra,16.2
2020-12-19 12:56,9307294,21.0047,87.1162,12.0,268,Dhamra,16.7
2020-12-19 22:12,9307294,20.8789,86.7772,0.7,114,Dhamra,16.5
2020-12-20 10:56,9307294,20.6979,86.7881,0.2,347,Dhamra,16.3
2020-12-20 23:31,9307294,20.7235,86.8608,0.2,206,Dhamra,16.7
2020-12-21 09:38,9307294,20.9186,87.011,0.6,3,Dhamra,16.5
2020-12-22 16:16,9307294,20.788,86.931,0.0,113,Dhamra,17.3
2020-12-23 23:17,9307294,20.7701,86.9085,0.0,153,Dhamra,17.6
2021-01-23 05:40,9746054,21.2322,87.2783,9.9,226,Dhamra,13.1
2021-01-23 21:40,9746054,20.9727,86.8443,12.4,72,Dhamra,14.0
2021-01-24 06:56,9746054,20.8863,86.9668,0.7,32,Dhamra,13.1
2021-01-25 05:35,9746054,20.7817,86.9034,0.0,282,Dhamra,13.6
2021-01-25 23:20,9746054,20.7691,86.9352,0.0,283,Dhamra,14.1
2021-01-31 18:41,9264511,21.4506,87.4573,9.0,46,Dhamra,13.0
2021-02-01 10:41,9264511,21.0213,87.0067,12.8,269,Dhamra,13.4
2021-02-01 19:13,9264511,20.7598,86.9127,0.0,354,Dhamra,14.1
2021-02-02 08:29,9264511,20.6971,86.9572,0.5,175,Dhamra,13.7
2021-02-03 02:31,9264511,20.7864,86.9181,0.0,88,Dhamra,13.5
2021-02-03 21:32,9264511,20.775,86.9038,0.0,9,Dhamra,13.7
2021-02-02 14:29,9151262,20.2061,87.0926,12.1,275,Dhamra,13.1
2021-02-03 06:29,9151262,20.6675,86.7257,9.4,115,Dhamra,13.6
2021-02-03 15:53,9151262,20.7309,86.7894,0.2,343,Dhamra,13.5
2021-02-04 20:08,9151262,20.7714,86.9167,0.0,338,Dhamra,13.5
2021-02-05 14:55,9151262,20.7939,86.9269,0.0,305,Dhamra,13.8
2021-01-21 13:04,9184777,21.4945,86.8813,9.9,195,Dhamra,12.7
2021-01-22 05:04,9184777,20.8109,86.8509,9.4,97,Dhamra,12.8
2021-01-22 13:43,9184777,20.867,86.9592,0.6,271,Dhamra,13.8
2021-01-23 18:28,9184777,20.7714,86.907,0.0,146,Dhamra,13.7
2021-01-24 13:22,9184777,20.7932,86.9042,0.0,52,Dhamra,13.2
2021-02-17 02:31,9725674,20.8782,86.8128,9.3,167,Dhamra,13.6
2021-02-17 18:31,9725674,20.7336,87.0873,11.6,178,Dhamra,13.5
2021-02-18 05:23,9725674,20.9297,87.0541,0.3,92,Dhamra,14.0
2021-02-19 06:17,9725674,20.8,86.9236,0.0,185,Dhamra,13.5
2021-02-20 00:32,9725674,20.7927,86.9248,0.0,2,Dhamra,14.0
2021-02-14 18:36,9307294,21.5693,87.0878,12.7,51,Dhamra,16.4
2021-02-15 10:36,9307294,20.8702,86.9643,10.1,83,Dhamra,16.6
2021-02-15 19:06,9307294,20.7764,87.0232,0.0,147,Dhamra,16.5
2021-02-16 06:41,9307294,20.6525,86.7847,0.6,132,Dhamra,17.6
2021-02-17 14:03,9307294,20.7849,86.8984,0.0,260,Dhamra,17.5
2021-02-18 23:14,9307294,20.7817,86.8985,0.0,145,Dhamra,17.1
2021-02-18 17:52,9096672,20.5207,86.7814,11.5,285,Dhamra,16.7
2021-02-19 09:52,9096672,20.9394,87.1484,10.8,210,Dhamra,16.8
2021-02-19 18:22,9096672,20.7144,86.952,0.0,173,Dhamra,16.9
2021-02-21 04:12,9096672,20.7919,86.9046,0.0,68,Dhamra,18.1
2021-02-22 16:01,9096672,20.7779,86.9109,0.0,165,Dhamra,18.1
2021-03-28 10:31,9095119,21.557,87.508,12.9,23,Dhamra,12.8
2021-03-29 02:31,9095119,20.8756,87.1324,9.7,167,Dhamra,13.0
2021-03-29 12:03,9095119,20.7337,86.9667,0.5,241,Dhamra,13.0
2021-03-30 12:50,9095119,20.7849,86.9311,0.0,292,Dhamra,13.5
2021-03-31 09:17,9095119,20.7999,86.9242,0.0,314,Dhamra,13.5
2021-03-29 14:57,9339563,21.16,87.2344,12.0,250,Dhamra,14.0
2021-03-30 06:57,9339563,20.8293,86.9938,12.6,283,Dhamra,13.0
2021-03-30 17:33,9339563,20.9205,87.0408,0.1,146,Dhamra,12.9
2021-03-31 20:15,9339563,20.7704,86.9165,0.0,73,Dhamra,14.2
2021-04-01 14:33,9339563,20.7884,86.9249,0.0,322,Dhamra,14.1
2021-03-17 00:48,9874716,21.35,86.6867,10.7,341,Dhamra,13.9
2021-03-17 16:48,9874716,20.5458,86.8847,11.8,263,Dhamra,14.3
2021-03-18 01:31,9874716,20.9306,86.9236,0.1,330,Dhamra,14.0
2021-03-19 05:00,9874716,20.803,86.9186,0.0,80,Dhamra,14.2
2021-03-19 22:06,9874716,20.7731,86.8981,0.0,120,Dhamra,14.0
2021-04-22 00:30,9095119,20.5931,86.4113,9.2,219,Dhamra,13.9
2021-04-22 16:30,9095119,20.9748,86.716,10.1,33,Dhamra,13.7
2021-04-23 03:28,9095119,20.6534,86.932,0.5,179,Dhamra,12.8
2021-04-24 06:16,9095119,20.7986,86.9251,0.0,268,Dhamra,13.6
2021-04-25 00:13,9095119,20.7655,86.9058,0.0,322,Dhamra,13.4
2021-04-20 00:29,9264511,21.3588,87.3475,12.6,107,Dhamra,13.4
2021-04-20 16:29,9264511,20.9767,86.6938,10.2,27,Dhamra,13.3
2021-04-21 02:49,9264511,20.9015,86.9119,0.8,67,Dhamra,13.3
2021-04-22 04:12,9264511,20.7931,86.9061,0.0,306,Dhamra,14.0
2021-04-23 00:03,9264511,20.7773,86.9048,0.0,167,Dhamra,13.6
2021-04-29 00:22,9060320,20.5496,87.1416,12.0,195,Dhamra,17.1
2021-04-29 16:22,9060320,20.7654,86.795,10.5,251,Dhamra,17.2
2021-04-30 03:09,9060320,20.7996,87.0363,0.1,208,Dhamra,17.0
2021-05-01 06:37,9060320,20.7783,86.9147,0.0,144,Dhamra,16.9
2021-05-02 20:18,9060320,20.7941,86.9333,0.0,260,Dhamra,17.0
2021-04-16 20:13,9746054,20.3444,86.8676,11.6,41,Dhamra,13.2
2021-04-17 12:13,9746054,20.6434,87.0604,12.7,282,Dhamra,13.3
2021-04-17 23:00,9746054,20.9318,87.0453,0.3,19,Dhamra,13.5
2021-04-19 01:15,9746054,20.7707,86.9338,0.0,31,Dhamra,13.5
2021-04-19 18:28,9746054,20.7652,86.9004,0.0,264,Dhamra,13.6
2021-05-02 02:54,9133209,20.278,86.5645,12.7,337,Dhamra,14.2
2021-05-02 18:54,9133209,20.9152,86.7312,11.3,184,Dhamra,14.4
2021-05-03 03:53,9133209,20.9124,86.9496,0.3,252,Dhamra,13.4
2021-05-04 08:02,9133209,20.7718,86.9001,0.0,132,Dhamra,13.8
2021-05-05 01:51,9133209,20.7944,86.9076,0.0,344,Dhamra,13.7
2021-04-19 23:35,9355626,20.1795,87.1093,12.2,27,Dhamra,17.9
2021-04-20 15:35,9355626,20.6397,86.8524,12.7,316,Dhamra,16.5
2021-04-21 02:00,9355626,20.7617,86.8537,0.0,350,Dhamra,17.4
2021-04-21 12:06,9355626,20.8328,86.9348,0.6,182,Dhamra,17.4
2021-04-22 13:14,9355626,20.7801,86.9153,0.0,265,Dhamra,17.4
2021-04-23 22:43,9355626,20.7946,86.9086,0.0,102,Dhamra,17.9
2021-05-28 11:41,9057030,20.3883,86.3719,10.4,67,Dhamra,17.4
2021-05-29 03:41,9057030,20.6077,86.8313,9.8,211,Dhamra,16.8
2021-05-29 12:26,9057030,20.892,86.9297,0.5,182,Dhamra,16.5
2021-05-30 00:47,9057030,20.8981,86.9259,0.0,191,Dhamra,17.2
2021-05-31 06:33,9057030,20.7703,86.9292,0.0,22,Dhamra,17.0
2021-06-01 21:30,9057030,20.7645,86.9297,0.0,105,Dhamra,17.1
2021-05-31 12:46,9231171,20.711,86.2686,12.7,118,Dhamra,13.5
2021-06-01 04:46,9231171,20.7859,86.6581,12.8,66,Dhamra,13.0
2021-06-01 13:06,9231171,20.8382,86.8333,0.2,94,Dhamra,14.0
2021-06-02 03:26,9231171,20.7759,86.8777,0.6,123,Dhamra,13.8
2021-06-02 21:40,9231171,20.767,86.9192,0.0,195,Dhamra,14.1
2021-06-03 16:52,9231171,20.778,86.9212,0.0,30,Dhamra,14.0
2021-05-29 04:16,9638539,21.0068,86.9291,10.1,274,Dhamra,13.8
2021-05-29 20:16,9638539,20.7737,86.6686,10.9,306,Dhamra,13.6
2021-05-30 05:14,9638539,20.7479,86.7721,0.3,231,Dhamra,12.9
2021-05-30 17:22,9638539,20.6712,86.8896,0.0,89,Dhamra,13.9
2021-05-31 13:00,9638539,20.7811,86.9158,0.0,333,Dhamra,13.5
2021-06-01 08:19,9638539,20.7838,86.9337,0.0,84,Dhamra,13.5
2021-05-31 10:24,9557549,21.1938,87.0594,11.6,314,Dhamra,13.7
2021-06-01 02:24,9557549,20.7698,87.1637,12.1,190,Dhamra,13.6
2021-06-01 11:16,9557549,20.7916,86.864,0.3,140,Dhamra,13.8
2021-06-02 00:22,9557549,20.8583,86.9924,0.1,318,Dhamra,12.6
2021-06-02 18:55,9557549,20.8026,86.934,0.0,163,Dhamra,13.9
2021-06-03 15:04,9557549,20.7944,86.9285,0.0,140,Dhamra,14.0
2021-05-19 00:01,9095119,21.5519,86.5944,12.1,52,Dhamra,13.0
2021-05-19 16:01,9095119,21.0371,86.7346,11.1,183,Dhamra,12.6
2021-05-20 00:47,9095119,20.6526,86.9946,0.3,209,Dhamra,13.6
2021-05-20 19:16,9095119,20.7981,86.9263,0.0,312,Dhamra,13.6
2021-05-21 13:27,9095119,20.7668,86.9216,0.0,139,Dhamra,13.4
2021-06-28 18:04,9785903,20.1984,86.4423,10.0,42,Dhamra,14.0
2021-06-29 10:04,9785903,20.9329,87.1157,10.9,166,Dhamra,13.7
2021-06-29 18:23,9785903,20.7672,86.8313,0.3,122,Dhamra,13.4
2021-06-30 07:59,9785903,20.7208,86.989,0.3,117,Dhamra,13.3
2021-07-01 02:18,9785903,20.7704,86.9116,0.0,136,Dhamra,13.9
2021-07-01 21:19,9785903,20.7911,86.9358,0.0,115,Dhamra,13.9
2021-07-20 19:34,9874716,20.1969,87.2348,12.8,73,Dhamra,14.3
2021-07-21 11:34,9874716,20.8279,86.6921,9.4,126,Dhamra,14.4
2021-07-21 20:41,9874716,20.6551,87.0216,0.2,206,Dhamra,13.1
2021-07-22 08:10,9874716,20.8615,86.9125,0.5,252,Dhamra,14.4
2021-07-22 20:50,9874716,20.8653,86.9825,0.3,38,Dhamra,14.0
2021-07-23 09:00,9874716,20.6992,86.9801,0.5,239,Dhamra,13.7
2021-07-24 08:41,9874716,20.7753,86.8969,0.0,271,Dhamra,14.1
2021-07-25 03:02,9874716,20.7748,86.9289,0.0,290,Dhamra,13.8
2021-07-28 18:08,9746054,20.587,87.7088,10.0,26,Dhamra,12.8
2021-07-29 10:08,9746054,20.8849,86.8148,9.8,51,Dhamra,13.0
2021-07-29 20:53,9746054,20.6496,87.0005,0.6,237,Dhamra,13.7
2021-07-30 07:30,9746054,20.8945,87.0121,0.7,225,Dhamra,14.1
2021-07-30 18:21,9746054,20.7033,86.9826,0.6,87,Dhamra,13.8
2021-07-31 06:56,9746054,20.8931,86.8244,0.1,254,Dhamra,14.2
2021-08-01 08:02,9746054,20.767,86.9053,0.0,308,Dhamra,13.7
2021-08-02 03:14,9746054,20.7933,86.9152,0.0,223,Dhamra,14.2
2021-07-31 08:11,9638539,20.3018,86.2481,9.5,121,Dhamra,13.4
2021-08-01 00:11,9638539,20.6683,86.7248,12.5,216,Dhamra,13.0
2021-08-01 10:31,9638539,20.8817,87.0306,0.3,190,Dhamra,13.1
2021-08-01 21:12,9638539,20.695,86.9147,0.4,132,Dhamra,13.0
2021-08-03 02:06,9638539,20.7759,86.91,0.0,200,Dhamra,13.8
2021-08-03 21:57,9638539,20.7901,86.9204,0.0,132,Dhamra,13.5
2021-07-23 14:38,9307294,21.5068,87.582,10.0,198,Dhamra,17.6
2021-07-24 06:38,9307294,20.5906,86.7825,10.9,302,Dhamra,16.4
2021-07-24 15:39,9307294,20.7823,86.8343,0.6,172,Dhamra,16.9
2021-07-25 04:23,9307294,20.8257,86.798,0.5,61,Dhamra,17.2
2021-07-25 17:12,9307294,20.7911,86.8372,0.5,92,Dhamra,17.7
2021-07-26 14:08,9307294,20.7725,86.9136,0.0,356,Dhamra,17.3
2021-07-27 21:56,9307294,20.786,86.9183,0.0,230,Dhamra,17.6
2021-07-17 22:32,9260565,20.5068,86.3395,11.9,278,Dhamra,14.1
2021-07-18 14:32,9260565,20.8996,86.8388,10.3,0,Dhamra,13.4
2021-07-19 00:25,9260565,20.7458,86.9158,0.5,142,Dhamra,14.0
2021-07-19 12:37,9260565,20.6761,86.8019,0.3,359,Dhamra,14.2
2021-07-20 00:07,9260565,20.8538,86.8608,0.5,288,Dhamra,14.0
2021-07-20 22:50,9260565,20.7889,86.9254,0.0,311,Dhamra,14.0
2021-07-21 16:32,9260565,20.7638,86.9225,0.0,348,Dhamra,13.9
2021-08-20 18:01,9339563,21.3288,86.7983,10.4,78,Dhamra,13.4
2021-08-21 10:01,9339563,20.8675,86.7201,11.8,280,Dhamra,13.9
2021-08-21 19:15,9339563,20.8674,86.8919,0.6,73,Dhamra,14.1
2021-08-22 06:45,9339563,20.8238,87.0041,0.1,4,Dhamra,13.2
2021-08-23 09:35,9339563,20.8015,86.8991,0.0,242,Dhamra,14.1
2021-08-24 03:14,9339563,20.7876,86.926,0.0,319,Dhamra,13.6
2021-08-15 04:17,9215871,20.2641,87.1795,11.9,204,Dhamra,17.0
2021-08-15 20:17,9215871,20.6156,86.9349,9.2,275,Dhamra,17.0
2021-08-16 04:19,9215871,20.8885,87.0018,0.3,6,Dhamra,18.1
2021-08-16 18:39,9215871,20.892,87.0152,0.1,196,Dhamra,17.1
2021-08-17 23:15,9215871,20.787,86.9286,0.0,306,Dhamra,17.9
2021-08-19 10:36,9215871,20.7879,86.912,0.0,283,Dhamra,18.1
2021-08-13 07:19,9725674,20.0367,87.0238,10.3,22,Dhamra,13.3
2021-08-13 23:19,9725674,21.0337,86.911,9.0,348,Dhamra,14.0
2021-08-14 09:28,9725674,20.7996,86.7952,0.2,143,Dhamra,13.8
2021-08-14 19:51,9725674,20.8107,87.0082,0.5,338,Dhamra,12.9
2021-08-15 15:02,9725674,20.7875,86.906,0.0,11,Dhamra,14.0
2021-08-16 08:47,9725674,20.7818,86.9332,0.0,104,Dhamra,13.7
2021-09-21 04:21,9151262,20.1352,87.6354,12.8,157,Dhamra,13.2
2021-09-21 20:21,9151262,20.7466,86.7493,9.2,68,Dhamra,13.6
2021-09-22 05:49,9151262,20.8763,86.7737,0.7,66,Dhamra,12.8
2021-09-22 16:44,9151262,20.7318,86.8408,0.7,38,Dhamra,13.7
2021-09-23 07:10,9151262,20.8281,86.7819,0.2,245,Dhamra,13.5
2021-09-24 00:28,9151262,20.7923,86.9012,0.0,149,Dhamra,13.9
2021-09-24 17:55,9151262,20.7936,86.9073,0.0,86,Dhamra,13.8
2021-09-24 16:28,9192002,21.4047,86.7908,9.9,350,Dhamra,13.0
2021-09-25 08:28,9192002,20.7737,86.8475,11.3,55,Dhamra,14.0
2021-09-25 16:36,9192002,20.8711,86.9204,0.6,3,Dhamra,14.3
2021-09-26 05:41,9192002,20.6878,86.8369,0.5,60,Dhamra,13.6
2021-09-26 18:50,9192002,20.7564,86.9795,0.3,61,Dhamra,13.7
2021-09-27 20:31,9192002,20.7815,86.9052,0.0,147,Dhamra,13.8
2021-09-28 16:30,9192002,20.7956,86.9019,0.0,61,Dhamra,14.2
2021-09-30 18:56,9191845,21.0556,87.3622,12.7,105,Dhamra,17.2
2021-10-01 10:56,9191845,20.5287,86.8862,11.9,278,Dhamra,17.1
2021-10-01 21:50,9191845,20.8936,87.0513,0.0,30,Dhamra,18.1
2021-10-02 07:18,9191845,20.7545,86.9351,0.6,34,Dhamra,16.8
2021-10-02 19:26,9191845,20.8478,86.9824,0.1,266,Dhamra,17.5
2021-10-04 00:50,9191845,20.7796,86.902,0.0,164,Dhamra,18.2
2021-10-05 10:44,9191845,20.7728,86.9171,0.0,152,Dhamra,17.8
2021-09-18 00:05,9874716,21.1506,86.1461,9.4,109,Dhamra,13.2
2021-09-18 16:05,9874716,20.5576,86.8887,12.8,257,Dhamra,13.1
2021-09-19 00:44,9874716,20.781,87.0019,0.3,31,Dhamra,13.0
2021-09-20 03:30,9874716,20.7663,86.9362,0.0,254,Dhamra,13.8
2021-09-20 21:33,9874716,20.7928,86.9262,0.0,93,Dhamra,14.0
2021-10-30 18:21,9463594,20.8557,86.4227,11.2,227,Dhamra,13.2
2021-10-31 10:21,9463594,21.0162,86.8339,12.1,304,Dhamra,13.8
2021-10-31 18:38,9463594,20.7841,86.9315,0.4,122,Dhamra,13.1
2021-11-01 08:46,9463594,20.6774,86.8691,0.7,29,Dhamra,13.9
2021-11-01 18:59,9463594,20.884,86.8567,0.3,334,Dhamra,13.4
2021-11-02 16:59,9463594,20.7635,86.898,0.0,291,Dhamra,13.8
2021-11-03 11:24,9463594,20.7653,86.9227,0.0,195,Dhamra,13.7
2021-10-12 09:47,9260565,20.5713,87.7066,9.6,38,Dhamra,13.0
2021-10-13 01:47,9260565,21.003,86.6764,9.9,114,Dhamra,13.6
2021-10-13 12:18,9260565,20.7648,86.9686,0.8,253,Dhamra,13.1
2021-10-14 00:39,9260565,20.7537,86.9532,0.6,345,Dhamra,14.0
2021-10-14 10:50,9260565,20.7918,87.0471,0.5,210,Dhamra,13.2
2021-10-14 22:09,9260565,20.8613,87.0338,0.3,94,Dhamra,13.0
2021-10-15 17:24,9260565,20.7802,86.9172,0.0,345,Dhamra,13.6
2021-10-16 11:45,9260565,20.7755,86.9135,0.0,196,Dhamra,13.8
2021-10-29 16:37,9490456,21.4718,86.6259,10.8,206,Dhamra,16.7
2021-10-30 08:37,9490456,20.6414,86.9897,9.1,31,Dhamra,18.1
2021-10-30 17:34,9490456,20.6488,86.9981,0.4,210,Dhamra,17.9
2021-10-31 05:25,9490456,20.8581,86.9265,0.0,120,Dhamra,18.0
2021-10-31 18:52,9490456,20.6836,86.9379,0.4,2,Dhamra,16.4
2021-11-02 04:50,9490456,20.7965,86.9089,0.0,204,Dhamra,17.9
2021-11-03 18:05,9490456,20.7668,86.9252,0.0,283,Dhamra,17.7
2021-10-12 23:25,9559190,21.1684,86.8405,12.2,277,Dhamra,14.1
2021-10-13 15:25,9559190,20.7366,86.8714,11.1,264,Dhamra,14.3
2021-10-13 23:33,9559190,20.8213,86.9809,0.8,24,Dhamra,13.7
2021-10-14 12:31,9559190,20.717,86.8894,0.1,216,Dhamra,13.5
2021-10-14 23:47,9559190,20.7674,87.0311,0.2,224,Dhamra,13.0
2021-10-15 20:37,9559190,20.7817,86.9165,0.0,346,Dhamra,13.7
2021-10-16 16:25,9559190,20.7634,86.9258,0.0,264,Dhamra,14.3
2021-10-31 03:27,9174447,20.2537,87.1285,9.1,112,Dhamra,13.2
2021-10-31 19:27,9174447,20.6803,86.7697,12.8,49,Dhamra,12.9
2021-11-01 04:24,9174447,20.7619,86.8254,0.5,103,Dhamra,12.9
2021-11-01 16:58,9174447,20.6797,86.7965,0.3,285,Dhamra,13.7
2021-11-02 06:05,9174447,20.8759,86.7905,0.6,19,Dhamra,12.9
2021-11-02 17:20,9174447,20.7209,87.0412,0.2,156,Dhamra,13.5
2021-11-03 17:09,9174447,20.7851,86.933,0.0,150,Dhamra,13.4
2021-11-04 11:27,9174447,20.7991,86.9337,0.0,263,Dhamra,13.8
2021-11-26 11:41,9184777,20.5621,87.5129,11.4,143,Dhamra,13.1
2021-11-27 03:41,9184777,20.7648,86.8156,11.2,348,Dhamra,13.5
2021-11-27 13:25,9184777,20.7085,87.0416,0.3,359,Dhamra,12.5
2021-11-28 00:02,9184777,20.7178,86.9809,0.7,344,Dhamra,13.0
2021-11-28 12:14,9184777,20.6416,86.7729,0.0,61,Dhamra,12.9
2021-11-29 09:39,9184777,20.7639,86.915,0.0,242,Dhamra,13.5
2021-11-30 03:36,9184777,20.7895,86.9129,0.0,194,Dhamra,13.2
2021-11-21 07:15,9746054,21.0395,86.4289,9.4,217,Dhamra,13.2
2021-11-21 23:15,9746054,20.5988,86.8199,11.9,166,Dhamra,13.3
2021-11-22 09:37,9746054,20.7512,86.9768,0.7,22,Dhamra,12.9
2021-11-22 20:29,9746054,20.7019,86.948,0.4,50,Dhamra,13.3
2021-11-24 00:17,9746054,20.7797,86.9033,0.0,198,Dhamra,13.5
2021-11-24 19:18,9746054,20.7679,86.9264,0.0,10,Dhamra,14.1
2021-11-19 15:01,9559190,20.587,86.4881,10.1,331,Dhamra,13.3
2021-11-20 07:01,9559190,21.0347,87.0315,12.8,358,Dhamra,13.9
2021-11-20 15:41,9559190,20.7532,87.0354,0.3,236,Dhamra,13.9
2021-11-21 05:36,9559190,20.8136,86.769,0.3,343,Dhamra,13.0
2021-11-21 23:50,9559190,20.7815,86.9007,0.0,131,Dhamra,14.2
2021-11-22 19:05,9559190,20.787,86.936,0.0,13,Dhamra,14.4
2021-12-30 04:35,9215871,21.0725,86.3044,9.9,52,Dhamra,18.1
2021-12-30 20:35,9215871,20.689,86.7514,10.9,47,Dhamra,17.4
2021-12-31 07:03,9215871,20.7063,86.9983,0.8,55,Dhamra,17.9
2021-12-31 18:03,9215871,20.708,86.7781,0.2,341,Dhamra,17.7
2022-01-01 05:48,9215871,20.8762,86.9451,0.5,343,Dhamra,16.6
2022-01-02 10:24,9215871,20.7873,86.912,0.0,137,Dhamra,18.3
2022-01-03 21:33,9215871,20.7657,86.918,0.0,324,Dhamra,17.5
2021-12-25 09:06,9151262,21.5702,87.5778,9.6,296,Dhamra,12.5
2021-12-26 01:06,9151262,20.9868,86.8999,12.4,145,Dhamra,13.1
2021-12-26 09:13,9151262,20.9255,86.7776,0.4,101,Dhamra,13.6
2021-12-26 21:54,9151262,20.6855,87.0505,0.3,151,Dhamra,12.7
2021-12-27 21:51,9151262,20.7633,86.9253,0.0,157,Dhamra,13.6
2021-12-28 17:32,9151262,20.7992,86.9303,0.0,26,Dhamra,13.4
2021-12-14 09:00,9215871,20.6452,87.295,12.5,254,Dhamra,18.3
2021-12-15 01:00,9215871,20.5692,87.0755,10.1,345,Dhamra,16.7
2021-12-15 11:22,9215871,20.7412,86.8477,0.1,21,Dhamra,17.2
2021-12-15 21:56,9215871,20.697,86.8272,0.2,189,Dhamra,17.0
2021-12-16 09:37,9215871,20.6576,86.7983,0.8,196,Dhamra,16.6
2021-12-17 19:04,9215871,20.799,86.9362,0.0,248,Dhamra,18.0
2021-12-19 06:43,9215871,20.7992,86.9252,0.0,44,Dhamra,17.9
2022-01-26 23:53,9060320,21.2226,87.3185,9.2,305,Dhamra,17.1
2022-01-27 15:53,9060320,20.5406,86.9166,12.0,131,Dhamra,16.2
2022-01-28 01:38,9060320,20.859,87.0394,0.2,242,Dhamra,16.3
2022-01-29 06:17,9060320,20.7697,86.9363,0.0,104,Dhamra,17.2
2022-01-30 21:17,9060320,20.7812,86.9029,0.0,164,Dhamra,17.0
2022-01-09 16:57,9095119,21.1395,86.7072,11.2,214,Dhamra,12.7
2022-01-10 08:57,9095119,20.6727,87.067,10.1,37,Dhamra,12.9
2022-01-10 17:04,9095119,20.7552,87.0463,0.2,296,Dhamra,13.4
2022-01-11 07:16,9095119,20.7891,87.0037,0.1,115,Dhamra,12.9
2022-01-12 01:37,9095119,20.7996,86.9014,0.0,193,Dhamra,13.8
2022-01-12 19:16,9095119,20.7893,86.913,0.0,59,Dhamra,14.0
2022-01-19 02:17,9096672,20.6657,87.0696,9.7,61,Dhamra,17.1
2022-01-19 18:17,9096672,20.5691,86.9985,9.3,214,Dhamra,16.9
2022-01-20 04:05,9096672,20.7201,86.9915,0.2,181,Dhamra,16.4
2022-01-20 14:24,9096672,20.8572,86.932,0.1,8,Dhamra,16.4
2022-01-21 20:11,9096672,20.7869,86.9221,0.0,116,Dhamra,18.2
2022-01-23 10:35,9096672,20.7862,86.9189,0.0,315,Dhamra,17.8
2022-02-25 11:11,9260565,20.0439,87.1654,10.1,358,Dhamra,13.9
2022-02-26 03:11,9260565,20.7429,86.9198,11.9,145,Dhamra,13.1
2022-02-26 12:57,9260565,20.8848,86.789,0.0,251,Dhamra,13.2
2022-02-26 23:45,9260565,20.6561,87.0634,0.0,173,Dhamra,13.2
2022-02-27 19:20,9260565,20.7817,86.9287,0.0,142,Dhamra,13.6
2022-02-28 13:49,9260565,20.7878,86.9068,0.0,108,Dhamra,13.8
2022-02-16 04:16,9307294,21.1962,87.2024,9.4,98,Dhamra,16.3
2022-02-16 20:16,9307294,20.9392,87.0427,11.9,36,Dhamra,17.1
2022-02-17 06:31,9307294,20.807,86.8469,0.7,157,Dhamra,17.6
2022-02-18 13:08,9307294,20.793,86.9039,0.0,25,Dhamra,17.6
2022-02-20 01:23,9307294,20.8008,86.9355,0.0,315,Dhamra,17.4
2022-02-23 10:27,9874716,20.7178,87.6719,11.8,219,Dhamra,13.0
2022-02-24 02:27,9874716,20.7811,86.6885,11.7,11,Dhamra,13.4
2022-02-24 11:04,9874716,20.7571,86.7818,0.1,161,Dhamra,14.2
2022-02-24 22:40,9874716,20.6488,86.9681,0.5,105,Dhamra,14.2
2022-02-25 16:31,9874716,20.7815,86.9118,0.0,283,Dhamra,14.2
2022-02-26 09:34,9874716,20.7729,86.9115,0.0,342,Dhamra,14.2
2022-02-14 07:17,9095119,21.2378,87.0338,12.7,8,Dhamra,13.5
2022-02-14 23:17,9095119,20.9277,86.8835,9.7,85,Dhamra,13.5
2022-02-15 08:19,9095119,20.8045,86.827,0.1,12,Dhamra,13.7
2022-02-16 08:13,9095119,20.7831,86.8992,0.0,107,Dhamra,13.7
2022-02-17 02:02,9095119,20.7812,86.9219,0.0,52,Dhamra,13.9
2022-02-11 13:25,9746054,21.1842,86.1337,11.6,273,Dhamra,14.2
2022-02-12 05:25,9746054,20.8771,86.7115,9.4,276,Dhamra,13.2
2022-02-12 15:56,9746054,20.691,86.976,0.2,106,Dhamra,14.2
2022-02-13 19:02,9746054,20.7675,86.9006,0.0,275,Dhamra,14.0
2022-02-14 15:29,9746054,20.7849,86.914,0.0,292,Dhamra,14.0
2022-03-21 23:56,9192002,20.0474,86.925,12.8,6,Dhamra,13.1
2022-03-22 15:56,9192002,20.9982,86.9326,9.1,192,Dhamra,13.2
2022-03-23 01:15,9192002,20.6531,86.9822,0.4,274,Dhamra,13.1
2022-03-23 13:04,9192002,20.7395,86.7721,0.6,134,Dhamra,13.0
2022-03-24 12:38,9192002,20.7935,86.9267,0.0,62,Dhamra,13.9
2022-03-25 06:56,9192002,20.7831,86.9223,0.0,242,Dhamra,14.0
2022-03-20 18:18,9686782,20.0022,86.6425,10.4,218,Dhamra,13.7
2022-03-21 10:18,9686782,20.6287,87.1286,12.5,86,Dhamra,13.6
2022-03-21 18:48,9686782,20.7047,86.8137,0.5,110,Dhamra,13.6
2022-03-22 06:38,9686782,20.6984,87.0656,0.4,81,Dhamra,13.9
2022-03-23 08:55,9686782,20.7861,86.9282,0.0,81,Dhamra,13.9
2022-03-24 03:34,9686782,20.7977,86.91,0.0,141,Dhamra,14.2
2022-03-14 08:56,9060320,21.2159,86.3498,10.9,217,Dhamra,16.0
2022-03-15 00:56,9060320,20.8576,86.85,9.1,251,Dhamra,17.4
2022-03-15 10:40,9060320,20.6579,86.9283,0.0,95,Dhamra,16.5
2022-03-15 22:59,9060320,20.673,86.9962,0.1,304,Dhamra,16.2
2022-03-17 00:02,9060320,20.7822,86.9321,0.0,60,Dhamra,17.5
2022-03-18 13:32,9060320,20.7779,86.9214,0.0,235,Dhamra,17.1
2022-03-30 02:57,9231171,20.9418,87.2039,10.3,22,Dhamra,14.1
2022-03-30 18:57,9231171,20.9653,87.0503,11.0,227,Dhamra,13.6
2022-03-31 04:19,9231171,20.6636,86.8797,0.4,221,Dhamra,13.5
2022-03-31 16:41,9231171,20.6415,86.9737,0.7,251,Dhamra,13.7
2022-04-01 17:24,9231171,20.7845,86.9254,0.0,350,Dhamra,13.8
2022-04-02 11:35,9231171,20.7798,86.9188,0.0,155,Dhamra,13.9
2022-03-12 04:10,9367188,20.9558,87.0706,9.7,270,Dhamra,12.8
2022-03-12 20:10,9367188,20.9497,86.9295,11.1,138,Dhamra,13.1
2022-03-13 06:22,9367188,20.9042,87.0547,0.3,39,Dhamra,13.9
2022-03-14 07:37,9367188,20.7823,86.9105,0.0,251,Dhamra,13.4
2022-03-15 04:12,9367188,20.7809,86.9007,0.0,224,Dhamra,13.3
2022-03-14 04:23,9355626,21.0776,86.42,12.4,283,Dhamra,17.2
2022-03-14 20:23,9355626,20.7402,86.8539,11.2,262,Dhamra,18.1
2022-03-15 04:45,9355626,20.8636,86.9927,0.7,199,Dhamra,17.2
2022-03-16 16:15,9355626,20.7812,86.9164,0.0,240,Dhamra,17.8
2022-03-18 05:24,9355626,20.7895,86.8988,0.0,286,Dhamra,18.1
2022-04-21 00:52,9462030,20.8371,86.4965,9.9,225,Dhamra,13.7
2022-04-21 16:52,9462030,20.6525,86.8029,10.8,6,Dhamra,13.8
2022-04-22 03:07,9462030,20.8392,86.9007,0.0,207,Dhamra,13.5
2022-04-23 06:47,9462030,20.7896,86.9136,0.0,119,Dhamra,13.9
2022-04-24 00:50,9462030,20.7763,86.899,0.0,291,Dhamra,14.0
2022-04-19 22:41,9355626,21.2435,87.0276,11.2,319,Dhamra,17.9
2022-04-20 14:41,9355626,20.6337,87.0879,12.6,80,Dhamra,16.7
2022-04-20 22:44,9355626,20.8809,86.7859,0.2,14,Dhamra,17.1
2022-04-22 08:02,9355626,20.788,86.9017,0.0,121,Dhamra,17.4
2022-04-23 19:37,9355626,20.798,86.9142,0.0,126,Dhamra,17.4
2022-04-29 03:56,9215871,21.2444,86.5311,11.3,299,Dhamra,17.6
2022-04-29 19:56,9215871,20.5604,86.6548,12.5,301,Dhamra,17.0
2022-04-30 05:09,9215871,20.6562,86.8128,0.1,55,Dhamra,17.7
2022-04-30 17:53,9215871,20.8099,86.95,0.8,146,Dhamra,18.3
2022-05-01 18:00,9215871,20.786,86.9022,0.0,130,Dhamra,17.5
2022-05-03 03:15,9215871,20.7694,86.9038,0.0,18,Dhamra,17.6
2022-05-23 16:52,9057030,21.4596,87.5516,9.4,50,Dhamra,17.5
2022-05-24 08:52,9057030,21.0124,87.0952,12.0,80,Dhamra,17.0
2022-05-24 19:32,9057030,20.8769,86.8741,0.5,198,Dhamra,17.1
2022-05-25 07:26,9057030,20.9214,87.043,0.2,304,Dhamra,16.4
2022-05-26 17:19,9057030,20.8005,86.9024,0.0,188,Dhamra,17.5
2022-05-28 10:00,9057030,20.7811,86.9009,0.0,342,Dhamra,17.1
2022-05-28 19:41,9060320,20.2172,86.7298,11.2,223,Dhamra,17.3
2022-05-29 11:41,9060320,20.6429,86.8768,12.4,124,Dhamra,16.4
2022-05-29 20:53,9060320,20.9139,86.9757,0.1,107,Dhamra,16.4
2022-05-30 07:42,9060320,20.8271,86.7861,0.0,221,Dhamra,16.4
2022-05-31 19:42,9060320,20.7705,86.9153,0.0,215,Dhamra,17.3
2022-06-02 09:15,9060320,20.7715,86.936,0.0,258,Dhamra,17.1
2022-05-14 09:48,9184777,20.9342,86.8595,10.1,49,Dhamra,12.5
2022-05-15 01:48,9184777,20.9748,87.029,10.0,115,Dhamra,12.7
2022-05-15 09:50,9184777,20.7456,86.796,0.8,13,Dhamra,12.8
2022-05-15 23:05,9184777,20.9215,87.0296,0.6,167,Dhamra,13.6
2022-05-17 04:40,9184777,20.7936,86.9294,0.0,224,Dhamra,13.8
2022-05-18 01:37,9184777,20.7932,86.9102,0.0,343,Dhamra,13.8
2022-06-12 23:44,9842348,21.2884,87.3909,9.4,292,Dhamra,13.4
2022-06-13 15:44,9842348,21.0426,86.7138,9.3,194,Dhamra,13.9
2022-06-14 01:49,9842348,20.639,86.9574,0.2,332,Dhamra,14.5
2022-06-14 12:03,9842348,20.7514,86.8269,0.3,284,Dhamra,13.7
2022-06-15 01:16,9842348,20.7856,86.9081,0.4,184,Dhamra,14.0
2022-06-15 13:52,9842348,20.76,86.8546,0.3,186,Dhamra,13.5
2022-06-16 00:22,9842348,20.6719,86.7727,0.2,117,Dhamra,13.8
2022-06-16 19:14,9842348,20.7781,86.9222,0.0,66,Dhamra,14.4
2022-06-17 12:38,9842348,20.7994,86.9324,0.0,50,Dhamra,14.5
2022-06-26 05:40,9559190,20.1354,87.6171,11.8,145,Dhamra,13.5
2022-06-26 21:40,9559190,21.0234,86.8816,12.1,309,Dhamra,13.7
2022-06-27 06:03,9559190,20.7121,86.9751,0.2,299,Dhamra,13.4
2022-06-27 19:05,9559190,20.8689,86.868,0.1,62,Dhamra,13.1
2022-06-28 06:18,9559190,20.6449,86.9928,0.5,97,Dhamra,13.0
2022-06-28 17:58,9559190,20.7748,86.7901,0.6,123,Dhamra,14.0
2022-06-29 15:06,9559190,20.7688,86.9223,0.0,64,Dhamra,14.0
2022-06-30 09:49,9559190,20.7951,86.8993,0.0,23,Dhamra,14.2
2022-06-26 06:23,9462030,19.9845,86.83,12.1,291,Dhamra,12.9
2022-06-26 22:23,9462030,20.6812,86.8271,12.5,342,Dhamra,13.5
2022-06-27 08:22,9462030,20.8727,87.0539,0.5,245,Dhamra,13.8
2022-06-27 20:15,9462030,20.8353,86.7938,0.8,13,Dhamra,13.8
2022-06-28 08:38,9462030,20.8011,86.8598,0.4,89,Dhamra,13.8
2022-06-29 06:30,9462030,20.7955,86.9068,0.0,283,Dhamra,13.8
2022-06-30 01:09,9462030,20.7853,86.9301,0.0,111,Dhamra,13.9
2022-06-15 11:32,9785903,21.4429,86.3194,12.8,148,Dhamra,13.6
2022-06-16 03:32,9785903,20.6119,86.9511,10.7,203,Dhamra,13.7
2022-06-16 14:06,9785903,20.8519,86.9413,0.5,229,Dhamra,13.8
2022-06-17 01:07,9785903,20.8065,86.8073,0.6,349,Dhamra,14.4
2022-06-17 13:36,9785903,20.6535,86.9777,0.2,218,Dhamra,14.3
2022-06-18 02:04,9785903,20.7632,86.8361,0.1,239,Dhamra,14.1
2022-06-18 18:36,9785903,20.7735,86.9154,0.0,237,Dhamra,14.0
2022-06-19 14:57,9785903,20.7718,86.9106,0.0,136,Dhamra,14.3
2022-07-09 02:05,9111444,20.8971,87.1408,12.7,90,Dhamra,17.1
2022-07-09 18:05,9111444,20.6714,86.687,11.4,224,Dhamra,18.1
2022-07-10 02:14,9111444,20.9308,87.0547,0.7,308,Dhamra,18.2
2022-07-10 16:06,9111444,20.6372,86.8042,0.2,234,Dhamra,17.2
2022-07-11 04:58,9111444,20.7133,87.065,0.7,90,Dhamra,18.4
2022-07-12 06:49,9111444,20.7762,86.9324,0.0,51,Dhamra,17.7
2022-07-13 17:08,9111444,20.7704,86.8968,0.0,209,Dhamra,18.3
2022-07-27 03:13,9095119,21.1452,86.5831,12.8,282,Dhamra,12.6
2022-07-27 19:13,9095119,20.5473,86.7461,10.7,259,Dhamra,13.2
2022-07-28 04:30,9095119,20.6566,86.9758,0.4,351,Dhamra,12.8
2022-07-28 16:21,9095119,20.839,86.9943,0.1,229,Dhamra,14.0
2022-07-29 04:33,9095119,20.7257,86.8286,0.6,162,Dhamra,13.1
2022-07-29 16:13,9095119,20.7983,87.0215,0.2,134,Dhamra,13.8
2022-07-30 04:34,9095119,20.7395,86.9389,0.7,99,Dhamra,13.5
2022-07-30 21:44,9095119,20.7872,86.9038,0.0,138,Dhamra,13.7
2022-07-31 15:47,9095119,20.7755,86.9009,0.0,177,Dhamra,13.9
2022-07-22 09:38,9463594,20.26,87.2791,12.1,120,Dhamra,13.1
2022-07-23 01:38,9463594,20.9171,86.9354,12.8,150,Dhamra,12.8
2022-07-23 09:55,9463594,20.8208,86.8354,0.8,30,Dhamra,12.7
2022-07-24 00:04,9463594,20.6689,87.0663,0.1,253,Dhamra,13.8
2022-07-25 02:47,9463594,20.7993,86.9155,0.0,255,Dhamra,13.5
2022-07-25 23:40,9463594,20.7902,86.9068,0.0,88,Dhamra,14.0
2022-08-14 01:08,9462030,20.1185,87.305,12.6,173,Dhamra,14.0
2022-08-14 17:08,9462030,20.692,86.9367,12.1,20,Dhamra,13.4
2022-08-15 01:54,9462030,20.8969,86.7734,0.5,132,Dhamra,14.1
2022-08-15 15:06,9462030,20.8358,87.0048,0.1,199,Dhamra,13.1
2022-08-16 01:50,9462030,20.9232,86.9391,0.6,175,Dhamra,13.5
2022-08-17 01:22,9462030,20.7676,86.9128,0.0,177,Dhamra,13.9
2022-08-17 18:35,9462030,20.7782,86.9269,0.0,359,Dhamra,13.7
2022-08-25 04:15,9111444,21.5719,87.1734,11.5,180,Dhamra,17.7
2022-08-25 20:15,9111444,20.88,86.6768,9.1,244,Dhamra,17.9
2022-08-26 05:55,9111444,20.7802,86.915,0.5,101,Dhamra,16.8
2022-08-26 17:36,9111444,20.6665,87.064,0.2,168,Dhamra,17.1
2022-08-28 00:21,9111444,20.7879,86.9315,0.0,251,Dhamra,17.7
2022-08-29 12:57,9111444,20.7693,86.899,0.0,174,Dhamra,18.4
2022-08-15 17:44,9184777,21.2099,87.3,9.3,303,Dhamra,13.1
2022-08-16 09:44,9184777,21.0436,86.835,12.7,75,Dhamra,13.8
2022-08-16 17:45,9184777,20.6984,86.9079,0.2,133,Dhamra,12.9
2022-08-17 06:54,9184777,20.8843,86.7894,0.7,325,Dhamra,12.5
2022-08-17 18:39,9184777,20.8949,86.9539,0.5,174,Dhamra,12.7
2022-08-18 16:42,9184777,20.7676,86.9323,0.0,77,Dhamra,13.6
2022-08-19 10:03,9184777,20.7994,86.8995,0.0,146,Dhamra,13.2
2022-08-23 00:41,9725674,20.3279,86.481,9.5,142,Dhamra,14.1
2022-08-23 16:41,9725674,20.981,87.1215,12.7,81,Dhamra,13.1
2022-08-24 03:02,9725674,20.9149,86.8413,0.4,79,Dhamra,14.1
2022-08-24 12:53,9725674,20.653,86.9609,0.3,334,Dhamra,13.1
2022-08-25 02:03,9725674,20.8095,86.8102,0.6,190,Dhamra,13.1
2022-08-25 20:01,9725674,20.7907,86.9237,0.0,259,Dhamra,13.6
2022-08-26 15:56,9725674,20.7938,86.9225,0.0,64,Dhamra,13.7
2022-09-12 10:37,9095119,20.2081,87.6636,10.3,133,Dhamra,13.5
2022-09-13 02:37,9095119,20.5293,86.7835,9.7,33,Dhamra,13.2
2022-09-13 12:59,9095119,20.8171,86.9634,0.3,66,Dhamra,13.4
2022-09-14 01:27,9095119,20.9056,86.861,0.7,322,Dhamra,12.8
2022-09-14 12:17,9095119,20.9324,86.996,0.6,322,Dhamra,13.7
2022-09-15 10:01,9095119,20.7793,86.9161,0.0,73,Dhamra,13.9
2022-09-16 03:25,9095119,20.777,86.9341,0.0,16,Dhamra,13.3
2022-09-24 13:48,9559190,20.4396,87.5966,11.2,308,Dhamra,13.2
2022-09-25 05:48,9559190,21.0442,86.7952,12.0,238,Dhamra,14.1
2022-09-25 15:53,9559190,20.6983,87.0302,0.4,29,Dhamra,14.1
2022-09-26 04:19,9559190,20.8333,87.0386,0.3,296,Dhamra,13.5
2022-09-26 14:21,9559190,20.6614,86.7883,0.5,78,Dhamra,13.7
2022-09-27 12:08,9559190,20.773,86.901,0.0,27,Dhamra,14.4
2022-09-28 08:57,9559190,20.794,86.9052,0.0,170,Dhamra,13.9
2022-09-19 09:34,9367188,20.5008,87.3214,11.8,234,Dhamra,12.8
2022-09-20 01:34,9367188,20.7665,86.8864,12.9,251,Dhamra,12.9
2022-09-20 11:40,9367188,20.8081,86.8796,0.2,303,Dhamra,12.7
2022-09-21 00:15,9367188,20.7536,86.8738,0.6,114,Dhamra,13.3
2022-09-21 11:26,9367188,20.8898,86.9141,0.0,310,Dhamra,12.9
2022-09-22 14:52,9367188,20.7774,86.9259,0.0,86,Dhamra,13.8
2022-09-23 09:28,9367188,20.795,86.9044,0.0,233,Dhamra,13.9
2022-10-16 11:03,9842348,21.2448,86.8093,9.6,110,Dhamra,13.5
2022-10-17 03:03,9842348,21.0281,87.0643,10.4,359,Dhamra,14.3
2022-10-17 11:30,9842348,20.9204,86.9854,0.7,185,Dhamra,13.8
2022-10-18 01:05,9842348,20.7064,86.8597,0.7,344,Dhamra,13.4
2022-10-18 12:53,9842348,20.7159,86.9739,0.2,290,Dhamra,14.5
2022-10-19 12:10,9842348,20.7929,86.8968,0.0,156,Dhamra,14.2
2022-10-20 08:55,9842348,20.7848,86.934,0.0,16,Dhamra,14.0
2022-10-11 15:55,9355626,20.1036,87.59,9.7,311,Dhamra,16.4
2022-10-12 07:55,9355626,20.9814,87.0021,11.6,89,Dhamra,17.5
2022-10-12 16:49,9355626,20.6435,86.9367,0.5,40,Dhamra,18.1
2022-10-13 05:31,9355626,20.8765,86.8967,0.1,224,Dhamra,17.2
2022-10-13 18:17,9355626,20.7794,86.9425,0.8,211,Dhamra,17.9
2022-10-14 04:41,9355626,20.929,86.7929,0.3,21,Dhamra,17.2
2022-10-14 18:22,9355626,20.8542,86.8656,0.1,30,Dhamra,16.6
2022-10-15 05:36,9355626,20.6468,86.7904,0.7,136,Dhamra,17.1
2022-10-16 12:39,9355626,20.7792,86.9301,0.0,59,Dhamra,17.9
2022-10-17 23:34,9355626,20.7697,86.9026,0.0,157,Dhamra,18.1
2022-10-17 18:17,9215871,21.2558,86.9821,10.1,248,Dhamra,17.9
2022-10-18 10:17,9215871,20.5997,86.8541,10.5,196,Dhamra,18.2
2022-10-18 20:48,9215871,20.6792,86.8015,0.2,345,Dhamra,17.2
2022-10-19 06:24,9215871,20.8232,86.8806,0.4,143,Dhamra,18.3
2022-10-19 19:03,9215871,20.7506,86.9802,0.2,27,Dhamra,16.9
2022-10-20 06:47,9215871,20.77,86.9625,0.2,139,Dhamra,17.8
2022-10-20 20:20,9215871,20.7199,86.9213,0.2,64,Dhamra,16.9
2022-10-21 22:01,9215871,20.785,86.9097,0.0,179,Dhamra,17.5
2022-10-23 09:32,9215871,20.7957,86.9341,0.0,341,Dhamra,17.9
2022-10-07 13:50,9133209,21.2362,87.2187,10.5,14,Dhamra,13.7
2022-10-08 05:50,9133209,21.0062,86.7951,11.4,296,Dhamra,13.7
2022-10-08 13:52,9133209,20.6445,86.7808,0.1,241,Dhamra,13.6
2022-10-09 04:10,9133209,20.9175,86.9416,0.5,157,Dhamra,14.3
2022-10-09 13:58,9133209,20.767,87.0258,0.2,295,Dhamra,14.3
2022-10-10 03:30,9133209,20.8029,86.9374,0.2,292,Dhamra,13.6
2022-10-10 16:32,9133209,20.9183,86.9562,0.6,65,Dhamra,13.7
2022-10-11 17:05,9133209,20.7706,86.9112,0.0,277,Dhamra,13.7
2022-10-12 09:46,9133209,20.7811,86.8972,0.0,228,Dhamra,13.7
2022-10-25 04:11,9638539,21.5497,87.5353,9.4,190,Dhamra,12.7
2022-10-25 20:11,9638539,20.89,86.8882,11.7,287,Dhamra,12.7
2022-10-26 05:21,9638539,20.6404,86.9704,0.6,334,Dhamra,13.2
2022-10-26 18:21,9638539,20.8766,86.8132,0.3,290,Dhamra,12.9
2022-10-27 21:55,9638539,20.7949,86.9154,0.0,354,Dhamra,13.6
2022-10-28 17:50,9638539,20.7879,86.902,0.0,142,Dhamra,13.5
2022-11-14 00:24,9264511,21.0551,86.7969,12.0,326,Dhamra,12.8
2022-11-14 16:24,9264511,20.8246,86.9445,12.2,175,Dhamra,13.0
2022-11-15 03:09,9264511,20.6549,86.8715,0.7,204,Dhamra,13.9
2022-11-15 12:58,9264511,20.9222,86.9581,0.2,301,Dhamra,13.4
2022-11-16 02:20,9264511,20.885,86.8038,0.6,46,Dhamra,14.0
2022-11-16 15:13,9264511,20.6722,86.7738,0.5,17,Dhamra,13.1
2022-11-17 09:01,9264511,20.79,86.9017,0.0,55,Dhamra,13.5
2022-11-18 04:16,9264511,20.7937,86.9116,0.0,220,Dhamra,13.6
2022-11-18 11:33,9638539,20.1942,86.6249,11.7,305,Dhamra,12.7
2022-11-19 03:33,9638539,20.6885,86.8142,10.5,282,Dhamra,13.6
2022-11-19 11:53,9638539,20.9208,86.9613,0.8,299,Dhamra,13.6
2022-11-20 02:10,9638539,20.8678,87.0531,0.6,317,Dhamra,12.7
2022-11-20 13:48,9638539,20.7408,86.9964,0.6,71,Dhamra,12.7
2022-11-21 16:21,9638539,20.7656,86.9046,0.0,42,Dhamra,13.5
2022-11-22 09:09,9638539,20.7832,86.9224,0.0,351,Dhamra,13.6
2022-11-20 04:50,9725674,21.4903,86.1269,10.8,52,Dhamra,12.9
2022-11-20 20:50,9725674,20.7074,86.9051,12.1,103,Dhamra,13.8
2022-11-21 06:05,9725674,20.8935,86.9491,0.6,157,Dhamra,13.4
2022-11-21 17:12,9725674,20.6425,86.8489,0.5,351,Dhamra,12.7
2022-11-22 18:33,9725674,20.7827,86.9326,0.0,245,Dhamra,13.6
2022-11-23 12:18,9725674,20.7634,86.9102,0.0,82,Dhamra,13.8
2022-11-09 00:55,9278464,20.9356,87.2954,11.7,304,Dhamra,17.9
2022-11-09 16:55,9278464,20.6064,86.7333,12.6,34,Dhamra,16.5
2022-11-10 01:38,9278464,20.9022,86.7873,0.4,152,Dhamra,17.0
2022-11-10 13:34,9278464,20.6957,86.8643,0.4,232,Dhamra,17.2
2022-11-11 01:30,9278464,20.7755,86.8302,0.6,200,Dhamra,16.5
2022-11-11 13:57,9278464,20.6622,86.8138,0.6,304,Dhamra,17.1
2022-11-12 00:59,9278464,20.802,87.0489,0.7,160,Dhamra,16.8
2022-11-13 02:03,9278464,20.773,86.9344,0.0,290,Dhamra,17.3
2022-11-14 12:22,9278464,20.802,86.909,0.0,337,Dhamra,17.4
2022-11-07 10:05,9184777,20.7442,86.7684,9.7,344,Dhamra,13.9
2022-11-08 02:05,9184777,20.8375,86.7477,12.3,358,Dhamra,13.6
2022-11-08 12:25,9184777,20.6895,86.9334,0.2,206,Dhamra,13.3
2022-11-08 22:12,9184777,20.7858,86.905,0.1,34,Dhamra,12.8
2022-11-09 10:41,9184777,20.6516,86.967,0.1,10,Dhamra,13.1
2022-11-10 08:20,9184777,20.8003,86.9291,0.0,351,Dhamra,13.8
2022-11-11 01:55,9184777,20.7662,86.9196,0.0,242,Dhamra,13.3
2022-12-17 18:12,9095119,20.8055,87.2018,12.0,232,Dhamra,13.3
2022-12-18 10:12,9095119,20.7781,86.9162,11.5,163,Dhamra,13.6
2022-12-18 19:28,9095119,20.786,86.8496,0.8,348,Dhamra,14.0
2022-12-19 06:50,9095119,20.8476,86.8807,0.1,308,Dhamra,13.5
2022-12-19 18:49,9095119,20.9284,86.9031,0.7,35,Dhamra,13.3
2022-12-20 06:24,9095119,20.8731,86.7744,0.2,81,Dhamra,13.2
2022-12-21 08:36,9095119,20.771,86.9236,0.0,309,Dhamra,13.8
2022-12-22 05:54,9095119,20.7712,86.904,0.0,70,Dhamra,14.0
2022-12-20 10:00,9191845,20.0956,87.3616,9.7,287,Dhamra,17.2
2022-12-21 02:00,9191845,20.7827,87.0033,9.4,116,Dhamra,17.4
2022-12-21 12:38,9191845,20.9065,86.9492,0.8,192,Dhamra,16.5
2022-12-22 00:03,9191845,20.7934,86.9291,0.3,40,Dhamra,17.9
2022-12-22 11:25,9191845,20.7442,86.978,0.8,244,Dhamra,17.7
2022-12-23 20:42,9191845,20.7909,86.8971,0.0,138,Dhamra,17.3
2022-12-25 06:54,9191845,20.777,86.9213,0.0,339,Dhamra,17.5
2022-12-17 06:17,9111444,20.7713,86.9977,11.4,250,Dhamra,18.2
2022-12-17 22:17,9111444,20.8958,87.112,12.3,155,Dhamra,17.4
2022-12-18 07:11,9111444,20.6663,86.9439,0.4,151,Dhamra,17.2
2022-12-18 19:42,9111444,20.871,86.9113,0.8,158,Dhamra,17.5
2022-12-19 07:48,9111444,20.7827,86.9097,0.5,187,Dhamra,16.8
2022-12-19 19:48,9111444,20.7802,86.9917,0.8,111,Dhamra,17.1
2022-12-21 05:17,9111444,20.7715,86.9309,0.0,85,Dhamra,18.4
2022-12-22 18:29,9111444,20.7729,86.9213,0.0,21,Dhamra,18.3
2022-12-22 14:43,9638539,21.3444,86.7078,10.8,319,Dhamra,13.9
2022-12-23 06:43,9638539,20.6664,87.1519,11.5,154,Dhamra,12.6
2022-12-23 17:25,9638539,20.6729,86.9865,0.7,117,Dhamra,13.0
2022-12-24 05:07,9638539,20.8492,86.924,0.4,332,Dhamra,12.7
2022-12-24 17:28,9638539,20.8119,86.9195,0.8,50,Dhamra,12.6
2022-12-25 11:26,9638539,20.7935,86.9235,0.0,319,Dhamra,13.3
2022-12-26 06:59,9638539,20.7771,86.9221,0.0,322,Dhamra,13.7
2023-01-08 01:29,9785903,20.4212,87.4045,12.4,154,Dhamra,14.2
2023-01-08 17:29,9785903,20.8884,86.7309,12.9,90,Dhamra,14.3
2023-01-09 01:35,9785903,20.8887,86.7785,0.0,293,Dhamra,13.6
2023-01-09 14:42,9785903,20.8886,86.8704,0.4,2,Dhamra,14.0
2023-01-10 16:21,9785903,20.7747,86.9256,0.0,325,Dhamra,14.1
2023-01-11 11:12,9785903,20.7791,86.9337,0.0,175,Dhamra,14.0
2023-01-12 03:13,9725674,21.1094,87.5134,11.6,189,Dhamra,13.6
2023-01-12 19:13,9725674,20.5711,86.7461,10.6,326,Dhamra,13.5
2023-01-13 05:44,9725674,20.9207,86.7693,0.2,124,Dhamra,12.9
2023-01-13 15:45,9725674,20.9066,86.9564,0.0,286,Dhamra,13.1
2023-01-14 16:39,9725674,20.7665,86.925,0.0,68,Dhamra,13.6
2023-01-15 11:22,9725674,20.7643,86.923,0.0,273,Dhamra,13.8
2023-01-09 18:38,9215871,21.2584,87.372,9.5,175,Dhamra,18.3
2023-01-10 10:38,9215871,21.0473,86.8111,12.8,9,Dhamra,17.9
2023-01-10 20:50,9215871,20.8456,86.9371,0.5,129,Dhamra,16.5
2023-01-11 08:01,9215871,20.7863,87.0038,0.3,267,Dhamra,16.9
2023-01-12 11:02,9215871,20.7914,86.9344,0.0,294,Dhamra,18.3
2023-01-13 20:20,9215871,20.7891,86.9336,0.0,182,Dhamra,17.9
2023-01-09 19:27,9111444,20.1926,86.552,12.4,152,Dhamra,17.1
2023-01-10 11:27,9111444,20.5795,86.9195,11.8,286,Dhamra,18.2
2023-01-10 22:13,9111444,20.7851,86.922,0.5,204,Dhamra,17.5
2023-01-11 09:21,9111444,20.8093,86.8165,0.4,155,Dhamra,16.7
2023-01-12 14:39,9111444,20.7886,86.9323,0.0,330,Dhamra,18.2
2023-01-14 06:33,9111444,20.7745,86.9153,0.0,150,Dhamra,18.4
2023-01-04 16:50,9952378,20.7953,86.3435,12.6,4,Dhamra,13.9
2023-01-05 08:50,9952378,20.9603,86.7118,9.8,247,Dhamra,12.8
2023-01-05 17:41,9952378,20.8824,87.0495,0.7,191,Dhamra,12.7
2023-01-06 13:56,9952378,20.8023,86.9177,0.0,84,Dhamra,13.8
2023-01-07 08:32,9952378,20.7736,86.9364,0.0,6,Dhamra,13.4
2023-01-06 04:12,9184777,20.2767,87.6557,10.4,288,Dhamra,12.7
2023-01-06 20:12,9184777,20.7763,87.0639,11.5,125,Dhamra,13.2
2023-01-07 04:27,9184777,20.7118,87.0511,0.3,12,Dhamra,13.2
2023-01-07 17:13,9184777,20.6774,86.8432,0.4,341,Dhamra,13.6
2023-01-08 14:48,9184777,20.7851,86.9263,0.0,262,Dhamra,13.8
2023-01-09 09:42,9184777,20.7858,86.9038,0.0,323,Dhamra,13.6
2023-02-05 03:49,9686782,20.3127,86.496,9.4,263,Dhamra,13.3
2023-02-05 19:49,9686782,20.92,86.9134,11.3,147,Dhamra,13.1
2023-02-06 06:15,9686782,20.6578,86.9137,0.2,1,Dhamra,14.1
2023-02-06 16:08,9686782,20.8635,87.0236,0.3,281,Dhamra,13.5
2023-02-07 16:20,9686782,20.7914,86.9035,0.0,134,Dhamra,13.9
2023-02-08 11:35,9686782,20.7997,86.9351,0.0,51,Dhamra,14.4
2023-02-12 17:30,9307294,21.1118,86.2953,10.0,306,Dhamra,17.7
2023-02-13 09:30,9307294,21.0335,87.0089,11.5,7,Dhamra,16.4
2023-02-13 18:10,9307294,20.7618,86.7935,0.6,196,Dhamra,17.5
2023-02-14 08:06,9307294,20.7114,87.0144,0.2,217,Dhamra,16.1
2023-02-15 04:57,9307294,20.7999,86.9101,0.0,42,Dhamra,17.2
2023-02-16 13:14,9307294,20.7697,86.9359,0.0,70,Dhamra,17.4
2023-02-16 19:39,9463594,20.3038,86.9322,13.0,55,Dhamra,12.8
2023-02-17 11:39,9463594,20.5948,87.0434,10.5,311,Dhamra,13.5
2023-02-17 22:00,9463594,20.8297,86.8795,0.7,305,Dhamra,12.7
2023-02-18 22:00,9463594,20.7868,86.9055,0.0,298,Dhamra,13.7
2023-02-19 18:35,9463594,20.7993,86.9332,0.0,278,Dhamra,13.8
2023-02-07 09:27,9231171,20.609,87.6242,10.5,131,Dhamra,13.7
2023-02-08 01:27,9231171,20.7013,86.8003,9.7,359,Dhamra,13.1
2023-02-08 10:46,9231171,20.8996,87.0144,0.6,357,Dhamra,13.0
2023-02-08 21:31,9231171,20.706,87.024,0.1,337,Dhamra,13.6
2023-02-09 17:58,9231171,20.7666,86.9327,0.0,242,Dhamra,14.2
2023-02-10 10:49,9231171,20.787,86.9283,0.0,38,Dhamra,14.1
2023-03-22 15:40,9952378,21.5214,87.2747,10.0,22,Dhamra,13.4
2023-03-23 07:40,9952378,20.5392,86.7179,9.6,213,Dhamra,13.7
2023-03-23 18:01,9952378,20.9185,87.0287,0.8,216,Dhamra,13.2
2023-03-24 20:29,9952378,20.7677,86.9242,0.0,96,Dhamra,13.7
2023-03-25 14:14,9952378,20.8011,86.9257,0.0,100,Dhamra,13.6
2023-03-14 08:04,9367188,20.1977,86.1523,11.3,248,Dhamra,13.7
2023-03-15 00:04,9367188,20.8997,87.0514,12.8,145,Dhamra,13.8
2023-03-15 10:15,9367188,20.6951,87.0099,0.6,187,Dhamra,13.1
2023-03-16 07:10,9367188,20.8005,86.9142,0.0,26,Dhamra,14.0
2023-03-17 01:46,9367188,20.7891,86.936,0.0,80,Dhamra,13.6
2023-03-14 23:40,9874716,21.459,86.149,12.5,42,Dhamra,14.0
2023-03-15 15:40,9874716,20.7772,86.7161,12.3,201,Dhamra,13.5
2023-03-16 01:50,9874716,20.707,86.8588,0.1,113,Dhamra,14.2
2023-03-16 21:38,9874716,20.779,86.9266,0.0,73,Dhamra,14.2
2023-03-17 14:41,9874716,20.7927,86.9006,0.0,136,Dhamra,13.9
2023-03-09 12:30,9096672,20.5206,87.0429,10.5,76,Dhamra,17.0
2023-03-10 04:30,9096672,20.7257,86.7355,11.9,10,Dhamra,17.9
2023-03-10 14:12,9096672,20.7832,86.772,0.5,245,Dhamra,18.2
2023-03-11 22:02,9096672,20.785,86.9064,0.0,298,Dhamra,18.2
2023-03-13 12:33,9096672,20.7924,86.9074,0.0,128,Dhamra,17.9
2023-03-20 00:02,9192002,21.0146,86.6579,10.7,315,Dhamra,13.8
2023-03-20 16:02,9192002,20.7985,87.021,9.7,296,Dhamra,13.8
2023-03-21 02:42,9192002,20.8198,86.8739,0.5,342,Dhamra,14.2
2023-03-21 12:20,9192002,20.7424,87.0618,0.3,303,Dhamra,13.9
2023-03-22 11:15,9192002,20.8032,86.9094,0.0,1,Dhamra,13.8
2023-03-23 05:36,9192002,20.7815,86.9177,0.0,245,Dhamra,13.6
2023-04-14 11:09,9638539,21.462,86.1371,10.0,120,Dhamra,13.4
2023-04-15 03:09,9638539,20.8809,86.7601,9.3,359,Dhamra,13.2
2023-04-15 11:30,9638539,20.8905,86.8126,0.0,162,Dhamra,13.7
2023-04-16 17:12,9638539,20.7913,86.9341,0.0,212,Dhamra,13.4
2023-04-17 11:41,9638539,20.7637,86.9155,0.0,141,Dhamra,13.5
2023-04-23 03:27,9060320,21.2045,86.4479,9.2,53,Dhamra,16.4
2023-04-23 19:27,9060320,20.5364,87.0224,11.5,131,Dhamra,16.2
2023-04-24 04:11,9060320,20.6348,87.0544,0.0,185,Dhamra,16.9
2023-04-25 14:53,9060320,20.7821,86.9358,0.0,349,Dhamra,17.1
2023-04-27 05:42,9060320,20.7783,86.9152,0.0,97,Dhamra,17.2
2023-04-15 00:40,9095119,20.5205,87.0219,11.1,125,Dhamra,13.2
2023-04-15 16:40,9095119,20.6424,86.9769,11.9,84,Dhamra,12.7
2023-04-16 03:12,9095119,20.7614,87.0414,0.7,4,Dhamra,12.6
2023-04-16 23:58,9095119,20.8013,86.9364,0.0,252,Dhamra,13.7
2023-04-17 17:40,9095119,20.7694,86.9175,0.0,301,Dhamra,13.8
2023-05-17 20:02,9490456,21.2564,87.234,11.5,254,Dhamra,18.0
2023-05-18 12:02,9490456,20.9818,86.99,11.6,36,Dhamra,17.2
2023-05-18 20:09,9490456,20.8598,86.8694,0.1,37,Dhamra,16.8
2023-05-19 08:08,9490456,20.9006,86.7769,0.7,255,Dhamra,16.5
2023-05-20 09:26,9490456,20.8032,86.911,0.0,173,Dhamra,18.2
2023-05-21 20:14,9490456,20.782,86.9064,0.0,78,Dhamra,17.7
2023-05-21 16:28,9111444,21.3283,87.0885,11.7,346,Dhamra,17.9
2023-05-22 08:28,9111444,21.0265,87.0063,12.0,16,Dhamra,17.1
2023-05-22 16:39,9111444,20.8848,86.9273,0.8,310,Dhamra,18.1
2023-05-23 06:50,9111444,20.8678,86.8064,0.2,248,Dhamra,17.2
2023-05-24 05:35,9111444,20.7746,86.9289,0.0,240,Dhamra,17.8
2023-05-25 20:02,9111444,20.802,86.92,0.0,354,Dhamra,17.6
2023-05-13 21:24,9725674,20.4487,87.104,11.2,112,Dhamra,13.0
2023-05-14 13:24,9725674,20.7391,86.6758,12.7,249,Dhamra,13.3
2023-05-14 23:36,9725674,20.7611,86.8031,0.5,37,Dhamra,13.5
2023-05-15 23:26,9725674,20.7645,86.9185,0.0,200,Dhamra,13.7
2023-05-16 17:51,9725674,20.7734,86.9173,0.0,349,Dhamra,13.8
2023-05-14 18:09,9462030,20.5476,87.442,12.5,76,Dhamra,14.1
2023-05-15 10:09,9462030,20.7008,87.1832,12.8,301,Dhamra,13.0
2023-05-15 20:00,9462030,20.7269,86.8987,0.2,200,Dhamra,13.2
2023-05-16 08:46,9462030,20.9252,87.0352,0.7,251,Dhamra,13.3
2023-05-17 06:19,9462030,20.7864,86.9316,0.0,250,Dhamra,13.6
2023-05-18 00:52,9462030,20.7927,86.9015,0.0,22,Dhamra,13.7
2023-06-09 08:44,9151262,20.0604,86.4535,9.2,276,Dhamra,13.8
2023-06-10 00:44,9151262,20.9774,87.1436,10.6,35,Dhamra,13.6
2023-06-10 09:02,9151262,20.6649,86.9078,0.2,210,Dhamra,13.4
2023-06-10 23:20,9151262,20.8353,86.8106,0.3,160,Dhamra,13.6
2023-06-11 11:18,9151262,20.7923,86.979,0.2,118,Dhamra,13.2
2023-06-12 05:47,9151262,20.7958,86.912,0.0,39,Dhamra,13.2
2023-06-12 23:40,9151262,20.7721,86.9302,0.0,324,Dhamra,13.8
2023-06-15 04:29,9133209,20.1813,86.188,9.9,79,Dhamra,13.9
2023-06-15 20:29,9133209,21.0159,87.0004,11.4,66,Dhamra,13.4
2023-06-16 06:54,9133209,20.9078,86.9602,0.1,345,Dhamra,13.8
2023-06-16 17:27,9133209,20.6421,87.021,0.8,323,Dhamra,13.0
2023-06-17 06:45,9133209,20.751,86.9626,0.2,117,Dhamra,13.3
2023-06-18 04:37,9133209,20.7671,86.9227,0.0,160,Dhamra,13.8
2023-06-18 23:56,9133209,20.7719,86.9171,0.0,222,Dhamra,14.0
2023-06-17 18:24,9057030,21.1665,86.6948,9.3,359,Dhamra,16.2
2023-06-18 10:24,9057030,20.8022,87.0902,12.5,105,Dhamra,17.6
2023-06-18 19:27,9057030,20.6336,87.0021,0.1,232,Dhamra,16.8
2023-06-19 08:52,9057030,20.9069,86.9599,0.0,152,Dhamra,17.2
2023-06-19 20:14,9057030,20.8306,86.8438,0.5,0,Dhamra,16.7
2023-06-20 23:18,9057030,20.775,86.9345,0.0,331,Dhamra,17.4
2023-06-22 12:12,9057030,20.7804,86.9175,0.0,105,Dhamra,17.5
2023-06-06 15:05,9355626,20.2498,86.2983,10.9,79,Dhamra,17.2
2023-06-07 07:05,9355626,20.9536,86.7605,12.2,235,Dhamra,17.8
2023-06-07 16:58,9355626,20.872,87.0341,0.7,303,Dhamra,16.9
2023-06-08 04:48,9355626,20.8659,86.841,0.7,342,Dhamra,17.7
2023-06-08 16:43,9355626,20.9074,86.9829,0.7,256,Dhamra,17.6
2023-06-10 01:25,9355626,20.769,86.9151,0.0,189,Dhamra,17.8
2023-06-11 11:44,9355626,20.7807,86.9275,0.0,3,Dhamra,17.9
2023-07-05 20:45,9842348,21.3386,86.5864,12.4,105,Dhamra,14.2
2023-07-06 12:45,9842348,20.6749,86.8432,10.1,94,Dhamra,14.5
2023-07-06 23:13,9842348,20.6342,87.0094,0.4,63,Dhamra,13.2
2023-07-07 11:07,9842348,20.8022,86.9218,0.4,76,Dhamra,14.1
2023-07-08 08:17,9842348,20.7703,86.9041,0.0,187,Dhamra,13.9
2023-07-09 02:06,9842348,20.7959,86.9146,0.0,245,Dhamra,14.4
2023-07-20 04:41,9725674,21.4646,87.2676,11.2,90,Dhamra,12.7
2023-07-20 20:41,9725674,20.7769,86.9335,12.1,151,Dhamra,13.8
2023-07-21 05:21,9725674,20.7442,86.9442,0.4,81,Dhamra,13.9
2023-07-21 17:08,9725674,20.6964,87.0108,0.7,238,Dhamra,12.8
2023-07-22 19:39,9725674,20.7951,86.9164,0.0,309,Dhamra,13.7
2023-07-23 14:48,9725674,20.7867,86.8994,0.0,297,Dhamra,13.8
2023-08-08 08:54,9463594,20.8434,87.011,13.0,359,Dhamra,13.3
2023-08-09 00:54,9463594,20.965,86.722,9.4,358,Dhamra,13.8
2023-08-09 11:15,9463594,20.7892,86.9394,0.5,43,Dhamra,12.9
2023-08-09 22:52,9463594,20.7261,86.9213,0.1,8,Dhamra,13.6
2023-08-10 22:00,9463594,20.798,86.9087,0.0,345,Dhamra,13.3
2023-08-11 16:54,9463594,20.7903,86.8968,0.0,293,Dhamra,13.5
2023-08-19 15:14,9339563,21.3573,86.5649,11.9,287,Dhamra,13.9
2023-08-20 07:14,9339563,20.6877,86.7723,10.7,225,Dhamra,12.8
2023-08-20 16:57,9339563,20.6973,86.9573,0.5,241,Dhamra,13.3
2023-08-21 05:19,9339563,20.9208,86.9846,0.3,156,Dhamra,13.2
2023-08-22 08:10,9339563,20.7961,86.9337,0.0,309,Dhamra,13.7
2023-08-23 05:35,9339563,20.7653,86.924,0.0,244,Dhamra,13.8
2023-08-13 17:04,9842348,21.168,86.6408,10.9,343,Dhamra,13.2
2023-08-14 09:04,9842348,20.7773,86.8942,12.2,308,Dhamra,13.5
2023-08-14 19:34,9842348,20.8823,86.8319,0.0,222,Dhamra,13.9
2023-08-15 05:37,9842348,20.9296,86.9876,0.5,43,Dhamra,13.8
2023-08-15 18:28,9842348,20.8809,86.9975,0.2,161,Dhamra,13.6
2023-08-16 21:12,9842348,20.7733,86.927,0.0,61,Dhamra,14.1
2023-08-17 17:25,9842348,20.8012,86.9052,0.0,272,Dhamra,14.0
2023-09-08 10:30,9151262,21.3985,87.0328,11.3,71,Dhamra,13.9
2023-09-09 02:30,9151262,20.9057,87.0371,10.7,292,Dhamra,12.8
2023-09-09 10:45,9151262,20.928,86.8648,0.6,259,Dhamra,13.6
2023-09-10 00:48,9151262,20.7544,86.8027,0.2,226,Dhamra,12.8
2023-09-10 13:23,9151262,20.869,87.0127,0.2,83,Dhamra,13.8
2023-09-11 07:16,9151262,20.7983,86.8972,0.0,254,Dhamra,13.3
2023-09-12 01:49,9151262,20.7786,86.9209,0.0,338,Dhamra,13.8
2023-09-03 00:33,9638539,20.9343,86.3658,10.1,231,Dhamra,13.7
2023-09-03 16:33,9638539,20.6948,87.1483,11.2,236,Dhamra,13.2
2023-09-04 00:41,9638539,20.807,87.0461,0.7,212,Dhamra,13.8
2023-09-04 14:19,9638539,20.7987,86.9135,0.3,213,Dhamra,12.6
2023-09-05 14:12,9638539,20.7747,86.9002,0.0,357,Dhamra,13.8
2023-09-06 09:17,9638539,20.7775,86.9338,0.0,1,Dhamra,13.6
2023-09-10 09:30,9874716,20.8591,87.3951,9.6,161,Dhamra,13.0
2023-09-11 01:30,9874716,20.5208,86.9783,11.5,267,Dhamra,13.2
2023-09-11 09:32,9874716,20.9295,86.9172,0.3,314,Dhamra,14.0
2023-09-11 23:17,9874716,20.6637,86.9515,0.3,130,Dhamra,14.1
2023-09-12 10:00,9874716,20.6699,86.8561,0.7,333,Dhamra,13.5
2023-09-13 05:40,9874716,20.801,86.9278,0.0,344,Dhamra,14.3
2023-09-14 01:25,9874716,20.7893,86.9206,0.0,355,Dhamra,14.4
2023-10-03 06:30,9307294,20.5275,87.6964,9.6,75,Dhamra,17.7
2023-10-03 22:30,9307294,20.6176,86.6671,11.9,167,Dhamra,17.4
2023-10-04 08:52,9307294,20.7745,86.7748,0.4,52,Dhamra,16.5
2023-10-04 20:57,9307294,20.8126,86.8499,0.5,204,Dhamra,17.5
2023-10-05 07:58,9307294,20.8177,86.9104,0.0,226,Dhamra,17.4
2023-10-06 09:26,9307294,20.7776,86.9143,0.0,233,Dhamra,17.5
2023-10-07 20:57,9307294,20.7685,86.9294,0.0,321,Dhamra,17.3
2023-10-13 13:35,9264511,21.1184,86.6256,10.3,69,Dhamra,13.5
2023-10-14 05:35,9264511,20.8874,86.9377,9.3,23,Dhamra,12.9
2023-10-14 16:34,9264511,20.7411,86.9121,0.1,105,Dhamra,13.7
2023-10-15 03:21,9264511,20.6975,87.0157,0.6,38,Dhamra,13.5
2023-10-15 16:30,9264511,20.6518,86.9567,0.1,166,Dhamra,13.3
2023-10-16 14:35,9264511,20.7974,86.9269,0.0,287,Dhamra,13.5
2023-10-17 12:11,9264511,20.7755,86.9204,0.0,25,Dhamra,13.8
2023-10-02 15:14,9174447,21.3798,86.8891,9.3,230,Dhamra,13.6
2023-10-03 07:14,9174447,20.971,86.8295,9.9,240,Dhamra,12.8
2023-10-03 18:09,9174447,20.6843,86.8631,0.8,327,Dhamra,14.0
2023-10-04 05:12,9174447,20.8375,86.7763,0.1,32,Dhamra,13.7
2023-10-04 16:52,9174447,20.6659,86.8996,0.3,47,Dhamra,13.5
2023-10-05 05:49,9174447,20.708,86.9207,0.5,246,Dhamra,14.0
2023-10-05 22:57,9174447,20.7832,86.9011,0.0,276,Dhamra,13.9
2023-10-06 17:36,9174447,20.7845,86.9119,0.0,11,Dhamra,13.7
2023-11-17 03:37,9952378,20.9021,87.0057,9.7,333,Dhamra,13.5
2023-11-17 19:37,9952378,20.7218,86.8842,11.2,28,Dhamra,13.8
2023-11-18 04:20,9952378,20.9185,87.0328,0.1,159,Dhamra,13.2
2023-11-18 16:35,9952378,20.7842,86.8839,0.0,347,Dhamra,13.5
2023-11-19 06:22,9952378,20.7972,87.0265,0.8,309,Dhamra,12.9
2023-11-19 17:27,9952378,20.7505,86.8517,0.8,288,Dhamra,13.4
2023-11-20 04:08,9952378,20.7079,86.8887,0.3,26,Dhamra,13.6
2023-11-21 02:10,9952378,20.7885,86.9109,0.0,276,Dhamra,14.0
2023-11-21 20:21,9952378,20.7796,86.9355,0.0,298,Dhamra,13.9
2023-11-17 08:18,9260565,21.0062,87.1409,10.8,95,Dhamra,13.2
2023-11-18 00:18,9260565,20.8871,86.9518,9.6,192,Dhamra,13.7
2023-11-18 10:38,9260565,20.8288,87.0303,0.6,43,Dhamra,13.3
2023-11-18 22:19,9260565,20.8124,86.8673,0.6,353,Dhamra,13.4
2023-11-19 09:03,9260565,20.8449,87.0623,0.0,38,Dhamra,13.2
2023-11-20 07:04,9260565,20.781,86.9213,0.0,52,Dhamra,14.2
2023-11-21 01:19,9260565,20.7667,86.918,0.0,157,Dhamra,13.6
2023-11-15 08:37,9746054,20.7748,86.2031,12.2,202,Dhamra,13.3
2023-11-16 00:37,9746054,20.7738,86.8993,10.6,256,Dhamra,14.1
2023-11-16 09:02,9746054,20.8549,86.9885,0.1,93,Dhamra,13.6
2023-11-16 21:02,9746054,20.8571,86.9506,0.5,319,Dhamra,13.8
2023-11-17 09:32,9746054,20.8176,86.8266,0.7,151,Dhamra,14.0
2023-11-17 22:49,9746054,20.8967,86.8431,0.7,89,Dhamra,12.9
2023-11-18 08:51,9746054,20.9037,87.016,0.7,317,Dhamra,13.0
2023-11-19 06:51,9746054,20.786,86.913,0.0,237,Dhamra,14.0
2023-11-20 00:58,9746054,20.7654,86.931,0.0,207,Dhamra,14.2
2023-12-19 06:27,9725674,20.0527,87.5171,12.6,109,Dhamra,13.9
2023-12-19 22:27,9725674,20.8744,86.8797,12.3,36,Dhamra,13.0
2023-12-20 07:22,9725674,20.9056,86.9717,0.5,52,Dhamra,13.4
2023-12-20 20:17,9725674,20.8837,87.0622,0.3,204,Dhamra,13.3
2023-12-21 08:26,9725674,20.6348,86.8397,0.0,285,Dhamra,14.1
2023-12-22 03:34,9725674,20.7972,86.9001,0.0,348,Dhamra,13.5
2023-12-22 23:07,9725674,20.7904,86.9156,0.0,339,Dhamra,13.9
2023-12-09 15:08,9339563,20.4538,87.1413,12.1,99,Dhamra,13.1
2023-12-10 07:08,9339563,20.7487,86.8972,11.4,300,Dhamra,14.0
2023-12-10 16:28,9339563,20.8652,86.8729,0.7,68,Dhamra,13.4
2023-12-11 05:19,9339563,20.8422,86.8595,0.1,206,Dhamra,14.0
2023-12-11 17:17,9339563,20.7349,87.0448,0.7,161,Dhamra,13.9
2023-12-12 16:58,9339563,20.7926,86.9279,0.0,146,Dhamra,13.5
2023-12-13 11:23,9339563,20.7704,86.9209,0.0,197,Dhamra,14.0
2023-12-06 02:49,9278464,20.948,86.9198,11.7,291,Dhamra,17.7
2023-12-06 18:49,9278464,20.8237,86.6604,9.5,14,Dhamra,16.8
2023-12-07 03:15,9278464,20.8073,86.8817,0.6,322,Dhamra,16.2
2023-12-07 15:28,9278464,20.7907,86.7855,0.1,77,Dhamra,17.2
2023-12-08 04:22,9278464,20.8324,87.0108,0.3,239,Dhamra,17.5
2023-12-09 07:22,9278464,20.7838,86.9342,0.0,27,Dhamra,17.1
2023-12-10 17:45,9278464,20.7834,86.9122,0.0,76,Dhamra,17.3
2023-12-18 23:27,9557549,21.0863,86.7218,10.0,134,Dhamra,13.6
2023-12-19 15:27,9557549,20.8672,86.9451,9.8,237,Dhamra,13.7
2023-12-20 00:21,9557549,20.8846,86.8848,0.6,267,Dhamra,13.0
2023-12-20 14:22,9557549,20.929,86.9014,0.7,7,Dhamra,13.6
2023-12-21 00:33,9557549,20.8809,86.8371,0.2,353,Dhamra,13.7
2023-12-21 12:30,9557549,20.7708,86.9299,0.6,40,Dhamra,13.5
2023-12-22 10:29,9557549,20.7886,86.9021,0.0,233,Dhamra,13.3
2023-12-23 05:12,9557549,20.7946,86.9075,0.0,271,Dhamra,13.7
2024-01-04 10:04,9367188,20.366,87.6681,12.8,171,Dhamra,13.1
2024-01-05 02:04,9367188,20.5492,86.979,12.7,213,Dhamra,12.7
2024-01-05 10:57,9367188,20.8341,86.9195,0.6,30,Dhamra,13.0
2024-01-06 00:47,9367188,20.8341,86.8034,0.1,237,Dhamra,13.6
2024-01-06 18:29,9367188,20.7671,86.8989,0.0,352,Dhamra,14.0
2024-01-07 12:32,9367188,20.7952,86.9319,0.0,325,Dhamra,13.5
2024-01-08 21:53,9096672,21.5566,86.5179,11.0,102,Dhamra,16.5
2024-01-09 13:53,9096672,20.8185,87.1405,9.4,70,Dhamra,16.9
2024-01-09 22:46,9096672,20.8242,87.0297,0.1,332,Dhamra,17.1
2024-01-11 03:13,9096672,20.7955,86.9075,0.0,136,Dhamra,17.4
2024-01-12 17:26,9096672,20.7719,86.914,0.0,97,Dhamra,17.6
2024-02-09 09:08,9842348,21.5379,87.2924,11.1,15,Dhamra,13.9
2024-02-10 01:08,9842348,21.0373,86.7335,10.2,133,Dhamra,14.4
2024-02-10 11:51,9842348,20.8977,87.0426,0.4,59,Dhamra,13.9
2024-02-10 22:58,9842348,20.713,86.9844,0.5,43,Dhamra,14.5
2024-02-11 19:24,9842348,20.7673,86.9217,0.0,269,Dhamra,14.1
2024-02-12 15:45,9842348,20.7939,86.923,0.0,335,Dhamra,14.1
2024-02-07 01:45,9278464,20.3837,87.701,10.8,130,Dhamra,16.1
2024-02-07 17:45,9278464,20.642,87.0477,10.9,328,Dhamra,16.9
2024-02-08 03:50,9278464,20.877,86.8056,0.7,4,Dhamra,16.3
2024-02-08 16:10,9278464,20.8675,86.95,0.4,314,Dhamra,17.1
2024-02-09 21:04,9278464,20.7674,86.9123,0.0,206,Dhamra,17.5
2024-02-11 08:13,9278464,20.7744,86.9112,0.0,67,Dhamra,17.6
2024-01-30 22:01,9746054,21.4386,86.5849,11.5,292,Dhamra,13.0
2024-01-31 14:01,9746054,20.6307,86.9178,12.1,2,Dhamra,14.1
2024-01-31 23:02,9746054,20.8095,86.7944,0.3,59,Dhamra,13.5
2024-02-01 22:27,9746054,20.7759,86.9236,0.0,195,Dhamra,13.9
2024-02-02 17:10,9746054,20.7863,86.9044,0.0,350,Dhamra,13.5
2024-02-06 09:25,9355626,20.55,86.5696,12.7,82,Dhamra,16.7
2024-02-07 01:25,9355626,20.61,87.1097,9.1,0,Dhamra,16.8
2024-02-07 09:37,9355626,20.6881,86.949,0.5,105,Dhamra,16.4
2024-02-07 22:30,9355626,20.7767,86.87,0.8,357,Dhamra,17.8
2024-02-09 05:45,9355626,20.7885,86.9252,0.0,259,Dhamra,17.8
2024-02-10 19:58,9355626,20.7735,86.9146,0.0,302,Dhamra,18.0
2024-03-11 07:55,9842348,21.5007,87.4053,11.3,34,Dhamra,13.5
2024-03-11 23:55,9842348,20.9166,86.9576,11.1,321,Dhamra,13.9
2024-03-12 09:08,9842348,20.8915,86.9917,0.2,69,Dhamra,13.2
2024-03-13 02:45,9842348,20.7635,86.9077,0.0,227,Dhamra,13.8
2024-03-13 19:58,9842348,20.8027,86.9323,0.0,138,Dhamra,14.2
2024-03-11 02:15,9557549,20.1998,86.6172,11.4,123,Dhamra,13.2
2024-03-11 18:15,9557549,20.5449,87.0766,11.7,229,Dhamra,13.0
2024-03-12 03:17,9557549,20.8118,87.0534,0.4,243,Dhamra,13.1
2024-03-13 03:22,9557549,20.7983,86.9128,0.0,210,Dhamra,13.8
2024-03-13 23:49,9557549,20.7861,86.9002,0.0,143,Dhamra,13.4
2024-04-16 07:45,9404531,20.0689,86.9612,11.3,288,Dhamra,13.6
2024-04-16 23:45,9404531,20.6512,86.6513,11.1,249,Dhamra,13.5
2024-04-17 09:29,9404531,20.6976,86.8643,0.6,357,Dhamra,14.1
2024-04-18 04:55,9404531,20.7688,86.932,0.0,171,Dhamra,14.1
2024-04-18 23:10,9404531,20.7874,86.9031,0.0,116,Dhamra,14.1
2024-04-01 04:21,9307294,21.528,87.536,12.4,237,Dhamra,17.3
2024-04-01 20:21,9307294,20.9723,86.8263,12.8,307,Dhamra,17.8
2024-04-02 06:54,9307294,20.7535,87.0222,0.3,334,Dhamra,16.0
2024-04-03 09:00,9307294,20.7807,86.9336,0.0,140,Dhamra,17.3
2024-04-04 20:35,9307294,20.7834,86.926,0.0,255,Dhamra,16.9
2024-05-02 05:34,9463594,21.2221,87.1213,9.3,55,Dhamra,13.0
2024-05-02 21:34,9463594,20.8773,87.1806,12.5,352,Dhamra,13.7
2024-05-03 05:53,9463594,20.737,86.9361,0.5,106,Dhamra,13.9
2024-05-04 08:02,9463594,20.7674,86.9195,0.0,269,Dhamra,13.6
2024-05-05 04:05,9463594,20.7688,86.9125,0.0,123,Dhamra,14.0
2024-05-15 18:47,9725674,21.159,87.1305,9.1,51,Dhamra,13.3
2024-05-16 10:47,9725674,20.8421,86.915,11.6,283,Dhamra,12.9
2024-05-16 18:57,9725674,20.7196,87.0564,0.8,329,Dhamra,13.3
2024-05-17 20:03,9725674,20.7783,86.9026,0.0,254,Dhamra,14.0
2024-05-18 13:06,9725674,20.7673,86.9069,0.0,140,Dhamra,13.6
2024-04-30 10:26,9339563,21.4234,86.4691,11.9,297,Dhamra,13.0
2024-05-01 02:26,9339563,20.6556,87.1558,12.0,20,Dhamra,13.1
2024-05-01 12:43,9339563,20.694,86.8731,0.2,304,Dhamra,14.2
2024-05-02 15:24,9339563,20.7903,86.8985,0.0,46,Dhamra,13.6
2024-05-03 12:21,9339563,20.7836,86.929,0.0,270,Dhamra,14.0
2024-06-06 17:51,9264511,20.9685,86.4521,11.3,335,Dhamra,14.1
2024-06-07 09:51,9264511,20.5578,87.1322,9.3,333,Dhamra,13.2
2024-06-07 20:03,9264511,20.7759,87.0041,0.5,252,Dhamra,13.9
2024-06-08 06:54,9264511,20.7672,86.9716,0.6,62,Dhamra,13.9
2024-06-08 19:59,9264511,20.7539,87.0378,0.7,86,Dhamra,12.9
2024-06-09 13:18,9264511,20.7763,86.897,0.0,68,Dhamra,13.9
2024-06-10 08:41,9264511,20.7741,86.8992,0.0,66,Dhamra,13.6
2024-06-09 14:52,9111444,20.0616,87.3496,9.6,266,Dhamra,17.6
2024-06-10 06:52,9111444,20.9874,87.0878,12.3,357,Dhamra,17.2
2024-06-10 15:31,9111444,20.7788,86.8701,0.7,47,Dhamra,17.0
2024-06-11 03:57,9111444,20.6676,86.8099,0.7,153,Dhamra,17.1
2024-06-12 11:24,9111444,20.7846,86.9138,0.0,117,Dhamra,17.8
2024-06-14 01:55,9111444,20.7913,86.9188,0.0,131,Dhamra,18.1
2024-06-04 18:00,9462030,20.8729,86.6621,9.3,180,Dhamra,13.2
2024-06-05 10:00,9462030,20.9589,86.8481,11.4,310,Dhamra,13.6
2024-06-05 18:47,9462030,20.8313,86.9521,0.8,84,Dhamra,12.8
2024-06-06 07:52,9462030,20.899,86.937,0.0,95,Dhamra,12.8
2024-06-06 19:26,9462030,20.7102,86.7895,0.2,113,Dhamra,13.0
2024-06-07 22:33,9462030,20.7957,86.9002,0.0,167,Dhamra,13.6
2024-06-08 16:08,9462030,20.7678,86.9184,0.0,264,Dhamra,13.7
2024-07-04 20:00,9638539,20.9933,86.5107,9.5,216,Dhamra,13.9
2024-07-05 12:00,9638539,20.8689,86.8241,13.0,305,Dhamra,13.9
2024-07-05 22:16,9638539,20.7444,86.8453,0.7,355,Dhamra,13.6
2024-07-06 09:46,9638539,20.7855,86.7955,0.5,329,Dhamra,13.3
2024-07-06 20:30,9638539,20.8304,86.8222,0.1,169,Dhamra,12.9
2024-07-07 19:50,9638539,20.7945,86.9342,0.0,354,Dhamra,13.5
2024-07-08 13:39,9638539,20.7757,86.9115,0.0,64,Dhamra,13.8
2024-07-06 20:19,9686782,20.8196,86.8526,11.0,17,Dhamra,13.6
2024-07-07 12:19,9686782,20.9185,87.0762,10.0,272,Dhamra,13.9
2024-07-07 22:00,9686782,20.8409,86.8566,0.5,307,Dhamra,13.8
2024-07-08 08:31,9686782,20.8068,86.9726,0.1,60,Dhamra,13.3
2024-07-08 20:48,9686782,20.7541,87.059,0.3,238,Dhamra,13.0
2024-07-09 17:31,9686782,20.7808,86.9241,0.0,196,Dhamra,14.4
2024-07-10 14:13,9686782,20.771,86.9184,0.0,331,Dhamra,14.4
2024-06-28 04:36,9339563,20.5969,86.723,11.4,331,Dhamra,13.5
2024-06-28 20:36,9339563,20.9326,87.1635,10.9,157,Dhamra,13.9
2024-06-29 07:04,9339563,20.8581,87.0476,0.4,122,Dhamra,13.2
2024-06-29 16:59,9339563,20.8863,86.8656,0.8,219,Dhamra,13.5
2024-06-30 13:57,9339563,20.7646,86.9092,0.0,150,Dhamra,13.8
2024-07-01 10:14,9339563,20.7861,86.9234,0.0,48,Dhamra,13.8
2024-07-12 18:55,9842348,21.4012,86.1839,11.9,192,Dhamra,14.5
2024-07-13 10:55,9842348,20.6905,86.839,10.1,212,Dhamra,13.3
2024-07-13 20:23,9842348,20.8218,87.0069,0.4,52,Dhamra,14.3
2024-07-14 08:59,9842348,20.8315,86.9092,0.5,49,Dhamra,14.2
2024-07-14 19:21,9842348,20.8629,87.0234,0.6,251,Dhamra,14.2
2024-07-15 20:22,9842348,20.783,86.9303,0.0,356,Dhamra,13.9
2024-07-16 13:39,9842348,20.7775,86.9188,0.0,147,Dhamra,14.0
2024-08-16 09:14,9184777,21.1412,87.0024,11.0,126,Dhamra,12.9
2024-08-17 01:14,9184777,20.8676,86.9716,9.8,84,Dhamra,13.0
2024-08-17 11:50,9184777,20.7917,86.7909,0.2,210,Dhamra,13.9
2024-08-17 21:44,9184777,20.6995,86.8443,0.1,198,Dhamra,13.1
2024-08-18 10:45,9184777,20.9191,86.9607,0.0,109,Dhamra,12.8
2024-08-19 05:50,9184777,20.7677,86.9144,0.0,56,Dhamra,13.7
2024-08-20 00:44,9184777,20.7894,86.9165,0.0,182,Dhamra,13.6
2024-07-29 06:39,9215871,21.4108,86.8551,11.1,214,Dhamra,18.2
2024-07-29 22:39,9215871,20.8093,87.1236,10.8,80,Dhamra,17.5
2024-07-30 08:38,9215871,20.6395,86.813,0.5,221,Dhamra,16.5
2024-07-30 20:16,9215871,20.7047,86.7874,0.1,160,Dhamra,17.8
2024-08-01 06:21,9215871,20.7722,86.9223,0.0,201,Dhamra,17.4
2024-08-02 17:45,9215871,20.7961,86.9366,0.0,186,Dhamra,18.3
2024-08-01 15:11,9725674,21.5684,86.4278,9.2,159,Dhamra,13.7
2024-08-02 07:11,9725674,20.9258,86.6563,11.3,258,Dhamra,13.9
2024-08-02 15:28,9725674,20.8676,87.0192,0.5,99,Dhamra,12.9
2024-08-03 03:38,9725674,20.8603,86.9069,0.4,32,Dhamra,13.6
2024-08-03 16:03,9725674,20.69,87.0408,0.4,305,Dhamra,13.4
2024-08-04 10:29,9725674,20.8006,86.9286,0.0,192,Dhamra,13.5
2024-08-05 03:53,9725674,20.7949,86.9346,0.0,274,Dhamra,13.6
2024-08-09 06:47,9174447,20.468,87.1992,12.3,63,Dhamra,13.6
2024-08-09 22:47,9174447,20.9673,86.6559,9.8,321,Dhamra,13.8
2024-08-10 09:02,9174447,20.7835,86.9672,0.5,6,Dhamra,12.9
2024-08-10 20:41,9174447,20.8807,87.0443,0.5,267,Dhamra,12.9
2024-08-11 08:24,9174447,20.7413,86.795,0.3,141,Dhamra,13.4
2024-08-11 19:06,9174447,20.6947,86.9776,0.5,3,Dhamra,13.6
2024-08-12 20:01,9174447,20.7893,86.9227,0.0,250,Dhamra,13.8
2024-08-13 14:26,9174447,20.7763,86.9106,0.0,23,Dhamra,13.8
2024-07-28 13:01,9874716,20.0403,87.3349,10.4,136,Dhamra,14.0
2024-07-29 05:01,9874716,20.5521,86.9198,12.7,54,Dhamra,13.2
2024-07-29 13:06,9874716,20.8876,86.9726,0.5,20,Dhamra,14.3
2024-07-30 03:08,9874716,20.6992,86.9812,0.4,32,Dhamra,13.9
2024-07-30 14:52,9874716,20.9208,87.0613,0.0,322,Dhamra,13.6
2024-07-31 07:50,9874716,20.7851,86.9038,0.0,209,Dhamra,13.9
2024-08-01 03:23,9874716,20.7944,86.9346,0.0,173,Dhamra,14.0
2024-09-01 07:16,9725674,20.5184,86.7542,10.4,202,Dhamra,13.6
2024-09-01 23:16,9725674,20.5749,87.1244,11.7,183,Dhamra,13.2
2024-09-02 09:16,9725674,20.7741,86.9678,0.4,310,Dhamra,13.2
2024-09-02 21:12,9725674,20.8848,87.0633,0.2,301,Dhamra,13.7
2024-09-03 09:58,9725674,20.7743,86.9504,0.8,290,Dhamra,13.2
2024-09-04 09:53,9725674,20.7689,86.9056,0.0,191,Dhamra,13.8
2024-09-05 02:44,9725674,20.7989,86.8983,0.0,24,Dhamra,13.7
2024-08-27 01:41,9686782,20.8146,86.2736,12.3,37,Dhamra,14.1
2024-08-27 17:41,9686782,20.8437,87.0057,9.9,61,Dhamra,14.1
2024-08-28 04:13,9686782,20.6585,86.8164,0.3,295,Dhamra,13.1
2024-08-28 16:37,9686782,20.9262,86.8557,0.3,90,Dhamra,13.4
2024-08-29 02:47,9686782,20.7146,87.0237,0.7,165,Dhamra,13.8
2024-08-29 22:00,9686782,20.7839,86.9188,0.0,242,Dhamra,13.9
2024-08-30 18:09,9686782,20.7938,86.9218,0.0,112,Dhamra,13.8
2024-09-01 08:49,9096672,21.3423,87.5629,9.1,307,Dhamra,18.1
2024-09-02 00:49,9096672,20.6396,87.0127,12.7,100,Dhamra,17.0
2024-09-02 10:13,9096672,20.7301,87.0138,0.5,358,Dhamra,16.8
2024-09-02 23:26,9096672,20.8064,86.9114,0.5,272,Dhamra,17.6
2024-09-03 11:29,9096672,20.7706,86.9983,0.2,48,Dhamra,16.5
2024-09-04 10:32,9096672,20.7865,86.9003,0.0,216,Dhamra,18.2
2024-09-06 00:41,9096672,20.7992,86.9017,0.0,231,Dhamra,17.3
2024-08-28 09:34,9231171,21.3127,87.5663,12.0,117,Dhamra,13.7
2024-08-29 01:34,9231171,20.9595,86.9239,12.0,22,Dhamra,12.8
2024-08-29 11:56,9231171,20.8381,86.946,0.5,218,Dhamra,12.8
2024-08-29 23:34,9231171,20.8647,87.0056,0.1,163,Dhamra,13.8
2024-08-30 10:17,9231171,20.9214,86.8863,0.2,67,Dhamra,13.2
2024-08-31 03:35,9231171,20.7725,86.9278,0.0,25,Dhamra,14.1
2024-08-31 21:38,9231171,20.8021,86.9346,0.0,77,Dhamra,13.7
2024-10-05 14:20,9307294,21.0393,86.4205,12.3,151,Dhamra,16.9
2024-10-06 06:20,9307294,20.766,87.1263,11.6,13,Dhamra,16.8
2024-10-06 16:57,9307294,20.8059,86.9591,0.1,154,Dhamra,16.2
2024-10-07 03:47,9307294,20.7123,86.8887,0.6,333,Dhamra,17.4
2024-10-07 16:50,9307294,20.8574,86.9823,0.8,38,Dhamra,17.0
2024-10-08 02:28,9307294,20.7793,86.8966,0.6,27,Dhamra,16.3
2024-10-08 16:22,9307294,20.8696,86.8601,0.2,264,Dhamra,16.6
2024-10-09 15:57,9307294,20.772,86.9008,0.0,245,Dhamra,16.9
2024-10-11 01:18,9307294,20.7964,86.9084,0.0,214,Dhamra,17.1
2024-10-05 03:45,9151262,20.4727,87.3256,10.3,250,Dhamra,12.9
2024-10-05 19:45,9151262,20.8066,87.1098,9.1,106,Dhamra,13.7
2024-10-06 05:51,9151262,20.8638,86.9724,0.5,120,Dhamra,13.3
2024-10-06 16:42,9151262,20.6873,86.838,0.8,221,Dhamra,12.9
2024-10-07 17:55,9151262,20.7833,86.9322,0.0,238,Dhamra,13.5
2024-10-08 14:34,9151262,20.7957,86.9152,0.0,133,Dhamra,13.3
2024-10-26 17:21,9746054,21.2009,87.0523,12.1,3,Dhamra,13.6
2024-10-27 09:21,9746054,20.674,87.1469,11.3,24,Dhamra,13.6
2024-10-27 18:00,9746054,20.8206,86.9562,0.4,180,Dhamra,13.0
2024-10-28 05:32,9746054,20.7197,86.8207,0.4,165,Dhamra,14.2
2024-10-28 18:48,9746054,20.8015,87.0568,0.1,270,Dhamra,13.3
2024-10-29 06:00,9746054,20.7871,86.8234,0.5,119,Dhamra,13.5
2024-10-30 00:12,9746054,20.798,86.9033,0.0,168,Dhamra,13.9
2024-10-30 17:47,9746054,20.7871,86.9128,0.0,128,Dhamra,13.8
2024-11-03 02:46,9725674,21.4003,87.3909,11.4,272,Dhamra,12.9
2024-11-03 18:46,9725674,20.973,86.8655,13.0,320,Dhamra,12.8
2024-11-04 04:04,9725674,20.8681,86.9714,0.3,182,Dhamra,13.2
2024-11-04 15:55,9725674,20.7062,86.7801,0.6,10,Dhamra,13.6
2024-11-05 03:04,9725674,20.7484,86.9326,0.2,89,Dhamra,13.3
2024-11-05 16:57,9725674,20.8941,86.7923,0.1,174,Dhamra,13.6
2024-11-06 12:17,9725674,20.7651,86.9181,0.0,144,Dhamra,13.7
2024-11-07 06:20,9725674,20.7885,86.9002,0.0,76,Dhamra,13.9
2024-10-27 16:48,9686782,21.1513,87.6551,12.1,86,Dhamra,13.6
2024-10-28 08:48,9686782,21.016,87.171,11.5,283,Dhamra,14.0
2024-10-28 19:03,9686782,20.859,86.9478,0.7,104,Dhamra,13.8
2024-10-29 05:23,9686782,20.7701,86.9511,0.0,135,Dhamra,13.7
2024-10-29 16:50,9686782,20.7673,87.0075,0.1,328,Dhamra,13.7
2024-10-30 05:36,9686782,20.7813,86.867,0.5,298,Dhamra,14.1
2024-10-30 18:22,9686782,20.8578,86.874,0.3,209,Dhamra,14.1
2024-10-31 05:52,9686782,20.6621,86.8973,0.5,54,Dhamra,14.1
2024-11-01 02:34,9686782,20.7888,86.9082,0.0,199,Dhamra,13.7
2024-11-01 22:19,9686782,20.7978,86.909,0.0,13,Dhamra,14.2
2024-10-30 20:45,9746054,21.4732,86.7406,12.2,239,Dhamra,14.0
2024-10-31 12:45,9746054,20.962,86.8339,10.8,19,Dhamra,13.9
2024-10-31 23:16,9746054,20.8927,86.8556,0.1,136,Dhamra,13.1
2024-11-01 09:11,9746054,20.904,86.8439,0.4,95,Dhamra,13.1
2024-11-01 23:26,9746054,20.6885,86.9595,0.7,165,Dhamra,13.6
2024-11-02 15:48,9746054,20.7912,86.9297,0.0,50,Dhamra,13.9
2024-11-03 11:47,9746054,20.7749,86.9363,0.0,172,Dhamra,13.8
2024-10-27 11:04,9231171,21.301,86.7918,11.7,207,Dhamra,13.5
2024-10-28 03:04,9231171,20.5201,86.9784,10.8,301,Dhamra,13.2
2024-10-28 13:14,9231171,20.7786,87.0373,0.7,307,Dhamra,13.4
2024-10-28 23:32,9231171,20.6563,86.9612,0.8,109,Dhamra,13.6
2024-10-29 11:20,9231171,20.8248,86.7677,0.3,146,Dhamra,13.7
2024-10-30 00:33,9231171,20.8066,86.9623,0.8,308,Dhamra,13.9
2024-10-30 17:25,9231171,20.7757,86.9146,0.0,73,Dhamra,13.7
2024-10-31 10:42,9231171,20.772,86.9092,0.0,28,Dhamra,14.0
2024-12-01 05:36,9355626,20.356,87.6284,9.3,23,Dhamra,17.5
2024-12-01 21:36,9355626,20.782,86.9032,11.5,103,Dhamra,17.0
2024-12-02 05:59,9355626,20.7686,87.0135,0.3,152,Dhamra,16.9
2024-12-02 17:55,9355626,20.7048,86.8606,0.1,185,Dhamra,16.6
2024-12-03 06:43,9355626,20.7287,87.0188,0.8,302,Dhamra,17.3
2024-12-04 15:12,9355626,20.7754,86.9293,0.0,179,Dhamra,17.6
2024-12-06 04:06,9355626,20.7912,86.9082,0.0,300,Dhamra,17.4
2024-11-29 07:10,9095119,20.9648,86.1246,10.5,12,Dhamra,13.1
2024-11-29 23:10,9095119,20.6174,86.863,12.0,81,Dhamra,13.3
2024-11-30 09:23,9095119,20.7516,86.7888,0.3,207,Dhamra,13.9
2024-11-30 21:14,9095119,20.7978,86.8125,0.4,244,Dhamra,13.4
2024-12-01 08:18,9095119,20.7196,86.9756,0.2,33,Dhamra,12.9
2024-12-01 19:40,9095119,20.8115,86.7788,0.6,44,Dhamra,13.1
2024-12-03 00:05,9095119,20.7744,86.9032,0.0,243,Dhamra,13.7
2024-12-03 19:38,9095119,20.7884,86.9156,0.0,230,Dhamra,13.5
2024-11-25 10:55,9490456,21.0266,86.8584,12.0,292,Dhamra,16.5
2024-11-26 02:55,9490456,20.587,86.9227,9.8,226,Dhamra,17.4
2024-11-26 12:32,9490456,20.7951,86.921,0.6,302,Dhamra,16.5
2024-11-27 01:10,9490456,20.9215,86.7946,0.6,11,Dhamra,17.7
2024-11-28 09:53,9490456,20.7947,86.9178,0.0,203,Dhamra,17.9
2024-11-29 21:14,9490456,20.7869,86.9261,0.0,87,Dhamra,17.4
2024-12-09 11:44,9192002,21.2996,86.8528,12.3,52,Dhamra,13.1
2024-12-10 03:44,9192002,20.5831,86.7489,11.1,92,Dhamra,14.2
2024-12-10 13:04,9192002,20.7608,86.9499,0.2,243,Dhamra,13.0
2024-12-10 23:49,9192002,20.8945,87.0618,0.4,164,Dhamra,14.0
2024-12-11 13:39,9192002,20.7354,86.9214,0.6,310,Dhamra,13.3
2024-12-12 01:32,9192002,20.7231,86.8545,0.1,262,Dhamra,13.5
2024-12-13 02:15,9192002,20.7882,86.9099,0.0,259,Dhamra,14.1
2024-12-13 20:36,9192002,20.7891,86.9014,0.0,60,Dhamra,13.9
2024-12-24 11:51,9638539,20.0151,87.2906,12.3,167,Dhamra,13.5
2024-12-25 03:51,9638539,21.0487,87.1272,11.7,108,Dhamra,13.4
2024-12-25 14:28,9638539,20.6873,87.0083,0.5,105,Dhamra,12.8
2024-12-26 13:03,9638539,20.7683,86.9182,0.0,212,Dhamra,13.3
2024-12-27 08:15,9638539,20.8022,86.9263,0.0,273,Dhamra,13.6
2025-01-10 10:56,9462030,20.8198,87.5784,12.5,131,Dhamra,13.7
2025-01-11 02:56,9462030,20.9763,86.859,11.4,67,Dhamra,14.1
2025-01-11 11:11,9462030,20.7543,87.0503,0.0,132,Dhamra,14.2
2025-01-12 17:02,9462030,20.7841,86.8994,0.0,251,Dhamra,14.0
2025-01-13 12:32,9462030,20.7646,86.9318,0.0,197,Dhamra,14.0
2024-12-26 17:16,9785903,20.9537,86.3134,11.9,352,Dhamra,13.9
2024-12-27 09:16,9785903,20.8082,86.8865,12.2,32,Dhamra,13.9
2024-12-27 17:51,9785903,20.7635,86.9979,0.4,57,Dhamra,13.0
2024-12-28 07:22,9785903,20.638,87.0421,0.4,162,Dhamra,14.3
2024-12-29 06:22,9785903,20.7997,86.9046,0.0,246,Dhamra,14.0
2024-12-30 03:58,9785903,20.7893,86.9119,0.0,73,Dhamra,13.7
2025-01-01 01:56,9192002,21.3254,87.4103,12.5,69,Dhamra,13.8
2025-01-01 17:56,9192002,20.9008,86.7062,10.9,144,Dhamra,13.3
2025-01-02 04:08,9192002,20.7418,86.8854,0.2,34,Dhamra,14.3
2025-01-02 21:35,9192002,20.7952,86.9285,0.0,310,Dhamra,14.1
2025-01-03 17:52,9192002,20.7819,86.9239,0.0,51,Dhamra,14.1
2025-01-02 10:39,9463594,20.9927,87.616,11.9,271,Dhamra,13.3
2025-01-03 02:39,9463594,20.5874,86.7118,11.7,4,Dhamra,13.5
2025-01-03 13:17,9463594,20.674,86.7783,0.7,217,Dhamra,12.9
2025-01-04 00:44,9463594,20.7701,86.8535,0.5,182,Dhamra,13.3
2025-01-04 20:59,9463594,20.7874,86.9193,0.0,56,Dhamra,13.4
2025-01-05 14:30,9463594,20.7889,86.9089,0.0,19,Dhamra,13.9
2025-01-31 17:46,9096672,20.8426,86.8205,11.2,195,Dhamra,16.4
2025-02-01 09:46,9096672,20.7367,86.9035,11.9,35,Dhamra,17.8
2025-02-01 18:02,9096672,20.6435,86.9297,0.0,162,Dhamra,17.8
2025-02-03 02:46,9096672,20.7687,86.9041,0.0,33,Dhamra,17.7
2025-02-04 16:16,9096672,20.777,86.9312,0.0,271,Dhamra,18.2
2025-01-30 09:39,9355626,21.4879,87.1867,12.2,178,Dhamra,17.4
2025-01-31 01:39,9355626,20.6002,87.1374,12.7,320,Dhamra,18.0
2025-01-31 10:21,9355626,20.8784,86.9624,0.0,176,Dhamra,16.4
2025-01-31 22:50,9355626,20.7418,86.9585,0.1,191,Dhamra,18.2
2025-02-02 02:05,9355626,20.7896,86.9071,0.0,157,Dhamra,18.0
2025-02-03 13:54,9355626,20.7928,86.9307,0.0,245,Dhamra,18.1
2025-01-31 20:08,9192002,21.3113,86.2636,12.8,263,Dhamra,13.7
2025-02-01 12:08,9192002,21.0394,86.7676,10.6,202,Dhamra,13.7
2025-02-01 21:03,9192002,20.7646,86.846,0.7,137,Dhamra,13.9
2025-02-02 08:17,9192002,20.7918,86.8069,0.1,172,Dhamra,13.8
2025-02-03 06:40,9192002,20.7764,86.932,0.0,135,Dhamra,13.8
2025-02-04 00:29,9192002,20.7721,86.9302,0.0,170,Dhamra,13.9
2025-03-14 05:44,9151262,20.1676,87.2175,12.6,27,Dhamra,12.9
2025-03-14 21:44,9151262,20.7687,86.6858,10.4,49,Dhamra,12.5
2025-03-15 08:25,9151262,20.9044,86.8651,0.1,359,Dhamra,13.6
2025-03-15 18:56,9151262,20.6827,86.9427,0.0,69,Dhamra,13.6
2025-03-16 20:21,9151262,20.7872,86.9322,0.0,2,Dhamra,13.8
2025-03-17 15:36,9151262,20.7709,86.9112,0.0,344,Dhamra,13.6
2025-02-28 08:52,9355626,20.2594,86.9078,11.0,265,Dhamra,16.4
2025-03-01 00:52,9355626,20.794,86.9198,10.8,317,Dhamra,17.7
2025-03-01 10:49,9355626,20.8072,86.8115,0.4,148,Dhamra,17.4
2025-03-01 23:37,9355626,20.9197,87.0073,0.3,278,Dhamra,17.9
2025-03-02 22:08,9355626,20.7871,86.9056,0.0,245,Dhamra,18.2
2025-03-04 07:41,9355626,20.782,86.8981,0.0,32,Dhamra,18.1
2025-02-24 06:07,9557549,20.6051,87.5124,12.0,41,Dhamra,13.4
2025-02-24 22:07,9557549,20.6646,86.7388,9.6,52,Dhamra,13.0
2025-02-25 08:21,9557549,20.8043,87.0479,0.7,349,Dhamra,12.9
2025-02-25 18:27,9557549,20.6398,86.8236,0.6,180,Dhamra,13.5
2025-02-26 20:44,9557549,20.7637,86.9082,0.0,288,Dhamra,13.9
2025-02-27 13:53,9557549,20.7757,86.9347,0.0,14,Dhamra,13.6
2025-02-23 21:33,9133209,20.9774,86.6745,9.9,198,Dhamra,13.3
2025-02-24 13:33,9133209,21.0209,86.6763,10.6,38,Dhamra,13.6
2025-02-24 23:57,9133209,20.8066,86.8089,0.6,21,Dhamra,13.9
2025-02-25 12:24,9133209,20.9108,87.0502,0.1,41,Dhamra,13.5
2025-02-26 06:52,9133209,20.7798,86.9163,0.0,185,Dhamra,14.2
2025-02-27 01:13,9133209,20.7984,86.8969,0.0,47,Dhamra,14.1
2025-02-28 01:57,9462030,21.0183,87.4753,11.3,254,Dhamra,13.1
2025-02-28 17:57,9462030,20.6614,86.9389,11.6,209,Dhamra,12.9
2025-03-01 04:30,9462030,20.876,86.9012,0.7,22,Dhamra,13.0
2025-03-01 16:04,9462030,20.6608,86.84,0.1,219,Dhamra,13.2
2025-03-02 18:22,9462030,20.7847,86.9297,0.0,88,Dhamra,13.6
2025-03-03 11:49,9462030,20.781,86.9087,0.0,9,Dhamra,14.2
2025-03-25 20:27,9095119,21.5344,86.5965,9.3,323,Dhamra,14.0
2025-03-26 12:27,9095119,20.9382,86.6879,9.1,75,Dhamra,14.0
2025-03-26 23:26,9095119,20.8657,86.8211,0.3,193,Dhamra,12.9
2025-03-27 19:05,9095119,20.7768,86.9343,0.0,149,Dhamra,13.3
2025-03-28 13:30,9095119,20.7714,86.9065,0.0,289,Dhamra,13.8
2025-03-24 16:34,9151262,20.8019,87.3021,9.6,236,Dhamra,13.0
2025-03-25 08:34,9151262,20.5529,86.8745,11.0,112,Dhamra,13.0
2025-03-25 17:38,9151262,20.8351,86.8674,0.6,342,Dhamra,13.5
2025-03-26 21:44,9151262,20.7972,86.9119,0.0,302,Dhamra,13.4
2025-03-27 15:41,9151262,20.7942,86.9365,0.0,260,Dhamra,13.3
2025-05-03 00:56,9367188,20.207,87.7146,11.7,332,Dhamra,12.7
2025-05-03 16:56,9367188,20.8529,86.9349,9.3,193,Dhamra,13.5
2025-05-04 03:09,9367188,20.8062,86.9474,0.1,84,Dhamra,13.7
2025-05-05 03:27,9367188,20.7816,86.9255,0.0,163,Dhamra,13.4
2025-05-05 21:48,9367188,20.7925,86.9003,0.0,185,Dhamra,13.9
2025-05-03 22:15,9842348,21.0846,87.5032,9.1,104,Dhamra,14.5
2025-05-04 14:15,9842348,20.7754,86.8579,12.4,92,Dhamra,14.2
2025-05-04 23:36,9842348,20.7276,86.9312,0.2,359,Dhamra,13.7
2025-05-05 11:51,9842348,20.9215,86.889,0.3,71,Dhamra,14.3
2025-05-06 11:35,9842348,20.7748,86.9367,0.0,295,Dhamra,13.9
2025-05-07 08:06,9842348,20.7667,86.9069,0.0,6,Dhamra,14.4
2025-05-03 01:28,9111444,20.3431,86.1509,12.2,326,Dhamra,17.9
2025-05-03 17:28,9111444,20.7127,86.9179,10.0,217,Dhamra,17.9
2025-05-04 03:19,9111444,20.6479,87.0105,0.6,258,Dhamra,16.7
2025-05-04 14:56,9111444,20.9126,86.8105,0.7,42,Dhamra,18.2
2025-05-05 02:21,9111444,20.6455,86.9901,0.4,174,Dhamra,18.0
2025-05-06 05:53,9111444,20.777,86.9125,0.0,280,Dhamra,18.0
2025-05-07 18:32,9111444,20.7712,86.9193,0.0,128,Dhamra,18.4
2025-04-27 19:42,9174447,20.1146,87.1027,10.8,265,Dhamra,14.0
2025-04-28 11:42,9174447,20.613,86.8993,10.5,279,Dhamra,13.4
2025-04-28 21:42,9174447,20.7985,86.7967,0.6,319,Dhamra,14.0
2025-04-29 08:59,9174447,20.8771,87.042,0.4,112,Dhamra,13.3
2025-04-30 02:12,9174447,20.7923,86.934,0.0,281,Dhamra,13.5
2025-04-30 20:30,9174447,20.7853,86.9187,0.0,214,Dhamra,14.0
2025-05-25 14:25,9174447,20.1797,87.3025,11.4,136,Dhamra,13.0
2025-05-26 06:25,9174447,20.9532,86.78,11.7,194,Dhamra,12.9
2025-05-26 15:12,9174447,20.7297,86.9677,0.8,339,Dhamra,13.0
2025-05-27 13:51,9174447,20.7961,86.9287,0.0,223,Dhamra,13.8
2025-05-28 08:34,9174447,20.7853,86.9155,0.0,224,Dhamra,13.8
2025-06-04 17:36,9463594,21.1151,86.4326,11.1,177,Dhamra,12.9
2025-06-05 09:36,9463594,20.7482,87.1365,11.5,50,Dhamra,13.6
2025-06-05 17:48,9463594,20.6595,86.9034,0.2,22,Dhamra,13.3
2025-06-06 07:09,9463594,20.9057,86.92,0.1,125,Dhamra,13.8
2025-06-06 17:54,9463594,20.6342,86.95,0.0,29,Dhamra,12.9
2025-06-07 06:44,9463594,20.9058,86.9555,0.6,246,Dhamra,12.8
2025-06-08 01:28,9463594,20.7825,86.9161,0.0,47,Dhamra,14.0
2025-06-08 18:13,9463594,20.7651,86.9115,0.0,15,Dhamra,13.7
2025-05-28 14:11,9725674,21.5404,86.2438,10.8,306,Dhamra,13.4
2025-05-29 06:11,9725674,20.6736,86.734,11.3,264,Dhamra,13.6
2025-05-29 14:44,9725674,20.7871,87.0319,0.4,56,Dhamra,13.6
2025-05-30 03:47,9725674,20.6432,86.8287,0.0,305,Dhamra,13.5
2025-05-30 16:31,9725674,20.8457,86.9699,0.7,274,Dhamra,14.1
2025-05-31 16:39,9725674,20.8,86.9177,0.0,29,Dhamra,13.9
2025-06-01 10:00,9725674,20.8028,86.8975,0.0,273,Dhamra,14.1
2025-05-29 13:01,9725674,21.1038,86.7002,9.6,93,Dhamra,14.1
2025-05-30 05:01,9725674,20.8733,86.8486,12.9,50,Dhamra,14.1
2025-05-30 15:26,9725674,20.9325,86.8858,0.1,102,Dhamra,12.9
2025-05-31 01:08,9725674,20.689,86.8503,0.3,172,Dhamra,13.7
2025-05-31 14:19,9725674,20.8449,86.9306,0.5,313,Dhamra,13.4
2025-06-01 10:50,9725674,20.774,86.9302,0.0,204,Dhamra,13.6
2025-06-02 06:23,9725674,20.7982,86.9331,0.0,183,Dhamra,13.7
2025-05-28 02:40,9278464,20.7739,86.7997,11.2,43,Dhamra,16.8
2025-05-28 18:40,9278464,20.7422,87.0706,11.7,303,Dhamra,17.1
2025-05-29 04:25,9278464,20.7757,86.8052,0.4,278,Dhamra,16.3
2025-05-29 15:09,9278464,20.7583,86.8252,0.1,343,Dhamra,17.8
2025-05-30 03:59,9278464,20.6885,86.8514,0.4,178,Dhamra,16.7
2025-05-31 13:30,9278464,20.7973,86.9172,0.0,137,Dhamra,17.6
2025-06-01 23:49,9278464,20.7652,86.9009,0.0,269,Dhamra,17.9
2025-07-09 07:35,9060320,21.139,86.2126,9.8,233,Dhamra,17.2
2025-07-09 23:35,9060320,20.8271,87.1257,10.3,65,Dhamra,16.4
2025-07-10 10:31,9060320,20.9168,86.7841,0.4,163,Dhamra,16.3
2025-07-11 18:17,9060320,20.7879,86.9206,0.0,163,Dhamra,16.9
2025-07-13 08:59,9060320,20.7749,86.9025,0.0,262,Dhamra,17.4
2025-07-02 10:46,9278464,20.4888,86.8943,9.3,89,Dhamra,16.2
2025-07-03 02:46,9278464,20.7422,86.716,10.1,33,Dhamra,17.3
2025-07-03 12:45,9278464,20.7565,87.0497,0.7,240,Dhamra,16.2
2025-07-04 01:43,9278464,20.7142,87.0239,0.3,136,Dhamra,16.7
2025-07-04 12:30,9278464,20.6808,86.7792,0.3,56,Dhamra,17.4
2025-07-05 11:32,9278464,20.7961,86.9214,0.0,171,Dhamra,17.5
2025-07-07 00:41,9278464,20.7983,86.9216,0.0,265,Dhamra,17.8
2025-08-10 11:23,9559190,20.8479,86.1285,9.9,129,Dhamra,14.2
2025-08-11 03:23,9559190,20.5413,87.0733,9.8,29,Dhamra,14.3
2025-08-11 12:27,9559190,20.9179,86.8808,0.4,194,Dhamra,13.8
2025-08-12 00:57,9559190,20.7055,86.8371,0.6,251,Dhamra,13.0
2025-08-13 03:30,9559190,20.8017,86.9069,0.0,68,Dhamra,14.0
2025-08-13 23:39,9559190,20.7658,86.905,0.0,51,Dhamra,14.0
2025-07-25 21:16,9686782,20.8788,87.302,11.5,197,Dhamra,14.0
2025-07-26 13:16,9686782,20.8751,86.8753,10.8,345,Dhamra,14.4
2025-07-26 21:48,9686782,20.7199,87.0127,0.3,49,Dhamra,13.6
2025-07-27 09:49,9686782,20.919,86.8454,0.1,77,Dhamra,13.2
2025-07-27 21:23,9686782,20.9032,87.0493,0.1,287,Dhamra,13.4
2025-07-28 22:01,9686782,20.7971,86.9188,0.0,137,Dhamra,13.8
2025-07-29 15:18,9686782,20.7893,86.9255,0.0,195,Dhamra,14.0
2025-08-05 16:19,9096672,20.2274,86.8377,12.8,90,Dhamra,17.7
2025-08-06 08:19,9096672,20.5471,86.9661,11.9,273,Dhamra,17.1
2025-08-06 18:04,9096672,20.8251,86.9116,0.7,197,Dhamra,16.4
2025-08-07 07:11,9096672,20.8478,86.9358,0.1,154,Dhamra,16.8
2025-08-07 19:15,9096672,20.6488,86.8479,0.1,185,Dhamra,16.5
2025-08-08 05:04,9096672,20.7583,87.0038,0.7,129,Dhamra,16.6
2025-08-09 05:49,9096672,20.7818,86.929,0.0,83,Dhamra,18.0
2025-08-10 19:37,9096672,20.7875,86.9147,0.0,15,Dhamra,17.8
2025-08-06 10:20,9264511,21.0779,86.9008,9.0,39,Dhamra,13.7
2025-08-07 02:20,9264511,20.6905,86.6701,12.8,297,Dhamra,13.2
2025-08-07 12:44,9264511,20.8603,86.9088,0.4,312,Dhamra,13.9
2025-08-08 00:36,9264511,20.834,86.7979,0.6,349,Dhamra,13.8
2025-08-08 12:11,9264511,20.7402,86.8687,0.2,123,Dhamra,13.5
2025-08-09 06:33,9264511,20.7781,86.8972,0.0,76,Dhamra,13.8
2025-08-10 01:30,9264511,20.7857,86.8982,0.0,90,Dhamra,13.7
2025-08-05 17:47,9095119,20.0619,86.9961,10.4,58,Dhamra,13.5
2025-08-06 09:47,9095119,20.8908,86.6623,11.7,264,Dhamra,13.7
2025-08-06 18:35,9095119,20.8425,86.82,0.4,130,Dhamra,13.1
2025-08-07 08:11,9095119,20.7066,86.9009,0.2,40,Dhamra,13.2
2025-08-07 18:02,9095119,20.7202,86.9097,0.2,226,Dhamra,13.0
2025-08-08 08:35,9095119,20.8922,86.7897,0.7,193,Dhamra,13.3
2025-08-08 18:42,9095119,20.7157,86.9634,0.5,24,Dhamra,13.4
2025-08-09 21:21,9095119,20.7836,86.9057,0.0,182,Dhamra,13.8
2025-08-10 18:36,9095119,20.7825,86.9011,0.0,220,Dhamra,13.4
2025-08-03 07:27,9559190,20.3519,86.143,12.2,6,Dhamra,14.1
2025-08-03 23:27,9559190,20.9193,86.796,12.1,259,Dhamra,13.6
2025-08-04 09:34,9559190,20.7732,87.0151,0.3,279,Dhamra,14.3
2025-08-04 20:11,9559190,20.6931,87.0243,0.8,325,Dhamra,13.6
2025-08-05 08:26,9559190,20.6669,86.9395,0.3,201,Dhamra,13.0
2025-08-06 13:05,9559190,20.7787,86.8983,0.0,312,Dhamra,14.0
2025-08-07 10:30,9559190,20.7776,86.9061,0.0,113,Dhamra,13.7
2025-08-27 07:24,9192002,20.9233,86.9158,11.5,297,Dhamra,13.9
2025-08-27 23:24,9192002,20.8969,86.7903,12.9,29,Dhamra,13.7
2025-08-28 09:38,9192002,20.8692,86.8367,0.4,347,Dhamra,13.5
2025-08-28 20:54,9192002,20.6945,86.8218,0.2,258,Dhamra,14.2
2025-08-29 23:10,9192002,20.7721,86.9215,0.0,189,Dhamra,13.7
2025-08-30 18:01,9192002,20.8004,86.8997,0.0,41,Dhamra,13.8
2025-09-06 14:09,9463594,20.5336,86.7057,9.3,264,Dhamra,13.1
2025-09-07 06:09,9463594,20.97,87.1419,11.8,15,Dhamra,13.5
2025-09-07 14:13,9463594,20.8978,86.8801,0.2,128,Dhamra,13.2
2025-09-08 03:11,9463594,20.8897,86.8063,0.5,230,Dhamra,13.8
2025-09-09 01:25,9463594,20.7695,86.9019,0.0,161,Dhamra,13.6
2025-09-09 19:22,9463594,20.7821,86.9044,0.0,207,Dhamra,13.4
2025-08-31 00:47,9367188,20.7604,87.593,9.7,179,Dhamra,12.9
2025-08-31 16:47,9367188,20.9621,86.6514,9.0,18,Dhamra,13.7
2025-09-01 02:19,9367188,20.7681,87.0462,0.0,197,Dhamra,12.7
2025-09-01 15:43,9367188,20.8033,86.7999,0.1,252,Dhamra,12.6
2025-09-02 12:26,9367188,20.784,86.934,0.0,258,Dhamra,13.4
2025-09-03 06:55,9367188,20.7786,86.9253,0.0,176,Dhamra,13.4
2025-10-09 16:34,9191845,21.5422,87.2975,10.5,92,Dhamra,18.0
2025-10-10 08:34,9191845,21.0095,86.6589,11.1,301,Dhamra,18.0
2025-10-10 16:45,9191845,20.7197,86.8001,0.7,221,Dhamra,17.0
2025-10-11 06:25,9191845,20.8256,86.9827,0.3,251,Dhamra,17.8
2025-10-11 17:00,9191845,20.6729,87.0199,0.6,353,Dhamra,17.1
2025-10-12 06:25,9191845,20.9074,86.9992,0.7,214,Dhamra,17.7
2025-10-13 05:47,9191845,20.7969,86.9027,0.0,82,Dhamra,17.8
2025-10-14 14:50,9191845,20.7848,86.9338,0.0,178,Dhamra,18.0
2025-10-06 08:00,9686782,20.0012,87.4958,12.2,156,Dhamra,13.6
2025-10-07 00:00,9686782,20.9233,86.9445,12.7,143,Dhamra,13.5
2025-10-07 09:05,9686782,20.8049,87.0584,0.5,170,Dhamra,13.1
2025-10-07 22:40,9686782,20.8401,86.9569,0.2,117,Dhamra,14.2
2025-10-08 10:56,9686782,20.9327,86.9337,0.5,340,Dhamra,14.2
2025-10-09 14:15,9686782,20.7662,86.9005,0.0,346,Dhamra,14.0
2025-10-10 09:20,9686782,20.7793,86.9154,0.0,264,Dhamra,13.8
2025-10-05 12:34,9111444,19.9946,86.3235,11.2,301,Dhamra,17.9
2025-10-06 04:34,9111444,20.9346,86.7364,9.5,266,Dhamra,16.7
2025-10-06 15:18,9111444,20.7173,86.8756,0.2,128,Dhamra,17.4
2025-10-07 01:34,9111444,20.7518,86.836,0.0,297,Dhamra,17.3
2025-10-07 15:07,9111444,20.6911,87.0642,0.5,354,Dhamra,18.3
2025-10-08 14:52,9111444,20.8012,86.9269,0.0,40,Dhamra,18.5
2025-10-10 03:10,9111444,20.7985,86.8977,0.0,303,Dhamra,18.3
2025-09-22 23:28,9133209,20.3796,86.7234,9.2,69,Dhamra,14.0
2025-09-23 15:28,9133209,20.9236,87.0814,12.6,106,Dhamra,14.3
2025-09-23 23:40,9133209,20.8782,87.0467,0.7,72,Dhamra,14.3
2025-09-24 13:57,9133209,20.8506,87.0357,0.4,19,Dhamra,14.3
2025-09-25 01:46,9133209,20.7652,86.9389,0.3,205,Dhamra,13.1
2025-09-25 22:28,9133209,20.7685,86.9268,0.0,295,Dhamra,14.0
2025-09-26 15:52,9133209,20.7895,86.9007,0.0,179,Dhamra,13.8
2025-11-05 19:14,9404531,21.5648,86.9121,10.3,127,Dhamra,13.1
2025-11-06 11:14,9404531,20.5864,86.7821,12.4,178,Dhamra,13.7
2025-11-06 19:17,9404531,20.7793,86.9565,0.3,5,Dhamra,13.5
2025-11-07 10:08,9404531,20.7728,86.8704,0.3,149,Dhamra,13.0
2025-11-07 20:53,9404531,20.7573,86.777,0.2,89,Dhamra,14.0
2025-11-08 08:53,9404531,20.6608,86.9837,0.2,23,Dhamra,13.4
2025-11-09 05:50,9404531,20.7925,86.9035,0.0,1,Dhamra,13.6
2025-11-09 23:50,9404531,20.8013,86.9241,0.0,72,Dhamra,14.2
2025-10-30 15:26,9367188,19.9997,86.9734,10.2,18,Dhamra,13.4
2025-10-31 07:26,9367188,20.7003,87.0655,10.5,65,Dhamra,13.7
2025-10-31 15:51,9367188,20.8204,87.0575,0.3,196,Dhamra,12.7
2025-11-01 04:21,9367188,20.7374,87.0218,0.2,90,Dhamra,13.3
2025-11-01 15:32,9367188,20.7037,86.8212,0.7,190,Dhamra,13.1
2025-11-02 06:03,9367188,20.6565,87.0474,0.8,162,Dhamra,13.7
2025-11-03 07:18,9367188,20.7941,86.9241,0.0,122,Dhamra,13.5
2025-11-04 02:45,9367188,20.7989,86.9287,0.0,1,Dhamra,13.4
2025-10-27 11:42,9192002,20.525,87.4985,10.0,298,Dhamra,13.9
2025-10-28 03:42,9192002,21.0094,87.1506,12.5,258,Dhamra,13.1
2025-10-28 13:54,9192002,20.6554,86.9514,0.6,279,Dhamra,13.7
2025-10-29 00:46,9192002,20.8754,86.7668,0.1,22,Dhamra,13.5
2025-10-29 23:30,9192002,20.7806,86.9341,0.0,285,Dhamra,13.8
2025-10-30 19:36,9192002,20.798,86.9289,0.0,60,Dhamra,13.6
2019-12-23 09:17,9184777,19.6624,85.8535,10.7,327,Paradip,13.3
2019-12-24 01:17,9184777,20.3654,86.6094,9.1,149,Paradip,13.0
2019-12-24 11:12,9184777,20.4475,86.6546,0.4,36,Paradip,12.8
2019-12-24 22:07,9184777,20.421,86.5661,0.8,89,Paradip,13.5
2019-12-25 17:02,9184777,20.3273,86.6157,0.0,241,Paradip,13.6
2019-12-26 15:07,9184777,20.3344,86.6327,0.0,260,Paradip,13.8
2020-01-05 03:13,9260565,20.2877,85.8808,10.7,336,Paradip,13.2
2020-01-05 19:13,9260565,20.1324,86.4528,11.2,201,Paradip,13.6
2020-01-06 03:55,9260565,20.31,86.593,0.0,318,Paradip,13.6
2020-01-07 04:20,9260565,20.3307,86.6357,0.0,39,Paradip,13.6
2020-01-08 02:35,9260565,20.3055,86.6354,0.0,124,Paradip,13.8
2019-12-21 19:39,9874716,20.3462,86.5535,12.1,177,Paradip,13.5
2019-12-22 11:39,9874716,20.0799,86.3886,9.3,285,Paradip,13.3
2019-12-22 20:15,9874716,20.1672,86.6224,0.0,262,Paradip,13.8
2019-12-23 10:38,9874716,20.4036,86.6706,0.0,147,Paradip,13.0
2019-12-24 05:45,9874716,20.3144,86.6158,0.0,125,Paradip,14.2
2019-12-25 04:15,9874716,20.3282,86.614,0.0,339,Paradip,14.2
2020-01-07 19:47,9557549,20.538,86.9395,12.5,62,Paradip,12.8
2020-01-08 11:47,9557549,20.2925,86.4386,10.5,358,Paradip,13.3
2020-01-08 22:15,9557549,20.2839,86.7354,0.6,226,Paradip,12.7
2020-01-10 01:19,9557549,20.3167,86.6003,0.0,191,Paradip,13.5
2020-01-10 21:50,9557549,20.2983,86.6342,0.0,272,Paradip,13.9
2020-02-01 13:39,9557549,20.1952,87.1377,9.9,11,Paradip,13.5
2020-02-02 05:39,9557549,20.3202,86.6396,11.0,294,Paradip,13.8
2020-02-02 16:24,9557549,20.308,86.5542,0.0,66,Paradip,13.6
2020-02-03 12:29,9557549,20.3021,86.6292,0.0,153,Paradip,13.9
2020-02-04 11:24,9557549,20.3219,86.6007,0.0,23,Paradip,13.9
2020-02-01 16:13,9462030,20.2854,87.256,12.3,348,Paradip,13.8
2020-02-02 08:13,9462030,20.5683,86.5282,11.1,42,Paradip,13.6
2020-02-02 19:09,9462030,20.2085,86.6453,0.5,28,Paradip,14.1
2020-02-03 20:37,9462030,20.3108,86.6014,0.0,316,Paradip,13.7
2020-02-04 16:25,9462030,20.313,86.6037,0.0,306,Paradip,13.6
2020-02-05 21:07,9133209,19.8359,86.6576,10.5,162,Paradip,13.3
2020-02-06 13:07,9133209,20.4915,86.849,12.9,353,Paradip,13.7
2020-02-06 22:28,9133209,20.1726,86.5105,0.6,153,Paradip,13.5
2020-02-08 00:15,9133209,20.3241,86.618,0.0,148,Paradip,14.1
2020-02-08 21:04,9133209,20.3056,86.602,0.0,49,Paradip,14.3
2020-01-20 21:02,9133209,20.8868,86.341,12.2,328,Paradip,14.3
2020-01-21 13:02,9133209,20.0916,86.4385,10.4,345,Paradip,13.9
2020-01-21 23:21,9133209,20.2997,86.6635,0.1,312,Paradip,13.6
2020-01-22 10:20,9133209,20.41,86.6247,0.1,55,Paradip,13.8
2020-01-23 05:32,9133209,20.3017,86.6364,0.0,206,Paradip,14.1
2020-01-24 04:02,9133209,20.3287,86.6128,0.0,216,Paradip,14.1
2020-02-26 14:44,9557549,20.2097,87.1703,10.4,192,Paradip,13.3
2020-02-27 06:44,9557549,20.3435,86.8778,11.7,110,Paradip,13.1
2020-02-27 15:38,9557549,20.1968,86.5586,0.8,62,Paradip,13.8
2020-02-28 05:23,9557549,20.2488,86.5211,0.0,17,Paradip,13.2
2020-02-28 21:56,9557549,20.3264,86.5983,0.0,47,Paradip,13.8
2020-02-29 18:20,9557549,20.3162,86.6156,0.0,90,Paradip,13.7
2020-02-27 02:10,9339563,21.0595,86.9179,12.9,247,Paradip,13.4
2020-02-27 18:10,9339563,20.0783,86.807,12.7,200,Paradip,13.9
2020-02-28 02:27,9339563,20.4405,86.4982,0.4,314,Paradip,14.1
2020-02-29 03:23,9339563,20.309,86.6278,0.0,75,Paradip,13.6
2020-03-01 02:14,9339563,20.3343,86.606,0.0,349,Paradip,13.5
2020-02-25 16:36,9559190,20.6542,86.1353,12.7,129,Paradip,13.3
2020-02-26 08:36,9559190,20.1168,86.8685,10.2,338,Paradip,13.7
2020-02-26 16:44,9559190,20.2357,86.5923,0.5,290,Paradip,14.0
2020-02-27 07:27,9559190,20.2807,86.5669,0.8,129,Paradip,14.1
2020-02-28 02:34,9559190,20.3069,86.6058,0.0,306,Paradip,13.8
2020-02-28 23:49,9559190,20.3293,86.5988,0.0,120,Paradip,14.3
2020-02-25 21:22,9260565,20.2588,85.8852,11.3,345,Paradip,13.3
2020-02-26 13:22,9260565,20.5594,86.6292,9.4,312,Paradip,13.2
2020-02-26 23:55,9260565,20.231,86.7561,0.8,108,Paradip,13.0
2020-02-27 10:13,9260565,20.4276,86.561,0.4,183,Paradip,13.9
2020-02-28 08:36,9260565,20.3013,86.6288,0.0,199,Paradip,13.6
2020-02-29 04:31,9260565,20.3101,86.6185,0.0,240,Paradip,13.9
2020-03-28 19:22,9260565,20.1785,85.8371,12.0,129,Paradip,13.2
2020-03-29 11:22,9260565,20.2332,86.7434,11.7,198,Paradip,14.2
2020-03-29 21:13,9260565,20.3228,86.7311,0.3,142,Paradip,12.8
2020-03-30 21:23,9260565,20.3046,86.602,0.0,84,Paradip,13.7
2020-03-31 17:14,9260565,20.3233,86.6269,0.0,235,Paradip,13.9
2020-04-02 21:55,9559190,20.0432,86.586,10.6,64,Paradip,13.6
2020-04-03 13:55,9559190,20.0929,86.5541,10.4,126,Paradip,13.2
2020-04-03 22:36,9559190,20.2251,86.5778,0.1,304,Paradip,14.1
2020-04-04 10:12,9559190,20.4019,86.4694,0.1,200,Paradip,13.1
2020-04-05 11:05,9559190,20.3293,86.6335,0.0,54,Paradip,14.0
2020-04-06 06:50,9559190,20.3265,86.633,0.0,99,Paradip,14.2
2020-03-27 12:36,9746054,20.0415,86.7432,10.8,351,Paradip,13.8
2020-03-28 04:36,9746054,20.5134,86.6439,10.0,276,Paradip,13.0
2020-03-28 14:39,9746054,20.3257,86.7033,0.7,49,Paradip,14.1
2020-03-29 18:44,9746054,20.3202,86.6114,0.0,8,Paradip,14.0
2020-03-30 16:09,9746054,20.3206,86.6124,0.0,259,Paradip,14.2
2020-04-06 04:02,9264511,20.3919,86.4578,10.9,122,Paradip,13.0
2020-04-06 20:02,9264511,20.4759,86.5467,12.4,82,Paradip,13.5
2020-04-07 06:39,9264511,20.361,86.5362,0.4,37,Paradip,13.2
2020-04-07 17:21,9264511,20.3666,86.6314,0.2,236,Paradip,14.0
2020-04-08 15:44,9264511,20.3199,86.6012,0.0,123,Paradip,14.0
2020-04-09 15:26,9264511,20.2981,86.6021,0.0,39,Paradip,13.6
2020-03-23 03:53,9952378,21.0437,86.4731,12.6,49,Paradip,12.8
2020-03-23 19:53,9952378,20.5381,86.5116,11.1,279,Paradip,12.8
2020-03-24 05:53,9952378,20.1711,86.7116,0.2,339,Paradip,13.2
2020-03-25 06:17,9952378,20.3089,86.6291,0.0,170,Paradip,13.9
2020-03-26 04:29,9952378,20.3284,86.614,0.0,4,Paradip,13.8
2020-04-27 09:28,9559190,20.9677,87.3321,10.8,193,Paradip,13.6
2020-04-28 01:28,9559190,20.4885,86.8659,9.1,34,Paradip,13.2
2020-04-28 10:57,9559190,20.3743,86.6393,0.1,52,Paradip,13.2
2020-04-28 22:40,9559190,20.2682,86.7496,0.3,194,Paradip,13.9
2020-04-30 00:14,9559190,20.3032,86.6079,0.0,162,Paradip,14.3
2020-04-30 22:05,9559190,20.2999,86.6214,0.0,204,Paradip,14.1
2020-04-21 00:12,9184777,20.382,86.772,11.8,208,Paradip,13.1
2020-04-21 16:12,9184777,20.3126,86.7929,12.7,75,Paradip,13.0
2020-04-22 02:43,9184777,20.3365,86.7192,0.2,18,Paradip,13.7
2020-04-22 15:02,9184777,20.406,86.5271,0.4,287,Paradip,13.7
2020-04-23 08:26,9184777,20.3283,86.6116,0.0,28,Paradip,13.8
2020-04-24 03:27,9184777,20.2988,86.6288,0.0,264,Paradip,13.9
2020-04-19 04:17,9785903,19.5461,87.1645,11.7,217,Paradip,13.9
2020-04-19 20:17,9785903,20.3677,86.6521,9.4,122,Paradip,13.5
2020-04-20 06:17,9785903,20.2411,86.601,0.3,274,Paradip,13.1
2020-04-20 17:38,9785903,20.3024,86.6769,0.2,271,Paradip,13.3
2020-04-21 12:25,9785903,20.3173,86.6248,0.0,27,Paradip,13.8
2020-04-22 11:56,9785903,20.3275,86.6215,0.0,187,Paradip,14.0
2020-04-24 05:57,9339563,20.5375,86.9649,9.3,176,Paradip,14.0
2020-04-24 21:57,9339563,20.186,86.3969,11.7,183,Paradip,13.2
2020-04-25 08:16,9339563,20.2934,86.5998,0.1,55,Paradip,13.8
2020-04-25 20:03,9339563,20.287,86.6754,0.6,128,Paradip,13.1
2020-04-26 15:12,9339563,20.3097,86.6328,0.0,124,Paradip,13.9
2020-04-27 15:23,9339563,20.3111,86.6033,0.0,119,Paradip,14.1
2020-06-08 04:45,9192002,20.4242,86.6183,9.5,66,Paradip,13.2
2020-06-08 20:45,9192002,20.1436,86.8433,10.3,77,Paradip,14.1
2020-06-09 06:07,9192002,20.3307,86.6606,0.0,282,Paradip,13.9
2020-06-10 10:47,9192002,20.3105,86.6108,0.0,139,Paradip,13.9
2020-06-11 08:48,9192002,20.3215,86.5995,0.0,309,Paradip,13.9
2020-06-06 21:09,9462030,20.0879,86.1677,10.9,295,Paradip,14.0
2020-06-07 13:09,9462030,20.343,86.7347,12.6,21,Paradip,13.7
2020-06-07 22:28,9462030,20.2276,86.5732,0.1,119,Paradip,13.1
2020-06-08 09:44,9462030,20.1734,86.5485,0.5,192,Paradip,14.0
2020-06-09 05:39,9462030,20.3357,86.605,0.0,246,Paradip,14.0
2020-06-10 00:51,9462030,20.3274,86.6012,0.0,45,Paradip,13.5
2020-07-07 21:20,9260565,20.4258,86.9551,12.2,134,Paradip,13.2
2020-07-08 13:20,9260565,20.3394,86.5633,9.5,340,Paradip,13.4
2020-07-08 22:20,9260565,20.4421,86.6986,0.4,160,Paradip,13.6
2020-07-09 10:27,9260565,20.3972,86.7423,0.4,271,Paradip,13.4
2020-07-09 23:00,9260565,20.2186,86.5405,0.2,83,Paradip,13.0
2020-07-10 16:58,9260565,20.3053,86.6174,0.0,251,Paradip,14.1
2020-07-11 13:47,9260565,20.3052,86.6023,0.0,352,Paradip,13.7
2020-06-26 02:19,9725674,19.9335,86.8477,11.0,52,Paradip,13.2
2020-06-26 18:19,9725674,20.0971,86.3732,11.8,105,Paradip,13.9
2020-06-27 04:02,9725674,20.2733,86.7206,0.1,249,Paradip,13.4
2020-06-27 16:06,9725674,20.1929,86.4894,0.4,45,Paradip,13.0
2020-06-28 04:58,9725674,20.206,86.6934,0.2,85,Paradip,13.2
2020-06-29 06:32,9725674,20.3096,86.6344,0.0,201,Paradip,14.1
2020-06-30 03:35,9725674,20.2999,86.6289,0.0,168,Paradip,14.1
2020-07-01 20:57,9095119,20.6793,85.8803,9.4,117,Paradip,12.6
2020-07-02 12:57,9095119,20.168,86.446,12.5,122,Paradip,13.4
2020-07-02 20:57,9095119,20.2533,86.4985,0.3,189,Paradip,12.8
2020-07-03 10:54,9095119,20.2157,86.4999,0.1,314,Paradip,13.9
2020-07-04 15:29,9095119,20.2984,86.6191,0.0,3,Paradip,13.8
2020-07-05 14:42,9095119,20.305,86.6231,0.0,184,Paradip,13.6
2020-06-21 19:57,9151262,20.816,86.0806,12.7,332,Paradip,12.6
2020-06-22 11:57,9151262,20.3357,86.784,11.7,118,Paradip,13.7
2020-06-22 21:31,9151262,20.2701,86.6535,0.0,316,Paradip,12.5
2020-06-23 10:45,9151262,20.4242,86.5182,0.6,27,Paradip,13.0
2020-06-23 22:18,9151262,20.3259,86.7508,0.5,31,Paradip,13.7
2020-06-24 09:59,9151262,20.3239,86.4758,0.2,172,Paradip,13.2
2020-06-24 20:44,9151262,20.4016,86.6391,0.5,256,Paradip,12.9
2020-06-25 20:28,9151262,20.3244,86.6276,0.0,89,Paradip,13.5
2020-06-26 18:43,9151262,20.3034,86.615,0.0,298,Paradip,13.6
2020-06-19 00:06,9151262,19.5967,87.3145,10.3,330,Paradip,13.6
2020-06-19 16:06,9151262,20.537,86.8424,11.1,300,Paradip,12.7
2020-06-20 02:42,9151262,20.3615,86.4915,0.8,113,Paradip,13.7
2020-06-20 13:42,9151262,20.239,86.5473,0.2,86,Paradip,12.5
2020-06-21 02:45,9151262,20.2371,86.5335,0.1,231,Paradip,13.4
2020-06-21 19:54,9151262,20.3044,86.6097,0.0,231,Paradip,13.2
2020-06-22 18:24,9151262,20.3126,86.6183,0.0,230,Paradip,13.7
2020-07-27 02:45,9785903,21.063,86.1004,10.0,240,Paradip,13.7
2020-07-27 18:45,9785903,20.5578,86.8055,11.2,76,Paradip,14.1
2020-07-28 03:25,9785903,20.1826,86.485,0.2,202,Paradip,14.2
2020-07-28 16:38,9785903,20.2577,86.6893,0.3,316,Paradip,13.5
2020-07-29 14:13,9785903,20.3243,86.6088,0.0,245,Paradip,14.0
2020-07-30 11:28,9785903,20.3216,86.618,0.0,162,Paradip,13.9
2020-07-31 19:58,9260565,20.0753,87.2884,9.8,241,Paradip,13.4
2020-08-01 11:58,9260565,20.2185,86.6383,12.5,230,Paradip,14.1
2020-08-01 22:01,9260565,20.2847,86.7427,0.7,92,Paradip,13.9
2020-08-03 02:28,9260565,20.3059,86.5967,0.0,134,Paradip,13.8
2020-08-03 23:28,9260565,20.3053,86.6175,0.0,202,Paradip,13.8
2020-07-25 16:54,9746054,20.3053,86.4334,10.8,80,Paradip,13.5
2020-07-26 08:54,9746054,20.342,86.7121,12.8,202,Paradip,12.8
2020-07-26 17:13,9746054,20.1954,86.5998,0.3,313,Paradip,13.6
2020-07-27 06:29,9746054,20.4566,86.6709,0.7,287,Paradip,13.4
2020-07-28 09:28,9746054,20.3338,86.6217,0.0,178,Paradip,13.9
2020-07-29 07:01,9746054,20.3275,86.6318,0.0,47,Paradip,13.6
2020-09-03 07:22,9725674,19.6372,86.0946,11.1,356,Paradip,13.6
2020-09-03 23:22,9725674,20.1495,86.4818,9.1,242,Paradip,13.3
2020-09-04 07:27,9725674,20.4198,86.7433,0.4,109,Paradip,13.2
2020-09-04 19:30,9725674,20.3386,86.5738,0.0,241,Paradip,13.7
2020-09-05 10:09,9725674,20.1715,86.5658,0.1,103,Paradip,14.0
2020-09-06 05:25,9725674,20.3241,86.6288,0.0,242,Paradip,14.1
2020-09-07 02:18,9725674,20.3117,86.6162,0.0,26,Paradip,13.6
2020-08-26 05:55,9133209,20.7619,86.7779,10.7,286,Paradip,13.3
2020-08-26 21:55,9133209,20.3264,86.8025,10.7,217,Paradip,13.3
2020-08-27 07:48,9133209,20.4355,86.5824,0.3,56,Paradip,13.2
2020-08-27 20:21,9133209,20.4454,86.5939,0.3,28,Paradip,14.0
2020-08-28 06:17,9133209,20.2092,86.6301,0.3,339,Paradip,13.4
2020-08-29 06:10,9133209,20.2982,86.6082,0.0,176,Paradip,13.8
2020-08-30 00:21,9133209,20.3218,86.6012,0.0,274,Paradip,13.7
2020-09-06 06:34,9404531,20.1106,85.9552,11.9,311,Paradip,13.5
2020-09-06 22:34,9404531,20.4719,86.7261,12.0,126,Paradip,13.5
2020-09-07 08:16,9404531,20.2647,86.6218,0.2,159,Paradip,14.0
2020-09-07 20:27,9404531,20.2376,86.5319,0.4,258,Paradip,13.7
2020-09-09 00:10,9404531,20.3224,86.6207,0.0,177,Paradip,13.8
2020-09-09 23:16,9404531,20.329,86.6214,0.0,3,Paradip,13.6
2020-08-30 23:36,9746054,20.5424,86.7046,11.1,156,Paradip,13.5
2020-08-31 15:36,9746054,20.3739,86.6006,9.9,256,Paradip,13.7
2020-09-01 01:41,9746054,20.3453,86.5666,0.1,22,Paradip,13.4
2020-09-01 13:55,9746054,20.3731,86.6386,0.6,272,Paradip,13.2
2020-09-01 23:46,9746054,20.3671,86.6602,0.0,269,Paradip,13.8
2020-09-02 20:18,9746054,20.3312,86.6119,0.0,321,Paradip,13.6
2020-09-03 17:36,9746054,20.3158,86.633,0.0,161,Paradip,13.5
2020-10-02 21:31,9746054,19.778,86.9819,10.5,267,Paradip,13.6
2020-10-03 13:31,9746054,20.5771,86.369,9.2,263,Paradip,13.0
2020-10-04 00:03,9746054,20.4403,86.5459,0.7,151,Paradip,13.9
2020-10-04 10:37,9746054,20.2139,86.7663,0.7,184,Paradip,13.9
2020-10-05 07:55,9746054,20.3287,86.5998,0.0,238,Paradip,14.0
2020-10-06 05:49,9746054,20.3276,86.6058,0.0,308,Paradip,14.1
2020-09-29 04:33,9260565,19.5272,86.3418,10.2,14,Paradip,13.0
2020-09-29 20:33,9260565,20.132,86.5391,9.3,319,Paradip,13.4
2020-09-30 07:06,9260565,20.1678,86.5863,0.8,250,Paradip,13.3
2020-09-30 17:31,9260565,20.3972,86.6839,0.0,212,Paradip,12.9
2020-10-01 04:41,9260565,20.4305,86.5943,0.4,318,Paradip,14.2
2020-10-02 07:34,9260565,20.3312,86.6068,0.0,21,Paradip,13.9
2020-10-03 06:25,9260565,20.3101,86.6245,0.0,39,Paradip,13.9
2020-09-17 06:36,9686782,20.1059,86.7773,10.5,123,Paradip,13.0
2020-09-17 22:36,9686782,20.2459,86.7429,12.6,12,Paradip,13.5
2020-09-18 07:56,9686782,20.4125,86.5434,0.4,16,Paradip,13.6
2020-09-18 19:57,9686782,20.443,86.5658,0.6,104,Paradip,14.1
2020-09-20 00:27,9686782,20.313,86.6125,0.0,299,Paradip,13.7
2020-09-20 23:08,9686782,20.3114,86.6025,0.0,89,Paradip,14.0
2020-09-27 10:52,9463594,20.2691,86.915,11.8,330,Paradip,12.8
2020-09-28 02:52,9463594,20.3108,86.818,10.1,359,Paradip,13.6
2020-09-28 13:32,9463594,20.453,86.762,0.6,220,Paradip,13.4
2020-09-29 01:44,9463594,20.2496,86.7283,0.3,186,Paradip,12.8
2020-09-29 10:56,9463594,20.2198,86.5574,0.3,179,Paradip,13.4
2020-09-30 01:43,9463594,20.1897,86.5574,0.0,105,Paradip,12.8
2020-09-30 19:29,9463594,20.3308,86.6278,0.0,81,Paradip,13.3
2020-10-01 15:56,9463594,20.3145,86.6356,0.0,57,Paradip,13.5
2020-10-19 04:50,9095119,19.9855,86.7242,10.5,348,Paradip,13.0
2020-10-19 20:50,9095119,20.2571,86.7012,12.5,82,Paradip,12.8
2020-10-20 05:15,9095119,20.2112,86.6732,0.5,248,Paradip,13.8
2020-10-20 17:51,9095119,20.3995,86.566,0.7,202,Paradip,13.9
2020-10-21 07:19,9095119,20.1708,86.5179,0.3,135,Paradip,13.7
2020-10-22 08:54,9095119,20.3169,86.6287,0.0,168,Paradip,13.6
2020-10-23 07:03,9095119,20.3041,86.6214,0.0,258,Paradip,13.8
2020-10-24 09:44,9192002,21.0198,87.135,9.3,181,Paradip,13.7
2020-10-25 01:44,9192002,20.4206,86.8068,10.4,154,Paradip,13.2
2020-10-25 11:19,9192002,20.2451,86.4674,0.2,37,Paradip,13.8
2020-10-26 00:04,9192002,20.3618,86.5725,0.7,165,Paradip,14.0
2020-10-26 09:44,9192002,20.1699,86.7363,0.8,233,Paradip,13.4
2020-10-27 12:21,9192002,20.3134,86.6137,0.0,156,Paradip,13.7
2020-10-28 10:00,9192002,20.2975,86.613,0.0,88,Paradip,14.0
2020-12-04 00:08,9404531,20.117,85.8908,9.1,115,Paradip,13.6
2020-12-04 16:08,9404531,20.5075,86.3521,10.6,325,Paradip,13.8
2020-12-05 02:36,9404531,20.3366,86.7427,0.3,315,Paradip,13.8
2020-12-05 12:28,9404531,20.4327,86.6862,0.2,61,Paradip,13.9
2020-12-06 01:33,9404531,20.3332,86.562,0.5,83,Paradip,13.8
2020-12-07 01:50,9404531,20.3275,86.632,0.0,85,Paradip,13.7
2020-12-07 21:38,9404531,20.3203,86.6103,0.0,219,Paradip,13.5
2020-11-29 10:23,9746054,20.8539,86.3113,10.0,112,Paradip,14.1
2020-11-30 02:23,9746054,20.552,86.6415,9.5,332,Paradip,13.5
2020-11-30 12:43,9746054,20.3055,86.5987,0.3,33,Paradip,12.9
2020-12-01 00:03,9746054,20.2057,86.4972,0.8,134,Paradip,13.9
2020-12-01 11:43,9746054,20.2209,86.7072,0.1,263,Paradip,13.6
2020-12-01 23:56,9746054,20.257,86.6401,0.6,29,Paradip,13.0
2020-12-02 10:41,9746054,20.275,86.5742,0.2,195,Paradip,12.8
2020-12-03 05:20,9746054,20.3357,86.6059,0.0,335,Paradip,13.6
2020-12-04 01:37,9746054,20.3154,86.6087,0.0,190,Paradip,13.8
2020-12-02 12:22,9184777,21.0787,87.0142,12.0,112,Paradip,12.7
2020-12-03 04:22,9184777,20.5705,86.5437,10.8,234,Paradip,13.6
2020-12-03 13:27,9184777,20.426,86.5444,0.3,138,Paradip,13.6
2020-12-04 02:16,9184777,20.3145,86.5079,0.1,87,Paradip,12.8
2020-12-04 13:52,9184777,20.4492,86.67,0.1,185,Paradip,12.9
2020-12-05 01:49,9184777,20.209,86.5051,0.2,242,Paradip,12.6
2020-12-06 01:34,9184777,20.3349,86.5972,0.0,285,Paradip,13.9
2020-12-06 23:46,9184777,20.3119,86.6203,0.0,200,Paradip,13.6
2020-11-27 14:28,9746054,20.5917,86.0762,9.6,311,Paradip,14.1
2020-11-28 06:28,9746054,20.4399,86.3794,10.1,314,Paradip,12.8
2020-11-28 15:32,9746054,20.1781,86.5448,0.2,359,Paradip,13.0
2020-11-29 03:51,9746054,20.4012,86.4945,0.6,149,Paradip,13.6
2020-11-29 17:24,9746054,20.3037,86.5776,0.7,159,Paradip,13.7
2020-11-30 05:02,9746054,20.425,86.5137,0.0,159,Paradip,13.6
2020-12-01 06:23,9746054,20.3326,86.6052,0.0,128,Paradip,13.5
2020-12-02 06:08,9746054,20.3296,86.6023,0.0,11,Paradip,13.9
2020-11-24 05:58,9339563,20.1589,86.2388,10.6,2,Paradip,13.0
2020-11-24 21:58,9339563,20.2234,86.8746,11.4,21,Paradip,13.3
2020-11-25 08:47,9339563,20.1766,86.4904,0.7,277,Paradip,13.5
2020-11-25 19:07,9339563,20.4319,86.762,0.7,324,Paradip,13.9
2020-11-26 07:53,9339563,20.3223,86.717,0.0,173,Paradip,13.0
2020-11-26 18:27,9339563,20.2775,86.5984,0.0,71,Paradip,13.0
2020-11-27 08:02,9339563,20.2684,86.5373,0.6,102,Paradip,13.2
2020-11-28 02:42,9339563,20.3156,86.601,0.0,63,Paradip,14.0
2020-11-29 01:55,9339563,20.3292,86.6227,0.0,104,Paradip,14.2
2020-12-21 12:13,9559190,19.5219,86.276,13.0,63,Paradip,13.8
2020-12-22 04:13,9559190,20.1447,86.6104,11.6,231,Paradip,13.5
2020-12-22 14:49,9559190,20.3478,86.5361,0.1,194,Paradip,14.3
2020-12-23 01:33,9559190,20.314,86.7182,0.2,114,Paradip,13.7
2020-12-23 13:12,9559190,20.2451,86.6549,0.5,71,Paradip,13.9
2020-12-24 15:10,9559190,20.3264,86.6324,0.0,297,Paradip,13.7
2020-12-25 15:03,9559190,20.314,86.6013,0.0,65,Paradip,13.9
2021-01-01 21:37,9174447,20.7653,87.0864,12.4,338,Paradip,13.4
2021-01-02 13:37,9174447,20.144,86.3683,11.5,167,Paradip,13.5
2021-01-03 00:33,9174447,20.2152,86.5659,0.4,8,Paradip,13.2
2021-01-03 10:56,9174447,20.332,86.5825,0.6,124,Paradip,13.5
2021-01-03 23:21,9174447,20.222,86.5208,0.1,20,Paradip,13.4
2021-01-04 12:33,9174447,20.3435,86.6137,0.2,329,Paradip,14.1
2021-01-05 00:32,9174447,20.3032,86.4688,0.3,310,Paradip,13.9
2021-01-06 04:05,9174447,20.2972,86.6126,0.0,230,Paradip,13.7
2021-01-07 01:38,9174447,20.305,86.6083,0.0,281,Paradip,13.6
2020-12-22 16:31,9133209,20.2903,87.2682,12.6,136,Paradip,14.0
2020-12-23 08:31,9133209,20.5547,86.5702,11.9,68,Paradip,14.1
2020-12-23 18:37,9133209,20.1939,86.675,0.1,222,Paradip,14.0
2020-12-24 07:19,9133209,20.3669,86.656,0.0,37,Paradip,14.4
2020-12-24 17:41,9133209,20.3377,86.7637,0.0,296,Paradip,13.3
2020-12-25 20:45,9133209,20.3332,86.6123,0.0,50,Paradip,13.8
2020-12-26 18:10,9133209,20.3087,86.6208,0.0,48,Paradip,13.7
2020-12-25 07:22,9686782,20.7248,86.209,11.2,236,Paradip,13.3
2020-12-25 23:22,9686782,20.1754,86.5958,12.0,319,Paradip,13.7
2020-12-26 09:51,9686782,20.4663,86.5687,0.2,252,Paradip,13.3
2020-12-26 19:25,9686782,20.2251,86.6932,0.7,281,Paradip,13.0
2020-12-27 19:00,9686782,20.3287,86.6171,0.0,43,Paradip,13.8
2020-12-28 17:37,9686782,20.3002,86.6311,0.0,287,Paradip,13.8
2020-12-26 19:46,9151262,19.7123,87.1733,9.9,160,Paradip,13.4
2020-12-27 11:46,9151262,20.2587,86.8511,9.0,240,Paradip,13.5
2020-12-27 20:39,9151262,20.2698,86.7488,0.2,238,Paradip,13.3
2020-12-28 08:23,9151262,20.2683,86.7503,0.7,37,Paradip,13.1
2020-12-28 22:41,9151262,20.4607,86.6327,0.8,74,Paradip,13.5
2020-12-29 08:18,9151262,20.287,86.5928,0.1,234,Paradip,12.9
2020-12-29 20:05,9151262,20.2741,86.6287,0.0,181,Paradip,13.9
2020-12-30 17:58,9151262,20.2982,86.6228,0.0,142,Paradip,13.9
2020-12-31 14:58,9151262,20.3191,86.6174,0.0,323,Paradip,13.7
2021-01-20 11:55,9462030,20.9244,86.3487,11.5,163,Paradip,14.2
2021-01-21 03:55,9462030,20.4852,86.7018,10.7,182,Paradip,13.5
2021-01-21 14:36,9462030,20.4191,86.523,0.8,355,Paradip,12.9
2021-01-22 16:57,9462030,20.3014,86.6325,0.0,161,Paradip,14.2
2021-01-23 12:52,9462030,20.3342,86.6162,0.0,309,Paradip,13.6
2021-01-30 03:01,9339563,20.0008,86.4128,9.9,296,Paradip,14.1
2021-01-30 19:01,9339563,20.1157,86.801,12.5,190,Paradip,13.9
2021-01-31 03:44,9339563,20.4546,86.7515,0.1,63,Paradip,13.5
2021-02-01 03:35,9339563,20.3252,86.635,0.0,78,Paradip,13.5
2021-02-02 02:38,9339563,20.3321,86.6088,0.0,335,Paradip,13.9
2021-01-17 09:38,9952378,20.8576,86.3375,10.3,72,Paradip,13.4
2021-01-18 01:38,9952378,20.0684,86.7092,10.8,224,Paradip,13.7
2021-01-18 11:49,9952378,20.435,86.6822,0.7,30,Paradip,13.3
2021-01-19 13:45,9952378,20.3125,86.635,0.0,236,Paradip,13.4
2021-01-20 09:18,9952378,20.3002,86.6211,0.0,74,Paradip,13.4
2021-02-01 12:54,9339563,20.0086,87.3167,12.1,72,Paradip,13.3
2021-02-02 04:54,9339563,20.4826,86.5092,9.3,144,Paradip,13.6
2021-02-02 13:54,9339563,20.2503,86.6931,0.2,4,Paradip,13.2
2021-02-03 02:04,9339563,20.389,86.5661,0.4,308,Paradip,13.9
2021-02-03 21:25,9339563,20.3327,86.6156,0.0,72,Paradip,14.2
2021-02-04 19:22,9339563,20.3173,86.632,0.0,195,Paradip,13.8
2021-02-25 01:44,9192002,20.6834,86.2597,11.3,104,Paradip,14.2
2021-02-25 17:44,9192002,20.2828,86.7392,9.7,3,Paradip,14.1
2021-02-26 02:05,9192002,20.345,86.6051,0.4,315,Paradip,13.5
2021-02-26 14:18,9192002,20.4495,86.5612,0.2,325,Paradip,14.0
2021-02-27 17:23,9192002,20.3262,86.6347,0.0,145,Paradip,13.7
2021-02-28 16:04,9192002,20.3221,86.5999,0.0,37,Paradip,13.6
2021-02-25 05:38,9339563,20.9093,87.1674,9.9,118,Paradip,13.4
2021-02-25 21:38,9339563,20.0976,86.3636,11.3,286,Paradip,14.0
2021-02-26 07:24,9339563,20.1731,86.7455,0.3,263,Paradip,13.6
2021-02-26 19:34,9339563,20.342,86.7069,0.6,267,Paradip,13.1
2021-02-28 00:48,9339563,20.3193,86.6266,0.0,250,Paradip,14.1
2021-02-28 23:15,9339563,20.303,86.632,0.0,251,Paradip,13.7
2021-02-25 07:37,9842348,20.1257,87.1119,12.6,331,Paradip,13.7
2021-02-25 23:37,9842348,20.2662,86.4281,9.8,185,Paradip,13.2
2021-02-26 10:21,9842348,20.3875,86.515,0.1,249,Paradip,13.7
2021-02-26 20:28,9842348,20.4338,86.7291,0.1,253,Paradip,13.7
2021-02-28 00:39,9842348,20.3271,86.6144,0.0,297,Paradip,14.4
2021-02-28 22:40,9842348,20.3348,86.6268,0.0,353,Paradip,13.9
2021-02-25 23:48,9746054,20.6079,85.9522,9.0,216,Paradip,13.3
2021-02-26 15:48,9746054,20.3562,86.6685,9.4,308,Paradip,13.1
2021-02-27 01:11,9746054,20.3533,86.5475,0.2,277,Paradip,13.0
2021-02-28 00:24,9746054,20.3086,86.6045,0.0,233,Paradip,14.1
2021-03-01 00:42,9746054,20.299,86.6128,0.0,101,Paradip,13.9
2021-03-04 21:32,9874716,20.9931,86.0522,10.7,120,Paradip,13.1
2021-03-05 13:32,9874716,20.5645,86.7683,9.7,77,Paradip,14.3
2021-03-05 21:32,9874716,20.3214,86.5285,0.8,201,Paradip,14.1
2021-03-06 09:58,9874716,20.3995,86.6528,0.2,359,Paradip,14.2
2021-03-07 09:41,9874716,20.3221,86.6235,0.0,12,Paradip,13.8
2021-03-08 05:40,9874716,20.3315,86.6059,0.0,41,Paradip,13.8
2021-03-26 02:39,9557549,19.71,85.8615,9.4,40,Paradip,12.7
2021-03-26 18:39,9557549,20.5244,86.8005,12.6,186,Paradip,13.7
2021-03-27 03:07,9557549,20.2362,86.5134,0.0,220,Paradip,13.3
2021-03-28 08:10,9557549,20.3159,86.6303,0.0,151,Paradip,13.8
2021-03-29 06:07,9557549,20.3226,86.6082,0.0,244,Paradip,13.5
2021-03-31 19:39,9952378,20.9432,87.1051,10.6,181,Paradip,14.0
2021-04-01 11:39,9952378,20.1806,86.8257,11.1,267,Paradip,13.6
2021-04-01 19:44,9952378,20.1875,86.5042,0.8,194,Paradip,13.3
2021-04-02 07:41,9952378,20.3621,86.5213,0.0,117,Paradip,14.0
2021-04-03 06:23,9952378,20.3108,86.6114,0.0,191,Paradip,13.6
2021-04-04 02:18,9952378,20.3308,86.6245,0.0,275,Paradip,13.4
2021-03-25 22:46,9463594,20.3047,87.04,11.8,268,Paradip,13.7
2021-03-26 14:46,9463594,20.3641,86.3795,10.9,91,Paradip,13.9
2021-03-26 22:56,9463594,20.1755,86.7581,0.7,207,Paradip,12.9
2021-03-28 00:17,9463594,20.3272,86.6032,0.0,143,Paradip,13.5
2021-03-28 23:08,9463594,20.3304,86.6057,0.0,162,Paradip,13.8
2021-03-24 18:46,9785903,20.2519,87.3378,12.7,218,Paradip,14.1
2021-03-25 10:46,9785903,20.1868,86.41,10.1,114,Paradip,14.1
2021-03-25 19:28,9785903,20.3291,86.5808,0.6,330,Paradip,14.3
2021-03-26 08:38,9785903,20.2174,86.6972,0.4,103,Paradip,14.4
2021-03-27 06:00,9785903,20.3042,86.6075,0.0,297,Paradip,14.2
2021-03-28 04:37,9785903,20.3021,86.6228,0.0,351,Paradip,14.3
2021-03-26 21:39,9095119,20.3454,87.2495,11.4,241,Paradip,13.1
2021-03-27 13:39,9095119,20.4595,86.6694,12.7,182,Paradip,13.4
2021-03-27 22:11,9095119,20.3238,86.5644,0.3,152,Paradip,13.8
2021-03-29 03:49,9095119,20.3131,86.604,0.0,188,Paradip,13.8
2021-03-30 01:40,9095119,20.3171,86.6234,0.0,136,Paradip,13.3
2021-04-16 07:34,9686782,20.2606,85.9064,11.7,356,Paradip,13.2
2021-04-16 23:34,9686782,20.3568,86.8462,10.1,243,Paradip,13.3
2021-04-17 07:47,9686782,20.3384,86.5305,0.3,109,Paradip,13.9
2021-04-18 08:22,9686782,20.3292,86.6337,0.0,277,Paradip,14.0
2021-04-19 05:40,9686782,20.316,86.6172,0.0,133,Paradip,13.8
2021-04-17 00:32,9785903,21.1162,87.1709,9.9,198,Paradip,13.3
2021-04-17 16:32,9785903,20.511,86.6644,10.6,267,Paradip,13.1
2021-04-18 02:04,9785903,20.2335,86.5642,0.2,165,Paradip,13.3
2021-04-19 00:45,9785903,20.2995,86.6306,0.0,219,Paradip,14.3
2021-04-19 23:18,9785903,20.3356,86.6255,0.0,47,Paradip,14.1
2021-04-20 15:04,9462030,20.9869,86.8665,10.5,211,Paradip,13.3
2021-04-21 07:04,9462030,20.1719,86.8286,10.9,154,Paradip,13.7
2021-04-21 16:49,9462030,20.282,86.6893,0.2,117,Paradip,13.8
2021-04-22 05:55,9462030,20.4627,86.6717,0.5,359,Paradip,13.2
2021-04-22 21:30,9462030,20.2984,86.6106,0.0,129,Paradip,13.6
2021-04-23 16:31,9462030,20.3051,86.6157,0.0,317,Paradip,14.1
2021-05-17 19:13,9192002,20.4868,86.6148,10.5,184,Paradip,13.2
2021-05-18 11:13,9192002,20.4189,86.4713,12.3,294,Paradip,13.0
2021-05-18 21:37,9192002,20.3668,86.6268,0.6,126,Paradip,13.5
2021-05-19 22:50,9192002,20.3198,86.63,0.0,12,Paradip,13.8
2021-05-20 19:17,9192002,20.2971,86.601,0.0,200,Paradip,14.2
2021-06-01 06:48,9339563,21.1061,87.1331,9.3,194,Paradip,12.8
2021-06-01 22:48,9339563,20.3145,86.8548,11.0,285,Paradip,13.3
2021-06-02 06:59,9339563,20.2501,86.5185,0.8,344,Paradip,14.1
2021-06-03 10:50,9339563,20.3251,86.6329,0.0,74,Paradip,13.7
2021-06-04 08:33,9339563,20.3263,86.6106,0.0,341,Paradip,13.9
2021-06-14 10:07,9339563,20.9325,86.3717,12.8,176,Paradip,13.8
2021-06-15 02:07,9339563,20.4513,86.5393,12.0,195,Paradip,13.4
2021-06-15 13:04,9339563,20.1704,86.4728,0.5,302,Paradip,14.1
2021-06-15 23:15,9339563,20.3279,86.5004,0.2,326,Paradip,13.0
2021-06-17 04:53,9339563,20.3347,86.6207,0.0,190,Paradip,14.0
2021-06-18 04:50,9339563,20.3323,86.6004,0.0,17,Paradip,14.2
2021-06-19 03:14,9095119,20.2138,86.8974,10.0,138,Paradip,12.8
2021-06-19 19:14,9095119,20.5375,86.5097,11.9,353,Paradip,13.4
2021-06-20 03:17,9095119,20.4122,86.7205,0.1,3,Paradip,13.8
2021-06-20 17:16,9095119,20.2799,86.6639,0.4,64,Paradip,13.7
2021-06-21 05:10,9095119,20.4308,86.6318,0.6,228,Paradip,12.8
2021-06-21 16:28,9095119,20.4514,86.6459,0.7,100,Paradip,13.6
2021-06-22 04:37,9095119,20.2545,86.5913,0.2,13,Paradip,13.2
2021-06-23 02:30,9095119,20.3249,86.6166,0.0,50,Paradip,13.6
2021-06-24 00:39,9095119,20.3178,86.6275,0.0,114,Paradip,14.0
2021-06-28 05:14,9557549,19.566,86.0549,11.6,299,Paradip,13.9
2021-06-28 21:14,9557549,20.0899,86.5903,12.2,43,Paradip,12.6
2021-06-29 05:26,9557549,20.2639,86.6157,0.6,142,Paradip,12.8
2021-06-29 18:00,9557549,20.2838,86.7607,0.1,153,Paradip,13.5
2021-06-30 20:48,9557549,20.3131,86.6098,0.0,132,Paradip,13.5
2021-07-01 19:15,9557549,20.3344,86.6358,0.0,336,Paradip,13.4
2021-07-22 21:57,9367188,20.6439,86.159,11.8,68,Paradip,12.8
2021-07-23 13:57,9367188,20.5218,86.5788,11.7,331,Paradip,12.6
2021-07-24 00:38,9367188,20.2852,86.499,0.3,299,Paradip,13.1
2021-07-24 10:58,9367188,20.1981,86.5347,0.0,114,Paradip,12.7
2021-07-24 22:48,9367188,20.4251,86.6926,0.3,255,Paradip,13.3
2021-07-26 04:31,9367188,20.3243,86.6106,0.0,257,Paradip,13.4
2021-07-27 01:10,9367188,20.2969,86.6172,0.0,97,Paradip,13.8
2021-07-24 23:19,9264511,19.9602,87.0696,11.1,215,Paradip,13.6
2021-07-25 15:19,9264511,20.5068,86.5412,12.9,59,Paradip,13.1
2021-07-25 23:34,9264511,20.2275,86.5901,0.6,341,Paradip,12.9
2021-07-26 14:12,9264511,20.1854,86.5174,0.3,320,Paradip,13.2
2021-07-26 23:49,9264511,20.2333,86.4692,0.4,211,Paradip,12.9
2021-07-28 03:32,9264511,20.3054,86.5981,0.0,6,Paradip,13.8
2021-07-29 02:41,9264511,20.3359,86.6015,0.0,36,Paradip,13.8
2021-07-18 00:06,9725674,20.5464,86.3643,11.9,162,Paradip,12.9
2021-07-18 16:06,9725674,20.2964,86.6057,11.0,111,Paradip,13.8
2021-07-19 01:41,9725674,20.1897,86.7072,0.4,260,Paradip,12.9
2021-07-19 12:24,9725674,20.3229,86.4714,0.2,166,Paradip,13.8
2021-07-20 02:08,9725674,20.2229,86.6807,0.5,220,Paradip,13.9
2021-07-21 02:42,9725674,20.3315,86.6221,0.0,73,Paradip,14.1
2021-07-22 00:18,9725674,20.3134,86.599,0.0,81,Paradip,13.7
2021-07-21 20:29,9264511,20.8029,86.2094,10.6,358,Paradip,13.0
2021-07-22 12:29,9264511,20.1852,86.8363,12.2,239,Paradip,13.2
2021-07-22 22:38,9264511,20.2366,86.66,0.3,143,Paradip,14.1
2021-07-23 10:03,9264511,20.3404,86.5892,0.3,210,Paradip,13.2
2021-07-23 22:13,9264511,20.3306,86.642,0.4,129,Paradip,13.6
2021-07-25 00:19,9264511,20.3078,86.6364,0.0,357,Paradip,13.6
2021-07-25 22:02,9264511,20.332,86.6081,0.0,291,Paradip,13.9
2021-07-21 16:54,9339563,20.0122,86.3965,10.6,268,Paradip,14.2
2021-07-22 08:54,9339563,20.1354,86.3615,11.2,24,Paradip,13.8
2021-07-22 18:28,9339563,20.3141,86.6148,0.7,6,Paradip,13.8
2021-07-23 06:12,9339563,20.1958,86.4898,0.2,242,Paradip,14.0
2021-07-23 19:40,9339563,20.1961,86.5388,0.0,325,Paradip,13.1
2021-07-24 11:55,9339563,20.3026,86.6011,0.0,110,Paradip,13.9
2021-07-25 08:58,9339563,20.3059,86.6102,0.0,284,Paradip,13.7
2021-08-27 11:38,9260565,19.9281,86.9016,12.6,192,Paradip,13.9
2021-08-28 03:38,9260565,20.3307,86.41,12.8,196,Paradip,13.5
2021-08-28 13:36,9260565,20.4578,86.5937,0.8,204,Paradip,12.8
2021-08-29 01:25,9260565,20.3942,86.7315,0.7,282,Paradip,14.1
2021-08-29 12:36,9260565,20.2449,86.4831,0.2,0,Paradip,13.4
2021-08-29 23:50,9260565,20.2266,86.7448,0.4,99,Paradip,13.7
2021-08-31 01:32,9260565,20.3127,86.6032,0.0,184,Paradip,14.1
2021-09-01 00:02,9260565,20.3295,86.5995,0.0,48,Paradip,14.0
2021-08-28 18:03,9462030,19.6884,86.8041,11.2,290,Paradip,13.8
2021-08-29 10:03,9462030,20.4622,86.7236,11.1,44,Paradip,13.4
2021-08-29 20:50,9462030,20.4456,86.5029,0.6,194,Paradip,13.6
2021-08-30 07:32,9462030,20.1707,86.5547,0.1,279,Paradip,13.1
2021-08-31 09:47,9462030,20.2988,86.6155,0.0,291,Paradip,13.8
2021-09-01 05:06,9462030,20.3293,86.6212,0.0,209,Paradip,13.8
2021-09-25 11:52,9842348,20.8882,86.7136,11.7,205,Paradip,13.6
2021-09-26 03:52,9842348,20.5724,86.4416,12.5,109,Paradip,13.2
2021-09-26 12:01,9842348,20.3674,86.7504,0.5,91,Paradip,14.2
2021-09-27 02:40,9842348,20.3843,86.7,0.4,332,Paradip,13.5
2021-09-27 14:10,9842348,20.2937,86.5085,0.5,55,Paradip,14.1
2021-09-28 06:35,9842348,20.2994,86.634,0.0,133,Paradip,14.1
2021-09-29 01:50,9842348,20.2979,86.6228,0.0,335,Paradip,14.4
2021-09-21 19:59,9174447,20.0228,87.0461,12.6,258,Paradip,14.0
2021-09-22 11:59,9174447,20.55,86.7428,11.3,311,Paradip,13.7
2021-09-22 22:58,9174447,20.362,86.6549,0.1,184,Paradip,12.8
2021-09-23 10:34,9174447,20.2971,86.748,0.5,259,Paradip,13.3
2021-09-24 09:57,9174447,20.3053,86.6248,0.0,281,Paradip,13.7
2021-09-25 07:30,9174447,20.321,86.6184,0.0,316,Paradip,14.1
2021-09-28 00:06,9264511,20.2615,86.6967,9.9,244,Paradip,13.5
2021-09-28 16:06,9264511,20.4081,86.5679,10.0,184,Paradip,13.8
2021-09-29 02:15,9264511,20.2864,86.6708,0.4,133,Paradip,13.5
2021-09-29 12:46,9264511,20.3737,86.6108,0.1,325,Paradip,12.9
2021-09-30 03:04,9264511,20.2218,86.5181,0.4,313,Paradip,13.0
2021-09-30 19:26,9264511,20.3194,86.5987,0.0,237,Paradip,13.8
2021-10-01 17:09,9264511,20.3039,86.5981,0.0,221,Paradip,13.8
2021-10-27 00:05,9192002,20.5149,86.3751,12.0,298,Paradip,14.1
2021-10-27 16:05,9192002,20.3249,86.8248,12.6,291,Paradip,13.2
2021-10-28 01:01,9192002,20.2375,86.4957,0.5,50,Paradip,13.7
2021-10-28 14:23,9192002,20.4558,86.6789,0.4,196,Paradip,12.9
2021-10-29 02:13,9192002,20.1755,86.4761,0.2,201,Paradip,14.3
2021-10-30 05:30,9192002,20.3167,86.6141,0.0,128,Paradip,13.9
2021-10-31 03:09,9192002,20.3199,86.6148,0.0,239,Paradip,13.6
2021-10-26 23:54,9264511,20.6452,85.9674,12.1,26,Paradip,13.9
2021-10-27 15:54,9264511,20.5164,86.4689,10.7,191,Paradip,13.9
2021-10-28 00:32,9264511,20.1977,86.6656,0.8,279,Paradip,13.6
2021-10-28 14:10,9264511,20.236,86.6263,0.6,131,Paradip,13.6
2021-10-29 14:43,9264511,20.3118,86.6306,0.0,189,Paradip,14.0
2021-10-30 14:10,9264511,20.2979,86.6276,0.0,168,Paradip,13.5
2021-10-19 05:48,9133209,19.9077,86.6751,10.8,149,Paradip,13.2
2021-10-19 21:48,9133209,20.2419,86.4904,11.9,346,Paradip,13.8
2021-10-20 07:39,9133209,20.3132,86.6355,0.3,224,Paradip,14.1
2021-10-20 18:55,9133209,20.4073,86.5937,0.3,68,Paradip,14.1
2021-10-21 07:53,9133209,20.275,86.7069,0.6,307,Paradip,13.4
2021-10-22 10:34,9133209,20.3313,86.6097,0.0,187,Paradip,13.7
2021-10-23 05:43,9133209,20.3249,86.6275,0.0,28,Paradip,14.0
2021-10-20 10:17,9725674,20.7793,86.2718,10.8,293,Paradip,13.1
2021-10-21 02:17,9725674,20.5707,86.3996,12.6,187,Paradip,13.1
2021-10-21 11:13,9725674,20.2856,86.7657,0.7,212,Paradip,12.7
2021-10-21 22:47,9725674,20.3871,86.7058,0.2,21,Paradip,12.8
2021-10-22 10:37,9725674,20.3807,86.56,0.3,86,Paradip,13.8
2021-10-22 22:33,9725674,20.3084,86.486,0.8,25,Paradip,13.5
2021-10-23 19:23,9725674,20.3005,86.6237,0.0,149,Paradip,13.6
2021-10-24 17:35,9725674,20.3085,86.5971,0.0,23,Paradip,13.8
2021-11-25 22:48,9184777,19.9957,86.4573,10.2,15,Paradip,13.3
2021-11-26 14:48,9184777,20.2099,86.7558,9.6,177,Paradip,13.2
2021-11-27 00:37,9184777,20.4635,86.7618,0.1,309,Paradip,13.6
2021-11-27 11:02,9184777,20.2969,86.6478,0.6,134,Paradip,12.9
2021-11-28 00:50,9184777,20.4246,86.6681,0.4,286,Paradip,13.3
2021-11-29 04:12,9184777,20.3189,86.617,0.0,33,Paradip,13.3
2021-11-30 02:42,9184777,20.3167,86.5988,0.0,330,Paradip,13.5
2021-11-16 16:01,9339563,20.1312,86.4734,9.8,225,Paradip,13.3
2021-11-17 08:01,9339563,20.3509,86.5072,10.5,188,Paradip,14.0
2021-11-17 18:14,9339563,20.458,86.5118,0.0,342,Paradip,13.6
2021-11-18 06:48,9339563,20.4412,86.7284,0.5,36,Paradip,13.3
2021-11-18 17:49,9339563,20.2731,86.6116,0.1,86,Paradip,13.2
2021-11-19 04:01,9339563,20.168,86.7036,0.6,117,Paradip,13.8
2021-11-20 04:16,9339563,20.3247,86.6204,0.0,37,Paradip,13.9
2021-11-21 03:15,9339563,20.335,86.6025,0.0,49,Paradip,13.7
2021-11-15 04:15,9174447,19.6443,86.4887,11.7,251,Paradip,13.6
2021-11-15 20:15,9174447,20.3675,86.3739,12.6,218,Paradip,13.7
2021-11-16 06:01,9174447,20.2934,86.48,0.7,100,Paradip,13.9
2021-11-16 16:16,9174447,20.2114,86.5169,0.3,346,Paradip,13.0
2021-11-17 17:12,9174447,20.315,86.6343,0.0,90,Paradip,14.0
2021-11-18 15:53,9174447,20.3239,86.6318,0.0,133,Paradip,14.0
2021-12-21 23:20,9174447,19.9443,86.0954,11.5,216,Paradip,12.7
2021-12-22 15:20,9174447,20.0822,86.7985,10.4,182,Paradip,13.3
2021-12-23 01:32,9174447,20.2128,86.61,0.6,240,Paradip,14.0
2021-12-23 13:25,9174447,20.2326,86.5239,0.5,45,Paradip,13.7
2021-12-24 01:43,9174447,20.399,86.524,0.3,296,Paradip,13.2
2021-12-25 06:08,9174447,20.3068,86.6187,0.0,97,Paradip,13.6
2021-12-26 03:26,9174447,20.3365,86.6227,0.0,188,Paradip,13.9
2021-12-11 12:20,9746054,20.7151,86.7482,12.8,22,Paradip,13.3
2021-12-12 04:20,9746054,20.2179,86.5678,10.0,335,Paradip,13.3
2021-12-12 14:42,9746054,20.4345,86.5497,0.8,7,Paradip,12.8
2021-12-13 01:11,9746054,20.3403,86.5221,0.3,187,Paradip,13.3
2021-12-13 14:44,9746054,20.3033,86.7533,0.1,204,Paradip,13.8
2021-12-14 01:52,9746054,20.3537,86.6951,0.8,201,Paradip,14.1
2021-12-15 00:53,9746054,20.3298,86.6008,0.0,56,Paradip,13.7
2021-12-15 22:22,9746054,20.3284,86.6095,0.0,51,Paradip,13.6
2021-12-11 23:58,9746054,19.7629,86.326,13.0,180,Paradip,13.4
2021-12-12 15:58,9746054,20.5376,86.5725,11.2,190,Paradip,14.1
2021-12-13 00:15,9746054,20.1825,86.6636,0.3,100,Paradip,13.5
2021-12-13 13:31,9746054,20.2438,86.7177,0.2,347,Paradip,13.4
2021-12-14 00:18,9746054,20.2355,86.6215,0.4,10,Paradip,13.4
2021-12-14 22:08,9746054,20.3206,86.6138,0.0,127,Paradip,13.9
2021-12-15 18:47,9746054,20.3172,86.6017,0.0,21,Paradip,13.6
2021-12-14 14:33,9785903,20.969,85.8251,12.9,166,Paradip,14.3
2021-12-15 06:33,9785903,20.2846,86.5744,11.1,106,Paradip,13.4
2021-12-15 17:23,9785903,20.3709,86.5232,0.7,304,Paradip,14.0
2021-12-16 02:46,9785903,20.2459,86.4779,0.1,315,Paradip,13.8
2021-12-17 05:23,9785903,20.3105,86.6086,0.0,171,Paradip,13.7
2021-12-18 03:24,9785903,20.3246,86.6336,0.0,99,Paradip,13.9
2022-01-15 22:41,9133209,21.1033,86.9458,12.7,232,Paradip,13.7
2022-01-16 14:41,9133209,20.1018,86.5013,11.6,103,Paradip,13.4
2022-01-17 00:01,9133209,20.2006,86.7607,0.2,324,Paradip,14.3
2022-01-17 11:48,9133209,20.357,86.764,0.2,288,Paradip,13.1
2022-01-18 06:51,9133209,20.2972,86.6118,0.0,232,Paradip,14.2
2022-01-19 04:24,9133209,20.3287,86.6001,0.0,40,Paradip,14.3
2022-01-25 07:08,9231171,21.0685,86.1046,13.0,256,Paradip,13.9
2022-01-25 23:08,9231171,20.067,86.4736,9.8,78,Paradip,14.2
2022-01-26 08:56,9231171,20.1806,86.7374,0.6,332,Paradip,13.7
2022-01-26 19:33,9231171,20.3775,86.7546,0.5,97,Paradip,13.9
2022-01-27 15:34,9231171,20.3305,86.6349,0.0,213,Paradip,13.7
2022-01-28 12:05,9231171,20.2992,86.6114,0.0,358,Paradip,13.5
2022-01-16 17:46,9785903,21.1018,86.0762,11.3,67,Paradip,13.6
2022-01-17 09:46,9785903,20.3158,86.5277,12.7,157,Paradip,14.0
2022-01-17 18:09,9785903,20.2977,86.7015,0.8,200,Paradip,13.7
2022-01-18 21:18,9785903,20.3255,86.6072,0.0,172,Paradip,13.7
2022-01-19 19:55,9785903,20.3061,86.6267,0.0,55,Paradip,14.2
2022-01-13 01:08,9367188,19.7976,86.0234,10.1,198,Paradip,12.6
2022-01-13 17:08,9367188,20.1559,86.8477,9.6,345,Paradip,13.3
2022-01-14 02:51,9367188,20.2896,86.4908,0.7,114,Paradip,13.0
2022-01-14 15:52,9367188,20.2777,86.6509,0.3,150,Paradip,14.0
2022-01-15 11:45,9367188,20.3002,86.5975,0.0,27,Paradip,13.8
2022-01-16 10:54,9367188,20.2988,86.622,0.0,66,Paradip,13.6
2022-02-16 21:00,9260565,20.0451,87.2431,10.3,191,Paradip,13.2
2022-02-17 13:00,9260565,20.5466,86.4242,10.7,65,Paradip,13.8
2022-02-17 22:23,9260565,20.3892,86.5488,0.2,141,Paradip,13.3
2022-02-18 21:30,9260565,20.3018,86.617,0.0,213,Paradip,13.8
2022-02-19 18:12,9260565,20.2982,86.6171,0.0,168,Paradip,13.6
2022-02-12 02:51,9095119,19.8267,86.5304,12.8,243,Paradip,12.8
2022-02-12 18:51,9095119,20.4398,86.6453,9.5,188,Paradip,13.5
2022-02-13 05:26,9095119,20.1911,86.6793,0.2,309,Paradip,13.9
2022-02-13 17:49,9095119,20.1927,86.7383,0.2,277,Paradip,13.6
2022-02-14 10:53,9095119,20.3016,86.6193,0.0,175,Paradip,13.6
2022-02-15 08:00,9095119,20.3204,86.6024,0.0,187,Paradip,13.6
2022-02-20 04:00,9463594,19.5607,86.4096,9.9,296,Paradip,13.4
2022-02-20 20:00,9463594,20.5768,86.7415,12.8,185,Paradip,13.1
2022-02-21 06:52,9463594,20.183,86.5122,0.6,39,Paradip,13.4
2022-02-22 05:04,9463594,20.3132,86.6234,0.0,356,Paradip,13.9
2022-02-23 00:49,9463594,20.3315,86.6324,0.0,202,Paradip,13.5
2022-02-22 08:12,9463594,19.6754,87.3841,9.4,133,Paradip,13.6
2022-02-23 00:12,9463594,20.5408,86.6198,11.2,116,Paradip,13.5
2022-02-23 09:27,9463594,20.2558,86.5964,0.3,264,Paradip,13.7
2022-02-24 14:18,9463594,20.321,86.6201,0.0,270,Paradip,13.5
2022-02-25 11:00,9463594,20.3341,86.6362,0.0,322,Paradip,13.8
2022-02-23 21:15,9174447,20.0459,87.2475,11.5,301,Paradip,13.1
2022-02-24 13:15,9174447,20.2842,86.4308,9.5,64,Paradip,13.1
2022-02-24 22:18,9174447,20.2941,86.7138,0.4,316,Paradip,13.7
2022-02-26 03:11,9174447,20.3302,86.6093,0.0,1,Paradip,13.7
2022-02-27 02:06,9174447,20.3245,86.617,0.0,6,Paradip,14.0
2022-03-16 05:52,9638539,19.6962,87.1494,11.1,336,Paradip,13.7
2022-03-16 21:52,9638539,20.1056,86.7612,12.4,163,Paradip,12.9
2022-03-17 06:12,9638539,20.1983,86.5481,0.5,143,Paradip,13.6
2022-03-18 11:12,9638539,20.3247,86.6274,0.0,111,Paradip,13.8
2022-03-19 09:49,9638539,20.3062,86.6239,0.0,230,Paradip,13.2
2022-03-24 15:10,9184777,19.6784,86.1439,11.0,2,Paradip,13.1
2022-03-25 07:10,9184777,20.3098,86.5929,9.1,114,Paradip,13.3
2022-03-25 16:31,9184777,20.4455,86.5989,0.3,100,Paradip,12.7
2022-03-26 05:29,9184777,20.4021,86.4932,0.8,212,Paradip,13.1
2022-03-27 07:11,9184777,20.3125,86.6363,0.0,163,Paradip,13.4
2022-03-28 03:02,9184777,20.3146,86.6193,0.0,57,Paradip,13.9
2022-03-21 10:42,9874716,21.115,85.8561,11.9,164,Paradip,13.6
2022-03-22 02:42,9874716,20.3769,86.6235,11.0,81,Paradip,13.5
2022-03-22 11:47,9874716,20.2112,86.7297,0.3,217,Paradip,13.9
2022-03-23 01:25,9874716,20.3314,86.7567,0.3,56,Paradip,14.1
2022-03-23 23:31,9874716,20.3214,86.6278,0.0,240,Paradip,14.3
2022-03-24 22:04,9874716,20.2998,86.6356,0.0,106,Paradip,14.1
2022-03-12 03:48,9184777,20.8063,86.6187,11.6,78,Paradip,13.0
2022-03-12 19:48,9184777,20.2966,86.3696,12.2,176,Paradip,13.1
2022-03-13 04:49,9184777,20.2632,86.7274,0.4,221,Paradip,13.3
2022-03-14 10:10,9184777,20.3214,86.6157,0.0,358,Paradip,13.8
2022-03-15 05:37,9184777,20.3323,86.6004,0.0,74,Paradip,13.8
2022-03-14 20:42,9785903,21.0109,87.13,12.8,257,Paradip,14.1
2022-03-15 12:42,9785903,20.3283,86.4697,12.7,345,Paradip,13.8
2022-03-15 20:49,9785903,20.2639,86.7455,0.2,64,Paradip,13.0
2022-03-17 03:07,9785903,20.3065,86.619,0.0,228,Paradip,13.8
2022-03-18 02:16,9785903,20.3244,86.6226,0.0,143,Paradip,14.2
2022-04-15 15:50,9264511,20.7214,86.7466,11.1,191,Paradip,14.0
2022-04-16 07:50,9264511,20.473,86.6873,11.4,268,Paradip,13.3
2022-04-16 18:09,9264511,20.2244,86.741,0.2,163,Paradip,12.7
2022-04-17 22:17,9264511,20.3346,86.614,0.0,336,Paradip,13.4
2022-04-18 20:04,9264511,20.3159,86.6223,0.0,335,Paradip,13.6
2022-04-10 12:41,9151262,20.4136,85.8884,11.0,266,Paradip,13.0
2022-04-11 04:41,9151262,20.2633,86.6475,13.0,278,Paradip,12.8
2022-04-11 12:42,9151262,20.2169,86.4819,0.3,208,Paradip,12.8
2022-04-12 15:20,9151262,20.3078,86.6043,0.0,115,Paradip,13.7
2022-04-13 11:55,9151262,20.3206,86.6032,0.0,290,Paradip,13.3
2022-04-20 18:06,9184777,21.0451,85.8376,9.9,188,Paradip,12.6
2022-04-21 10:06,9184777,20.0599,86.8189,11.9,49,Paradip,12.5
2022-04-21 20:23,9184777,20.2638,86.6596,0.3,14,Paradip,12.6
2022-04-22 21:49,9184777,20.3184,86.6218,0.0,104,Paradip,13.3
2022-04-23 19:46,9184777,20.3095,86.6023,0.0,210,Paradip,13.3
2022-04-20 08:23,9746054,19.6396,86.0285,12.6,267,Paradip,14.1
2022-04-21 00:23,9746054,20.2759,86.8329,12.6,250,Paradip,14.0
2022-04-21 09:52,9746054,20.1775,86.7173,0.7,261,Paradip,13.9
2022-04-22 13:21,9746054,20.3085,86.6192,0.0,285,Paradip,13.8
2022-04-23 09:06,9746054,20.3044,86.6223,0.0,355,Paradip,13.5
2022-05-10 07:18,9184777,20.6098,86.1548,11.7,59,Paradip,12.5
2022-05-10 23:18,9184777,20.5235,86.8595,10.1,148,Paradip,13.1
2022-05-11 07:32,9184777,20.3104,86.6029,0.0,265,Paradip,13.2
2022-05-11 21:08,9184777,20.3602,86.7609,0.5,118,Paradip,13.2
2022-05-12 15:21,9184777,20.3167,86.6365,0.0,228,Paradip,13.8
2022-05-13 12:50,9184777,20.3336,86.6251,0.0,161,Paradip,13.8
2022-05-20 08:32,9557549,20.7324,86.8747,10.5,127,Paradip,13.8
2022-05-21 00:32,9557549,20.3851,86.7435,9.7,304,Paradip,13.2
2022-05-21 09:56,9557549,20.2151,86.7442,0.1,207,Paradip,12.7
2022-05-22 04:59,9557549,20.3231,86.6173,0.0,216,Paradip,13.7
2022-05-23 02:28,9557549,20.3031,86.5972,0.0,207,Paradip,13.8
2022-05-22 13:11,9842348,21.0127,87.1504,12.1,5,Paradip,13.5
2022-05-23 05:11,9842348,20.1435,86.7473,10.1,298,Paradip,13.2
2022-05-23 15:08,9842348,20.2309,86.5932,0.3,204,Paradip,14.1
2022-05-24 01:35,9842348,20.2322,86.5674,0.0,81,Paradip,14.3
2022-05-25 03:09,9842348,20.3095,86.6146,0.0,95,Paradip,14.4
2022-05-25 22:54,9842348,20.3132,86.6197,0.0,7,Paradip,14.3
2022-06-20 09:49,9725674,20.016,86.5897,11.0,193,Paradip,13.0
2022-06-21 01:49,9725674,20.2617,86.6889,12.8,339,Paradip,13.1
2022-06-21 09:53,9725674,20.2324,86.7109,0.7,227,Paradip,14.0
2022-06-22 00:32,9725674,20.2359,86.7348,0.3,326,Paradip,13.7
2022-06-22 11:11,9725674,20.3616,86.7147,0.8,149,Paradip,13.0
2022-06-23 09:37,9725674,20.3148,86.6334,0.0,155,Paradip,14.0
2022-06-24 04:13,9725674,20.3243,86.622,0.0,53,Paradip,13.5
2022-06-13 06:59,9725674,19.6729,85.9844,10.3,159,Paradip,13.3
2022-06-13 22:59,9725674,20.1995,86.6127,10.8,142,Paradip,13.3
2022-06-14 07:02,9725674,20.2167,86.5717,0.4,31,Paradip,13.7
2022-06-14 20:32,9725674,20.3516,86.6154,0.1,19,Paradip,13.4
2022-06-15 22:20,9725674,20.2986,86.6054,0.0,343,Paradip,13.9
2022-06-16 21:01,9725674,20.3254,86.6325,0.0,58,Paradip,13.7
2022-06-19 22:35,9952378,20.4975,87.2683,11.2,278,Paradip,13.2
2022-06-20 14:35,9952378,20.3186,86.8122,12.5,78,Paradip,12.7
2022-06-20 23:01,9952378,20.1823,86.5283,0.3,336,Paradip,13.9
2022-06-21 11:34,9952378,20.4609,86.6705,0.7,152,Paradip,12.6
2022-06-22 12:24,9952378,20.3234,86.6011,0.0,164,Paradip,14.0
2022-06-23 09:27,9952378,20.2995,86.6151,0.0,262,Paradip,13.8
2022-07-12 20:48,9557549,19.7558,86.6438,9.9,266,Paradip,13.7
2022-07-13 12:48,9557549,20.1807,86.866,10.5,221,Paradip,13.5
2022-07-13 21:29,9557549,20.3861,86.5219,0.6,309,Paradip,12.6
2022-07-14 09:58,9557549,20.466,86.5829,0.6,173,Paradip,13.9
2022-07-14 23:19,9557549,20.2701,86.7585,0.5,247,Paradip,13.9
2022-07-15 10:08,9557549,20.4525,86.6143,0.1,220,Paradip,13.7
2022-07-16 06:26,9557549,20.3088,86.5985,0.0,248,Paradip,13.6
2022-07-17 05:39,9557549,20.3005,86.6296,0.0,248,Paradip,13.7
2022-07-25 22:25,9184777,19.7103,87.2486,11.4,50,Paradip,13.2
2022-07-26 14:25,9184777,20.4339,86.8334,12.0,208,Paradip,12.9
2022-07-27 00:08,9184777,20.4545,86.7403,0.6,59,Paradip,12.5
2022-07-27 13:01,9184777,20.2885,86.5927,0.1,104,Paradip,13.4
2022-07-28 11:14,9184777,20.3197,86.5969,0.0,122,Paradip,13.6
2022-07-29 07:05,9184777,20.3079,86.5979,0.0,173,Paradip,13.3
2022-08-13 07:43,9952378,19.9313,85.8789,10.6,18,Paradip,13.0
2022-08-13 23:43,9952378,20.5308,86.6301,9.4,304,Paradip,13.7
2022-08-14 10:35,9952378,20.253,86.6264,0.5,291,Paradip,12.8
2022-08-14 21:20,9952378,20.2961,86.5287,0.4,42,Paradip,12.8
2022-08-15 09:18,9952378,20.3589,86.6024,0.3,63,Paradip,13.4
2022-08-16 06:51,9952378,20.3208,86.6235,0.0,179,Paradip,13.7
2022-08-17 02:10,9952378,20.3073,86.6087,0.0,2,Paradip,13.8
2022-09-21 00:27,9638539,20.7418,86.5399,11.1,207,Paradip,12.5
2022-09-21 16:27,9638539,20.0612,86.4459,11.3,242,Paradip,12.7
2022-09-22 01:04,9638539,20.3232,86.7612,0.0,220,Paradip,13.3
2022-09-22 13:13,9638539,20.2684,86.493,0.3,116,Paradip,12.7
2022-09-23 18:24,9638539,20.3086,86.6223,0.0,339,Paradip,13.3
2022-09-24 15:35,9638539,20.3154,86.6002,0.0,243,Paradip,13.5
2022-09-11 05:04,9874716,19.8733,86.6471,11.7,128,Paradip,13.8
2022-09-11 21:04,9874716,20.2669,86.8063,11.5,56,Paradip,13.5
2022-09-12 06:58,9874716,20.4127,86.6698,0.7,290,Paradip,13.0
2022-09-12 19:01,9874716,20.4622,86.5387,0.1,168,Paradip,13.1
2022-09-13 06:42,9874716,20.4638,86.6025,0.5,304,Paradip,13.7
2022-09-13 19:38,9874716,20.2152,86.7335,0.7,287,Paradip,14.4
2022-09-14 17:30,9874716,20.3191,86.6215,0.0,314,Paradip,14.1
2022-09-15 15:49,9874716,20.314,86.6181,0.0,153,Paradip,13.9
2022-09-06 08:48,9174447,19.9008,87.3137,12.0,166,Paradip,13.0
2022-09-07 00:48,9174447,20.0975,86.622,12.3,132,Paradip,12.8
2022-09-07 10:36,9174447,20.4092,86.699,0.7,224,Paradip,13.1
2022-09-07 22:39,9174447,20.3725,86.621,0.6,134,Paradip,13.8
2022-09-08 09:36,9174447,20.1886,86.6428,0.3,354,Paradip,13.9
2022-09-09 04:31,9174447,20.3206,86.6335,0.0,49,Paradip,14.0
2022-09-10 00:22,9174447,20.3069,86.6153,0.0,278,Paradip,13.8
2022-10-22 15:38,9174447,21.0722,87.3943,10.1,308,Paradip,13.9
2022-10-23 07:38,9174447,20.2205,86.3762,11.7,98,Paradip,13.0
2022-10-23 17:07,9174447,20.3922,86.6255,0.6,252,Paradip,12.9
2022-10-24 04:29,9174447,20.3453,86.6963,0.2,266,Paradip,13.1
2022-10-24 18:18,9174447,20.4517,86.5714,0.7,19,Paradip,13.6
2022-10-25 13:29,9174447,20.3279,86.6279,0.0,240,Paradip,13.9
2022-10-26 11:34,9174447,20.3041,86.5972,0.0,290,Paradip,13.4
2022-10-22 21:44,9095119,20.6243,86.1691,9.3,111,Paradip,12.7
2022-10-23 13:44,9095119,20.4051,86.4359,11.5,242,Paradip,12.9
2022-10-23 22:16,9095119,20.438,86.6664,0.7,76,Paradip,12.9
2022-10-24 12:18,9095119,20.2028,86.5524,0.4,106,Paradip,12.7
2022-10-24 21:49,9095119,20.4153,86.5743,0.4,318,Paradip,12.8
2022-10-26 00:44,9095119,20.314,86.6178,0.0,104,Paradip,13.5
2022-10-26 22:56,9095119,20.2995,86.6178,0.0,72,Paradip,14.0
2022-11-09 23:49,9842348,20.3436,87.0995,9.7,169,Paradip,13.8
2022-11-10 15:49,9842348,20.5435,86.8297,11.4,56,Paradip,13.8
2022-11-11 01:32,9842348,20.2478,86.5541,0.4,121,Paradip,13.2
2022-11-11 12:51,9842348,20.2033,86.7342,0.3,272,Paradip,13.6
2022-11-12 01:57,9842348,20.3468,86.5127,0.5,258,Paradip,13.8
2022-11-13 03:58,9842348,20.303,86.6186,0.0,85,Paradip,14.0
2022-11-14 01:45,9842348,20.3101,86.6047,0.0,71,Paradip,14.2
2022-11-25 05:34,9192002,20.2019,86.0469,11.3,209,Paradip,13.1
2022-11-25 21:34,9192002,20.5047,86.7654,11.4,254,Paradip,13.4
2022-11-26 07:20,9192002,20.4178,86.511,0.4,176,Paradip,13.7
2022-11-26 20:01,9192002,20.3747,86.4715,0.8,234,Paradip,12.9
2022-11-27 05:50,9192002,20.3439,86.5182,0.1,12,Paradip,13.5
2022-11-27 18:22,9192002,20.2014,86.7381,0.7,248,Paradip,14.1
2022-11-28 16:37,9192002,20.3038,86.6001,0.0,182,Paradip,14.0
2022-11-29 15:54,9192002,20.3251,86.6141,0.0,293,Paradip,13.9
2022-11-16 08:56,9638539,20.7323,86.9635,10.3,150,Paradip,13.7
2022-11-17 00:56,9638539,20.4914,86.5098,10.6,158,Paradip,13.6
2022-11-17 11:50,9638539,20.4317,86.696,0.1,173,Paradip,13.5
2022-11-17 22:17,9638539,20.246,86.6421,0.3,347,Paradip,13.1
2022-11-18 10:14,9638539,20.4125,86.7441,0.7,92,Paradip,13.1
2022-11-18 21:38,9638539,20.3742,86.5114,0.3,103,Paradip,12.9
2022-11-19 23:23,9638539,20.2985,86.5998,0.0,242,Paradip,13.9
2022-11-20 20:52,9638539,20.3132,86.6284,0.0,332,Paradip,13.5
2022-11-12 21:18,9367188,20.8608,86.9561,9.8,118,Paradip,12.9
2022-11-13 13:18,9367188,20.1579,86.3617,11.5,269,Paradip,13.5
2022-11-13 22:35,9367188,20.3195,86.6966,0.8,328,Paradip,13.1
2022-11-14 10:37,9367188,20.3548,86.579,0.6,11,Paradip,12.9
2022-11-15 00:04,9367188,20.3933,86.5625,0.5,26,Paradip,13.6
2022-11-15 20:37,9367188,20.3039,86.5982,0.0,289,Paradip,13.5
2022-11-16 18:16,9367188,20.3016,86.6327,0.0,46,Paradip,13.4
2022-12-12 03:38,9260565,19.7393,86.3451,11.3,291,Paradip,13.1
2022-12-12 19:38,9260565,20.3365,86.6957,11.3,124,Paradip,13.0
2022-12-13 05:03,9260565,20.4525,86.7317,0.1,291,Paradip,13.8
2022-12-13 17:04,9260565,20.4651,86.5446,0.4,183,Paradip,13.5
2022-12-14 03:42,9260565,20.1706,86.612,0.5,98,Paradip,13.5
2022-12-15 07:28,9260565,20.3074,86.618,0.0,242,Paradip,13.7
2022-12-16 04:53,9260565,20.3211,86.6121,0.0,2,Paradip,14.1
2023-01-15 22:41,9638539,20.4309,86.3465,9.8,189,Paradip,13.7
2023-01-16 14:41,9638539,20.5148,86.6273,12.8,305,Paradip,13.6
2023-01-17 00:51,9638539,20.23,86.5995,0.7,3,Paradip,13.5
2023-01-17 23:29,9638539,20.3047,86.6165,0.0,277,Paradip,13.7
2023-01-18 21:23,9638539,20.3312,86.6105,0.0,218,Paradip,13.6
2023-01-14 13:42,9339563,19.7904,86.8263,10.4,359,Paradip,14.1
2023-01-15 05:42,9339563,20.4896,86.8665,11.1,240,Paradip,14.0
2023-01-15 16:30,9339563,20.2536,86.4829,0.8,64,Paradip,13.3
2023-01-16 03:51,9339563,20.1818,86.6036,0.5,213,Paradip,13.5
2023-01-16 22:51,9339563,20.3013,86.6276,0.0,290,Paradip,13.6
2023-01-17 22:44,9339563,20.3222,86.6259,0.0,182,Paradip,14.2
2023-01-22 04:47,9686782,19.8731,86.8329,12.6,4,Paradip,13.0
2023-01-22 20:47,9686782,20.5302,86.8564,10.4,192,Paradip,13.4
2023-01-23 05:38,9686782,20.4065,86.6527,0.1,178,Paradip,13.9
2023-01-24 11:59,9686782,20.3273,86.6109,0.0,287,Paradip,14.2
2023-01-25 10:29,9686782,20.321,86.6255,0.0,3,Paradip,14.1
2023-01-12 21:47,9339563,20.6473,87.1429,10.3,290,Paradip,13.4
2023-01-13 13:47,9339563,20.2935,86.4397,9.4,140,Paradip,13.0
2023-01-13 23:27,9339563,20.223,86.6964,0.7,141,Paradip,13.6
2023-01-14 10:25,9339563,20.2484,86.7193,0.3,49,Paradip,13.4
2023-01-15 16:12,9339563,20.3076,86.6043,0.0,57,Paradip,14.0
2023-01-16 12:57,9339563,20.3126,86.6051,0.0,290,Paradip,14.1
2023-02-19 06:21,9686782,20.0929,86.7947,11.6,104,Paradip,13.2
2023-02-19 22:21,9686782,20.3786,86.5881,12.0,99,Paradip,14.3
2023-02-20 07:13,9686782,20.2827,86.4992,0.3,149,Paradip,13.9
2023-02-21 06:01,9686782,20.3018,86.6168,0.0,289,Paradip,14.0
2023-02-22 01:46,9686782,20.3188,86.6006,0.0,333,Paradip,14.0
2023-02-13 01:23,9952378,19.6442,87.0595,10.8,124,Paradip,13.9
2023-02-13 17:23,9952378,20.3731,86.8705,10.0,73,Paradip,13.6
2023-02-14 02:04,9952378,20.4358,86.7443,0.1,305,Paradip,12.9
2023-02-14 15:52,9952378,20.2993,86.7054,0.1,51,Paradip,12.9
2023-02-15 15:20,9952378,20.3205,86.6325,0.0,100,Paradip,13.9
2023-02-16 11:19,9952378,20.3018,86.5976,0.0,75,Paradip,13.9
2023-02-05 08:18,9339563,20.1027,86.5708,11.6,127,Paradip,14.0
2023-02-06 00:18,9339563,20.1245,86.7549,10.5,101,Paradip,13.4
2023-02-07 02:19,9339563,20.3164,86.6249,0.0,302,Paradip,13.8
2023-02-07 22:46,9339563,20.327,86.603,0.0,272,Paradip,13.7
2023-03-15 04:00,9095119,21.0717,87.2429,11.6,313,Paradip,14.0
2023-03-15 20:00,9095119,20.3176,86.6643,9.7,83,Paradip,13.1
2023-03-16 06:04,9095119,20.3795,86.7163,0.4,31,Paradip,13.6
2023-03-17 10:42,9095119,20.32,86.6019,0.0,35,Paradip,13.8
2023-03-18 08:54,9095119,20.31,86.6023,0.0,129,Paradip,13.6
2023-04-15 14:14,9151262,20.1138,86.3287,11.5,174,Paradip,13.5
2023-04-16 06:14,9151262,20.5026,86.8137,9.1,82,Paradip,13.0
2023-04-16 14:17,9151262,20.4472,86.6098,0.6,24,Paradip,13.4
2023-04-17 19:47,9151262,20.3014,86.6179,0.0,67,Paradip,13.5
2023-04-18 16:40,9151262,20.3031,86.6345,0.0,185,Paradip,13.6
2023-04-07 19:38,9231171,20.0054,87.1132,11.4,163,Paradip,12.9
2023-04-08 11:38,9231171,20.0731,86.3714,12.7,112,Paradip,13.0
2023-04-08 20:50,9231171,20.4406,86.5087,0.1,294,Paradip,13.2
2023-04-09 08:22,9231171,20.306,86.5136,0.3,23,Paradip,13.2
2023-04-10 11:42,9231171,20.307,86.6258,0.0,270,Paradip,13.5
2023-04-11 08:39,9231171,20.3096,86.6211,0.0,269,Paradip,14.2
2023-04-13 14:56,9725674,21.0512,86.8905,11.9,102,Paradip,13.5
2023-04-14 06:56,9725674,20.1138,86.8725,12.1,283,Paradip,13.8
2023-04-14 16:13,9725674,20.3847,86.5645,0.1,88,Paradip,12.9
2023-04-15 04:50,9725674,20.2064,86.6083,0.4,344,Paradip,14.0
2023-04-15 23:53,9725674,20.3284,86.617,0.0,215,Paradip,13.7
2023-04-16 22:34,9725674,20.33,86.623,0.0,301,Paradip,13.7
2023-04-23 09:15,9260565,20.4992,85.9513,10.9,199,Paradip,13.8
2023-04-24 01:15,9260565,20.4963,86.8735,12.7,61,Paradip,13.3
2023-04-24 11:07,9260565,20.3816,86.6251,0.6,58,Paradip,14.0
2023-04-25 14:30,9260565,20.3284,86.6106,0.0,169,Paradip,13.6
2023-04-26 13:11,9260565,20.3225,86.6232,0.0,276,Paradip,13.6
2023-04-12 18:14,9192002,19.8258,86.6517,11.5,167,Paradip,14.0
2023-04-13 10:14,9192002,20.1358,86.6852,11.3,204,Paradip,13.0
2023-04-13 18:56,9192002,20.2749,86.4758,0.7,65,Paradip,13.6
2023-04-15 01:41,9192002,20.3272,86.6004,0.0,47,Paradip,14.1
2023-04-16 00:22,9192002,20.2984,86.6084,0.0,103,Paradip,14.1
2023-05-16 14:43,9133209,20.8135,85.9453,9.6,231,Paradip,13.8
2023-05-17 06:43,9133209,20.4199,86.4296,11.9,70,Paradip,14.0
2023-05-17 17:24,9133209,20.3914,86.4696,0.3,130,Paradip,13.3
2023-05-18 19:51,9133209,20.3116,86.5996,0.0,68,Paradip,13.9
2023-05-19 17:34,9133209,20.2969,86.608,0.0,135,Paradip,13.9
2023-05-24 00:15,9686782,20.7581,86.5932,12.4,197,Paradip,13.4
2023-05-24 16:15,9686782,20.263,86.5212,9.2,105,Paradip,14.2
2023-05-25 01:45,9686782,20.3479,86.6339,0.6,344,Paradip,14.0
2023-05-26 04:53,9686782,20.3029,86.6097,0.0,74,Paradip,14.3
2023-05-27 01:42,9686782,20.3131,86.5981,0.0,118,Paradip,14.0
2023-05-19 18:08,9559190,20.9469,86.7214,9.3,34,Paradip,14.2
2023-05-20 10:08,9559190,20.0653,86.5677,12.1,2,Paradip,13.5
2023-05-20 18:43,9559190,20.4603,86.5569,0.4,320,Paradip,13.6
2023-05-21 17:53,9559190,20.3322,86.6033,0.0,235,Paradip,14.2
2023-05-22 16:16,9559190,20.3242,86.6325,0.0,9,Paradip,14.3
2023-06-14 09:02,9174447,20.1363,86.4853,9.3,1,Paradip,13.1
2023-06-15 01:02,9174447,20.4145,86.4255,12.4,181,Paradip,13.7
2023-06-15 11:09,9174447,20.3506,86.6719,0.1,186,Paradip,12.7
2023-06-15 23:43,9174447,20.2636,86.7146,0.3,7,Paradip,12.8
2023-06-16 09:48,9174447,20.3903,86.4681,0.5,4,Paradip,13.5
2023-06-16 21:43,9174447,20.2544,86.7427,0.1,148,Paradip,12.8
2023-06-17 22:00,9174447,20.3006,86.5986,0.0,264,Paradip,13.8
2023-06-18 17:09,9174447,20.3135,86.6163,0.0,3,Paradip,14.0
2023-06-06 04:09,9184777,20.27,87.0895,10.5,285,Paradip,13.7
2023-06-06 20:09,9184777,20.4188,86.8287,12.8,263,Paradip,13.8
2023-06-07 05:03,9184777,20.1976,86.5102,0.4,359,Paradip,13.2
2023-06-07 18:17,9184777,20.1862,86.5886,0.3,76,Paradip,12.6
2023-06-08 04:38,9184777,20.4204,86.4873,0.3,272,Paradip,13.7
2023-06-09 07:09,9184777,20.3258,86.6138,0.0,210,Paradip,13.6
2023-06-10 04:27,9184777,20.3185,86.5999,0.0,134,Paradip,13.6
2023-06-12 16:47,9462030,20.5832,87.2812,11.2,58,Paradip,13.3
2023-06-13 08:47,9462030,20.173,86.475,10.2,37,Paradip,13.5
2023-06-13 18:53,9462030,20.1901,86.5074,0.8,153,Paradip,13.5
2023-06-14 07:18,9462030,20.3512,86.7073,0.4,143,Paradip,12.9
2023-06-14 18:40,9462030,20.4573,86.5017,0.5,346,Paradip,13.9
2023-06-15 11:44,9462030,20.3317,86.6142,0.0,270,Paradip,14.0
2023-06-16 07:07,9462030,20.3367,86.6233,0.0,229,Paradip,14.0
2023-06-10 09:26,9638539,21.0077,87.0443,9.2,109,Paradip,13.2
2023-06-11 01:26,9638539,20.2203,86.7902,10.0,260,Paradip,13.7
2023-06-11 11:11,9638539,20.2251,86.6467,0.7,25,Paradip,12.7
2023-06-11 23:33,9638539,20.4539,86.7448,0.4,190,Paradip,12.9
2023-06-12 11:25,9638539,20.2102,86.6914,0.7,341,Paradip,13.0
2023-06-13 10:26,9638539,20.2997,86.6184,0.0,275,Paradip,13.6
2023-06-14 08:38,9638539,20.3259,86.6023,0.0,65,Paradip,13.6
2023-07-05 17:05,9174447,20.2916,86.6753,11.1,64,Paradip,13.7
2023-07-06 09:05,9174447,20.5789,86.5699,10.3,281,Paradip,12.8
2023-07-06 17:38,9174447,20.1951,86.5942,0.3,3,Paradip,13.0
2023-07-07 07:10,9174447,20.4609,86.6482,0.1,239,Paradip,13.7
2023-07-08 10:56,9174447,20.3272,86.6068,0.0,56,Paradip,13.6
2023-07-09 07:31,9174447,20.3111,86.6006,0.0,23,Paradip,14.0
2023-07-04 21:00,9463594,19.623,86.9786,9.2,78,Paradip,13.9
2023-07-05 13:00,9463594,20.4321,86.4717,11.1,129,Paradip,13.9
2023-07-05 23:19,9463594,20.3512,86.6568,0.4,229,Paradip,13.0
2023-07-06 11:06,9463594,20.4328,86.5987,0.3,88,Paradip,13.7
2023-07-06 21:04,9463594,20.2859,86.5345,0.1,193,Paradip,13.3
2023-07-07 19:39,9463594,20.3175,86.6132,0.0,165,Paradip,13.6
2023-07-08 15:56,9463594,20.3237,86.6137,0.0,143,Paradip,14.0
2023-07-22 12:47,9638539,20.63,87.316,9.3,323,Paradip,12.5
2023-07-23 04:47,9638539,20.3495,86.6537,9.5,175,Paradip,12.6
2023-07-23 14:06,9638539,20.4557,86.6235,0.7,32,Paradip,13.7
2023-07-24 02:54,9638539,20.4284,86.5636,0.4,321,Paradip,13.1
2023-07-24 15:22,9638539,20.257,86.5824,0.3,45,Paradip,13.6
2023-07-25 14:09,9638539,20.3012,86.6216,0.0,13,Paradip,13.7
2023-07-26 11:24,9638539,20.3214,86.6227,0.0,269,Paradip,13.7
2023-08-12 16:17,9842348,20.8531,87.2133,12.2,291,Paradip,13.8
2023-08-13 08:17,9842348,20.057,86.6155,11.7,237,Paradip,13.4
2023-08-13 16:37,9842348,20.3675,86.6021,0.8,150,Paradip,13.5
2023-08-14 06:56,9842348,20.2184,86.4956,0.1,235,Paradip,14.2
2023-08-14 17:31,9842348,20.4424,86.7159,0.6,290,Paradip,13.8
2023-08-15 06:26,9842348,20.3104,86.7468,0.2,8,Paradip,14.0
2023-08-16 04:44,9842348,20.3006,86.6029,0.0,63,Paradip,14.3
2023-08-17 03:43,9842348,20.3167,86.6364,0.0,209,Paradip,14.2
2023-08-07 20:19,9133209,19.5872,86.6682,11.6,31,Paradip,13.0
2023-08-08 12:19,9133209,20.2531,86.4154,12.2,19,Paradip,13.0
2023-08-08 22:16,9133209,20.2879,86.4815,0.0,172,Paradip,13.3
2023-08-09 11:14,9133209,20.3845,86.7509,0.0,113,Paradip,14.2
2023-08-09 21:16,9133209,20.3994,86.574,0.7,71,Paradip,13.7
2023-08-10 09:55,9133209,20.4578,86.4806,0.2,270,Paradip,13.6
2023-08-11 12:03,9133209,20.3184,86.6328,0.0,65,Paradip,13.9
2023-08-12 07:04,9133209,20.3287,86.6352,0.0,298,Paradip,13.9
2023-08-08 10:32,9260565,20.7605,86.0911,9.9,317,Paradip,12.9
2023-08-09 02:32,9260565,20.1923,86.5859,9.9,39,Paradip,13.7
2023-08-09 12:41,9260565,20.3897,86.7138,0.2,257,Paradip,13.6
2023-08-10 01:18,9260565,20.2039,86.6613,0.3,77,Paradip,13.6
2023-08-11 02:21,9260565,20.3125,86.6324,0.0,194,Paradip,14.0
2023-08-11 23:42,9260565,20.2987,86.6116,0.0,47,Paradip,14.0
2023-09-19 20:20,9725674,20.5961,87.1734,10.3,195,Paradip,12.9
2023-09-20 12:20,9725674,20.5179,86.5828,11.8,172,Paradip,13.4
2023-09-20 22:38,9725674,20.2996,86.5679,0.1,260,Paradip,12.8
2023-09-21 08:27,9725674,20.3889,86.4824,0.3,48,Paradip,14.1
2023-09-21 21:50,9725674,20.2782,86.4712,0.3,310,Paradip,14.0
2023-09-22 15:45,9725674,20.335,86.6163,0.0,249,Paradip,13.6
2023-09-23 13:42,9725674,20.3155,86.6181,0.0,138,Paradip,13.9
2023-10-09 08:53,9638539,21.0233,86.3368,12.9,124,Paradip,12.6
2023-10-10 00:53,9638539,20.0709,86.366,12.5,195,Paradip,13.5
2023-10-10 11:14,9638539,20.2426,86.5298,0.6,247,Paradip,13.2
2023-10-10 21:57,9638539,20.3488,86.6664,0.8,80,Paradip,13.5
2023-10-11 10:19,9638539,20.2189,86.6494,0.7,57,Paradip,12.8
2023-10-12 06:39,9638539,20.3362,86.5983,0.0,251,Paradip,13.8
2023-10-13 01:30,9638539,20.31,86.6144,0.0,327,Paradip,13.8
2023-10-13 23:40,9686782,20.5386,87.0996,10.4,141,Paradip,14.3
2023-10-14 15:40,9686782,20.1086,86.6971,10.8,290,Paradip,13.5
2023-10-14 23:51,9686782,20.2677,86.7481,0.2,4,Paradip,13.5
2023-10-15 12:38,9686782,20.26,86.5924,0.2,261,Paradip,13.7
2023-10-16 18:20,9686782,20.3167,86.6269,0.0,293,Paradip,13.8
2023-10-17 16:11,9686782,20.3216,86.6338,0.0,130,Paradip,14.0
2023-10-05 03:11,9638539,20.3991,86.221,11.9,161,Paradip,13.1
2023-10-05 19:11,9638539,20.2788,86.6547,9.4,173,Paradip,13.6
2023-10-06 03:18,9638539,20.3114,86.5774,0.5,255,Paradip,13.2
2023-10-06 16:45,9638539,20.232,86.6995,0.3,18,Paradip,12.7
2023-10-07 05:11,9638539,20.3419,86.7116,0.7,282,Paradip,12.9
2023-10-07 16:08,9638539,20.2252,86.7579,0.0,286,Paradip,13.9
2023-10-08 11:24,9638539,20.335,86.6061,0.0,184,Paradip,13.2
2023-10-09 07:33,9638539,20.3173,86.6065,0.0,201,Paradip,13.5
2023-10-14 22:15,9463594,20.8946,86.2282,11.3,107,Paradip,13.7
2023-10-15 14:15,9463594,20.5596,86.8121,10.3,107,Paradip,13.3
2023-10-15 23:08,9463594,20.4371,86.7267,0.3,64,Paradip,13.6
2023-10-16 11:50,9463594,20.3797,86.7345,0.5,351,Paradip,13.1
2023-10-17 00:56,9463594,20.2808,86.648,0.0,234,Paradip,12.8
2023-10-17 10:52,9463594,20.3696,86.4848,0.3,223,Paradip,13.5
2023-10-18 10:59,9463594,20.3187,86.6148,0.0,12,Paradip,13.3
2023-10-19 07:48,9463594,20.3226,86.6102,0.0,229,Paradip,13.9
2023-11-20 10:04,9184777,19.7936,86.1347,11.2,353,Paradip,13.0
2023-11-21 02:04,9184777,20.1457,86.8712,11.6,244,Paradip,13.4
2023-11-21 10:26,9184777,20.3233,86.5536,0.3,106,Paradip,13.7
2023-11-22 00:43,9184777,20.4159,86.4928,0.8,58,Paradip,13.2
2023-11-22 11:13,9184777,20.228,86.4953,0.1,352,Paradip,13.6
2023-11-23 15:14,9184777,20.3003,86.6027,0.0,161,Paradip,13.8
2023-11-24 11:35,9184777,20.3163,86.6285,0.0,109,Paradip,13.8
2023-11-02 16:25,9264511,19.9724,86.7506,12.5,291,Paradip,13.8
2023-11-03 08:25,9264511,20.1669,86.4538,12.5,5,Paradip,13.5
2023-11-03 17:13,9264511,20.403,86.51,0.0,292,Paradip,13.9
2023-11-04 07:17,9264511,20.4018,86.6996,0.5,174,Paradip,13.3
2023-11-04 18:16,9264511,20.2586,86.6285,0.5,250,Paradip,13.3
2023-11-05 05:56,9264511,20.1822,86.5706,0.6,190,Paradip,13.3
2023-11-05 17:50,9264511,20.3312,86.6558,0.6,57,Paradip,13.9
2023-11-06 18:44,9264511,20.3202,86.6211,0.0,283,Paradip,13.5
2023-11-07 18:29,9264511,20.3061,86.607,0.0,161,Paradip,13.9
2023-11-13 12:12,9952378,20.4299,86.5683,9.8,41,Paradip,12.8
2023-11-14 04:12,9952378,20.3852,86.6241,9.6,76,Paradip,13.9
2023-11-14 15:11,9952378,20.2827,86.5557,0.6,165,Paradip,13.8
2023-11-15 02:40,9952378,20.2134,86.5018,0.5,249,Paradip,14.0
2023-11-15 15:00,9952378,20.459,86.5201,0.4,45,Paradip,12.7
2023-11-16 11:36,9952378,20.3176,86.6089,0.0,49,Paradip,13.6
2023-11-17 10:42,9952378,20.3234,86.6234,0.0,311,Paradip,13.6
2023-11-01 12:14,9264511,21.0574,85.902,10.4,161,Paradip,13.6
2023-11-02 04:14,9264511,20.2733,86.7094,10.4,201,Paradip,13.8
2023-11-02 12:14,9264511,20.2633,86.5106,0.6,186,Paradip,13.5
2023-11-03 03:09,9264511,20.3281,86.6862,0.5,181,Paradip,13.0
2023-11-03 15:02,9264511,20.2146,86.5227,0.8,213,Paradip,13.5
2023-11-04 02:47,9264511,20.3732,86.7569,0.5,118,Paradip,13.7
2023-11-05 05:46,9264511,20.3332,86.6112,0.0,197,Paradip,13.6
2023-11-06 02:53,9264511,20.3213,86.6183,0.0,159,Paradip,13.5
2023-12-08 04:29,9192002,20.0201,86.1606,10.9,253,Paradip,13.6
2023-12-08 20:29,9192002,20.56,86.5028,11.7,241,Paradip,12.9
2023-12-09 04:52,9192002,20.3895,86.7001,0.5,56,Paradip,14.0
2023-12-09 16:53,9192002,20.3786,86.5582,0.0,294,Paradip,13.6
2023-12-10 06:07,9192002,20.4201,86.7155,0.4,217,Paradip,14.1
2023-12-11 09:21,9192002,20.335,86.6297,0.0,287,Paradip,13.9
2023-12-12 06:00,9192002,20.3344,86.6093,0.0,190,Paradip,14.2
2023-12-17 22:12,9260565,20.4718,86.3269,10.9,213,Paradip,12.8
2023-12-18 14:12,9260565,20.2132,86.8601,11.1,242,Paradip,12.9
2023-12-19 00:01,9260565,20.3567,86.552,0.7,109,Paradip,13.0
2023-12-19 10:54,9260565,20.2747,86.728,0.5,38,Paradip,13.6
2023-12-19 22:21,9260565,20.1725,86.6126,0.5,198,Paradip,13.8
2023-12-20 11:32,9260565,20.4242,86.7006,0.3,193,Paradip,12.9
2023-12-20 22:38,9260565,20.4562,86.7456,0.2,86,Paradip,13.2
2023-12-21 23:03,9260565,20.3302,86.6057,0.0,169,Paradip,14.2
2023-12-22 19:38,9260565,20.3292,86.6333,0.0,83,Paradip,14.1
2023-12-19 02:42,9842348,19.6089,86.9397,12.8,248,Paradip,13.7
2023-12-19 18:42,9842348,20.4427,86.7395,9.2,184,Paradip,13.9
2023-12-20 02:56,9842348,20.2866,86.6788,0.3,348,Paradip,13.6
2023-12-20 14:53,9842348,20.4561,86.4787,0.2,161,Paradip,13.9
2023-12-21 03:36,9842348,20.1924,86.7596,0.7,29,Paradip,13.9
2023-12-22 00:45,9842348,20.3067,86.6246,0.0,177,Paradip,14.1
2023-12-22 21:02,9842348,20.3208,86.6347,0.0,242,Paradip,14.5
2023-12-10 15:19,9133209,19.6113,86.2728,10.2,205,Paradip,13.9
2023-12-11 07:19,9133209,20.5727,86.7849,9.5,260,Paradip,14.2
2023-12-11 16:11,9133209,20.2602,86.7621,0.5,291,Paradip,14.1
2023-12-12 04:11,9133209,20.2753,86.6265,0.5,68,Paradip,14.2
2023-12-12 17:45,9133209,20.1826,86.7131,0.4,60,Paradip,13.2
2023-12-13 05:35,9133209,20.4453,86.7419,0.6,127,Paradip,14.0
2023-12-14 00:47,9133209,20.3322,86.6165,0.0,30,Paradip,14.3
2023-12-14 22:38,9133209,20.3354,86.6271,0.0,119,Paradip,14.3
2023-12-04 22:10,9463594,20.438,86.9284,11.3,96,Paradip,13.1
2023-12-05 14:10,9463594,20.201,86.6921,10.9,102,Paradip,13.1
2023-12-05 22:52,9463594,20.279,86.5887,0.1,234,Paradip,12.9
2023-12-06 10:41,9463594,20.2691,86.6769,0.0,47,Paradip,13.9
2023-12-06 22:49,9463594,20.3764,86.6117,0.7,148,Paradip,13.0
2023-12-07 19:05,9463594,20.3045,86.6282,0.0,180,Paradip,14.0
2023-12-08 14:38,9463594,20.3134,86.635,0.0,271,Paradip,13.7
2024-01-04 14:07,9874716,20.0352,87.1078,10.5,200,Paradip,13.9
2024-01-05 06:07,9874716,20.1942,86.7632,9.3,110,Paradip,14.1
2024-01-05 15:50,9874716,20.1864,86.6658,0.5,68,Paradip,13.7
2024-01-06 03:44,9874716,20.326,86.5672,0.7,215,Paradip,13.9
2024-01-06 21:05,9874716,20.3303,86.6252,0.0,233,Paradip,14.3
2024-01-07 16:14,9874716,20.306,86.6251,0.0,341,Paradip,13.9
2024-01-15 10:40,9184777,20.7124,86.664,12.0,4,Paradip,13.2
2024-01-16 02:40,9184777,20.075,86.6595,10.7,196,Paradip,13.8
2024-01-16 12:49,9184777,20.346,86.5487,0.7,222,Paradip,13.3
2024-01-17 09:08,9184777,20.3172,86.6161,0.0,226,Paradip,13.7
2024-01-18 03:59,9184777,20.3196,86.6023,0.0,328,Paradip,13.3
2024-01-03 15:24,9339563,20.7489,86.9521,10.2,278,Paradip,13.5
2024-01-04 07:24,9339563,20.1907,86.4712,10.4,173,Paradip,13.0
2024-01-04 17:54,9339563,20.4191,86.6365,0.7,320,Paradip,13.4
2024-01-05 03:58,9339563,20.2794,86.6626,0.4,287,Paradip,14.1
2024-01-06 02:55,9339563,20.3274,86.6363,0.0,359,Paradip,13.9
2024-01-07 01:46,9339563,20.2988,86.6201,0.0,318,Paradip,13.9
2024-01-06 21:36,9264511,19.6658,86.5614,10.8,86,Paradip,14.0
2024-01-07 13:36,9264511,20.3658,86.6745,9.4,27,Paradip,13.9
2024-01-07 22:13,9264511,20.4387,86.5576,0.7,28,Paradip,13.4
2024-01-08 12:29,9264511,20.466,86.5832,0.7,88,Paradip,12.8
2024-01-09 11:01,9264511,20.3104,86.611,0.0,346,Paradip,13.8
2024-01-10 07:28,9264511,20.3044,86.6101,0.0,339,Paradip,13.7
2024-02-07 15:52,9095119,20.8098,87.0561,11.3,111,Paradip,13.1
2024-02-08 07:52,9095119,20.0554,86.7632,10.0,10,Paradip,13.1
2024-02-08 17:19,9095119,20.3784,86.4888,0.5,248,Paradip,13.5
2024-02-09 19:23,9095119,20.3099,86.6053,0.0,92,Paradip,13.8
2024-02-10 17:02,9095119,20.3307,86.6095,0.0,118,Paradip,13.6
2024-02-11 16:44,9952378,20.7537,87.3697,9.3,230,Paradip,13.6
2024-02-12 08:44,9952378,20.1677,86.5048,12.8,84,Paradip,13.1
2024-02-12 18:03,9952378,20.3907,86.6915,0.8,221,Paradip,12.8
2024-02-13 05:21,9952378,20.421,86.7127,0.4,14,Paradip,13.7
2024-02-14 01:09,9952378,20.3159,86.6103,0.0,235,Paradip,13.9
2024-02-15 00:00,9952378,20.3073,86.6291,0.0,140,Paradip,13.5
2024-02-05 02:24,9404531,20.9576,86.4803,10.7,198,Paradip,13.9
2024-02-05 18:24,9404531,20.3353,86.6818,9.3,176,Paradip,13.3
2024-02-06 03:59,9404531,20.4415,86.7514,0.3,158,Paradip,13.5
2024-02-06 15:37,9404531,20.2785,86.5025,0.3,167,Paradip,12.8
2024-02-07 10:49,9404531,20.2973,86.6294,0.0,220,Paradip,13.6
2024-02-08 09:04,9404531,20.3254,86.6048,0.0,148,Paradip,13.8
2024-02-04 08:25,9725674,19.992,86.0154,13.0,71,Paradip,13.3
2024-02-05 00:25,9725674,20.0944,86.7634,12.2,114,Paradip,12.8
2024-02-05 10:39,9725674,20.2682,86.7468,0.8,147,Paradip,13.8
2024-02-05 21:14,9725674,20.442,86.5668,0.6,19,Paradip,12.7
2024-02-06 16:59,9725674,20.3066,86.6327,0.0,159,Paradip,13.4
2024-02-07 12:26,9725674,20.3086,86.6039,0.0,171,Paradip,13.8
2024-03-13 00:15,9231171,20.7107,86.2087,9.2,99,Paradip,13.2
2024-03-13 16:15,9231171,20.1026,86.8626,12.2,314,Paradip,14.0
2024-03-14 01:10,9231171,20.2326,86.7608,0.8,246,Paradip,14.0
2024-03-15 01:16,9231171,20.3004,86.597,0.0,358,Paradip,14.2
2024-03-15 20:49,9231171,20.2971,86.6156,0.0,215,Paradip,13.8
2024-03-01 11:49,9638539,19.6692,85.9823,9.9,198,Paradip,12.9
2024-03-02 03:49,9638539,20.0706,86.7311,9.3,312,Paradip,12.8
2024-03-02 13:28,9638539,20.1854,86.7171,0.2,321,Paradip,13.5
2024-03-03 00:22,9638539,20.216,86.5235,0.7,354,Paradip,13.7
2024-03-03 20:28,9638539,20.3099,86.6129,0.0,147,Paradip,13.4
2024-03-04 17:57,9638539,20.3206,86.6045,0.0,268,Paradip,13.7
2024-03-13 04:01,9686782,19.6766,86.7171,12.5,195,Paradip,14.3
2024-03-13 20:01,9686782,20.5243,86.754,12.7,294,Paradip,13.2
2024-03-14 04:47,9686782,20.3547,86.6529,0.6,344,Paradip,13.0
2024-03-15 07:38,9686782,20.3222,86.6309,0.0,114,Paradip,13.7
2024-03-16 04:05,9686782,20.3089,86.6273,0.0,353,Paradip,14.0
2024-04-13 10:12,9133209,19.7403,86.4108,9.3,91,Paradip,13.5
2024-04-14 02:12,9133209,20.1828,86.7345,11.8,232,Paradip,14.0
2024-04-14 12:17,9133209,20.4064,86.5821,0.8,216,Paradip,14.1
2024-04-15 11:18,9133209,20.3039,86.6093,0.0,129,Paradip,14.1
2024-04-16 08:00,9133209,20.3356,86.6264,0.0,68,Paradip,14.2
2024-04-12 19:02,9842348,19.9644,86.158,12.3,341,Paradip,13.8
2024-04-13 11:02,9842348,20.2735,86.4221,10.5,250,Paradip,13.5
2024-04-13 20:24,9842348,20.3175,86.598,0.6,238,Paradip,14.1
2024-04-14 23:12,9842348,20.3224,86.6046,0.0,31,Paradip,14.1
2024-04-15 21:21,9842348,20.3326,86.6171,0.0,288,Paradip,14.3
2024-04-12 10:12,9192002,19.5544,86.4544,12.4,102,Paradip,14.1
2024-04-13 02:12,9192002,20.1904,86.5632,12.3,158,Paradip,12.9
2024-04-13 11:52,9192002,20.3162,86.5933,0.6,198,Paradip,13.3
2024-04-13 23:02,9192002,20.1994,86.6321,0.5,32,Paradip,14.1
2024-04-14 23:37,9192002,20.3002,86.6077,0.0,84,Paradip,14.0
2024-04-15 21:52,9192002,20.2967,86.6203,0.0,271,Paradip,14.0
2024-05-03 13:06,9785903,20.4201,86.454,9.0,280,Paradip,14.0
2024-05-04 05:06,9785903,20.3974,86.5896,10.2,243,Paradip,13.8
2024-05-04 14:30,9785903,20.263,86.5338,0.6,124,Paradip,13.0
2024-05-05 01:20,9785903,20.3092,86.5972,0.4,9,Paradip,13.5
2024-05-06 02:46,9785903,20.3039,86.6175,0.0,178,Paradip,14.0
2024-05-07 00:37,9785903,20.3229,86.6206,0.0,174,Paradip,14.1
2024-05-01 16:01,9231171,20.1833,86.2345,11.8,257,Paradip,13.1
2024-05-02 08:01,9231171,20.3065,86.527,9.7,169,Paradip,13.9
2024-05-02 17:35,9231171,20.3511,86.6154,0.4,145,Paradip,13.2
2024-05-03 04:49,9231171,20.1791,86.5775,0.5,134,Paradip,13.5
2024-05-03 18:02,9231171,20.4016,86.6691,0.1,234,Paradip,14.1
2024-05-04 12:16,9231171,20.3269,86.6028,0.0,357,Paradip,13.5
2024-05-05 10:03,9231171,20.3082,86.5968,0.0,341,Paradip,14.1
2024-05-13 13:08,9174447,19.8282,86.1523,12.0,126,Paradip,13.8
2024-05-14 05:08,9174447,20.5194,86.7605,12.9,358,Paradip,14.0
2024-05-14 15:32,9174447,20.2395,86.5501,0.5,339,Paradip,14.1
2024-05-15 02:29,9174447,20.3909,86.6032,0.7,29,Paradip,12.7
2024-05-16 00:21,9174447,20.3303,86.6097,0.0,198,Paradip,13.6
2024-05-16 22:36,9174447,20.3091,86.6309,0.0,184,Paradip,13.9
2024-05-03 21:34,9339563,19.773,87.1187,9.2,121,Paradip,14.1
2024-05-04 13:34,9339563,20.1611,86.4427,12.6,213,Paradip,13.3
2024-05-05 00:25,9339563,20.374,86.764,0.6,52,Paradip,12.9
2024-05-06 02:14,9339563,20.326,86.6133,0.0,25,Paradip,14.0
2024-05-07 00:59,9339563,20.3221,86.6358,0.0,71,Paradip,13.5
2024-04-29 18:11,9184777,19.6475,85.8504,9.5,145,Paradip,13.6
2024-04-30 10:11,9184777,20.2766,86.4608,11.7,137,Paradip,12.7
2024-04-30 18:35,9184777,20.3033,86.7611,0.6,55,Paradip,13.5
2024-05-01 07:13,9184777,20.2592,86.6469,0.5,38,Paradip,13.6
2024-05-02 09:08,9184777,20.3342,86.6221,0.0,115,Paradip,13.9
2024-05-03 05:43,9184777,20.3155,86.6119,0.0,132,Paradip,13.2
2024-05-15 10:37,9339563,20.0437,86.2317,10.0,246,Paradip,13.2
2024-05-16 02:37,9339563,20.3569,86.3569,10.1,156,Paradip,14.0
2024-05-16 10:43,9339563,20.4412,86.7062,0.5,278,Paradip,13.5
2024-05-16 22:42,9339563,20.3172,86.5602,0.4,261,Paradip,14.0
2024-05-17 23:33,9339563,20.3044,86.6296,0.0,95,Paradip,14.1
2024-05-18 21:16,9339563,20.3146,86.6208,0.0,99,Paradip,13.5
2024-06-03 20:52,9231171,20.1222,86.8064,11.8,11,Paradip,13.5
2024-06-04 12:52,9231171,20.5422,86.4545,11.6,68,Paradip,13.2
2024-06-04 22:23,9231171,20.2165,86.6178,0.0,58,Paradip,12.9
2024-06-05 09:22,9231171,20.2176,86.6545,0.2,26,Paradip,13.6
2024-06-05 21:00,9231171,20.2283,86.4878,0.1,71,Paradip,14.1
2024-06-06 09:00,9231171,20.443,86.697,0.3,155,Paradip,13.1
2024-06-06 23:39,9231171,20.245,86.7621,0.1,39,Paradip,13.3
2024-06-08 00:56,9231171,20.31,86.6233,0.0,183,Paradip,13.7
2024-06-08 21:53,9231171,20.3342,86.6228,0.0,223,Paradip,14.1
2024-06-01 00:47,9559190,20.8575,86.0331,11.1,200,Paradip,14.1
2024-06-01 16:47,9559190,20.5576,86.5439,11.6,197,Paradip,14.2
2024-06-02 02:09,9559190,20.3372,86.7468,0.3,267,Paradip,13.4
2024-06-02 12:56,9559190,20.3635,86.6129,0.1,253,Paradip,13.9
2024-06-03 14:00,9559190,20.3193,86.5974,0.0,122,Paradip,13.8
2024-06-04 10:09,9559190,20.33,86.6348,0.0,189,Paradip,14.2
2024-05-30 22:57,9686782,19.6452,86.2729,11.5,289,Paradip,14.1
2024-05-31 14:57,9686782,20.3554,86.8792,11.2,58,Paradip,14.2
2024-06-01 01:52,9686782,20.4245,86.6242,0.2,357,Paradip,14.3
2024-06-01 13:13,9686782,20.3277,86.749,0.0,71,Paradip,13.0
2024-06-01 23:29,9686782,20.3452,86.5672,0.3,299,Paradip,13.4
2024-06-02 11:00,9686782,20.1747,86.5529,0.1,70,Paradip,14.1
2024-06-03 08:55,9686782,20.3222,86.6311,0.0,8,Paradip,14.3
2024-06-04 05:52,9686782,20.3265,86.5988,0.0,325,Paradip,14.1
2024-05-29 13:26,9557549,20.0892,86.0949,13.0,311,Paradip,13.4
2024-05-30 05:26,9557549,20.0544,86.4962,9.7,93,Paradip,13.6
2024-05-30 16:22,9557549,20.1977,86.6409,0.3,358,Paradip,13.2
2024-05-31 03:45,9557549,20.2543,86.5247,0.3,134,Paradip,12.8
2024-05-31 16:17,9557549,20.2116,86.6236,0.3,268,Paradip,13.8
2024-06-01 10:22,9557549,20.3269,86.6328,0.0,354,Paradip,13.4
2024-06-02 05:41,9557549,20.3072,86.627,0.0,35,Paradip,13.9
2024-06-01 08:03,9192002,20.2246,86.8511,9.5,276,Paradip,14.2
2024-06-02 00:03,9192002,20.5457,86.8276,12.9,60,Paradip,13.9
2024-06-02 09:13,9192002,20.25,86.481,0.6,249,Paradip,13.7
2024-06-02 21:54,9192002,20.2112,86.7029,0.6,355,Paradip,13.0
2024-06-03 10:23,9192002,20.3317,86.5506,0.8,164,Paradip,13.8
2024-06-04 06:27,9192002,20.3128,86.6169,0.0,287,Paradip,13.7
2024-06-05 03:09,9192002,20.3059,86.6215,0.0,322,Paradip,13.8
2024-07-08 23:09,9746054,19.8964,87.4132,12.3,110,Paradip,13.3
2024-07-09 15:09,9746054,20.3743,86.6286,9.4,316,Paradip,13.3
2024-07-10 00:28,9746054,20.4355,86.7101,0.0,250,Paradip,13.8
2024-07-10 13:51,9746054,20.3615,86.709,0.1,11,Paradip,13.7
2024-07-11 00:08,9746054,20.3412,86.4975,0.6,171,Paradip,14.2
2024-07-11 20:01,9746054,20.3319,86.6043,0.0,148,Paradip,14.0
2024-07-12 17:16,9746054,20.3342,86.6166,0.0,210,Paradip,13.7
2024-07-15 02:49,9192002,20.1686,86.112,12.4,31,Paradip,14.3
2024-07-15 18:49,9192002,20.3569,86.5513,11.8,214,Paradip,13.3
2024-07-16 03:33,9192002,20.2259,86.4847,0.5,310,Paradip,14.3
2024-07-16 16:15,9192002,20.3632,86.7289,0.0,207,Paradip,14.0
2024-07-17 18:25,9192002,20.3301,86.5996,0.0,81,Paradip,14.0
2024-07-18 16:01,9192002,20.3021,86.6032,0.0,65,Paradip,13.8
2024-07-04 20:06,9133209,19.5525,86.6072,12.0,248,Paradip,13.5
2024-07-05 12:06,9133209,20.0607,86.634,10.2,79,Paradip,13.0
2024-07-05 21:41,9133209,20.2652,86.5838,0.2,147,Paradip,13.8
2024-07-06 09:43,9133209,20.3728,86.5559,0.1,237,Paradip,13.8
2024-07-06 21:51,9133209,20.2852,86.7163,0.1,175,Paradip,14.0
2024-07-07 23:09,9133209,20.3076,86.6349,0.0,98,Paradip,14.4
2024-07-08 19:44,9133209,20.3178,86.6213,0.0,288,Paradip,14.2
2024-07-04 06:05,9339563,21.0946,87.0009,9.8,301,Paradip,13.5
2024-07-04 22:05,9339563,20.2777,86.8547,11.3,234,Paradip,13.6
2024-07-05 06:34,9339563,20.3718,86.6156,0.4,244,Paradip,14.1
2024-07-05 19:08,9339563,20.355,86.6907,0.8,336,Paradip,12.9
2024-07-06 06:23,9339563,20.3565,86.7621,0.7,11,Paradip,13.3
2024-07-07 05:36,9339563,20.3252,86.5995,0.0,74,Paradip,13.8
2024-07-08 04:45,9339563,20.2973,86.6166,0.0,287,Paradip,13.7
2024-07-11 13:07,9559190,19.5751,87.2489,9.4,51,Paradip,14.4
2024-07-12 05:07,9559190,20.11,86.7607,11.2,15,Paradip,13.4
2024-07-12 15:15,9559190,20.1933,86.5552,0.5,13,Paradip,14.3
2024-07-13 01:20,9559190,20.2758,86.7361,0.2,128,Paradip,13.6
2024-07-14 03:52,9559190,20.3355,86.6031,0.0,239,Paradip,13.7
2024-07-14 23:33,9559190,20.3,86.5971,0.0,99,Paradip,14.2
2024-08-10 09:48,9463594,19.7523,86.8202,11.6,52,Paradip,13.1
2024-08-11 01:48,9463594,20.2902,86.634,10.9,40,Paradip,13.8
2024-08-11 12:34,9463594,20.4628,86.5913,0.2,138,Paradip,12.8
2024-08-11 22:44,9463594,20.4549,86.6592,0.3,256,Paradip,14.0
2024-08-12 23:37,9463594,20.3,86.6308,0.0,216,Paradip,13.4
2024-08-13 20:40,9463594,20.3235,86.621,0.0,101,Paradip,13.5
2024-08-07 18:04,9339563,21.1054,86.4424,9.3,148,Paradip,13.0
2024-08-08 10:04,9339563,20.5615,86.4586,10.7,102,Paradip,13.8
2024-08-08 20:42,9339563,20.2445,86.5,0.7,108,Paradip,12.9
2024-08-09 07:57,9339563,20.2722,86.5412,0.0,242,Paradip,14.0
2024-08-10 07:23,9339563,20.3267,86.6227,0.0,230,Paradip,13.7
2024-08-11 07:08,9339563,20.3071,86.601,0.0,359,Paradip,14.1
2024-08-16 01:38,9842348,19.6641,86.7691,10.7,93,Paradip,14.3
2024-08-16 17:38,9842348,20.2601,86.7844,9.2,280,Paradip,13.5
2024-08-17 02:24,9842348,20.2431,86.7453,0.1,359,Paradip,13.7
2024-08-17 15:19,9842348,20.4107,86.5752,0.6,72,Paradip,13.7
2024-08-18 04:07,9842348,20.3157,86.505,0.5,62,Paradip,13.3
2024-08-19 03:15,9842348,20.3186,86.5983,0.0,57,Paradip,14.0
2024-08-19 22:48,9842348,20.3101,86.6075,0.0,309,Paradip,13.8
2024-08-31 23:02,9785903,20.1536,86.3609,12.4,194,Paradip,13.2
2024-09-01 15:02,9785903,20.0559,86.425,13.0,232,Paradip,13.9
2024-09-02 00:51,9785903,20.4124,86.7338,0.2,150,Paradip,13.8
2024-09-02 11:29,9785903,20.4178,86.6013,0.7,95,Paradip,13.0
2024-09-03 14:17,9785903,20.3213,86.6323,0.0,21,Paradip,14.0
2024-09-04 13:34,9785903,20.3248,86.6162,0.0,339,Paradip,14.2
2024-09-12 13:38,9686782,20.6491,87.139,12.3,65,Paradip,13.6
2024-09-13 05:38,9686782,20.5511,86.7583,10.4,352,Paradip,14.2
2024-09-13 14:32,9686782,20.3132,86.475,0.4,104,Paradip,13.7
2024-09-14 02:25,9686782,20.1836,86.5118,0.3,125,Paradip,13.3
2024-09-14 13:51,9686782,20.4642,86.5531,0.1,186,Paradip,13.6
2024-09-15 04:37,9686782,20.3905,86.6409,0.2,156,Paradip,14.4
2024-09-15 21:58,9686782,20.3137,86.6171,0.0,276,Paradip,13.9
2024-09-16 21:11,9686782,20.3206,86.6117,0.0,45,Paradip,14.4
2024-09-09 10:57,9842348,20.3317,86.5452,12.4,250,Paradip,13.9
2024-09-10 02:57,9842348,20.3113,86.781,11.0,325,Paradip,13.3
2024-09-10 12:36,9842348,20.4057,86.729,0.3,79,Paradip,13.2
2024-09-11 01:47,9842348,20.2244,86.6733,0.5,32,Paradip,14.0
2024-09-11 19:39,9842348,20.3262,86.6354,0.0,264,Paradip,13.9
2024-09-12 17:51,9842348,20.3353,86.6216,0.0,328,Paradip,14.4
2024-09-15 00:31,9174447,20.7898,87.3007,13.0,23,Paradip,13.2
2024-09-15 16:31,9174447,20.3481,86.8699,10.9,132,Paradip,13.2
2024-09-16 02:40,9174447,20.2925,86.5019,0.8,300,Paradip,14.0
2024-09-16 15:01,9174447,20.2777,86.7149,0.2,343,Paradip,12.8
2024-09-17 01:28,9174447,20.2185,86.487,0.7,208,Paradip,13.4
2024-09-18 06:28,9174447,20.3074,86.6229,0.0,287,Paradip,13.7
2024-09-19 03:03,9174447,20.3339,86.6095,0.0,135,Paradip,14.0
2024-10-03 12:17,9260565,20.8092,86.0725,10.3,291,Paradip,13.7
2024-10-04 04:17,9260565,20.4136,86.7293,10.0,160,Paradip,14.1
2024-10-04 13:18,9260565,20.3487,86.5324,0.3,284,Paradip,13.2
2024-10-05 00:53,9260565,20.3915,86.5319,0.7,285,Paradip,13.1
2024-10-05 14:02,9260565,20.3763,86.5718,0.3,260,Paradip,13.7
2024-10-06 00:42,9260565,20.3192,86.7359,0.1,185,Paradip,14.0
2024-10-06 20:59,9260565,20.297,86.6144,0.0,113,Paradip,13.8
2024-10-07 16:11,9260565,20.3184,86.6016,0.0,89,Paradip,13.5
2024-10-07 23:48,9686782,20.8029,86.2571,12.8,92,Paradip,14.2
2024-10-08 15:48,9686782,20.1547,86.5534,9.0,321,Paradip,14.1
2024-10-09 00:49,9686782,20.3395,86.5092,0.8,72,Paradip,13.8
2024-10-09 13:21,9686782,20.4114,86.5313,0.7,243,Paradip,13.5
2024-10-10 02:42,9686782,20.3643,86.6728,0.4,315,Paradip,13.8
2024-10-11 00:58,9686782,20.3087,86.6269,0.0,7,Paradip,13.9
2024-10-11 21:37,9686782,20.3328,86.6091,0.0,294,Paradip,14.2
2024-09-27 21:28,9952378,20.2411,86.2247,10.4,231,Paradip,13.5
2024-09-28 13:28,9952378,20.3337,86.3992,9.9,206,Paradip,14.0
2024-09-28 21:35,9952378,20.2497,86.7429,0.5,353,Paradip,13.4
2024-09-29 10:31,9952378,20.3841,86.6486,0.6,258,Paradip,13.7
2024-09-29 22:15,9952378,20.3247,86.7233,0.4,345,Paradip,13.3
2024-09-30 09:35,9952378,20.2979,86.4758,0.3,82,Paradip,13.3
2024-10-01 06:04,9952378,20.3176,86.6036,0.0,72,Paradip,14.0
2024-10-02 03:22,9952378,20.3121,86.6106,0.0,251,Paradip,13.5
2024-10-12 04:45,9367188,19.8626,86.9704,11.7,108,Paradip,13.8
2024-10-12 20:45,9367188,20.195,86.7285,11.6,176,Paradip,13.3
2024-10-13 07:15,9367188,20.3902,86.5988,0.5,286,Paradip,13.9
2024-10-13 18:10,9367188,20.1691,86.7273,0.6,23,Paradip,13.5
2024-10-14 06:23,9367188,20.4043,86.6432,0.2,119,Paradip,13.4
2024-10-15 07:55,9367188,20.3312,86.6276,0.0,316,Paradip,14.0
2024-10-16 03:40,9367188,20.307,86.6064,0.0,140,Paradip,13.4
2024-11-02 15:45,9952378,20.5996,86.0823,9.6,211,Paradip,13.7
2024-11-03 07:45,9952378,20.1376,86.3997,10.8,349,Paradip,12.8
2024-11-03 18:03,9952378,20.1994,86.5331,0.4,7,Paradip,13.8
2024-11-04 05:52,9952378,20.4046,86.7135,0.2,270,Paradip,12.8
2024-11-04 17:13,9952378,20.2172,86.5295,0.2,141,Paradip,12.8
2024-11-05 06:34,9952378,20.2043,86.5284,0.6,38,Paradip,13.7
2024-11-06 04:30,9952378,20.3304,86.6321,0.0,303,Paradip,13.9
2024-11-07 03:11,9952378,20.3258,86.6302,0.0,46,Paradip,13.5
2024-10-25 10:48,9184777,20.5251,87.3211,9.7,140,Paradip,13.2
2024-10-26 02:48,9184777,20.097,86.6554,10.2,281,Paradip,12.5
2024-10-26 10:57,9184777,20.3249,86.7171,0.3,267,Paradip,12.8
2024-10-27 00:18,9184777,20.1943,86.5074,0.1,70,Paradip,13.7
2024-10-27 12:35,9184777,20.296,86.6177,0.2,345,Paradip,13.1
2024-10-28 01:05,9184777,20.1772,86.6803,0.2,350,Paradip,13.2
2024-10-29 04:26,9184777,20.3294,86.6123,0.0,223,Paradip,13.8
2024-10-30 02:27,9184777,20.3092,86.6216,0.0,11,Paradip,13.9
2024-10-29 17:58,9133209,19.951,87.3084,9.4,127,Paradip,13.1
2024-10-30 09:58,9133209,20.4241,86.5611,9.6,37,Paradip,13.5
2024-10-30 20:51,9133209,20.3737,86.5986,0.5,6,Paradip,13.8
2024-10-31 06:44,9133209,20.1938,86.6467,0.2,126,Paradip,13.1
2024-10-31 19:22,9133209,20.2179,86.5032,0.0,214,Paradip,13.8
2024-11-01 14:40,9133209,20.3186,86.6185,0.0,282,Paradip,14.3
2024-11-02 12:52,9133209,20.3037,86.6282,0.0,231,Paradip,14.4
2024-12-05 13:29,9339563,19.8724,85.9217,12.2,89,Paradip,13.6
2024-12-06 05:29,9339563,20.3697,86.5252,9.3,184,Paradip,14.0
2024-12-06 16:16,9339563,20.3718,86.6738,0.5,21,Paradip,13.7
2024-12-07 04:27,9339563,20.1722,86.6363,0.3,245,Paradip,14.0
2024-12-07 13:49,9339563,20.4139,86.6904,0.6,159,Paradip,13.0
2024-12-08 17:24,9339563,20.2989,86.6215,0.0,306,Paradip,13.8
2024-12-09 14:27,9339563,20.3317,86.6064,0.0,175,Paradip,13.6
2024-12-07 06:54,9785903,20.2805,87.3509,10.9,295,Paradip,13.2
2024-12-07 22:54,9785903,20.5584,86.4125,11.6,75,Paradip,13.1
2024-12-08 07:27,9785903,20.2077,86.56,0.0,202,Paradip,13.3
2024-12-08 21:42,9785903,20.252,86.5505,0.2,285,Paradip,13.9
2024-12-09 07:16,9785903,20.2602,86.559,0.4,182,Paradip,13.2
2024-12-10 03:22,9785903,20.3243,86.6248,0.0,7,Paradip,14.2
2024-12-11 00:01,9785903,20.2984,86.5988,0.0,199,Paradip,14.0
2024-12-30 07:51,9462030,21.0183,86.4819,10.1,343,Paradip,13.8
2024-12-30 23:51,9462030,20.481,86.6894,10.7,282,Paradip,12.8
2024-12-31 09:05,9462030,20.3249,86.7117,0.2,5,Paradip,13.7
2025-01-01 12:43,9462030,20.3138,86.6089,0.0,139,Paradip,13.6
2025-01-02 08:10,9462030,20.3147,86.6049,0.0,358,Paradip,13.6
2024-12-29 20:31,9184777,20.6297,86.7033,10.5,175,Paradip,13.3
2024-12-30 12:31,9184777,20.1354,86.4132,10.2,204,Paradip,13.4
2024-12-30 23:10,9184777,20.3148,86.5135,0.5,208,Paradip,13.3
2024-12-31 20:53,9184777,20.3356,86.6081,0.0,203,Paradip,13.4
2025-01-01 18:26,9184777,20.3277,86.5969,0.0,337,Paradip,13.8
2024-12-28 12:33,9725674,20.1631,86.1523,10.4,91,Paradip,13.0
2024-12-29 04:33,9725674,20.3389,86.761,12.0,203,Paradip,12.9
2024-12-29 13:29,9725674,20.1815,86.7283,0.1,321,Paradip,13.8
2024-12-30 02:18,9725674,20.3346,86.5693,0.1,185,Paradip,14.1
2024-12-30 14:44,9725674,20.3814,86.5015,0.2,7,Paradip,12.9
2024-12-31 10:54,9725674,20.3197,86.6128,0.0,141,Paradip,13.8
2025-01-01 07:47,9725674,20.3097,86.602,0.0,246,Paradip,13.7
2024-12-28 13:38,9463594,20.9216,85.9103,11.1,41,Paradip,12.6
2024-12-29 05:38,9463594,20.0533,86.485,12.6,321,Paradip,13.2
2024-12-29 15:51,9463594,20.3844,86.6095,0.4,14,Paradip,13.4
2024-12-30 03:35,9463594,20.321,86.5925,0.1,222,Paradip,12.9
2024-12-30 21:45,9463594,20.307,86.6297,0.0,152,Paradip,13.5
2024-12-31 18:48,9463594,20.3044,86.6296,0.0,277,Paradip,13.6
2025-01-24 10:18,9231171,19.5987,86.7177,10.5,68,Paradip,14.1
2025-01-25 02:18,9231171,20.3249,86.6972,10.1,326,Paradip,13.0
2025-01-25 12:30,9231171,20.4199,86.7659,0.8,73,Paradip,13.3
2025-01-26 00:02,9231171,20.2954,86.7309,0.5,119,Paradip,13.7
2025-01-26 23:00,9231171,20.3222,86.6058,0.0,153,Paradip,13.6
2025-01-27 19:24,9231171,20.321,86.6366,0.0,275,Paradip,14.0
2025-01-29 01:50,9367188,19.6672,86.6217,10.3,338,Paradip,13.2
2025-01-29 17:50,9367188,20.3285,86.6524,10.6,220,Paradip,13.6
2025-01-30 03:34,9367188,20.4425,86.7012,0.3,277,Paradip,12.7
2025-01-30 21:53,9367188,20.3262,86.6153,0.0,223,Paradip,13.6
2025-01-31 19:40,9367188,20.302,86.6139,0.0,41,Paradip,13.5
2025-01-27 21:37,9264511,20.9156,86.3609,12.7,262,Paradip,13.0
2025-01-28 13:37,9264511,20.532,86.4358,10.9,193,Paradip,13.8
2025-01-28 22:42,9264511,20.3585,86.6098,0.2,285,Paradip,13.8
2025-01-29 09:52,9264511,20.2188,86.5274,0.3,173,Paradip,12.8
2025-01-30 10:51,9264511,20.2985,86.6282,0.0,183,Paradip,14.0
2025-01-31 11:16,9264511,20.2985,86.6272,0.0,110,Paradip,14.1
2025-01-24 10:02,9463594,19.8684,86.4488,9.8,49,Paradip,13.2
2025-01-25 02:02,9463594,20.2264,86.7443,12.9,52,Paradip,13.4
2025-01-25 12:37,9463594,20.3922,86.5163,0.1,197,Paradip,13.0
2025-01-26 15:52,9463594,20.3266,86.6338,0.0,190,Paradip,13.5
2025-01-27 11:47,9463594,20.315,86.6181,0.0,42,Paradip,13.9
2025-03-12 06:16,9184777,20.088,86.9326,9.7,344,Paradip,12.9
2025-03-12 22:16,9184777,20.4115,86.4487,10.3,243,Paradip,12.7
2025-03-13 07:23,9184777,20.3272,86.5509,0.4,312,Paradip,12.5
2025-03-14 09:10,9184777,20.3204,86.6277,0.0,67,Paradip,13.5
2025-03-15 06:28,9184777,20.3079,86.613,0.0,203,Paradip,13.8
2025-02-27 21:23,9151262,20.3359,86.7295,10.0,237,Paradip,13.5
2025-02-28 13:23,9151262,20.5182,86.8053,11.0,84,Paradip,13.2
2025-02-28 23:29,9151262,20.4264,86.6921,0.7,337,Paradip,12.7
2025-03-02 00:53,9151262,20.3123,86.6306,0.0,149,Paradip,13.6
2025-03-02 21:35,9151262,20.3065,86.6256,0.0,268,Paradip,13.7
2025-02-27 01:12,9785903,20.2599,86.8916,12.4,346,Paradip,13.8
2025-02-27 17:12,9785903,20.4493,86.8056,11.4,331,Paradip,14.1
2025-02-28 02:16,9785903,20.3036,86.4852,0.5,68,Paradip,13.0
2025-02-28 14:05,9785903,20.2418,86.4741,0.3,354,Paradip,13.1
2025-03-01 17:06,9785903,20.3265,86.6194,0.0,50,Paradip,14.2
2025-03-02 16:12,9785903,20.3289,86.5978,0.0,344,Paradip,13.8
2025-03-07 07:05,9184777,21.0637,87.0268,9.8,335,Paradip,12.8
2025-03-07 23:05,9184777,20.2493,86.7417,12.8,138,Paradip,12.6
2025-03-08 09:39,9184777,20.2466,86.5344,0.2,23,Paradip,12.7
2025-03-08 20:56,9184777,20.3186,86.6385,0.2,20,Paradip,13.1
2025-03-09 17:41,9184777,20.3313,86.6341,0.0,206,Paradip,13.5
2025-03-10 14:41,9184777,20.3073,86.627,0.0,21,Paradip,13.8
2025-04-12 15:42,9952378,20.0495,87.3367,10.7,318,Paradip,13.3
2025-04-13 07:42,9952378,20.0909,86.8027,11.2,270,Paradip,14.0
2025-04-13 17:17,9952378,20.315,86.6803,0.5,115,Paradip,12.9
2025-04-14 17:08,9952378,20.317,86.6288,0.0,119,Paradip,13.7
2025-04-15 14:15,9952378,20.3097,86.6006,0.0,353,Paradip,14.0
2025-04-06 14:36,9260565,21.0823,86.2499,11.6,201,Paradip,13.6
2025-04-07 06:36,9260565,20.0705,86.494,12.3,353,Paradip,12.8
2025-04-07 15:08,9260565,20.4409,86.6836,0.2,296,Paradip,14.1
2025-04-08 17:51,9260565,20.3314,86.5982,0.0,177,Paradip,13.8
2025-04-09 13:50,9260565,20.3224,86.6017,0.0,335,Paradip,13.6
2025-03-27 01:56,9339563,20.164,86.7712,12.5,326,Paradip,13.9
2025-03-27 17:56,9339563,20.536,86.7611,12.0,231,Paradip,13.5
2025-03-28 02:08,9339563,20.3561,86.5661,0.6,140,Paradip,13.4
2025-03-28 16:23,9339563,20.3668,86.7374,0.5,13,Paradip,13.5
2025-03-29 10:16,9339563,20.3121,86.6248,0.0,69,Paradip,13.5
2025-03-30 08:53,9339563,20.3097,86.6189,0.0,207,Paradip,13.9
2025-03-26 20:40,9260565,20.2063,86.1303,10.5,159,Paradip,13.1
2025-03-27 12:40,9260565,20.3435,86.5035,10.8,120,Paradip,14.1
2025-03-27 22:08,9260565,20.46,86.6444,0.6,286,Paradip,13.7
2025-03-28 09:08,9260565,20.3649,86.5169,0.1,174,Paradip,13.2
2025-03-29 07:10,9260565,20.3068,86.633,0.0,303,Paradip,13.5
2025-03-30 05:22,9260565,20.3184,86.6118,0.0,122,Paradip,13.5
2025-05-03 23:45,9842348,20.3375,86.8764,11.2,279,Paradip,13.7
2025-05-04 15:45,9842348,20.1632,86.7291,10.7,113,Paradip,14.4
2025-05-04 23:58,9842348,20.4403,86.5847,0.3,242,Paradip,13.5
2025-05-06 03:04,9842348,20.3002,86.6129,0.0,243,Paradip,13.9
2025-05-06 22:01,9842348,20.3074,86.6037,0.0,274,Paradip,14.4
2025-04-26 17:24,9874716,20.3526,86.5736,9.2,336,Paradip,13.8
2025-04-27 09:24,9874716,20.1737,86.4043,9.4,203,Paradip,14.1
2025-04-27 18:26,9874716,20.3828,86.5229,0.4,112,Paradip,13.3
2025-04-28 14:56,9874716,20.3226,86.6321,0.0,174,Paradip,13.7
2025-04-29 11:45,9874716,20.3341,86.6361,0.0,295,Paradip,13.8
2025-05-11 20:22,9264511,21.1157,87.0801,9.6,135,Paradip,13.0
2025-05-12 12:22,9264511,20.2158,86.4851,9.9,89,Paradip,13.7
2025-05-12 22:46,9264511,20.2141,86.644,0.8,74,Paradip,13.8
2025-05-13 09:45,9264511,20.3114,86.7296,0.3,339,Paradip,13.8
2025-05-14 05:38,9264511,20.3237,86.6195,0.0,61,Paradip,13.8
2025-05-15 01:59,9264511,20.3088,86.616,0.0,65,Paradip,13.9
2025-05-03 07:31,9367188,21.0759,87.0964,9.2,86,Paradip,13.0
2025-05-03 23:31,9367188,20.4668,86.5952,9.5,348,Paradip,13.7
2025-05-04 09:18,9367188,20.3654,86.5208,0.2,15,Paradip,13.1
2025-05-04 20:26,9367188,20.32,86.5311,0.2,120,Paradip,13.1
2025-05-05 20:17,9367188,20.3352,86.6343,0.0,271,Paradip,13.4
2025-05-06 18:44,9367188,20.3054,86.6219,0.0,4,Paradip,13.7
2025-04-29 02:36,9842348,21.1164,86.8852,10.7,116,Paradip,13.6
2025-04-29 18:36,9842348,20.4692,86.3966,10.6,202,Paradip,13.9
2025-04-30 03:35,9842348,20.3181,86.6911,0.4,160,Paradip,14.0
2025-04-30 16:13,9842348,20.4024,86.7547,0.4,222,Paradip,13.9
2025-05-01 11:15,9842348,20.3113,86.5981,0.0,228,Paradip,13.9
2025-05-02 09:02,9842348,20.3167,86.6021,0.0,135,Paradip,13.9
2025-06-12 14:34,9367188,21.0919,87.0434,11.6,182,Paradip,13.4
2025-06-13 06:34,9367188,20.2387,86.5783,9.8,253,Paradip,13.1
2025-06-13 17:19,9367188,20.4174,86.5741,0.3,137,Paradip,12.8
2025-06-14 04:29,9367188,20.2901,86.5713,0.2,265,Paradip,12.7
2025-06-15 09:26,9367188,20.3263,86.6084,0.0,127,Paradip,13.5
2025-06-16 07:53,9367188,20.2994,86.6088,0.0,223,Paradip,13.7
2025-06-08 05:17,9133209,19.635,86.8913,10.0,36,Paradip,14.0
2025-06-08 21:17,9133209,20.1674,86.4782,11.1,266,Paradip,13.6
2025-06-09 08:11,9133209,20.2088,86.52,0.1,340,Paradip,14.1
2025-06-09 18:55,9133209,20.4065,86.7106,0.8,194,Paradip,13.2
2025-06-10 07:08,9133209,20.2842,86.5861,0.1,265,Paradip,13.7
2025-06-10 19:22,9133209,20.4204,86.6624,0.1,261,Paradip,14.0
2025-06-11 06:01,9133209,20.2283,86.5769,0.0,235,Paradip,13.9
2025-06-12 00:31,9133209,20.3104,86.6362,0.0,73,Paradip,14.0
2025-06-12 20:08,9133209,20.3345,86.6218,0.0,245,Paradip,14.2
2025-06-10 09:19,9095119,20.5915,86.2738,11.7,93,Paradip,13.8
2025-06-11 01:19,9095119,20.5284,86.8435,11.6,23,Paradip,13.0
2025-06-11 11:56,9095119,20.2461,86.6275,0.5,0,Paradip,13.8
2025-06-11 23:39,9095119,20.2378,86.5738,0.6,312,Paradip,13.2
2025-06-13 03:59,9095119,20.3005,86.6285,0.0,346,Paradip,13.3
2025-06-14 01:50,9095119,20.3291,86.6273,0.0,158,Paradip,13.9
2025-05-30 17:44,9192002,20.5946,87.1927,10.1,131,Paradip,14.0
2025-05-31 09:44,9192002,20.1808,86.8449,11.3,189,Paradip,13.7
2025-05-31 20:20,9192002,20.2654,86.7584,0.3,314,Paradip,13.7
2025-06-01 06:34,9192002,20.427,86.6307,0.1,115,Paradip,14.1
2025-06-01 19:52,9192002,20.3382,86.5525,0.1,223,Paradip,13.1
2025-06-02 07:50,9192002,20.2145,86.5675,0.1,66,Paradip,14.0
2025-06-03 01:18,9192002,20.332,86.6272,0.0,352,Paradip,13.8
2025-06-03 22:51,9192002,20.3159,86.6365,0.0,351,Paradip,13.8
2025-05-31 10:59,9462030,19.9371,86.9778,12.4,285,Paradip,13.7
2025-06-01 02:59,9462030,20.4919,86.6205,11.9,131,Paradip,14.0
2025-06-01 13:00,9462030,20.2772,86.5633,0.1,157,Paradip,13.2
2025-06-02 00:36,9462030,20.3293,86.4902,0.0,74,Paradip,14.0
2025-06-02 12:39,9462030,20.1922,86.4914,0.2,116,Paradip,13.3
2025-06-03 15:49,9462030,20.304,86.6164,0.0,312,Paradip,13.7
2025-06-04 12:38,9462030,20.317,86.6244,0.0,143,Paradip,14.2
2025-07-05 18:29,9184777,20.4928,86.2714,12.9,339,Paradip,12.7
2025-07-06 10:29,9184777,20.2683,86.4394,10.8,266,Paradip,13.8
2025-07-06 18:53,9184777,20.309,86.4677,0.0,342,Paradip,13.1
2025-07-07 08:18,9184777,20.2118,86.7538,0.1,305,Paradip,12.9
2025-07-08 08:50,9184777,20.3045,86.6111,0.0,245,Paradip,13.4
2025-07-09 06:01,9184777,20.332,86.6278,0.0,87,Paradip,13.3
2025-07-07 16:22,9404531,19.7531,86.4301,9.9,333,Paradip,14.1
2025-07-08 08:22,9404531,20.2029,86.7988,9.4,198,Paradip,14.0
2025-07-08 16:49,9404531,20.3367,86.6255,0.4,254,Paradip,13.8
2025-07-09 04:40,9404531,20.2932,86.7648,0.8,330,Paradip,14.1
2025-07-10 02:36,9404531,20.312,86.6264,0.0,325,Paradip,13.7
2025-07-11 01:49,9404531,20.3269,86.6103,0.0,354,Paradip,14.1
2025-08-02 06:43,9133209,19.6975,87.3275,9.4,99,Paradip,13.4
2025-08-02 22:43,9133209,20.4274,86.7614,11.4,122,Paradip,13.8
2025-08-03 08:28,9133209,20.4251,86.5604,0.3,173,Paradip,13.2
2025-08-03 21:18,9133209,20.4167,86.5563,0.1,351,Paradip,14.2
2025-08-04 20:16,9133209,20.3065,86.5977,0.0,324,Paradip,13.8
2025-08-05 18:57,9133209,20.2984,86.6332,0.0,99,Paradip,14.2
2025-07-30 09:40,9785903,20.5695,86.4705,9.3,342,Paradip,13.9
2025-07-31 01:40,9785903,20.4444,86.8544,11.9,346,Paradip,13.1
2025-07-31 11:21,9785903,20.3459,86.5158,0.1,310,Paradip,14.1
2025-07-31 23:53,9785903,20.4555,86.6992,0.8,226,Paradip,13.1
2025-08-01 11:08,9785903,20.2834,86.6683,0.6,359,Paradip,14.4
2025-08-02 11:59,9785903,20.3025,86.6111,0.0,304,Paradip,14.0
2025-08-03 09:20,9785903,20.3336,86.6254,0.0,100,Paradip,13.7
2025-08-03 14:08,9367188,19.6986,85.8981,10.6,212,Paradip,12.7
2025-08-04 06:08,9367188,20.234,86.8708,11.4,240,Paradip,13.7
2025-08-04 14:53,9367188,20.3565,86.7549,0.6,243,Paradip,12.6
2025-08-05 04:51,9367188,20.3675,86.7096,0.7,260,Paradip,12.9
2025-08-06 06:14,9367188,20.3223,86.6252,0.0,302,Paradip,13.7
2025-08-07 03:14,9367188,20.3016,86.6352,0.0,321,Paradip,13.6
2025-07-26 08:47,9463594,20.3143,87.1828,10.7,76,Paradip,13.2
2025-07-27 00:47,9463594,20.3687,86.8055,10.7,354,Paradip,13.1
2025-07-27 10:23,9463594,20.4084,86.7585,0.6,47,Paradip,13.2
2025-07-27 22:29,9463594,20.3976,86.5029,0.1,204,Paradip,12.9
2025-07-28 10:22,9463594,20.3931,86.6817,0.6,14,Paradip,13.0
2025-07-29 09:43,9463594,20.3078,86.623,0.0,223,Paradip,13.5
2025-07-30 08:38,9463594,20.3297,86.5986,0.0,111,Paradip,13.5
2025-07-23 23:27,9260565,20.3801,86.7028,11.4,134,Paradip,13.1
2025-07-24 15:27,9260565,20.1371,86.3958,10.4,121,Paradip,12.9
2025-07-24 23:50,9260565,20.4627,86.4975,0.6,145,Paradip,14.1
2025-07-25 12:34,9260565,20.4186,86.7429,0.8,294,Paradip,14.1
2025-07-26 00:59,9260565,20.4382,86.6047,0.7,43,Paradip,13.9
2025-07-26 22:03,9260565,20.3105,86.6085,0.0,169,Paradip,14.2
2025-07-27 17:15,9260565,20.3169,86.6008,0.0,155,Paradip,13.5
2025-08-24 08:20,9952378,20.0413,86.7271,11.6,110,Paradip,13.2
2025-08-25 00:20,9952378,20.3872,86.8701,11.7,307,Paradip,13.8
2025-08-25 09:31,9952378,20.2805,86.5316,0.5,130,Paradip,13.1
2025-08-25 20:30,9952378,20.399,86.6979,0.6,79,Paradip,13.3
2025-08-26 22:53,9952378,20.3365,86.6093,0.0,164,Paradip,13.7
2025-08-27 20:22,9952378,20.3229,86.6267,0.0,189,Paradip,13.5
2025-08-23 08:13,9686782,21.0083,85.9425,10.0,260,Paradip,13.5
2025-08-24 00:13,9686782,20.2383,86.6703,9.9,47,Paradip,14.0
2025-08-24 08:59,9686782,20.4577,86.5941,0.4,183,Paradip,13.5
2025-08-24 20:23,9686782,20.2312,86.7241,0.4,6,Paradip,13.3
2025-08-25 17:59,9686782,20.3284,86.6214,0.0,30,Paradip,13.7
2025-08-26 15:32,9686782,20.3163,86.6352,0.0,345,Paradip,13.9
2025-08-25 20:14,9367188,20.6745,86.1869,12.8,22,Paradip,12.7
2025-08-26 12:14,9367188,20.0954,86.8762,10.3,295,Paradip,13.7
2025-08-26 22:33,9367188,20.1968,86.5232,0.3,58,Paradip,13.1
2025-08-27 10:29,9367188,20.2913,86.4883,0.6,82,Paradip,12.8
2025-08-28 13:44,9367188,20.3072,86.6285,0.0,44,Paradip,13.7
2025-08-29 11:56,9367188,20.3074,86.6212,0.0,181,Paradip,13.4
2025-08-29 09:45,9874716,19.8557,87.2531,9.6,355,Paradip,13.2
2025-08-30 01:45,9874716,20.1103,86.3536,12.3,255,Paradip,14.2
2025-08-30 11:01,9874716,20.3276,86.5798,0.5,72,Paradip,13.5
2025-08-30 22:48,9874716,20.2243,86.6611,0.7,167,Paradip,13.4
2025-08-31 09:58,9874716,20.1745,86.6964,0.1,35,Paradip,14.4
2025-09-01 15:29,9874716,20.3296,86.631,0.0,306,Paradip,14.1
2025-09-02 13:30,9874716,20.3257,86.6043,0.0,254,Paradip,14.1
2025-09-29 00:09,9404531,20.3598,86.688,11.8,187,Paradip,13.1
2025-09-29 16:09,9404531,20.1287,86.3535,9.1,332,Paradip,12.8
2025-09-30 01:42,9404531,20.3726,86.6881,0.1,18,Paradip,13.7
2025-09-30 13:26,9404531,20.2691,86.4724,0.7,210,Paradip,13.0
2025-10-01 01:32,9404531,20.3073,86.5711,0.6,343,Paradip,13.1
2025-10-02 04:48,9404531,20.3276,86.5979,0.0,166,Paradip,13.9
2025-10-03 03:47,9404531,20.3346,86.6145,0.0,51,Paradip,14.1
2025-09-27 02:45,9174447,19.8563,86.2608,12.4,87,Paradip,13.9
2025-09-27 18:45,9174447,20.4696,86.5672,9.1,139,Paradip,13.8
2025-09-28 03:08,9174447,20.1702,86.7554,0.6,162,Paradip,13.9
2025-09-28 16:11,9174447,20.3735,86.6333,0.0,184,Paradip,13.7
2025-09-29 03:29,9174447,20.2688,86.5305,0.7,273,Paradip,13.0
2025-09-30 04:27,9174447,20.3352,86.6319,0.0,190,Paradip,14.1
2025-10-01 02:21,9174447,20.3145,86.611,0.0,154,Paradip,13.6
2025-09-29 08:48,9404531,19.7807,86.8385,9.8,215,Paradip,13.7
2025-09-30 00:48,9404531,20.2861,86.5456,10.3,323,Paradip,14.1
2025-09-30 09:29,9404531,20.1935,86.6612,0.5,154,Paradip,12.8
2025-09-30 22:15,9404531,20.3155,86.6631,0.4,140,Paradip,13.0
2025-10-01 09:39,9404531,20.2392,86.6756,0.2,269,Paradip,12.9
2025-10-02 07:58,9404531,20.3337,86.6078,0.0,341,Paradip,14.1
2025-10-03 05:13,9404531,20.3132,86.6057,0.0,247,Paradip,14.1
2025-10-23 16:25,9638539,19.5776,86.4126,10.2,311,Paradip,12.9
2025-10-24 08:25,9638539,20.2881,86.5083,12.3,190,Paradip,12.6
2025-10-24 17:01,9638539,20.1861,86.7614,0.4,194,Paradip,13.8
2025-10-25 06:45,9638539,20.3112,86.5528,0.7,82,Paradip,13.1
2025-10-25 17:24,9638539,20.2674,86.7245,0.4,86,Paradip,13.0
2025-10-26 17:08,9638539,20.3357,86.6232,0.0,38,Paradip,13.6
2025-10-27 15:59,9638539,20.3325,86.6048,0.0,192,Paradip,13.8
2025-11-06 19:38,9264511,21.116,87.4127,12.7,92,Paradip,13.9
2025-11-07 11:38,9264511,20.5742,86.7675,11.1,117,Paradip,13.4
2025-11-07 21:35,9264511,20.3026,86.7489,0.1,138,Paradip,13.2
2025-11-08 08:08,9264511,20.178,86.5625,0.1,344,Paradip,12.9
2025-11-08 21:19,9264511,20.3306,86.5105,0.4,307,Paradip,13.3
2025-11-09 09:01,9264511,20.4149,86.6227,0.4,274,Paradip,12.8
2025-11-10 06:06,9264511,20.307,86.6281,0.0,149,Paradip,13.9
2025-11-11 03:21,9264511,20.3308,86.6051,0.0,223,Paradip,13.7
2025-11-08 04:47,9557549,20.9353,87.3852,10.7,23,Paradip,13.3
2025-11-08 20:47,9557549,20.3397,86.6056,11.4,305,Paradip,13.0
2025-11-09 06:29,9557549,20.4417,86.7316,0.2,315,Paradip,12.9
2025-11-09 17:20,9557549,20.2766,86.5715,0.6,249,Paradip,13.3
2025-11-10 05:09,9557549,20.211,86.5964,0.8,61,Paradip,12.7
2025-11-10 18:26,9557549,20.332,86.5683,0.4,92,Paradip,13.5
2025-11-11 20:09,9557549,20.306,86.6271,0.0,274,Paradip,13.4
2025-11-12 18:54,9557549,20.3243,86.5968,0.0,248,Paradip,13.6
2020-01-08 21:04,9404531,17.0964,83.889,9.5,343,Vizag,13.5
2020-01-09 13:04,9404531,17.6696,83.0689,9.3,171,Vizag,13.2
2020-01-09 22:34,9404531,17.7708,83.3052,0.5,114,Vizag,13.8
2020-01-10 23:52,9404531,17.7031,83.2377,0.0,47,Vizag,13.8
2020-01-12 01:40,9404531,17.6823,83.2239,0.0,20,Vizag,13.9
2019-12-22 15:01,9874716,18.0113,83.1267,11.0,189,Vizag,13.4
2019-12-23 07:01,9874716,17.4379,83.4535,10.8,10,Vizag,14.1
2019-12-23 15:47,9874716,17.6209,83.2289,0.2,140,Vizag,14.4
2019-12-24 13:11,9874716,17.6923,83.2192,0.0,293,Vizag,14.2
2019-12-25 12:32,9874716,17.6854,83.2038,0.0,104,Vizag,14.4
2020-01-26 19:14,9264511,17.7002,83.3138,10.1,175,Vizag,13.8
2020-01-27 11:14,9264511,17.6921,83.0659,9.0,221,Vizag,13.4
2020-01-27 20:51,9264511,17.7079,83.1037,0.6,21,Vizag,14.0
2020-01-28 19:05,9264511,17.6797,83.2081,0.0,281,Vizag,13.7
2020-01-29 19:34,9264511,17.6896,83.2039,0.0,225,Vizag,13.6
2020-02-07 16:54,9095119,17.0227,83.6987,12.7,234,Vizag,13.8
2020-02-08 08:54,9095119,17.5333,83.1927,11.7,357,Vizag,13.2
2020-02-08 19:48,9095119,17.7837,83.3162,0.0,184,Vizag,13.3
2020-02-09 18:20,9095119,17.6869,83.2263,0.0,19,Vizag,13.9
2020-02-10 19:03,9095119,17.7022,83.233,0.0,181,Vizag,13.8
2020-02-03 17:07,9559190,18.0513,83.7687,10.9,341,Vizag,14.0
2020-02-04 09:07,9559190,17.7316,83.4837,9.7,150,Vizag,13.7
2020-02-04 17:49,9559190,17.6941,83.2714,0.6,299,Vizag,13.5
2020-02-05 06:13,9559190,17.6638,83.0805,0.6,223,Vizag,14.1
2020-02-06 02:59,9559190,17.6891,83.2044,0.0,58,Vizag,14.3
2020-02-07 04:26,9559190,17.6778,83.2115,0.0,357,Vizag,13.9
2020-02-25 22:12,9746054,17.003,82.512,9.3,229,Vizag,14.1
2020-02-26 14:12,9746054,17.9443,83.0515,9.3,199,Vizag,14.0
2020-02-26 22:57,9746054,17.5943,83.1652,0.0,280,Vizag,13.9
2020-02-27 12:44,9746054,17.6479,83.1037,0.4,66,Vizag,14.1
2020-02-28 15:22,9746054,17.6804,83.2061,0.0,81,Vizag,13.7
2020-02-29 16:49,9746054,17.6883,83.1988,0.0,170,Vizag,13.7
2020-03-08 05:00,9264511,17.5555,83.8905,9.4,22,Vizag,13.2
2020-03-08 21:00,9264511,17.8241,83.0013,11.8,242,Vizag,13.0
2020-03-09 05:59,9264511,17.6329,83.2474,0.7,324,Vizag,13.9
2020-03-10 10:24,9264511,17.6922,83.2185,0.0,15,Vizag,13.5
2020-03-11 10:42,9264511,17.6881,83.2377,0.0,213,Vizag,14.0
2020-02-20 19:49,9264511,17.4335,83.1167,11.0,243,Vizag,12.9
2020-02-21 11:49,9264511,17.4741,83.0794,10.3,190,Vizag,13.3
2020-02-21 22:48,9264511,17.7612,83.3508,0.5,157,Vizag,12.8
2020-02-22 21:29,9264511,17.6818,83.2031,0.0,114,Vizag,13.9
2020-02-23 22:56,9264511,17.6768,83.2016,0.0,93,Vizag,13.5
2020-03-07 02:48,9192002,17.6615,83.6282,11.1,272,Vizag,13.5
2020-03-07 18:48,9192002,17.6096,83.3421,9.1,70,Vizag,14.2
2020-03-08 05:00,9192002,17.7048,83.0927,0.1,321,Vizag,13.2
2020-03-08 16:31,9192002,17.8018,83.1813,0.3,67,Vizag,13.5
2020-03-09 13:18,9192002,17.6678,83.2013,0.0,307,Vizag,14.1
2020-03-10 14:12,9192002,17.6774,83.2173,0.0,339,Vizag,13.8
2020-04-08 09:19,9231171,18.4119,83.5398,9.6,20,Vizag,13.3
2020-04-09 01:19,9231171,17.7067,83.4838,9.6,117,Vizag,13.4
2020-04-09 11:41,9231171,17.637,83.1075,0.7,358,Vizag,14.0
2020-04-10 12:52,9231171,17.6871,83.2294,0.0,297,Vizag,13.6
2020-04-11 13:03,9231171,17.6962,83.2143,0.0,270,Vizag,13.9
2020-03-28 02:08,9133209,17.8156,82.9802,10.9,19,Vizag,13.7
2020-03-28 18:08,9133209,17.7044,83.3292,10.9,158,Vizag,13.3
2020-03-29 03:15,9133209,17.8305,83.0979,0.3,313,Vizag,13.6
2020-03-30 06:18,9133209,17.6977,83.2124,0.0,175,Vizag,14.3
2020-03-31 03:33,9133209,17.6871,83.2299,0.0,335,Vizag,13.8
2020-04-04 07:18,9557549,17.6448,82.7838,9.8,13,Vizag,14.0
2020-04-04 23:18,9557549,17.7241,83.1508,11.2,148,Vizag,13.7
2020-04-05 09:12,9557549,17.577,83.0866,0.7,19,Vizag,13.5
2020-04-06 14:33,9557549,17.703,83.2094,0.0,29,Vizag,13.3
2020-04-07 14:08,9557549,17.6906,83.2141,0.0,16,Vizag,13.6
2020-04-26 09:06,9260565,17.07,83.7829,10.8,83,Vizag,13.9
2020-04-27 01:06,9260565,17.9042,83.1974,10.9,111,Vizag,13.1
2020-04-27 09:22,9260565,17.6945,83.1338,0.6,60,Vizag,13.1
2020-04-28 11:21,9260565,17.6835,83.2222,0.0,258,Vizag,13.9
2020-04-29 10:38,9260565,17.6998,83.2229,0.0,256,Vizag,14.1
2020-04-26 08:40,9260565,17.143,82.6186,10.3,36,Vizag,12.9
2020-04-27 00:40,9260565,17.7904,83.3476,10.8,322,Vizag,13.0
2020-04-27 09:22,9260565,17.7492,83.3163,0.8,205,Vizag,12.9
2020-04-28 11:48,9260565,17.702,83.2004,0.0,272,Vizag,14.0
2020-04-29 10:07,9260565,17.6883,83.234,0.0,116,Vizag,13.7
2020-05-04 16:26,9746054,17.8899,83.68,9.3,335,Vizag,13.6
2020-05-05 08:26,9746054,17.7059,83.0554,10.8,257,Vizag,13.4
2020-05-05 18:36,9746054,17.5653,83.2742,0.3,232,Vizag,14.0
2020-05-06 07:13,9746054,17.832,83.1127,0.7,193,Vizag,13.8
2020-05-07 00:50,9746054,17.6692,83.2312,0.0,102,Vizag,13.7
2020-05-08 01:44,9746054,17.6996,83.2322,0.0,8,Vizag,14.2
2020-04-21 04:45,9260565,17.2138,82.4521,13.0,203,Vizag,14.0
2020-04-21 20:45,9260565,17.5505,83.3531,10.7,177,Vizag,13.3
2020-04-22 05:04,9260565,17.5454,83.3411,0.4,349,Vizag,13.5
2020-04-23 07:55,9260565,17.6778,83.2073,0.0,228,Vizag,13.7
2020-04-24 06:22,9260565,17.6962,83.2005,0.0,125,Vizag,13.9
2020-05-27 07:09,9367188,17.7728,82.476,9.2,301,Vizag,13.2
2020-05-27 23:09,9367188,17.7965,83.1288,11.6,14,Vizag,13.1
2020-05-28 07:41,9367188,17.5983,83.3161,0.4,186,Vizag,13.4
2020-05-28 20:08,9367188,17.577,83.0687,0.1,295,Vizag,13.2
2020-05-29 20:54,9367188,17.7013,83.2206,0.0,8,Vizag,13.5
2020-05-30 21:23,9367188,17.6804,83.2232,0.0,119,Vizag,13.5
2020-06-04 11:22,9264511,17.0685,82.5996,10.6,153,Vizag,12.9
2020-06-05 03:22,9264511,17.4468,83.1357,9.4,49,Vizag,13.9
2020-06-05 13:28,9264511,17.8365,83.1282,0.3,146,Vizag,13.9
2020-06-06 17:04,9264511,17.6748,83.2369,0.0,52,Vizag,13.4
2020-06-07 20:04,9264511,17.688,83.2118,0.0,328,Vizag,13.5
2020-05-23 08:28,9785903,17.2195,82.4253,9.2,174,Vizag,13.9
2020-05-24 00:28,9785903,17.8532,83.4697,12.2,33,Vizag,13.2
2020-05-24 10:37,9785903,17.6201,83.1314,0.1,300,Vizag,14.3
2020-05-24 22:52,9785903,17.7318,83.3276,0.4,73,Vizag,13.3
2020-05-25 17:47,9785903,17.7014,83.2235,0.0,345,Vizag,14.1
2020-05-26 19:02,9785903,17.6798,83.2384,0.0,138,Vizag,13.8
2020-05-23 16:18,9874716,17.0219,83.6898,12.0,341,Vizag,13.1
2020-05-24 08:18,9874716,17.7762,83.3934,10.2,148,Vizag,13.9
2020-05-24 17:22,9874716,17.6019,83.2317,0.3,127,Vizag,14.1
2020-05-25 19:43,9874716,17.6916,83.2049,0.0,235,Vizag,13.8
2020-05-26 20:58,9874716,17.6847,83.2379,0.0,21,Vizag,14.4
2020-06-05 08:25,9260565,17.3638,82.4904,10.0,301,Vizag,12.9
2020-06-06 00:25,9260565,17.8339,83.0467,9.6,48,Vizag,13.3
2020-06-06 10:56,9260565,17.7968,83.3516,0.5,167,Vizag,13.8
2020-06-06 20:58,9260565,17.5591,83.2832,0.5,88,Vizag,14.2
2020-06-07 17:51,9260565,17.6688,83.2192,0.0,9,Vizag,13.9
2020-06-08 19:10,9260565,17.6995,83.221,0.0,327,Vizag,13.6
2020-06-01 08:41,9339563,17.6049,83.004,10.4,90,Vizag,13.5
2020-06-02 00:41,9339563,17.9109,82.9931,9.1,352,Vizag,13.2
2020-06-02 09:36,9339563,17.5481,83.2594,0.2,94,Vizag,12.9
2020-06-03 13:23,9339563,17.6703,83.2035,0.0,161,Vizag,13.5
2020-06-04 15:11,9339563,17.6999,83.2114,0.0,62,Vizag,14.0
2020-06-24 08:57,9874716,17.9349,83.8024,12.5,32,Vizag,14.4
2020-06-25 00:57,9874716,17.653,83.0759,11.2,339,Vizag,13.2
2020-06-25 09:20,9874716,17.7849,83.2204,0.5,341,Vizag,13.7
2020-06-25 22:50,9874716,17.7235,83.3579,0.5,31,Vizag,14.1
2020-06-26 10:59,9874716,17.5376,83.2754,0.0,33,Vizag,13.6
2020-06-27 10:09,9874716,17.6738,83.2237,0.0,99,Vizag,14.0
2020-06-28 10:09,9874716,17.6814,83.214,0.0,207,Vizag,14.0
2020-07-05 20:41,9746054,18.2255,82.7735,12.3,187,Vizag,13.3
2020-07-06 12:41,9746054,17.4991,83.1851,10.5,301,Vizag,12.8
2020-07-06 21:10,9746054,17.6873,83.2601,0.5,19,Vizag,13.8
2020-07-07 08:41,9746054,17.827,83.2834,0.6,166,Vizag,13.2
2020-07-07 22:50,9746054,17.8177,83.2234,0.3,306,Vizag,14.0
2020-07-08 21:15,9746054,17.6755,83.2104,0.0,50,Vizag,14.0
2020-07-09 20:54,9746054,17.6964,83.219,0.0,54,Vizag,13.7
2020-07-01 18:55,9174447,18.2169,83.3787,12.2,110,Vizag,13.8
2020-07-02 10:55,9174447,17.6503,83.0741,9.5,98,Vizag,13.1
2020-07-02 21:53,9174447,17.747,83.2128,0.6,351,Vizag,13.3
2020-07-03 09:27,9174447,17.5638,83.1156,0.0,173,Vizag,14.0
2020-07-03 19:40,9174447,17.7508,83.2133,0.6,117,Vizag,13.2
2020-07-04 20:29,9174447,17.6749,83.2124,0.0,310,Vizag,13.9
2020-07-05 20:08,9174447,17.7068,83.219,0.0,310,Vizag,13.5
2020-07-31 15:48,9404531,17.545,82.8693,10.7,266,Vizag,13.3
2020-08-01 07:48,9404531,17.6963,83.3363,10.2,285,Vizag,13.8
2020-08-01 17:43,9404531,17.5392,83.1147,0.6,135,Vizag,13.9
2020-08-02 04:30,9404531,17.5624,83.1079,0.5,38,Vizag,13.6
2020-08-02 17:29,9404531,17.6922,83.231,0.8,146,Vizag,13.9
2020-08-03 13:42,9404531,17.696,83.2286,0.0,69,Vizag,13.9
2020-08-04 14:00,9404531,17.671,83.2196,0.0,276,Vizag,13.7
2020-08-01 18:27,9638539,17.8692,82.8396,12.7,260,Vizag,13.8
2020-08-02 10:27,9638539,17.5254,83.1382,12.2,102,Vizag,13.5
2020-08-02 19:50,9638539,17.7016,83.2858,0.6,357,Vizag,13.4
2020-08-03 09:00,9638539,17.5739,83.1435,0.5,250,Vizag,12.9
2020-08-04 11:30,9638539,17.6779,83.2323,0.0,218,Vizag,13.6
2020-08-05 10:29,9638539,17.7027,83.2341,0.0,117,Vizag,13.5
2020-08-28 14:59,9725674,17.43,83.0473,11.7,199,Vizag,13.7
2020-08-29 06:59,9725674,17.924,83.0701,11.1,153,Vizag,14.1
2020-08-29 17:19,9725674,17.758,83.3483,0.2,2,Vizag,14.0
2020-08-30 05:26,9725674,17.804,83.0808,0.1,280,Vizag,13.9
2020-08-30 16:20,9725674,17.6265,83.2839,0.7,124,Vizag,13.3
2020-08-31 03:55,9725674,17.819,83.3555,0.2,299,Vizag,13.3
2020-08-31 23:59,9725674,17.6711,83.2366,0.0,120,Vizag,13.7
2020-09-01 22:29,9725674,17.6724,83.2053,0.0,315,Vizag,14.0
2020-08-21 09:37,9557549,17.28,82.8135,10.6,171,Vizag,13.2
2020-08-22 01:37,9557549,17.898,83.0084,11.9,260,Vizag,13.4
2020-08-22 12:27,9557549,17.8208,83.3085,0.4,164,Vizag,13.4
2020-08-22 21:57,9557549,17.6132,83.1825,0.1,320,Vizag,12.6
2020-08-24 02:17,9557549,17.7022,83.1987,0.0,159,Vizag,13.6
2020-08-25 00:26,9557549,17.6919,83.2108,0.0,151,Vizag,13.9
2020-08-21 10:51,9557549,18.4842,83.393,9.9,88,Vizag,12.9
2020-08-22 02:51,9557549,17.9251,83.3217,10.9,241,Vizag,13.7
2020-08-22 13:36,9557549,17.7079,83.2984,0.4,110,Vizag,13.2
2020-08-23 01:25,9557549,17.5626,83.3194,0.6,150,Vizag,14.0
2020-08-23 13:39,9557549,17.583,83.2107,0.5,122,Vizag,12.9
2020-08-24 07:52,9557549,17.6727,83.2242,0.0,172,Vizag,13.6
2020-08-25 06:07,9557549,17.7054,83.2296,0.0,170,Vizag,13.6
2020-09-27 05:49,9095119,17.6787,83.7775,9.4,222,Vizag,13.0
2020-09-27 21:49,9095119,17.5427,83.2928,11.8,114,Vizag,13.4
2020-09-28 07:36,9095119,17.7129,83.1419,0.1,173,Vizag,13.4
2020-09-28 17:58,9095119,17.5368,83.2298,0.0,67,Vizag,13.8
2020-09-29 19:59,9095119,17.6839,83.2251,0.0,343,Vizag,13.4
2020-09-30 20:32,9095119,17.7053,83.2212,0.0,273,Vizag,14.0
2020-10-01 13:01,9184777,17.004,83.1988,12.4,12,Vizag,13.7
2020-10-02 05:01,9184777,17.8411,83.2902,11.9,194,Vizag,13.5
2020-10-02 13:05,9184777,17.6645,83.1989,0.4,21,Vizag,12.9
2020-10-03 01:08,9184777,17.755,83.2945,0.3,348,Vizag,13.0
2020-10-03 14:10,9184777,17.7506,83.0765,0.6,60,Vizag,12.5
2020-10-04 13:37,9184777,17.6813,83.2245,0.0,344,Vizag,13.6
2020-10-05 13:37,9184777,17.6824,83.2231,0.0,81,Vizag,13.4
2020-09-26 03:43,9686782,17.6498,83.3241,10.7,133,Vizag,14.3
2020-09-26 19:43,9686782,17.7653,83.1504,9.7,121,Vizag,14.1
2020-09-27 04:02,9686782,17.6976,83.1308,0.5,53,Vizag,13.1
2020-09-27 17:52,9686782,17.678,83.2488,0.4,349,Vizag,13.5
2020-09-28 21:52,9686782,17.7035,83.2063,0.0,261,Vizag,14.3
2020-09-29 21:27,9686782,17.6805,83.2177,0.0,250,Vizag,13.8
2020-09-16 17:37,9174447,16.9696,83.2541,12.4,148,Vizag,14.0
2020-09-17 09:37,9174447,17.9054,83.1063,12.3,267,Vizag,13.0
2020-09-17 19:27,9174447,17.5587,83.0832,0.4,33,Vizag,12.9
2020-09-18 08:23,9174447,17.7375,83.1928,0.4,177,Vizag,13.4
2020-09-18 18:10,9174447,17.7484,83.2192,0.2,285,Vizag,13.9
2020-09-19 07:12,9174447,17.7247,83.179,0.4,72,Vizag,13.5
2020-09-20 05:28,9174447,17.691,83.2013,0.0,69,Vizag,13.6
2020-09-21 04:09,9174447,17.6876,83.2369,0.0,261,Vizag,13.8
2020-11-02 08:54,9231171,17.6874,83.7308,10.5,53,Vizag,13.1
2020-11-03 00:54,9231171,17.5165,83.3651,10.6,305,Vizag,13.7
2020-11-03 09:49,9231171,17.7497,83.1984,0.4,263,Vizag,13.5
2020-11-03 23:51,9231171,17.6189,83.3261,0.1,108,Vizag,13.6
2020-11-04 10:43,9231171,17.6079,83.2361,0.2,154,Vizag,13.2
2020-11-05 12:45,9231171,17.7052,83.2158,0.0,203,Vizag,13.8
2020-11-06 10:32,9231171,17.694,83.2302,0.0,113,Vizag,13.8
2020-10-17 08:15,9874716,18.412,83.7375,11.6,157,Vizag,13.5
2020-10-18 00:15,9874716,17.846,83.1262,9.7,162,Vizag,13.3
2020-10-18 09:28,9874716,17.5581,83.2913,0.7,123,Vizag,14.1
2020-10-18 20:54,9874716,17.7889,83.3057,0.5,64,Vizag,13.7
2020-10-19 11:11,9874716,17.7422,83.1826,0.0,299,Vizag,13.0
2020-10-20 13:58,9874716,17.6918,83.2072,0.0,241,Vizag,13.8
2020-10-21 14:55,9874716,17.6912,83.2369,0.0,271,Vizag,13.8
2020-11-03 20:24,9952378,17.5336,83.7643,10.2,13,Vizag,12.7
2020-11-04 12:24,9952378,17.7909,83.3464,11.1,7,Vizag,13.1
2020-11-04 23:00,9952378,17.8364,83.2588,0.4,224,Vizag,13.4
2020-11-05 09:54,9952378,17.5507,83.2195,0.7,238,Vizag,12.9
2020-11-06 07:21,9952378,17.676,83.2065,0.0,175,Vizag,13.6
2020-11-07 05:26,9952378,17.6708,83.2216,0.0,131,Vizag,13.8
2020-10-24 20:02,9952378,17.5871,83.4224,11.5,112,Vizag,13.6
2020-10-25 12:02,9952378,17.9239,83.3682,10.4,247,Vizag,13.8
2020-10-25 20:20,9952378,17.6304,83.1434,0.7,262,Vizag,12.8
2020-10-26 08:14,9952378,17.6809,83.3478,0.2,341,Vizag,13.1
2020-10-26 20:38,9952378,17.541,83.3206,0.5,57,Vizag,12.9
2020-10-28 02:23,9952378,17.6801,83.2166,0.0,349,Vizag,13.3
2020-10-29 03:46,9952378,17.7003,83.1993,0.0,344,Vizag,13.6
2020-11-17 01:24,9746054,17.2289,83.1849,10.7,242,Vizag,12.8
2020-11-17 17:24,9746054,17.4289,83.4408,9.1,19,Vizag,13.8
2020-11-18 03:25,9746054,17.6335,83.1022,0.4,186,Vizag,13.6
2020-11-18 14:43,9746054,17.7959,83.1917,0.7,354,Vizag,13.8
2020-11-19 03:52,9746054,17.627,83.2109,0.2,329,Vizag,14.0
2020-11-19 15:41,9746054,17.5937,83.0982,0.8,228,Vizag,14.1
2020-11-20 12:44,9746054,17.6772,83.2134,0.0,287,Vizag,14.0
2020-11-21 13:45,9746054,17.667,83.2223,0.0,210,Vizag,13.8
2020-11-28 00:29,9746054,18.3212,83.8561,12.7,107,Vizag,13.6
2020-11-28 16:29,9746054,17.7587,83.4502,10.7,336,Vizag,14.1
2020-11-29 03:11,9746054,17.697,83.3615,0.5,122,Vizag,14.1
2020-11-29 13:18,9746054,17.5966,83.161,0.2,211,Vizag,13.8
2020-11-30 03:13,9746054,17.7415,83.1739,0.8,245,Vizag,12.8
2020-12-01 05:51,9746054,17.6708,83.2215,0.0,349,Vizag,13.5
2020-12-02 07:00,9746054,17.6712,83.2305,0.0,250,Vizag,14.0
2020-11-30 10:31,9404531,17.0453,82.9883,11.6,43,Vizag,12.9
2020-12-01 02:31,9404531,17.9357,83.1824,12.6,270,Vizag,14.0
2020-12-01 10:43,9404531,17.5813,83.0776,0.5,325,Vizag,13.9
2020-12-01 23:36,9404531,17.5887,83.3076,0.0,16,Vizag,13.7
2020-12-02 11:35,9404531,17.5702,83.2683,0.5,308,Vizag,13.5
2020-12-03 00:56,9404531,17.7225,83.2986,0.2,17,Vizag,12.8
2020-12-03 13:03,9404531,17.8063,83.1186,0.1,111,Vizag,12.9
2020-12-04 14:17,9404531,17.692,83.2378,0.0,144,Vizag,13.9
2020-12-05 14:14,9404531,17.6894,83.1987,0.0,224,Vizag,13.9
2020-11-20 06:18,9184777,17.735,83.8685,9.4,133,Vizag,13.6
2020-11-20 22:18,9184777,17.9218,83.2321,11.5,238,Vizag,13.5
2020-11-21 07:43,9184777,17.7431,83.1138,0.5,8,Vizag,12.7
2020-11-21 19:14,9184777,17.7354,83.3524,0.3,112,Vizag,13.6
2020-11-22 06:30,9184777,17.5572,83.178,0.3,201,Vizag,12.8
2020-11-23 03:20,9184777,17.6814,83.2242,0.0,110,Vizag,13.4
2020-11-24 01:39,9184777,17.6672,83.2322,0.0,167,Vizag,13.6
2020-12-21 08:36,9151262,18.0152,83.7768,12.6,334,Vizag,12.6
2020-12-22 00:36,9151262,17.552,83.0409,9.9,314,Vizag,12.9
2020-12-22 10:09,9151262,17.6713,83.0931,0.7,98,Vizag,13.2
2020-12-22 23:33,9151262,17.7091,83.0923,0.4,171,Vizag,13.5
2020-12-24 04:27,9151262,17.7006,83.2257,0.0,348,Vizag,13.8
2020-12-25 05:50,9151262,17.7019,83.2132,0.0,149,Vizag,13.5
2020-12-19 07:25,9260565,17.7382,82.606,12.9,146,Vizag,13.0
2020-12-19 23:25,9260565,17.649,83.2441,11.9,244,Vizag,13.7
2020-12-20 07:59,9260565,17.7918,83.2538,0.1,313,Vizag,13.6
2020-12-20 19:48,9260565,17.5744,83.0703,0.5,305,Vizag,13.2
2020-12-21 07:31,9260565,17.709,83.2696,0.1,71,Vizag,13.3
2020-12-21 22:19,9260565,17.7631,83.2145,0.1,11,Vizag,13.8
2020-12-23 00:37,9260565,17.7028,83.2089,0.0,311,Vizag,13.9
2020-12-24 00:19,9260565,17.7014,83.2331,0.0,234,Vizag,14.1
2021-01-02 05:35,9746054,18.4131,82.6984,9.5,48,Vizag,13.8
2021-01-02 21:35,9746054,17.8008,83.1265,10.8,326,Vizag,12.9
2021-01-03 07:09,9746054,17.7128,83.1365,0.5,160,Vizag,13.0
2021-01-03 18:04,9746054,17.5443,83.2432,0.2,83,Vizag,13.9
2021-01-04 06:38,9746054,17.5512,83.2564,0.6,198,Vizag,13.2
2021-01-04 19:20,9746054,17.5848,83.1606,0.2,154,Vizag,13.2
2021-01-05 14:36,9746054,17.6878,83.1997,0.0,169,Vizag,13.5
2021-01-06 15:15,9746054,17.6939,83.234,0.0,312,Vizag,13.9
2021-01-15 14:34,9638539,17.1703,82.9853,12.3,301,Vizag,12.9
2021-01-16 06:34,9638539,17.445,83.1369,9.0,115,Vizag,13.7
2021-01-16 16:08,9638539,17.7363,83.1911,0.5,133,Vizag,13.8
2021-01-17 03:15,9638539,17.6363,83.1774,0.5,60,Vizag,13.9
2021-01-17 23:28,9638539,17.6797,83.1996,0.0,200,Vizag,13.9
2021-01-18 22:52,9638539,17.6798,83.2131,0.0,65,Vizag,13.2
2021-01-19 07:32,9557549,17.3383,83.1976,10.0,83,Vizag,13.3
2021-01-19 23:32,9557549,17.5347,83.0304,12.7,352,Vizag,13.9
2021-01-20 08:22,9557549,17.8207,83.1104,0.8,272,Vizag,13.6
2021-01-21 13:51,9557549,17.6877,83.2246,0.0,318,Vizag,13.4
2021-01-22 13:54,9557549,17.6837,83.2136,0.0,20,Vizag,13.6
2021-01-31 13:06,9192002,16.895,82.9914,11.7,141,Vizag,14.3
2021-02-01 05:06,9192002,17.4656,83.1084,10.7,217,Vizag,13.9
2021-02-01 15:36,9192002,17.6709,83.3489,0.5,22,Vizag,13.0
2021-02-02 03:10,9192002,17.6094,83.1017,0.7,215,Vizag,13.3
2021-02-03 02:38,9192002,17.7058,83.2189,0.0,326,Vizag,14.1
2021-02-04 04:33,9192002,17.6978,83.2371,0.0,301,Vizag,13.7
2021-01-19 03:37,9952378,17.342,83.846,10.6,253,Vizag,13.9
2021-01-19 19:37,9952378,17.4439,83.0454,11.7,33,Vizag,13.1
2021-01-20 06:30,9952378,17.7703,83.147,0.3,42,Vizag,12.9
2021-01-21 09:08,9952378,17.6929,83.225,0.0,295,Vizag,13.8
2021-01-22 08:17,9952378,17.6716,83.235,0.0,146,Vizag,13.5
2021-01-22 23:33,9842348,18.2397,83.1469,10.1,234,Vizag,14.3
2021-01-23 15:33,9842348,17.5438,83.1459,9.6,160,Vizag,13.3
2021-01-24 00:44,9842348,17.6125,83.1318,0.7,186,Vizag,13.1
2021-01-24 13:20,9842348,17.7777,83.1194,0.4,160,Vizag,13.7
2021-01-25 12:24,9842348,17.6895,83.2309,0.0,306,Vizag,14.0
2021-01-26 11:23,9842348,17.6776,83.2267,0.0,322,Vizag,13.9
2021-02-15 09:44,9260565,17.3653,83.318,12.1,261,Vizag,12.9
2021-02-16 01:44,9260565,17.5511,83.2088,12.6,283,Vizag,13.3
2021-02-16 11:41,9260565,17.6929,83.2994,0.0,46,Vizag,13.3
2021-02-17 14:34,9260565,17.6989,83.2007,0.0,38,Vizag,14.1
2021-02-18 11:41,9260565,17.6747,83.2233,0.0,93,Vizag,13.7
2021-02-28 19:37,9463594,17.5465,83.1765,11.5,229,Vizag,13.1
2021-03-01 11:37,9463594,17.569,83.2782,12.3,171,Vizag,13.4
2021-03-01 20:33,9463594,17.7939,83.137,0.0,13,Vizag,12.7
2021-03-02 10:10,9463594,17.7285,83.3281,0.2,319,Vizag,13.6
2021-03-03 06:14,9463594,17.6781,83.2183,0.0,317,Vizag,13.4
2021-03-04 06:35,9463594,17.7023,83.2379,0.0,89,Vizag,13.9
2021-02-27 01:02,9725674,17.2639,83.899,9.4,15,Vizag,13.6
2021-02-27 17:02,9725674,17.6687,83.0903,10.1,330,Vizag,14.1
2021-02-28 03:56,9725674,17.6223,83.3452,0.5,3,Vizag,14.0
2021-03-01 01:06,9725674,17.6905,83.2165,0.0,266,Vizag,13.9
2021-03-02 00:27,9725674,17.6941,83.203,0.0,42,Vizag,13.8
2021-02-20 17:49,9874716,17.7806,83.7099,12.0,333,Vizag,13.5
2021-02-21 09:49,9874716,17.5585,82.9819,9.9,196,Vizag,14.4
2021-02-21 20:05,9874716,17.7553,83.1862,0.3,269,Vizag,13.3
2021-02-23 02:19,9874716,17.6777,83.199,0.0,322,Vizag,14.4
2021-02-24 04:07,9874716,17.6696,83.218,0.0,321,Vizag,14.0
2021-03-30 15:56,9874716,17.1611,83.77,9.4,185,Vizag,14.2
2021-03-31 07:56,9874716,17.7081,83.3041,12.9,311,Vizag,13.4
2021-03-31 16:20,9874716,17.6284,83.1965,0.0,6,Vizag,13.4
2021-04-01 04:51,9874716,17.6524,83.245,0.5,152,Vizag,14.3
2021-04-02 04:30,9874716,17.6859,83.2065,0.0,346,Vizag,14.1
2021-04-03 02:39,9874716,17.6846,83.234,0.0,346,Vizag,14.0
2021-03-30 11:52,9260565,16.9728,83.8662,11.2,310,Vizag,12.9
2021-03-31 03:52,9260565,17.8565,83.2671,9.6,227,Vizag,13.0
2021-03-31 13:13,9260565,17.7054,83.166,0.7,139,Vizag,13.1
2021-04-01 02:19,9260565,17.8334,83.3,0.7,262,Vizag,13.4
2021-04-02 00:19,9260565,17.6775,83.2185,0.0,123,Vizag,13.6
2021-04-03 01:06,9260565,17.7024,83.1985,0.0,279,Vizag,13.8
2021-03-19 04:39,9231171,18.062,83.5461,10.9,25,Vizag,13.5
2021-03-19 20:39,9231171,17.943,83.4787,9.2,115,Vizag,13.9
2021-03-20 05:47,9231171,17.8168,83.3521,0.2,32,Vizag,13.5
2021-03-21 01:59,9231171,17.6721,83.2118,0.0,209,Vizag,13.7
2021-03-22 01:12,9231171,17.689,83.206,0.0,253,Vizag,13.7
2021-04-29 20:28,9260565,16.9323,83.057,10.8,352,Vizag,13.3
2021-04-30 12:28,9260565,17.4707,83.2375,12.1,238,Vizag,13.0
2021-04-30 20:29,9260565,17.7714,83.3051,0.8,45,Vizag,12.8
2021-05-02 02:30,9260565,17.7058,83.2071,0.0,199,Vizag,14.0
2021-05-03 02:55,9260565,17.6836,83.228,0.0,160,Vizag,14.1
2021-04-21 22:56,9231171,17.9914,83.8473,11.9,287,Vizag,14.0
2021-04-22 14:56,9231171,17.6394,83.3868,10.8,0,Vizag,13.7
2021-04-23 01:55,9231171,17.7291,83.0995,0.2,348,Vizag,14.0
2021-04-24 03:52,9231171,17.6861,83.2004,0.0,1,Vizag,13.8
2021-04-25 03:59,9231171,17.6892,83.2306,0.0,48,Vizag,13.5
2021-04-27 23:10,9638539,18.4126,83.6739,10.0,0,Vizag,13.9
2021-04-28 15:10,9638539,17.741,83.1868,12.0,173,Vizag,12.8
2021-04-29 00:47,9638539,17.7979,83.3171,0.3,200,Vizag,13.7
2021-04-29 11:56,9638539,17.575,83.2379,0.0,10,Vizag,13.3
2021-04-30 00:44,9638539,17.6562,83.1261,0.6,4,Vizag,13.2
2021-04-30 20:12,9638539,17.69,83.2305,0.0,309,Vizag,13.4
2021-05-01 18:31,9638539,17.6934,83.2101,0.0,294,Vizag,13.7
2021-05-01 16:01,9095119,17.9716,83.1264,11.8,141,Vizag,13.9
2021-05-02 08:01,9095119,17.4478,82.9755,11.7,20,Vizag,13.3
2021-05-02 16:50,9095119,17.6805,83.1692,0.2,140,Vizag,13.3
2021-05-03 19:32,9095119,17.6976,83.2241,0.0,179,Vizag,13.9
2021-05-04 21:23,9095119,17.6983,83.2207,0.0,352,Vizag,13.5
2021-04-29 14:54,9367188,16.9912,82.4595,9.6,72,Vizag,13.0
2021-04-30 06:54,9367188,17.7279,83.3179,11.1,324,Vizag,13.1
2021-04-30 15:07,9367188,17.7404,83.1468,0.2,75,Vizag,13.3
2021-05-01 18:10,9367188,17.6802,83.2374,0.0,132,Vizag,13.5
2021-05-02 20:49,9367188,17.699,83.2179,0.0,269,Vizag,13.6
2021-05-22 21:02,9686782,17.0494,82.8765,9.3,185,Vizag,13.3
2021-05-23 13:02,9686782,17.4348,83.1441,12.2,175,Vizag,13.4
2021-05-23 23:17,9686782,17.7081,83.2497,0.1,241,Vizag,14.4
2021-05-25 00:40,9686782,17.6674,83.2255,0.0,0,Vizag,13.9
2021-05-26 02:35,9686782,17.6973,83.2181,0.0,106,Vizag,14.0
2021-05-22 04:52,9260565,17.3132,82.7485,11.9,128,Vizag,13.4
2021-05-22 20:52,9260565,17.8746,83.1475,12.9,198,Vizag,14.0
2021-05-23 05:04,9260565,17.7349,83.0819,0.5,53,Vizag,13.6
2021-05-23 17:58,9260565,17.7744,83.3537,0.1,359,Vizag,13.0
2021-05-24 13:04,9260565,17.6998,83.2377,0.0,163,Vizag,13.6
2021-05-25 11:34,9260565,17.6703,83.2306,0.0,342,Vizag,13.9
2021-06-18 05:08,9260565,18.0833,83.4418,11.7,327,Vizag,13.7
2021-06-18 21:08,9260565,17.8006,83.2951,12.6,356,Vizag,13.0
2021-06-19 08:01,9260565,17.7018,83.171,0.4,61,Vizag,13.3
2021-06-19 17:39,9260565,17.7792,83.2326,0.4,117,Vizag,13.6
2021-06-20 19:05,9260565,17.6953,83.2137,0.0,276,Vizag,13.9
2021-06-21 18:40,9260565,17.6977,83.2168,0.0,54,Vizag,13.8
2021-07-02 02:05,9463594,18.4215,83.754,12.5,273,Vizag,13.6
2021-07-02 18:05,9463594,17.4301,83.3935,9.0,123,Vizag,13.1
2021-07-03 02:24,9463594,17.8118,83.1899,0.2,133,Vizag,13.8
2021-07-03 15:50,9463594,17.6656,83.2191,0.1,241,Vizag,13.4
2021-07-04 04:49,9463594,17.6535,83.3215,0.5,45,Vizag,12.9
2021-07-05 02:38,9463594,17.671,83.2046,0.0,276,Vizag,13.5
2021-07-06 02:49,9463594,17.6855,83.2019,0.0,187,Vizag,13.9
2021-07-31 07:23,9785903,18.3674,83.4091,9.4,138,Vizag,13.1
2021-07-31 23:23,9785903,17.6177,82.9665,11.2,246,Vizag,13.7
2021-08-01 09:11,9785903,17.8097,83.0892,0.2,215,Vizag,14.1
2021-08-01 20:14,9785903,17.6768,83.1519,0.7,80,Vizag,13.3
2021-08-02 10:09,9785903,17.7573,83.1425,0.5,58,Vizag,13.7
2021-08-02 19:50,9785903,17.5785,83.2535,0.1,265,Vizag,13.6
2021-08-03 18:23,9785903,17.6721,83.2036,0.0,186,Vizag,13.9
2021-08-04 18:05,9785903,17.671,83.2137,0.0,187,Vizag,14.3
2021-07-19 10:23,9367188,17.2884,82.7877,11.3,222,Vizag,12.7
2021-07-20 02:23,9367188,17.7371,83.2843,11.9,330,Vizag,13.7
2021-07-20 12:23,9367188,17.7143,83.2172,0.8,227,Vizag,13.4
2021-07-21 00:15,9367188,17.6242,83.0863,0.5,290,Vizag,13.2
2021-07-21 10:59,9367188,17.8158,83.2212,0.0,113,Vizag,14.0
2021-07-22 08:57,9367188,17.7037,83.2199,0.0,100,Vizag,13.9
2021-07-23 08:36,9367188,17.6867,83.2243,0.0,282,Vizag,13.9
2021-07-25 17:28,9264511,16.897,83.903,12.2,21,Vizag,13.1
2021-07-26 09:28,9264511,17.9396,83.1312,10.6,175,Vizag,14.0
2021-07-26 20:17,9264511,17.7478,83.2342,0.3,19,Vizag,13.4
2021-07-27 08:12,9264511,17.6095,83.1609,0.1,180,Vizag,13.0
2021-07-27 18:15,9264511,17.7323,83.3514,0.4,72,Vizag,13.6
2021-07-29 01:14,9264511,17.6962,83.213,0.0,220,Vizag,13.8
2021-07-30 02:59,9264511,17.6787,83.2076,0.0,288,Vizag,14.0
2021-07-16 15:11,9192002,17.0748,83.0013,12.7,280,Vizag,13.4
2021-07-17 07:11,9192002,17.8247,83.2739,10.3,163,Vizag,14.0
2021-07-17 16:10,9192002,17.548,83.2566,0.7,71,Vizag,12.9
2021-07-18 05:17,9192002,17.7054,83.2205,0.1,137,Vizag,14.0
2021-07-18 15:54,9192002,17.7069,83.2093,0.8,198,Vizag,13.2
2021-07-19 13:32,9192002,17.6917,83.2034,0.0,281,Vizag,14.3
2021-07-20 14:19,9192002,17.6955,83.2379,0.0,52,Vizag,13.8
2021-07-23 09:23,9462030,18.0335,83.1565,9.8,251,Vizag,14.1
2021-07-24 01:23,9462030,17.6797,83.4447,11.6,148,Vizag,13.5
2021-07-24 10:39,9462030,17.7506,83.2345,0.6,190,Vizag,13.7
2021-07-24 23:55,9462030,17.8154,83.2614,0.3,300,Vizag,14.1
2021-07-25 10:16,9462030,17.8346,83.2494,0.2,24,Vizag,13.6
2021-07-26 14:49,9462030,17.6961,83.2334,0.0,125,Vizag,13.7
2021-07-27 14:38,9462030,17.6734,83.1995,0.0,270,Vizag,13.7
2021-08-25 05:27,9842348,17.217,83.3768,10.0,258,Vizag,14.3
2021-08-25 21:27,9842348,17.4544,83.0295,11.5,160,Vizag,14.4
2021-08-26 07:02,9842348,17.7897,83.1895,0.5,11,Vizag,13.7
2021-08-26 20:26,9842348,17.5541,83.1293,0.7,263,Vizag,14.3
2021-08-27 05:52,9842348,17.716,83.3609,0.1,261,Vizag,13.9
2021-08-28 02:18,9842348,17.6785,83.224,0.0,63,Vizag,14.2
2021-08-29 03:41,9842348,17.6845,83.2052,0.0,25,Vizag,14.3
2021-08-26 18:34,9133209,18.1226,83.8144,9.8,277,Vizag,13.5
2021-08-27 10:34,9133209,17.7409,83.0436,9.9,88,Vizag,13.0
2021-08-27 18:47,9133209,17.7501,83.2105,0.7,168,Vizag,14.2
2021-08-28 06:51,9133209,17.6071,83.114,0.0,302,Vizag,13.5
2021-08-28 18:55,9133209,17.6571,83.2696,0.1,255,Vizag,13.4
2021-08-29 15:42,9133209,17.6866,83.1986,0.0,48,Vizag,13.9
2021-08-30 15:31,9133209,17.6709,83.2311,0.0,257,Vizag,14.0
2021-08-26 09:56,9339563,18.0172,82.6016,12.3,38,Vizag,14.1
2021-08-27 01:56,9339563,17.5214,83.1092,10.6,341,Vizag,13.2
2021-08-27 09:59,9339563,17.8216,83.159,0.7,134,Vizag,13.4
2021-08-28 00:26,9339563,17.7564,83.3082,0.1,204,Vizag,13.0
2021-08-28 10:50,9339563,17.5732,83.2735,0.2,120,Vizag,13.2
2021-08-29 17:45,9339563,17.6713,83.2238,0.0,333,Vizag,13.7
2021-08-30 18:06,9339563,17.6748,83.2152,0.0,117,Vizag,13.7
2021-08-17 02:57,9874716,17.0868,82.8987,12.9,67,Vizag,13.1
2021-08-17 18:57,9874716,17.5841,83.3379,9.5,79,Vizag,13.7
2021-08-18 05:01,9874716,17.6639,83.3539,0.0,164,Vizag,13.4
2021-08-18 17:07,9874716,17.5934,83.2216,0.1,89,Vizag,13.4
2021-08-19 20:30,9874716,17.6988,83.2288,0.0,162,Vizag,13.8
2021-08-20 19:11,9874716,17.6986,83.2121,0.0,83,Vizag,14.1
2021-09-21 14:36,9638539,17.791,83.6112,10.1,273,Vizag,13.8
2021-09-22 06:36,9638539,17.9086,83.0521,9.9,117,Vizag,13.7
2021-09-22 14:55,9638539,17.5631,83.3544,0.2,138,Vizag,13.1
2021-09-23 03:47,9638539,17.5512,83.3427,0.3,247,Vizag,13.8
2021-09-24 07:02,9638539,17.679,83.214,0.0,117,Vizag,13.5
2021-09-25 07:09,9638539,17.7023,83.2031,0.0,66,Vizag,13.2
2021-09-16 06:26,9559190,17.0622,83.3583,12.1,288,Vizag,14.0
2021-09-16 22:26,9559190,17.9,83.3005,9.9,281,Vizag,14.2
2021-09-17 07:02,9559190,17.5762,83.2229,0.6,160,Vizag,13.3
2021-09-18 11:20,9559190,17.6707,83.199,0.0,197,Vizag,13.8
2021-09-19 13:26,9559190,17.6936,83.2112,0.0,339,Vizag,14.3
2021-09-11 14:38,9557549,18.3087,82.5628,12.6,164,Vizag,13.2
2021-09-12 06:38,9557549,17.8958,83.3732,9.7,141,Vizag,13.5
2021-09-12 16:47,9557549,17.6072,83.3269,0.4,234,Vizag,13.3
2021-09-13 03:08,9557549,17.6527,83.0921,0.7,347,Vizag,13.0
2021-09-13 16:05,9557549,17.6517,83.3206,0.4,267,Vizag,13.6
2021-09-14 13:18,9557549,17.6864,83.2236,0.0,284,Vizag,13.8
2021-09-15 14:27,9557549,17.6999,83.2257,0.0,146,Vizag,13.9
2021-10-11 07:40,9231171,17.6459,83.6456,11.1,201,Vizag,13.3
2021-10-11 23:40,9231171,17.88,83.1198,12.6,53,Vizag,14.2
2021-10-12 08:39,9231171,17.7862,83.3081,0.4,286,Vizag,12.8
2021-10-12 22:24,9231171,17.8036,83.1034,0.8,200,Vizag,13.2
2021-10-13 08:50,9231171,17.7518,83.1095,0.2,167,Vizag,13.3
2021-10-14 11:16,9231171,17.6752,83.2034,0.0,9,Vizag,13.6
2021-10-15 11:16,9231171,17.697,83.217,0.0,150,Vizag,14.2
2021-10-21 12:28,9952378,18.1477,83.3883,9.1,48,Vizag,13.3
2021-10-22 04:28,9952378,17.9081,83.147,12.3,88,Vizag,12.7
2021-10-22 13:30,9952378,17.8367,83.0693,0.7,283,Vizag,13.1
2021-10-23 01:13,9952378,17.6993,83.1715,0.2,133,Vizag,13.7
2021-10-23 14:49,9952378,17.7247,83.1327,0.5,256,Vizag,12.7
2021-10-24 02:34,9952378,17.7551,83.2387,0.7,289,Vizag,12.7
2021-10-25 06:35,9952378,17.6875,83.2112,0.0,130,Vizag,13.9
2021-10-26 05:26,9952378,17.6802,83.2256,0.0,38,Vizag,13.6
2021-10-20 01:03,9264511,18.151,83.0825,12.6,144,Vizag,14.0
2021-10-20 17:03,9264511,17.5667,83.0484,9.7,342,Vizag,13.9
2021-10-21 01:04,9264511,17.7493,83.2093,0.3,177,Vizag,12.7
2021-10-21 15:40,9264511,17.6767,83.1301,0.5,211,Vizag,14.0
2021-10-22 02:55,9264511,17.6293,83.1972,0.1,287,Vizag,13.4
2021-10-22 13:14,9264511,17.7472,83.1858,0.3,44,Vizag,13.0
2021-10-23 14:48,9264511,17.6899,83.2077,0.0,82,Vizag,13.6
2021-10-24 14:59,9264511,17.6994,83.2062,0.0,320,Vizag,13.8
2021-10-28 05:20,9559190,17.4866,83.6842,9.4,235,Vizag,13.8
2021-10-28 21:20,9559190,17.7471,83.28,10.0,269,Vizag,14.4
2021-10-29 08:13,9559190,17.6128,83.1123,0.7,318,Vizag,14.0
2021-10-29 19:23,9559190,17.5546,83.3605,0.2,138,Vizag,13.5
2021-10-30 07:48,9559190,17.8249,83.2819,0.4,206,Vizag,13.1
2021-10-30 19:19,9559190,17.5661,83.1992,0.8,110,Vizag,13.1
2021-10-31 21:39,9559190,17.6935,83.2133,0.0,340,Vizag,14.0
2021-11-01 22:54,9559190,17.6781,83.2127,0.0,244,Vizag,14.4
2021-11-11 01:25,9264511,17.83,83.1936,12.1,244,Vizag,12.7
2021-11-11 17:25,9264511,17.8852,83.2598,9.9,123,Vizag,12.8
2021-11-12 01:36,9264511,17.7164,83.076,0.4,193,Vizag,12.9
2021-11-12 13:47,9264511,17.5825,83.1633,0.8,36,Vizag,13.0
2021-11-13 01:48,9264511,17.7081,83.2334,0.1,296,Vizag,13.5
2021-11-13 15:12,9264511,17.6505,83.2686,0.1,4,Vizag,13.2
2021-11-14 15:27,9264511,17.6815,83.2226,0.0,91,Vizag,13.9
2021-11-15 16:10,9264511,17.6951,83.219,0.0,145,Vizag,13.8
2021-11-20 04:03,9725674,17.1794,83.1292,9.3,183,Vizag,13.4
2021-11-20 20:03,9725674,17.675,83.1928,10.5,284,Vizag,12.9
2021-11-21 06:42,9725674,17.6159,83.0975,0.5,86,Vizag,12.8
2021-11-21 17:48,9725674,17.7746,83.1653,0.6,345,Vizag,13.8
2021-11-22 05:00,9725674,17.8222,83.339,0.0,317,Vizag,14.1
2021-11-23 09:46,9725674,17.6954,83.2172,0.0,111,Vizag,13.8
2021-11-24 09:13,9725674,17.6834,83.2355,0.0,79,Vizag,14.0
2021-11-13 23:18,9842348,17.8569,83.6586,11.8,252,Vizag,14.3
2021-11-14 15:18,9842348,17.9282,83.4763,12.3,264,Vizag,13.8
2021-11-14 23:45,9842348,17.5906,83.3529,0.2,126,Vizag,14.1
2021-11-15 11:36,9842348,17.6188,83.0885,0.5,41,Vizag,13.3
2021-11-16 00:06,9842348,17.6507,83.3121,0.7,30,Vizag,14.5
2021-11-16 13:46,9842348,17.6565,83.1419,0.1,280,Vizag,13.1
2021-11-17 09:12,9842348,17.692,83.2216,0.0,33,Vizag,13.9
2021-11-18 10:42,9842348,17.7038,83.2019,0.0,54,Vizag,14.4
2021-11-23 18:01,9557549,18.1977,83.1418,9.9,315,Vizag,13.2
2021-11-24 10:01,9557549,17.9136,83.2709,12.3,337,Vizag,13.1
2021-11-24 20:30,9557549,17.5687,83.0949,0.2,262,Vizag,13.6
2021-11-25 07:04,9557549,17.7414,83.3332,0.6,352,Vizag,13.6
2021-11-25 19:36,9557549,17.5656,83.1792,0.7,227,Vizag,13.4
2021-11-26 20:55,9557549,17.6879,83.2022,0.0,33,Vizag,13.8
2021-11-27 19:25,9557549,17.6993,83.2027,0.0,343,Vizag,13.3
2021-12-12 23:55,9151262,18.3503,83.683,9.5,165,Vizag,12.9
2021-12-13 15:55,9151262,17.8233,83.4692,10.1,138,Vizag,12.7
2021-12-14 02:09,9151262,17.634,83.3531,0.8,159,Vizag,13.5
2021-12-14 13:26,9151262,17.537,83.2728,0.3,65,Vizag,13.4
2021-12-15 02:01,9151262,17.7868,83.2531,0.5,65,Vizag,13.3
2021-12-15 20:49,9151262,17.6791,83.2306,0.0,232,Vizag,13.6
2021-12-16 22:55,9151262,17.6697,83.2045,0.0,338,Vizag,13.4
2021-12-25 15:24,9874716,17.6141,82.7939,12.8,246,Vizag,14.4
2021-12-26 07:24,9874716,17.9169,83.4201,9.2,229,Vizag,14.0
2021-12-26 16:44,9874716,17.7265,83.1926,0.0,314,Vizag,13.4
2021-12-27 04:16,9874716,17.6955,83.1148,0.7,336,Vizag,13.6
2021-12-28 07:32,9874716,17.6685,83.2171,0.0,196,Vizag,14.3
2021-12-29 07:03,9874716,17.7024,83.2181,0.0,209,Vizag,14.0
2021-12-23 21:04,9785903,18.4039,83.4591,9.1,208,Vizag,14.1
2021-12-24 13:04,9785903,17.8449,83.3273,11.3,250,Vizag,14.2
2021-12-24 23:35,9785903,17.7478,83.2928,0.4,290,Vizag,13.5
2021-12-25 09:36,9785903,17.6553,83.2872,0.1,288,Vizag,14.2
2021-12-25 22:01,9785903,17.6911,83.1483,0.8,285,Vizag,14.1
2021-12-27 00:11,9785903,17.6836,83.2202,0.0,2,Vizag,13.7
2021-12-28 01:26,9785903,17.683,83.2198,0.0,276,Vizag,13.7
2022-01-23 09:54,9151262,17.2402,82.8008,11.8,160,Vizag,12.8
2022-01-24 01:54,9151262,17.8425,83.3436,12.2,142,Vizag,13.0
2022-01-24 12:43,9151262,17.6799,83.2226,0.7,81,Vizag,13.8
2022-01-24 22:56,9151262,17.646,83.3334,0.1,333,Vizag,12.5
2022-01-25 20:36,9151262,17.7008,83.2257,0.0,260,Vizag,13.5
2022-01-26 19:06,9151262,17.6796,83.2037,0.0,29,Vizag,13.7
2022-01-18 09:34,9184777,17.7647,83.1187,9.1,86,Vizag,13.6
2022-01-19 01:34,9184777,17.5034,83.0613,10.6,48,Vizag,13.1
2022-01-19 10:23,9184777,17.7993,83.2784,0.5,143,Vizag,13.5
2022-01-20 15:05,9184777,17.7066,83.21,0.0,226,Vizag,13.2
2022-01-21 15:08,9184777,17.6789,83.2327,0.0,298,Vizag,13.8
2022-01-24 13:30,9559190,18.3968,82.7111,11.5,42,Vizag,14.1
2022-01-25 05:30,9559190,17.9131,83.1201,12.0,160,Vizag,14.2
2022-01-25 16:13,9559190,17.6182,83.1389,0.2,195,Vizag,13.3
2022-01-26 01:57,9559190,17.7098,83.3205,0.6,232,Vizag,13.9
2022-01-27 00:07,9559190,17.6742,83.2133,0.0,200,Vizag,14.1
2022-01-28 00:46,9559190,17.685,83.2343,0.0,89,Vizag,14.3
2022-02-21 19:13,9260565,18.1273,83.8408,12.4,308,Vizag,13.4
2022-02-22 11:13,9260565,17.7728,83.0367,9.5,2,Vizag,13.4
2022-02-22 20:18,9260565,17.656,83.2462,0.5,76,Vizag,13.8
2022-02-23 18:58,9260565,17.7005,83.2318,0.0,325,Vizag,13.8
2022-02-24 19:27,9260565,17.6718,83.2185,0.0,119,Vizag,13.9
2022-02-13 12:10,9842348,17.9841,83.726,10.4,86,Vizag,13.9
2022-02-14 04:10,9842348,17.4466,83.34,12.0,237,Vizag,14.4
2022-02-14 12:43,9842348,17.7706,83.1382,0.8,220,Vizag,14.3
2022-02-15 16:55,9842348,17.6889,83.202,0.0,10,Vizag,14.3
2022-02-16 15:00,9842348,17.6877,83.2116,0.0,317,Vizag,14.0
2022-02-13 10:55,9260565,18.0888,83.0011,10.4,308,Vizag,14.1
2022-02-14 02:55,9260565,17.699,83.3765,10.2,194,Vizag,13.1
2022-02-14 12:04,9260565,17.5462,83.3206,0.7,146,Vizag,13.2
2022-02-15 01:29,9260565,17.7467,83.1948,0.3,203,Vizag,13.1
2022-02-16 04:49,9260565,17.6906,83.2292,0.0,63,Vizag,14.1
2022-02-17 04:49,9260565,17.6823,83.2071,0.0,337,Vizag,13.5
2022-02-27 11:43,9874716,17.1604,83.44,9.2,235,Vizag,13.3
2022-02-28 03:43,9874716,17.8497,83.0415,11.1,54,Vizag,13.5
2022-02-28 13:27,9874716,17.591,83.1876,0.8,351,Vizag,14.2
2022-03-01 11:09,9874716,17.6946,83.216,0.0,291,Vizag,14.0
2022-03-02 11:34,9874716,17.6859,83.2166,0.0,341,Vizag,13.9
2022-03-21 11:53,9725674,17.4104,82.566,10.7,259,Vizag,13.4
2022-03-22 03:53,9725674,17.9505,83.0095,12.9,17,Vizag,13.6
2022-03-22 14:04,9725674,17.5464,83.1039,0.0,283,Vizag,13.9
2022-03-23 17:03,9725674,17.6692,83.2289,0.0,60,Vizag,13.4
2022-03-24 17:18,9725674,17.6947,83.2341,0.0,162,Vizag,13.8
2022-03-24 17:24,9260565,18.0632,82.9231,13.0,295,Vizag,13.0
2022-03-25 09:24,9260565,17.4233,83.2937,10.5,9,Vizag,13.0
2022-03-25 18:17,9260565,17.7404,83.3586,0.7,288,Vizag,13.0
2022-03-27 01:04,9260565,17.6845,83.2329,0.0,106,Vizag,14.0
2022-03-28 01:55,9260565,17.6812,83.2347,0.0,21,Vizag,14.2
2022-03-11 19:36,9725674,18.1621,82.8679,11.5,343,Vizag,12.9
2022-03-12 11:36,9725674,17.8618,83.2435,11.8,74,Vizag,12.9
2022-03-12 21:50,9725674,17.8351,83.3095,0.7,352,Vizag,12.8
2022-03-14 02:10,9725674,17.6913,83.228,0.0,290,Vizag,13.6
2022-03-15 01:13,9725674,17.7041,83.21,0.0,225,Vizag,13.9
2022-04-28 19:21,9746054,17.4999,82.7812,10.7,61,Vizag,13.5
2022-04-29 11:21,9746054,17.6653,83.1389,11.0,53,Vizag,12.8
2022-04-29 21:49,9746054,17.7752,83.3075,0.1,80,Vizag,13.3
2022-04-30 23:34,9746054,17.702,83.2015,0.0,218,Vizag,13.7
2022-05-02 00:13,9746054,17.6683,83.2032,0.0,218,Vizag,13.8
2022-04-19 20:05,9874716,17.7503,83.4274,12.6,326,Vizag,13.9
2022-04-20 12:05,9874716,17.6115,83.451,11.2,49,Vizag,14.0
2022-04-20 22:18,9874716,17.7606,83.0755,0.0,257,Vizag,14.1
2022-04-22 00:54,9874716,17.7021,83.2279,0.0,173,Vizag,14.2
2022-04-22 23:45,9874716,17.667,83.232,0.0,323,Vizag,13.9
2022-04-14 21:32,9404531,17.9913,83.6285,11.0,44,Vizag,14.1
2022-04-15 13:32,9404531,17.7828,83.4816,12.9,358,Vizag,13.8
2022-04-15 23:20,9404531,17.591,83.1206,0.5,117,Vizag,14.2
2022-04-16 18:20,9404531,17.688,83.2239,0.0,175,Vizag,13.9
2022-04-17 19:14,9404531,17.6839,83.2295,0.0,26,Vizag,13.9
2022-05-14 10:29,9367188,17.3026,83.3943,10.7,305,Vizag,13.8
2022-05-15 02:29,9367188,17.5376,83.1439,12.0,110,Vizag,13.1
2022-05-15 13:24,9367188,17.569,83.144,0.1,67,Vizag,12.7
2022-05-15 22:49,9367188,17.5471,83.1748,0.7,221,Vizag,13.4
2022-05-16 23:11,9367188,17.692,83.2191,0.0,166,Vizag,13.4
2022-05-18 01:17,9367188,17.6773,83.2291,0.0,1,Vizag,13.5
2022-05-24 02:03,9874716,16.9939,83.4712,10.5,164,Vizag,13.7
2022-05-24 18:03,9874716,17.8146,83.1545,10.8,169,Vizag,14.0
2022-05-25 04:02,9874716,17.7657,83.236,0.6,323,Vizag,13.9
2022-05-25 16:38,9874716,17.6583,83.1015,0.6,77,Vizag,14.2
2022-05-26 15:24,9874716,17.6935,83.2265,0.0,270,Vizag,13.8
2022-05-27 15:17,9874716,17.6735,83.2072,0.0,15,Vizag,13.8
2022-05-28 12:33,9260565,17.8588,83.7602,12.9,244,Vizag,13.7
2022-05-29 04:33,9260565,17.921,83.223,11.7,64,Vizag,13.6
2022-05-29 14:07,9260565,17.5779,83.1835,0.8,201,Vizag,14.2
2022-05-30 03:32,9260565,17.6047,83.0919,0.3,358,Vizag,13.4
2022-05-31 05:15,9260565,17.6762,83.2183,0.0,308,Vizag,13.7
2022-06-01 03:27,9260565,17.6699,83.2268,0.0,11,Vizag,13.6
2022-05-25 05:06,9404531,18.1688,82.43,12.2,162,Vizag,14.1
2022-05-25 21:06,9404531,17.6572,83.3971,12.6,192,Vizag,13.8
2022-05-26 07:17,9404531,17.5598,83.17,0.0,247,Vizag,13.0
2022-05-26 19:59,9404531,17.5496,83.1682,0.8,204,Vizag,12.9
2022-05-27 15:43,9404531,17.6747,83.219,0.0,5,Vizag,14.2
2022-05-28 16:04,9404531,17.696,83.2258,0.0,144,Vizag,13.7
2022-05-12 20:27,9725674,18.1324,83.5076,12.2,131,Vizag,13.6
2022-05-13 12:27,9725674,17.8578,83.2322,10.7,261,Vizag,13.9
2022-05-13 22:55,9725674,17.7387,83.1676,0.3,46,Vizag,13.2
2022-05-14 09:09,9725674,17.5614,83.1787,0.5,39,Vizag,12.8
2022-05-15 11:03,9725674,17.6998,83.2249,0.0,268,Vizag,14.0
2022-05-16 12:33,9725674,17.6845,83.2267,0.0,256,Vizag,13.8
2022-06-19 21:29,9462030,17.22,84.0057,10.7,316,Vizag,12.9
2022-06-20 13:29,9462030,17.5168,83.0716,11.3,76,Vizag,12.9
2022-06-21 00:09,9462030,17.5747,83.3294,0.8,57,Vizag,13.3
2022-06-21 10:56,9462030,17.8319,83.2788,0.1,46,Vizag,12.8
2022-06-21 21:56,9462030,17.548,83.2241,0.4,129,Vizag,13.6
2022-06-23 04:13,9462030,17.6705,83.2019,0.0,353,Vizag,13.9
2022-06-24 03:08,9462030,17.6692,83.2065,0.0,145,Vizag,13.6
2022-06-19 05:49,9462030,17.6077,83.8063,10.4,277,Vizag,12.9
2022-06-19 21:49,9462030,17.9196,83.02,10.6,270,Vizag,13.6
2022-06-20 08:36,9462030,17.7241,83.1269,0.7,269,Vizag,13.8
2022-06-20 19:26,9462030,17.7258,83.271,0.4,101,Vizag,13.6
2022-06-21 07:24,9462030,17.7266,83.2347,0.4,144,Vizag,13.5
2022-06-21 18:55,9462030,17.7828,83.1596,0.3,352,Vizag,12.8
2022-06-22 06:36,9462030,17.5664,83.2143,0.4,178,Vizag,14.2
2022-06-23 01:31,9462030,17.6975,83.2269,0.0,42,Vizag,13.7
2022-06-23 23:25,9462030,17.6789,83.2215,0.0,269,Vizag,13.9
2022-06-20 10:43,9133209,17.245,83.1291,10.3,4,Vizag,13.5
2022-06-21 02:43,9133209,17.9097,83.4464,12.9,276,Vizag,14.1
2022-06-21 12:26,9133209,17.7334,83.2356,0.4,227,Vizag,13.7
2022-06-22 00:19,9133209,17.774,83.1219,0.3,153,Vizag,13.7
2022-06-22 10:59,9133209,17.7974,83.0982,0.8,193,Vizag,13.6
2022-06-23 14:56,9133209,17.6755,83.2259,0.0,14,Vizag,13.9
2022-06-24 16:11,9133209,17.674,83.2276,0.0,182,Vizag,14.0
2022-06-12 09:21,9231171,18.4523,82.9585,10.9,2,Vizag,13.2
2022-06-13 01:21,9231171,17.4892,83.1797,9.5,86,Vizag,13.3
2022-06-13 12:10,9231171,17.7758,83.2007,0.1,200,Vizag,13.6
2022-06-13 23:04,9231171,17.6783,83.243,0.5,53,Vizag,13.0
2022-06-14 10:47,9231171,17.6258,83.1877,0.4,151,Vizag,12.9
2022-06-15 13:19,9231171,17.6876,83.2028,0.0,312,Vizag,13.9
2022-06-16 12:22,9231171,17.6948,83.2265,0.0,190,Vizag,13.6
2022-07-09 17:45,9260565,17.9826,82.4317,9.7,185,Vizag,13.8
2022-07-10 09:45,9260565,17.8121,83.258,10.1,210,Vizag,13.3
2022-07-10 19:36,9260565,17.8226,83.2455,0.8,144,Vizag,13.9
2022-07-11 07:35,9260565,17.676,83.1916,0.6,116,Vizag,13.1
2022-07-11 18:53,9260565,17.6528,83.3586,0.7,79,Vizag,13.9
2022-07-12 13:27,9260565,17.6676,83.2362,0.0,313,Vizag,14.2
2022-07-13 11:21,9260565,17.6868,83.2208,0.0,76,Vizag,13.6
2022-07-17 11:09,9874716,16.8888,82.5755,11.6,102,Vizag,13.1
2022-07-18 03:09,9874716,17.9252,83.1865,9.2,107,Vizag,13.9
2022-07-18 13:53,9874716,17.7012,83.3258,0.1,160,Vizag,13.4
2022-07-19 01:35,9874716,17.6342,83.2005,0.6,175,Vizag,13.3
2022-07-19 21:25,9874716,17.6925,83.2169,0.0,181,Vizag,13.8
2022-07-20 20:46,9874716,17.7026,83.1999,0.0,226,Vizag,14.0
2022-08-19 01:24,9559190,18.1749,82.5726,12.5,243,Vizag,14.0
2022-08-19 17:24,9559190,17.7137,83.4056,9.7,136,Vizag,14.1
2022-08-20 02:09,9559190,17.5828,83.2198,0.0,96,Vizag,13.1
2022-08-20 16:15,9559190,17.7254,83.1356,0.7,82,Vizag,13.9
2022-08-21 03:05,9559190,17.6409,83.3191,0.6,2,Vizag,13.9
2022-08-21 23:08,9559190,17.6815,83.2297,0.0,244,Vizag,14.4
2022-08-22 23:51,9559190,17.6973,83.2247,0.0,285,Vizag,13.8
2022-08-24 20:22,9184777,18.1289,83.6081,10.3,76,Vizag,12.9
2022-08-25 12:22,9184777,17.8454,83.0672,12.7,104,Vizag,12.6
2022-08-25 22:34,9184777,17.7731,83.2073,0.4,194,Vizag,12.9
2022-08-26 09:57,9184777,17.7565,83.241,0.7,110,Vizag,12.5
2022-08-26 20:39,9184777,17.7745,83.2564,0.1,286,Vizag,13.4
2022-08-27 23:13,9184777,17.6825,83.2379,0.0,251,Vizag,13.7
2022-08-28 23:42,9184777,17.6864,83.2243,0.0,237,Vizag,13.6
2022-08-11 09:08,9952378,17.1947,83.2246,9.1,345,Vizag,14.0
2022-08-12 01:08,9952378,17.903,83.3249,9.6,115,Vizag,13.8
2022-08-12 10:06,9952378,17.6975,83.1984,0.2,354,Vizag,13.1
2022-08-12 21:09,9952378,17.7152,83.2475,0.0,164,Vizag,12.9
2022-08-13 10:09,9952378,17.7625,83.2389,0.1,245,Vizag,13.1
2022-08-14 09:22,9952378,17.705,83.2255,0.0,296,Vizag,13.7
2022-08-15 10:23,9952378,17.7022,83.2099,0.0,103,Vizag,13.8
2022-08-07 06:48,9559190,17.0107,82.4207,12.6,280,Vizag,14.0
2022-08-07 22:48,9559190,17.5587,83.2228,11.8,115,Vizag,13.5
2022-08-08 07:27,9559190,17.6481,83.0962,0.3,150,Vizag,14.0
2022-08-08 18:55,9559190,17.61,83.3315,0.3,339,Vizag,13.8
2022-08-09 09:14,9559190,17.666,83.3496,0.3,344,Vizag,13.1
2022-08-10 10:30,9559190,17.6963,83.2316,0.0,174,Vizag,14.2
2022-08-11 09:18,9559190,17.6713,83.2273,0.0,139,Vizag,13.7
2022-09-12 10:18,9231171,17.0068,82.7858,11.1,0,Vizag,13.7
2022-09-13 02:18,9231171,17.91,83.0228,11.8,260,Vizag,13.0
2022-09-13 12:29,9231171,17.8077,83.1292,0.7,326,Vizag,14.1
2022-09-13 23:28,9231171,17.6743,83.0692,0.1,357,Vizag,13.0
2022-09-14 11:42,9231171,17.8321,83.2377,0.1,83,Vizag,12.9
2022-09-14 23:33,9231171,17.7897,83.1994,0.0,358,Vizag,14.0
2022-09-15 12:11,9231171,17.8156,83.2127,0.3,197,Vizag,14.0
2022-09-16 01:13,9231171,17.8285,83.2902,0.3,101,Vizag,13.2
2022-09-16 20:45,9231171,17.672,83.2123,0.0,73,Vizag,13.7
2022-09-17 22:08,9231171,17.7015,83.202,0.0,274,Vizag,14.0
2022-09-24 21:45,9557549,17.4437,83.5494,10.8,225,Vizag,13.5
2022-09-25 13:45,9557549,17.9289,83.155,9.6,6,Vizag,13.4
2022-09-26 00:40,9557549,17.5682,83.1153,0.2,252,Vizag,12.9
2022-09-26 09:51,9557549,17.6224,83.2885,0.1,101,Vizag,13.4
2022-09-26 23:33,9557549,17.7172,83.1851,0.3,243,Vizag,13.7
2022-09-27 23:30,9557549,17.6827,83.2137,0.0,261,Vizag,13.9
2022-09-28 21:35,9557549,17.6968,83.2365,0.0,262,Vizag,13.8
2022-09-25 09:07,9638539,17.2697,82.4805,9.1,252,Vizag,13.6
2022-09-26 01:07,9638539,17.8798,83.1503,9.5,112,Vizag,13.1
2022-09-26 11:40,9638539,17.6753,83.3178,0.4,3,Vizag,13.4
2022-09-26 22:04,9638539,17.5439,83.1799,0.4,43,Vizag,13.2
2022-09-27 10:53,9638539,17.5389,83.2446,0.8,274,Vizag,12.8
2022-09-27 23:00,9638539,17.6505,83.2427,0.1,74,Vizag,13.7
2022-09-29 00:55,9638539,17.6825,83.2016,0.0,11,Vizag,13.6
2022-09-29 23:07,9638539,17.6768,83.2093,0.0,242,Vizag,13.5
2022-09-13 21:09,9260565,18.1657,83.9924,10.6,346,Vizag,13.4
2022-09-14 13:09,9260565,17.7736,83.2074,12.9,162,Vizag,14.0
2022-09-14 22:12,9260565,17.6805,83.3255,0.2,349,Vizag,14.0
2022-09-15 11:48,9260565,17.5715,83.3265,0.1,83,Vizag,13.1
2022-09-15 21:52,9260565,17.6469,83.3591,0.3,346,Vizag,12.9
2022-09-16 09:32,9260565,17.7271,83.1368,0.3,292,Vizag,13.4
2022-09-17 17:18,9260565,17.6787,83.2284,0.0,322,Vizag,13.9
2022-09-18 18:05,9260565,17.7052,83.1994,0.0,212,Vizag,14.0
2022-09-17 22:47,9339563,17.3792,82.4727,12.2,161,Vizag,13.3
2022-09-18 14:47,9339563,17.5625,82.9719,9.6,102,Vizag,14.1
2022-09-19 01:01,9339563,17.7398,83.1073,0.2,216,Vizag,12.8
2022-09-19 11:41,9339563,17.584,83.1055,0.4,195,Vizag,13.3
2022-09-20 10:26,9339563,17.6672,83.2156,0.0,82,Vizag,13.7
2022-09-21 12:07,9339563,17.6686,83.216,0.0,83,Vizag,14.2
2022-09-17 20:28,9746054,17.068,83.9248,11.8,258,Vizag,14.1
2022-09-18 12:28,9746054,17.7347,83.444,9.2,110,Vizag,13.4
2022-09-18 22:20,9746054,17.5589,83.3569,0.5,178,Vizag,14.2
2022-09-19 09:08,9746054,17.6347,83.0753,0.7,9,Vizag,13.6
2022-09-19 20:44,9746054,17.7682,83.3154,0.3,7,Vizag,13.4
2022-09-20 18:54,9746054,17.6973,83.201,0.0,199,Vizag,14.1
2022-09-21 20:13,9746054,17.6772,83.2335,0.0,11,Vizag,13.5
2022-10-06 13:32,9174447,17.0729,83.5089,9.9,235,Vizag,14.1
2022-10-07 05:32,9174447,17.8276,83.2439,9.7,326,Vizag,13.5
2022-10-07 14:41,9174447,17.6205,83.3398,0.7,12,Vizag,13.6
2022-10-08 04:13,9174447,17.6243,83.342,0.0,207,Vizag,13.8
2022-10-08 16:15,9174447,17.5833,83.3475,0.1,197,Vizag,13.1
2022-10-09 14:29,9174447,17.6804,83.2021,0.0,162,Vizag,13.6
2022-10-10 16:46,9174447,17.6952,83.2079,0.0,204,Vizag,13.8
2022-10-12 21:33,9785903,17.327,83.2003,11.6,146,Vizag,14.0
2022-10-13 13:33,9785903,17.6184,83.4478,10.3,30,Vizag,13.4
2022-10-13 23:48,9785903,17.7318,83.3456,0.0,132,Vizag,13.9
2022-10-14 11:31,9785903,17.5748,83.3488,0.6,197,Vizag,13.2
2022-10-14 23:59,9785903,17.7251,83.1586,0.6,334,Vizag,13.8
2022-10-15 10:05,9785903,17.6401,83.1963,0.8,350,Vizag,13.0
2022-10-16 09:37,9785903,17.6859,83.2353,0.0,329,Vizag,14.0
2022-10-17 12:34,9785903,17.6925,83.2204,0.0,316,Vizag,14.0
2022-10-18 14:48,9725674,17.2449,82.8281,10.9,314,Vizag,13.9
2022-10-19 06:48,9725674,17.4271,83.0196,11.4,316,Vizag,13.3
2022-10-19 16:18,9725674,17.7351,83.2531,0.5,275,Vizag,13.9
2022-10-20 04:56,9725674,17.5818,83.2249,0.4,165,Vizag,13.9
2022-10-20 15:47,9725674,17.561,83.215,0.2,4,Vizag,14.1
2022-10-21 04:36,9725674,17.7438,83.1964,0.3,169,Vizag,14.1
2022-10-21 22:48,9725674,17.6825,83.2146,0.0,69,Vizag,13.6
2022-10-22 22:30,9725674,17.6963,83.2088,0.0,283,Vizag,14.1
2022-11-09 01:33,9952378,18.0923,83.1914,11.1,41,Vizag,13.7
2022-11-09 17:33,9952378,17.636,83.4801,10.5,203,Vizag,13.9
2022-11-10 03:13,9952378,17.8005,83.1596,0.4,101,Vizag,13.0
2022-11-10 15:13,9952378,17.7985,83.2602,0.4,179,Vizag,12.6
2022-11-11 01:33,9952378,17.7117,83.3055,0.5,249,Vizag,13.6
2022-11-11 14:39,9952378,17.5658,83.2364,0.7,217,Vizag,13.4
2022-11-12 20:41,9952378,17.6942,83.2243,0.0,260,Vizag,13.7
2022-11-13 18:42,9952378,17.6841,83.2067,0.0,315,Vizag,13.7
2022-11-14 00:13,9842348,17.9624,82.499,11.9,5,Vizag,13.1
2022-11-14 16:13,9842348,17.7126,83.3523,9.7,240,Vizag,13.7
2022-11-15 01:18,9842348,17.5563,83.117,0.3,304,Vizag,13.3
2022-11-15 14:28,9842348,17.6739,83.1595,0.6,267,Vizag,14.0
2022-11-16 02:24,9842348,17.7805,83.3454,0.6,145,Vizag,13.3
2022-11-16 12:58,9842348,17.7705,83.116,0.5,256,Vizag,13.3
2022-11-17 08:46,9842348,17.675,83.2357,0.0,255,Vizag,13.9
2022-11-18 08:21,9842348,17.7048,83.2081,0.0,322,Vizag,14.3
2022-11-12 11:22,9557549,18.3958,83.4132,12.6,265,Vizag,13.7
2022-11-13 03:22,9557549,17.6351,83.2532,11.8,240,Vizag,13.1
2022-11-13 12:43,9557549,17.6211,83.1897,0.3,87,Vizag,13.1
2022-11-14 00:44,9557549,17.6548,83.2468,0.2,356,Vizag,13.4
2022-11-14 12:42,9557549,17.6483,83.2863,0.5,73,Vizag,13.7
2022-11-15 16:11,9557549,17.6921,83.2303,0.0,197,Vizag,13.5
2022-11-16 15:56,9557549,17.6737,83.2361,0.0,175,Vizag,13.8
2022-12-10 23:00,9367188,17.9071,82.735,10.3,333,Vizag,13.0
2022-12-11 15:00,9367188,17.7192,83.0115,9.3,286,Vizag,13.9
2022-12-12 00:55,9367188,17.5801,83.3199,0.7,326,Vizag,12.9
2022-12-12 11:43,9367188,17.7073,83.3596,0.1,262,Vizag,13.3
2022-12-13 01:09,9367188,17.5895,83.107,0.7,92,Vizag,13.2
2022-12-13 21:32,9367188,17.6974,83.2331,0.0,194,Vizag,13.4
2022-12-14 21:03,9367188,17.6948,83.2146,0.0,85,Vizag,13.6
2022-12-22 11:29,9952378,18.0448,82.423,12.6,103,Vizag,13.9
2022-12-23 03:29,9952378,17.6066,83.0809,10.4,130,Vizag,13.7
2022-12-23 14:22,9952378,17.8046,83.137,0.6,338,Vizag,13.3
2022-12-24 00:20,9952378,17.7287,83.222,0.0,237,Vizag,13.6
2022-12-24 12:57,9952378,17.7998,83.3349,0.6,242,Vizag,13.9
2022-12-25 00:08,9952378,17.6066,83.2254,0.3,39,Vizag,13.8
2022-12-25 13:02,9952378,17.6279,83.2341,0.7,12,Vizag,13.6
2022-12-26 00:18,9952378,17.7723,83.2582,0.4,274,Vizag,12.8
2022-12-26 21:44,9952378,17.6742,83.2018,0.0,345,Vizag,13.9
2022-12-27 22:49,9952378,17.7046,83.2057,0.0,265,Vizag,13.9
2023-01-06 06:31,9260565,18.1748,83.587,12.5,79,Vizag,13.2
2023-01-06 22:31,9260565,17.8281,83.316,12.6,344,Vizag,13.4
2023-01-07 06:36,9260565,17.6372,83.2662,0.0,11,Vizag,13.0
2023-01-08 12:31,9260565,17.6923,83.2057,0.0,84,Vizag,13.5
2023-01-09 10:07,9260565,17.7062,83.2068,0.0,163,Vizag,13.8
2023-01-05 03:41,9174447,18.3449,83.0845,12.2,349,Vizag,12.8
2023-01-05 19:41,9174447,17.7117,83.293,12.6,74,Vizag,14.0
2023-01-06 04:31,9174447,17.6942,83.2981,0.7,164,Vizag,13.8
2023-01-07 11:33,9174447,17.6672,83.2102,0.0,267,Vizag,13.4
2023-01-08 13:54,9174447,17.6832,83.2035,0.0,109,Vizag,13.4
2023-01-13 02:43,9952378,18.4102,83.8355,11.4,108,Vizag,12.8
2023-01-13 18:43,9952378,17.6378,83.3567,11.3,70,Vizag,12.6
2023-01-14 05:34,9952378,17.6394,83.2238,0.2,53,Vizag,12.7
2023-01-14 17:20,9952378,17.7235,83.2824,0.6,128,Vizag,13.5
2023-01-15 12:04,9952378,17.7027,83.2185,0.0,270,Vizag,13.6
2023-01-16 12:15,9952378,17.6817,83.2112,0.0,18,Vizag,13.3
2023-01-11 05:38,9746054,17.1848,83.3748,9.2,266,Vizag,13.7
2023-01-11 21:38,9746054,17.8634,83.2138,9.1,67,Vizag,12.8
2023-01-12 06:22,9746054,17.6563,83.2743,0.2,298,Vizag,14.1
2023-01-13 09:48,9746054,17.7064,83.2044,0.0,146,Vizag,13.9
2023-01-14 10:03,9746054,17.706,83.1992,0.0,93,Vizag,13.7
2023-02-14 03:19,9785903,18.2253,82.8606,12.2,118,Vizag,13.5
2023-02-14 19:19,9785903,17.7174,83.285,9.3,109,Vizag,13.8
2023-02-15 05:32,9785903,17.7495,83.2013,0.4,254,Vizag,13.6
2023-02-16 06:49,9785903,17.7054,83.2186,0.0,98,Vizag,14.0
2023-02-17 07:25,9785903,17.6805,83.207,0.0,14,Vizag,14.1
2023-02-14 16:37,9133209,17.9561,84.0008,9.4,214,Vizag,14.1
2023-02-15 08:37,9133209,17.5272,83.2662,11.9,57,Vizag,13.4
2023-02-15 17:15,9133209,17.602,83.2057,0.4,213,Vizag,13.2
2023-02-16 15:34,9133209,17.6854,83.2381,0.0,173,Vizag,13.9
2023-02-17 14:15,9133209,17.6839,83.2339,0.0,121,Vizag,14.3
2023-02-14 13:58,9746054,17.4798,83.493,11.9,133,Vizag,13.6
2023-02-15 05:58,9746054,17.7422,83.3663,9.3,250,Vizag,13.8
2023-02-15 15:49,9746054,17.8337,83.2192,0.1,348,Vizag,13.3
2023-02-16 04:22,9746054,17.6122,83.2032,0.6,80,Vizag,13.3
2023-02-17 07:32,9746054,17.6737,83.2315,0.0,356,Vizag,13.5
2023-02-18 09:35,9746054,17.7049,83.229,0.0,60,Vizag,14.1
2023-02-18 17:01,9557549,18.4858,83.4231,12.9,28,Vizag,13.9
2023-02-19 09:01,9557549,17.9275,83.3463,11.0,113,Vizag,12.9
2023-02-19 19:44,9557549,17.7491,83.21,0.4,3,Vizag,13.2
2023-02-20 21:47,9557549,17.6836,83.2148,0.0,32,Vizag,13.9
2023-02-21 22:56,9557549,17.67,83.2046,0.0,127,Vizag,13.8
2023-03-16 00:39,9264511,17.6962,83.4739,9.1,321,Vizag,14.0
2023-03-16 16:39,9264511,17.6294,83.0325,13.0,82,Vizag,12.9
2023-03-17 01:46,9264511,17.8107,83.2992,0.6,182,Vizag,13.1
2023-03-17 13:00,9264511,17.6628,83.0942,0.5,54,Vizag,13.9
2023-03-18 10:48,9264511,17.6731,83.2028,0.0,321,Vizag,13.9
2023-03-19 09:47,9264511,17.67,83.2261,0.0,122,Vizag,13.6
2023-03-09 14:02,9404531,16.9591,82.5037,10.2,186,Vizag,13.9
2023-03-10 06:02,9404531,17.5679,83.133,9.9,26,Vizag,13.9
2023-03-10 16:01,9404531,17.6439,83.3421,0.1,288,Vizag,13.0
2023-03-11 02:27,9404531,17.7038,83.2396,0.6,76,Vizag,13.5
2023-03-12 02:16,9404531,17.6734,83.2181,0.0,180,Vizag,13.9
2023-03-13 02:23,9404531,17.6776,83.2117,0.0,292,Vizag,14.1
2023-03-14 22:20,9231171,18.3228,83.8132,11.2,41,Vizag,13.4
2023-03-15 14:20,9231171,17.836,83.4203,12.3,183,Vizag,13.5
2023-03-15 22:45,9231171,17.7266,83.1301,0.7,32,Vizag,13.5
2023-03-17 04:40,9231171,17.6892,83.2224,0.0,181,Vizag,13.7
2023-03-18 03:35,9231171,17.6832,83.2269,0.0,324,Vizag,14.0
2023-03-11 11:47,9785903,17.6289,83.7084,9.3,57,Vizag,13.4
2023-03-12 03:47,9785903,17.6774,83.0825,9.4,318,Vizag,14.0
2023-03-13 08:24,9785903,17.6919,83.2381,0.0,243,Vizag,14.3
2023-03-14 10:33,9785903,17.6805,83.2143,0.0,199,Vizag,13.7
2023-03-11 18:02,9746054,17.5834,82.9764,10.8,39,Vizag,14.0
2023-03-12 10:02,9746054,17.4876,83.2346,11.2,61,Vizag,13.1
2023-03-12 18:09,9746054,17.8168,83.1526,0.2,109,Vizag,13.2
2023-03-14 00:11,9746054,17.6737,83.2361,0.0,65,Vizag,13.8
2023-03-15 01:34,9746054,17.6765,83.2195,0.0,139,Vizag,13.8
2023-04-08 06:04,9231171,16.9162,82.7971,10.8,173,Vizag,13.0
2023-04-08 22:04,9231171,17.5682,82.9636,10.1,11,Vizag,12.8
2023-04-09 07:37,9231171,17.5798,83.081,0.2,199,Vizag,13.1
2023-04-09 20:32,9231171,17.6104,83.1701,0.5,17,Vizag,13.7
2023-04-10 18:41,9231171,17.6818,83.2067,0.0,11,Vizag,13.9
2023-04-11 16:38,9231171,17.6799,83.2182,0.0,69,Vizag,13.9
2023-04-17 15:23,9746054,17.1722,82.6689,9.2,66,Vizag,13.4
2023-04-18 07:23,9746054,17.6797,83.2662,12.2,251,Vizag,14.0
2023-04-18 18:00,9746054,17.6689,83.3588,0.3,324,Vizag,13.0
2023-04-19 14:57,9746054,17.7025,83.2019,0.0,148,Vizag,13.8
2023-04-20 14:54,9746054,17.6825,83.2363,0.0,226,Vizag,13.5
2023-04-05 15:49,9404531,17.8151,83.084,10.8,335,Vizag,13.7
2023-04-06 07:49,9404531,17.6786,83.1945,11.8,198,Vizag,14.1
2023-04-06 17:06,9404531,17.7736,83.3046,0.6,20,Vizag,13.1
2023-04-07 04:49,9404531,17.7728,83.1617,0.6,50,Vizag,14.0
2023-04-08 09:31,9404531,17.7059,83.209,0.0,254,Vizag,14.1
2023-04-09 11:19,9404531,17.7042,83.2326,0.0,304,Vizag,14.0
2023-04-22 19:07,9184777,17.7167,82.6451,9.0,162,Vizag,13.6
2023-04-23 11:07,9184777,17.5185,83.1145,10.5,251,Vizag,13.4
2023-04-23 19:25,9184777,17.7707,83.2045,0.8,116,Vizag,12.6
2023-04-24 09:07,9184777,17.6675,83.1745,0.6,351,Vizag,12.9
2023-04-25 03:39,9184777,17.6976,83.2323,0.0,141,Vizag,13.7
2023-04-26 03:28,9184777,17.7024,83.2379,0.0,28,Vizag,13.3
2023-05-15 07:50,9367188,17.2439,82.5074,9.3,146,Vizag,13.2
2023-05-15 23:50,9367188,17.8568,83.1491,10.8,138,Vizag,13.5
2023-05-16 08:19,9367188,17.538,83.2902,0.7,127,Vizag,13.3
2023-05-16 22:16,9367188,17.6052,83.1291,0.1,352,Vizag,13.9
2023-05-17 21:52,9367188,17.6813,83.1991,0.0,83,Vizag,14.0
2023-05-19 00:23,9367188,17.6829,83.225,0.0,39,Vizag,13.9
2023-05-09 21:24,9557549,18.0009,82.7476,11.6,224,Vizag,13.6
2023-05-10 13:24,9557549,17.9503,83.424,12.5,150,Vizag,12.8
2023-05-10 23:18,9557549,17.7791,83.249,0.1,356,Vizag,13.9
2023-05-11 10:27,9557549,17.8116,83.2982,0.4,273,Vizag,12.7
2023-05-12 08:12,9557549,17.678,83.2277,0.0,125,Vizag,13.8
2023-05-13 09:24,9557549,17.6679,83.2014,0.0,342,Vizag,13.3
2023-05-14 14:58,9557549,17.8187,82.8277,9.5,20,Vizag,13.5
2023-05-15 06:58,9557549,17.4918,83.3263,11.8,233,Vizag,12.6
2023-05-15 15:57,9557549,17.798,83.1552,0.3,275,Vizag,12.7
2023-05-16 03:58,9557549,17.8165,83.273,0.3,133,Vizag,13.4
2023-05-17 01:29,9557549,17.7014,83.2199,0.0,153,Vizag,13.7
2023-05-18 03:20,9557549,17.6842,83.2087,0.0,179,Vizag,13.8
2023-05-13 20:14,9686782,17.594,82.7217,12.0,96,Vizag,14.1
2023-05-14 12:14,9686782,17.4575,83.0278,10.2,274,Vizag,14.3
2023-05-14 22:14,9686782,17.832,83.0794,0.1,326,Vizag,14.0
2023-05-15 08:59,9686782,17.5996,83.1805,0.7,114,Vizag,14.0
2023-05-16 12:51,9686782,17.6722,83.2012,0.0,36,Vizag,14.2
2023-05-17 14:24,9686782,17.7004,83.2314,0.0,285,Vizag,14.0
2023-05-06 13:04,9874716,18.1968,83.3458,9.0,61,Vizag,14.1
2023-05-07 05:04,9874716,17.7007,83.2032,11.4,317,Vizag,13.9
2023-05-07 13:25,9874716,17.7213,83.1085,0.1,286,Vizag,13.1
2023-05-08 02:35,9874716,17.5675,83.1907,0.5,46,Vizag,13.9
2023-05-08 13:51,9874716,17.7683,83.2373,0.6,142,Vizag,13.0
2023-05-09 08:41,9874716,17.6813,83.2188,0.0,224,Vizag,14.0
2023-05-10 07:14,9874716,17.6962,83.1995,0.0,276,Vizag,13.8
2023-06-22 16:00,9686782,17.1041,83.337,9.8,286,Vizag,13.6
2023-06-23 08:00,9686782,17.6857,83.0569,12.3,124,Vizag,13.3
2023-06-23 17:14,9686782,17.7111,83.096,0.1,195,Vizag,13.3
2023-06-24 04:08,9686782,17.7388,83.1993,0.1,131,Vizag,14.1
2023-06-24 18:20,9686782,17.7798,83.1998,0.0,203,Vizag,13.2
2023-06-25 13:44,9686782,17.6694,83.2317,0.0,28,Vizag,13.9
2023-06-26 15:39,9686782,17.6726,83.2346,0.0,24,Vizag,14.0
2023-06-18 03:57,9874716,18.0416,83.7355,12.6,208,Vizag,14.4
2023-06-18 19:57,9874716,17.544,83.0343,9.6,66,Vizag,13.8
2023-06-19 05:06,9874716,17.5716,83.1196,0.6,185,Vizag,13.5
2023-06-19 17:13,9874716,17.8156,83.3099,0.7,190,Vizag,13.3
2023-06-20 05:54,9874716,17.5738,83.0815,0.3,274,Vizag,14.3
2023-06-20 18:33,9874716,17.7725,83.1224,0.5,133,Vizag,13.7
2023-06-21 17:15,9874716,17.7063,83.2228,0.0,211,Vizag,14.1
2023-06-22 15:27,9874716,17.7045,83.2075,0.0,250,Vizag,14.2
2023-06-17 06:16,9874716,17.1744,83.8372,11.9,214,Vizag,14.0
2023-06-17 22:16,9874716,17.742,83.3842,9.8,334,Vizag,13.1
2023-06-18 09:08,9874716,17.7235,83.3252,0.3,267,Vizag,13.8
2023-06-18 19:58,9874716,17.5462,83.3388,0.5,312,Vizag,14.0
2023-06-20 00:40,9874716,17.667,83.2318,0.0,341,Vizag,14.4
2023-06-20 23:46,9874716,17.6903,83.2233,0.0,140,Vizag,13.9
2023-07-18 05:03,9367188,18.1605,82.7465,9.9,117,Vizag,13.8
2023-07-18 21:03,9367188,17.6864,83.3593,10.3,109,Vizag,13.3
2023-07-19 06:54,9367188,17.7029,83.3552,0.8,28,Vizag,13.6
2023-07-19 18:37,9367188,17.6084,83.1126,0.7,262,Vizag,13.3
2023-07-20 21:01,9367188,17.6871,83.2086,0.0,130,Vizag,13.4
2023-07-21 19:46,9367188,17.6866,83.2149,0.0,285,Vizag,13.9
2023-07-14 06:53,9151262,17.6861,83.9945,9.8,96,Vizag,13.1
2023-07-14 22:53,9151262,17.7791,83.2293,11.2,31,Vizag,13.6
2023-07-15 07:30,9151262,17.5806,83.2359,0.1,211,Vizag,12.6
2023-07-15 19:11,9151262,17.609,83.1502,0.4,128,Vizag,12.7
2023-07-16 09:12,9151262,17.6194,83.2515,0.7,96,Vizag,13.7
2023-07-17 08:54,9151262,17.701,83.2152,0.0,55,Vizag,13.8
2023-07-18 08:03,9151262,17.7033,83.2198,0.0,250,Vizag,13.2
2023-08-03 23:16,9192002,17.2307,83.8308,10.9,345,Vizag,13.6
2023-08-04 15:16,9192002,17.4631,83.3387,10.9,160,Vizag,13.5
2023-08-05 02:09,9192002,17.8359,83.0944,0.4,113,Vizag,13.1
2023-08-05 11:52,9192002,17.7251,83.3003,0.3,329,Vizag,13.0
2023-08-06 01:28,9192002,17.5497,83.2207,0.5,159,Vizag,13.0
2023-08-06 13:04,9192002,17.6654,83.2079,0.6,162,Vizag,13.3
2023-08-07 00:06,9192002,17.5606,83.3543,0.8,282,Vizag,12.9
2023-08-08 05:47,9192002,17.6993,83.2344,0.0,341,Vizag,14.1
2023-08-09 07:38,9192002,17.6779,83.2357,0.0,151,Vizag,14.0
2023-08-08 01:32,9725674,18.1709,82.764,11.5,351,Vizag,13.5
2023-08-08 17:32,9725674,17.6591,83.4727,9.9,60,Vizag,13.6
2023-08-09 02:56,9725674,17.7627,83.3403,0.7,299,Vizag,12.8
2023-08-09 15:33,9725674,17.6329,83.2575,0.4,26,Vizag,13.6
2023-08-10 04:08,9725674,17.5576,83.0982,0.7,1,Vizag,12.8
2023-08-10 16:09,9725674,17.5552,83.2701,0.1,323,Vizag,13.5
2023-08-11 11:17,9725674,17.7058,83.2355,0.0,130,Vizag,13.7
2023-08-12 09:22,9725674,17.6976,83.2075,0.0,154,Vizag,13.7
2023-08-04 04:07,9404531,17.2311,83.328,11.7,194,Vizag,13.6
2023-08-04 20:07,9404531,17.5363,83.3259,9.3,142,Vizag,13.5
2023-08-05 06:36,9404531,17.6451,83.0811,0.8,331,Vizag,13.5
2023-08-05 19:02,9404531,17.6131,83.2768,0.6,319,Vizag,13.5
2023-08-06 06:39,9404531,17.7031,83.319,0.2,248,Vizag,13.1
2023-08-07 08:53,9404531,17.6932,83.1995,0.0,280,Vizag,13.9
2023-08-08 09:08,9404531,17.6903,83.2036,0.0,197,Vizag,13.5
2023-08-20 15:16,9746054,16.9695,83.2425,9.7,311,Vizag,13.0
2023-08-21 07:16,9746054,17.6848,83.0886,12.7,5,Vizag,14.2
2023-08-21 17:12,9746054,17.5535,83.1924,0.4,70,Vizag,13.7
2023-08-22 04:31,9746054,17.6129,83.1627,0.3,92,Vizag,14.1
2023-08-22 17:07,9746054,17.7394,83.0816,0.2,238,Vizag,13.5
2023-08-23 16:08,9746054,17.6703,83.2009,0.0,335,Vizag,14.1
2023-08-24 16:59,9746054,17.6945,83.2004,0.0,285,Vizag,14.1
2023-09-17 02:48,9264511,18.27,83.7579,13.0,130,Vizag,13.3
2023-09-17 18:48,9264511,17.6912,83.3094,11.4,247,Vizag,13.9
2023-09-18 05:32,9264511,17.7112,83.283,0.0,295,Vizag,12.9
2023-09-18 15:57,9264511,17.8341,83.3175,0.0,321,Vizag,13.3
2023-09-19 18:51,9264511,17.6817,83.2156,0.0,284,Vizag,13.6
2023-09-20 21:26,9264511,17.6865,83.2052,0.0,243,Vizag,14.0
2023-09-13 10:55,9133209,17.4039,82.8865,12.6,259,Vizag,14.4
2023-09-14 02:55,9133209,17.7058,83.0548,12.1,55,Vizag,13.2
2023-09-14 13:22,9133209,17.697,83.1015,0.1,328,Vizag,13.7
2023-09-15 01:00,9133209,17.6848,83.0991,0.1,38,Vizag,13.4
2023-09-15 21:20,9133209,17.6829,83.2299,0.0,105,Vizag,14.1
2023-09-16 18:23,9133209,17.6987,83.2132,0.0,66,Vizag,13.7
2023-09-16 17:55,9686782,17.3652,83.7114,12.0,246,Vizag,13.8
2023-09-17 09:55,9686782,17.7058,83.2549,12.4,140,Vizag,13.2
2023-09-17 19:45,9686782,17.7346,83.2659,0.6,105,Vizag,13.5
2023-09-18 06:55,9686782,17.5616,83.3299,0.2,267,Vizag,13.1
2023-09-18 18:25,9686782,17.7593,83.2329,0.3,50,Vizag,14.3
2023-09-19 16:26,9686782,17.7036,83.2281,0.0,246,Vizag,14.3
2023-09-20 17:41,9686782,17.7054,83.2015,0.0,313,Vizag,14.2
2023-09-07 15:38,9785903,18.3221,83.0887,10.9,166,Vizag,13.8
2023-09-08 07:38,9785903,17.4482,83.0321,12.4,279,Vizag,13.1
2023-09-08 17:49,9785903,17.7416,83.2064,0.7,339,Vizag,13.1
2023-09-09 05:54,9785903,17.6798,83.2351,0.5,77,Vizag,13.1
2023-09-10 09:32,9785903,17.692,83.2065,0.0,297,Vizag,13.9
2023-09-11 11:38,9785903,17.6926,83.214,0.0,313,Vizag,14.0
2023-10-10 20:56,9686782,17.2895,83.7322,11.9,39,Vizag,13.4
2023-10-11 12:56,9686782,17.7747,83.4064,12.1,202,Vizag,13.5
2023-10-11 22:17,9686782,17.728,83.2369,0.5,327,Vizag,13.8
2023-10-12 09:01,9686782,17.7347,83.1309,0.6,329,Vizag,14.0
2023-10-12 21:26,9686782,17.6566,83.1174,0.7,143,Vizag,13.6
2023-10-13 08:58,9686782,17.7817,83.3342,0.4,358,Vizag,14.4
2023-10-14 05:29,9686782,17.6759,83.2159,0.0,279,Vizag,13.9
2023-10-15 06:34,9686782,17.6754,83.2173,0.0,172,Vizag,13.9
2023-10-13 05:16,9151262,17.5102,82.9204,10.9,10,Vizag,13.8
2023-10-13 21:16,9151262,17.4586,83.2627,12.4,8,Vizag,12.9
2023-10-14 06:49,9151262,17.7743,83.1388,0.2,149,Vizag,13.0
2023-10-14 18:36,9151262,17.6961,83.1785,0.1,37,Vizag,12.9
2023-10-15 07:28,9151262,17.5804,83.1782,0.6,206,Vizag,13.2
2023-10-16 04:38,9151262,17.6891,83.2358,0.0,46,Vizag,13.7
2023-10-17 04:35,9151262,17.6758,83.2177,0.0,27,Vizag,13.3
2023-10-18 20:33,9367188,17.6777,82.5815,11.3,310,Vizag,13.7
2023-10-19 12:33,9367188,17.4792,82.9966,12.3,327,Vizag,13.6
2023-10-19 21:58,9367188,17.7846,83.1348,0.2,249,Vizag,13.8
2023-10-20 09:43,9367188,17.6698,83.0945,0.2,311,Vizag,13.2
2023-10-20 21:08,9367188,17.8017,83.0997,0.2,241,Vizag,12.8
2023-10-22 04:33,9367188,17.669,83.1992,0.0,107,Vizag,13.7
2023-10-23 04:51,9367188,17.6722,83.2229,0.0,289,Vizag,13.4
2023-11-12 20:13,9174447,17.6633,83.879,10.9,4,Vizag,12.8
2023-11-13 12:13,9174447,17.6943,83.2418,12.3,262,Vizag,13.9
2023-11-13 22:41,9174447,17.5544,83.2697,0.3,158,Vizag,13.5
2023-11-14 09:15,9174447,17.8295,83.1171,0.0,246,Vizag,13.5
2023-11-14 21:47,9174447,17.7549,83.0943,0.3,49,Vizag,13.3
2023-11-15 10:59,9174447,17.6478,83.0912,0.3,52,Vizag,12.8
2023-11-16 05:34,9174447,17.6744,83.2308,0.0,307,Vizag,14.0
2023-11-17 08:09,9174447,17.7013,83.2295,0.0,33,Vizag,13.7
2023-11-11 19:32,9260565,16.9915,83.1644,12.4,90,Vizag,13.5
2023-11-12 11:32,9260565,17.9058,83.3523,10.1,178,Vizag,13.1
2023-11-12 19:39,9260565,17.827,83.3629,0.7,212,Vizag,13.2
2023-11-13 09:40,9260565,17.6393,83.0907,0.0,214,Vizag,12.8
2023-11-13 20:38,9260565,17.7116,83.2319,0.3,236,Vizag,12.8
2023-11-14 07:51,9260565,17.7934,83.173,0.4,209,Vizag,13.5
2023-11-14 20:49,9260565,17.684,83.3614,0.7,77,Vizag,13.8
2023-11-15 19:45,9260565,17.6718,83.2031,0.0,107,Vizag,13.8
2023-11-16 20:06,9260565,17.6891,83.2079,0.0,98,Vizag,13.6
2023-11-07 04:58,9725674,17.5405,83.9622,10.7,296,Vizag,13.6
2023-11-07 20:58,9725674,17.526,83.3157,9.8,73,Vizag,13.4
2023-11-08 05:53,9725674,17.7861,83.3489,0.1,152,Vizag,13.7
2023-11-08 18:19,9725674,17.62,83.0702,0.8,141,Vizag,12.8
2023-11-09 05:35,9725674,17.545,83.3375,0.5,57,Vizag,13.0
2023-11-09 19:41,9725674,17.5943,83.1259,0.6,78,Vizag,13.5
2023-11-10 16:16,9725674,17.6746,83.2213,0.0,324,Vizag,13.7
2023-11-11 15:58,9725674,17.6987,83.2126,0.0,354,Vizag,13.6
2023-11-02 09:30,9746054,17.0516,82.8115,10.2,141,Vizag,13.3
2023-11-03 01:30,9746054,17.7952,83.3576,12.2,45,Vizag,13.0
2023-11-03 09:51,9746054,17.5814,83.3521,0.3,252,Vizag,14.2
2023-11-03 22:56,9746054,17.5545,83.1211,0.4,83,Vizag,14.0
2023-11-04 10:56,9746054,17.6207,83.3417,0.7,234,Vizag,13.8
2023-11-04 23:03,9746054,17.7401,83.2376,0.7,279,Vizag,12.8
2023-11-05 21:43,9746054,17.6907,83.2336,0.0,185,Vizag,13.9
2023-11-06 22:58,9746054,17.6856,83.2181,0.0,102,Vizag,14.2
2023-11-06 22:14,9785903,17.5336,83.4436,11.8,130,Vizag,13.2
2023-11-07 14:14,9785903,17.6789,83.205,9.7,87,Vizag,14.2
2023-11-08 00:54,9785903,17.5574,83.2626,0.2,206,Vizag,13.3
2023-11-08 12:02,9785903,17.6383,83.2021,0.2,350,Vizag,14.3
2023-11-09 00:57,9785903,17.7524,83.3662,0.3,292,Vizag,13.9
2023-11-09 11:34,9785903,17.6498,83.2302,0.3,55,Vizag,13.4
2023-11-10 12:18,9785903,17.6865,83.2108,0.0,265,Vizag,14.2
2023-11-11 13:09,9785903,17.6989,83.2194,0.0,229,Vizag,14.3
2023-11-19 06:23,9463594,18.2248,83.6345,12.8,65,Vizag,14.0
2023-11-19 22:23,9463594,17.4744,83.3125,10.9,318,Vizag,12.9
2023-11-20 08:50,9463594,17.618,83.2343,0.2,151,Vizag,13.7
2023-11-20 19:16,9463594,17.7561,83.1943,0.6,110,Vizag,13.4
2023-11-21 07:58,9463594,17.7661,83.0824,0.7,328,Vizag,13.3
2023-11-21 20:02,9463594,17.55,83.2288,0.0,307,Vizag,13.2
2023-11-22 23:51,9463594,17.6895,83.2027,0.0,288,Vizag,13.6
2023-11-23 23:48,9463594,17.693,83.2359,0.0,92,Vizag,13.7
2023-12-04 16:50,9463594,16.8921,82.7689,11.2,173,Vizag,12.7
2023-12-05 08:50,9463594,17.846,83.4572,11.1,231,Vizag,13.8
2023-12-05 19:29,9463594,17.763,83.104,0.8,348,Vizag,13.2
2023-12-06 04:58,9463594,17.7828,83.3614,0.3,157,Vizag,13.4
2023-12-06 17:23,9463594,17.7172,83.2743,0.1,105,Vizag,13.7
2023-12-07 07:05,9463594,17.7192,83.2493,0.6,63,Vizag,13.1
2023-12-08 10:51,9463594,17.6728,83.2245,0.0,11,Vizag,13.8
2023-12-09 09:42,9463594,17.706,83.2043,0.0,177,Vizag,13.4
2023-12-13 23:00,9264511,18.4122,82.4956,11.8,52,Vizag,13.2
2023-12-14 15:00,9264511,17.7747,83.0279,10.5,277,Vizag,13.0
2023-12-14 23:20,9264511,17.7303,83.367,0.2,356,Vizag,13.3
2023-12-15 13:15,9264511,17.752,83.2723,0.7,26,Vizag,13.4
2023-12-16 00:31,9264511,17.548,83.2039,0.2,342,Vizag,12.8
2023-12-17 01:48,9264511,17.7043,83.2349,0.0,204,Vizag,13.6
2023-12-18 04:12,9264511,17.6766,83.2175,0.0,274,Vizag,13.6
2023-12-10 08:12,9260565,18.4009,83.0987,11.7,341,Vizag,14.2
2023-12-11 00:12,9260565,17.6531,83.2314,10.5,40,Vizag,14.0
2023-12-11 08:48,9260565,17.606,83.1804,0.6,226,Vizag,13.2
2023-12-11 20:45,9260565,17.7476,83.0825,0.8,250,Vizag,13.3
2023-12-12 08:56,9260565,17.5389,83.1883,0.5,224,Vizag,13.7
2023-12-12 21:10,9260565,17.5757,83.1998,0.8,179,Vizag,13.0
2023-12-13 18:28,9260565,17.6793,83.2169,0.0,160,Vizag,14.0
2023-12-14 15:43,9260565,17.701,83.238,0.0,158,Vizag,13.7
2023-12-10 19:54,9874716,17.4728,83.9284,9.9,266,Vizag,13.6
2023-12-11 11:54,9874716,17.7428,83.3437,10.3,47,Vizag,14.2
2023-12-11 22:05,9874716,17.5771,83.1993,0.6,274,Vizag,14.2
2023-12-12 09:07,9874716,17.5467,83.2345,0.6,288,Vizag,13.9
2023-12-12 22:52,9874716,17.7413,83.2392,0.3,281,Vizag,13.8
2023-12-13 08:38,9874716,17.5971,83.0752,0.6,69,Vizag,13.6
2023-12-14 05:57,9874716,17.6859,83.2276,0.0,91,Vizag,14.3
2023-12-15 07:02,9874716,17.7019,83.2351,0.0,93,Vizag,13.8
2024-01-13 10:55,9264511,17.0789,83.686,9.2,242,Vizag,13.2
2024-01-14 02:55,9264511,17.6008,83.3718,11.1,52,Vizag,13.8
2024-01-14 13:48,9264511,17.7135,83.3154,0.8,227,Vizag,13.3
2024-01-15 15:09,9264511,17.6983,83.2292,0.0,33,Vizag,13.9
2024-01-16 16:10,9264511,17.6891,83.1995,0.0,304,Vizag,14.0
2024-01-09 14:43,9557549,17.9776,83.333,9.6,112,Vizag,12.7
2024-01-10 06:43,9557549,17.791,83.3514,11.5,25,Vizag,13.0
2024-01-10 17:17,9557549,17.6822,83.1645,0.5,253,Vizag,13.9
2024-01-11 20:20,9557549,17.6677,83.2074,0.0,293,Vizag,13.5
2024-01-12 19:47,9557549,17.673,83.2096,0.0,142,Vizag,13.3
2024-01-12 02:00,9952378,17.8933,83.2658,10.8,229,Vizag,13.9
2024-01-12 18:00,9952378,17.8359,83.1099,12.9,292,Vizag,14.0
2024-01-13 02:39,9952378,17.7461,83.2667,0.6,293,Vizag,13.6
2024-01-13 14:03,9952378,17.6241,83.2069,0.5,79,Vizag,13.8
2024-01-14 10:43,9952378,17.6927,83.204,0.0,214,Vizag,13.8
2024-01-15 10:46,9952378,17.6801,83.2263,0.0,79,Vizag,13.4
2024-01-31 18:30,9785903,17.1733,82.7662,9.5,215,Vizag,13.9
2024-02-01 10:30,9785903,17.8166,82.9721,10.7,146,Vizag,13.8
2024-02-01 20:59,9785903,17.6913,83.2766,0.4,286,Vizag,14.3
2024-02-02 19:26,9785903,17.6936,83.2265,0.0,262,Vizag,14.3
2024-02-03 20:45,9785903,17.6874,83.2054,0.0,46,Vizag,14.3
2024-02-03 14:43,9725674,17.8163,83.8945,11.7,92,Vizag,13.1
2024-02-04 06:43,9725674,17.6995,83.4843,11.2,201,Vizag,13.9
2024-02-04 15:04,9725674,17.7339,83.204,0.2,181,Vizag,13.1
2024-02-05 04:32,9725674,17.65,83.0926,0.4,162,Vizag,12.8
2024-02-06 02:11,9725674,17.6946,83.2143,0.0,303,Vizag,14.0
2024-02-07 02:08,9725674,17.6771,83.1988,0.0,189,Vizag,13.6
2024-02-15 16:24,9174447,18.3603,82.4983,11.3,311,Vizag,14.0
2024-02-16 08:24,9174447,17.8858,82.9747,12.8,41,Vizag,12.8
2024-02-16 17:21,9174447,17.7003,83.2279,0.6,54,Vizag,12.7
2024-02-17 05:56,9174447,17.7195,83.1727,0.6,86,Vizag,13.5
2024-02-18 05:08,9174447,17.7045,83.2377,0.0,54,Vizag,13.7
2024-02-19 03:27,9174447,17.6865,83.2338,0.0,350,Vizag,13.6
2024-02-12 10:04,9746054,17.8369,83.995,9.4,120,Vizag,13.3
2024-02-13 02:04,9746054,17.7628,83.1862,10.1,347,Vizag,12.9
2024-02-13 11:06,9746054,17.6579,83.2466,0.7,119,Vizag,13.5
2024-02-13 23:43,9746054,17.6575,83.2511,0.6,338,Vizag,13.7
2024-02-14 21:12,9746054,17.7059,83.1987,0.0,229,Vizag,13.9
2024-02-15 20:43,9746054,17.6972,83.2029,0.0,245,Vizag,14.1
2024-03-03 11:35,9192002,18.1788,83.9301,9.4,286,Vizag,13.8
2024-03-04 03:35,9192002,17.9103,83.4156,11.4,302,Vizag,13.1
2024-03-04 14:15,9192002,17.6126,83.1903,0.3,303,Vizag,13.6
2024-03-05 18:35,9192002,17.7015,83.2295,0.0,314,Vizag,14.2
2024-03-06 18:53,9192002,17.6979,83.2042,0.0,183,Vizag,14.1
2024-03-05 21:03,9133209,18.3283,82.7757,9.4,0,Vizag,13.8
2024-03-06 13:03,9133209,17.9341,83.423,11.5,203,Vizag,13.2
2024-03-06 22:30,9133209,17.5744,83.2934,0.5,175,Vizag,13.5
2024-03-07 18:55,9133209,17.6878,83.207,0.0,288,Vizag,13.9
2024-03-08 18:52,9133209,17.6947,83.2143,0.0,348,Vizag,14.2
2024-03-18 08:09,9746054,17.6911,84.006,10.6,304,Vizag,14.0
2024-03-19 00:09,9746054,17.5531,83.0805,9.4,230,Vizag,13.6
2024-03-19 09:15,9746054,17.6912,83.2905,0.1,36,Vizag,13.2
2024-03-20 12:13,9746054,17.6748,83.2184,0.0,197,Vizag,13.7
2024-03-21 13:58,9746054,17.6969,83.2356,0.0,354,Vizag,13.5
2024-03-06 13:49,9638539,17.6231,82.5409,12.3,162,Vizag,13.1
2024-03-07 05:49,9638539,17.7065,83.2188,10.7,201,Vizag,13.6
2024-03-07 14:27,9638539,17.5855,83.3319,0.3,172,Vizag,12.5
2024-03-08 15:53,9638539,17.692,83.2109,0.0,67,Vizag,13.6
2024-03-09 16:44,9638539,17.6862,83.2053,0.0,68,Vizag,13.7
2024-03-04 03:07,9095119,17.7692,82.6365,9.8,356,Vizag,14.0
2024-03-04 19:07,9095119,17.5577,83.2678,10.5,264,Vizag,12.9
2024-03-05 03:25,9095119,17.7287,83.3102,0.4,206,Vizag,13.5
2024-03-06 04:11,9095119,17.7046,83.1987,0.0,342,Vizag,13.5
2024-03-07 04:08,9095119,17.7049,83.212,0.0,160,Vizag,13.5
2024-04-14 17:31,9095119,17.0197,83.9413,12.7,21,Vizag,13.4
2024-04-15 09:31,9095119,17.5952,83.0406,11.4,50,Vizag,13.1
2024-04-15 18:18,9095119,17.5783,83.1238,0.7,241,Vizag,12.8
2024-04-16 05:49,9095119,17.7621,83.34,0.8,32,Vizag,13.8
2024-04-17 03:14,9095119,17.6801,83.2371,0.0,253,Vizag,13.7
2024-04-18 03:53,9095119,17.6809,83.2251,0.0,219,Vizag,13.5
2024-04-04 00:37,9367188,17.5753,83.9294,11.4,30,Vizag,13.7
2024-04-04 16:37,9367188,17.4975,83.0201,9.2,124,Vizag,13.1
2024-04-05 00:49,9367188,17.7717,83.2229,0.2,236,Vizag,13.4
2024-04-06 04:21,9367188,17.6846,83.2151,0.0,230,Vizag,13.7
2024-04-07 03:34,9367188,17.6914,83.2005,0.0,201,Vizag,13.5
2024-03-29 04:43,9785903,17.6091,83.6815,10.7,344,Vizag,13.6
2024-03-29 20:43,9785903,17.4365,83.002,9.1,321,Vizag,14.2
2024-03-30 05:09,9785903,17.7661,83.1301,0.4,258,Vizag,14.0
2024-03-31 09:43,9785903,17.7039,83.2123,0.0,152,Vizag,14.3
2024-04-01 11:31,9785903,17.6689,83.2015,0.0,178,Vizag,13.7
2024-03-31 07:25,9174447,17.9772,83.4841,9.7,246,Vizag,13.0
2024-03-31 23:25,9174447,17.9393,83.0294,10.3,95,Vizag,12.8
2024-04-01 09:19,9174447,17.8116,83.1428,0.3,326,Vizag,13.8
2024-04-02 13:07,9174447,17.7033,83.2162,0.0,27,Vizag,13.6
2024-04-03 12:13,9174447,17.6907,83.2002,0.0,61,Vizag,13.6
2024-04-17 09:01,9260565,17.5442,83.5618,10.5,27,Vizag,13.7
2024-04-18 01:01,9260565,17.5842,83.0039,10.9,286,Vizag,13.0
2024-04-18 09:05,9260565,17.7388,83.2706,0.5,148,Vizag,14.2
2024-04-18 21:47,9260565,17.5564,83.1823,0.4,57,Vizag,13.6
2024-04-19 09:11,9260565,17.7229,83.1281,0.4,351,Vizag,13.0
2024-04-20 06:05,9260565,17.697,83.2138,0.0,296,Vizag,14.0
2024-04-21 05:08,9260565,17.6813,83.2105,0.0,99,Vizag,14.0
2024-05-12 06:55,9462030,18.3065,82.9763,12.4,71,Vizag,13.7
2024-05-12 22:55,9462030,17.9015,83.2378,11.5,60,Vizag,14.0
2024-05-13 09:33,9462030,17.6264,83.2303,0.4,126,Vizag,13.4
2024-05-14 13:09,9462030,17.6874,83.2221,0.0,128,Vizag,14.1
2024-05-15 10:34,9462030,17.7017,83.2038,0.0,186,Vizag,13.8
2024-05-10 18:25,9559190,17.7585,83.9007,9.6,313,Vizag,13.8
2024-05-11 10:25,9559190,17.4286,83.3775,12.3,34,Vizag,14.1
2024-05-11 20:21,9559190,17.6311,83.1676,0.2,330,Vizag,13.5
2024-05-12 23:20,9559190,17.6838,83.201,0.0,310,Vizag,14.4
2024-05-13 23:23,9559190,17.6952,83.2097,0.0,203,Vizag,13.9
2024-05-06 20:38,9184777,17.1003,83.65,9.2,113,Vizag,13.6
2024-05-07 12:38,9184777,17.862,83.0985,12.2,315,Vizag,13.0
2024-05-07 21:02,9184777,17.7454,83.1838,0.1,174,Vizag,13.4
2024-05-08 10:28,9184777,17.6537,83.0964,0.1,162,Vizag,13.1
2024-05-09 04:58,9184777,17.6686,83.2255,0.0,242,Vizag,13.2
2024-05-10 04:29,9184777,17.7004,83.2257,0.0,272,Vizag,13.7
2024-05-04 23:03,9231171,17.4118,82.7889,12.9,128,Vizag,13.9
2024-05-05 15:03,9231171,17.4355,83.2015,9.7,25,Vizag,14.0
2024-05-06 00:09,9231171,17.5609,83.2782,0.0,97,Vizag,13.9
2024-05-07 03:09,9231171,17.6695,83.2,0.0,59,Vizag,13.8
2024-05-08 01:57,9231171,17.6849,83.2007,0.0,131,Vizag,13.8
2024-05-14 15:55,9746054,18.3124,83.3785,12.1,178,Vizag,14.0
2024-05-15 07:55,9746054,17.776,83.0639,10.1,145,Vizag,14.2
2024-05-15 16:32,9746054,17.7905,83.1795,0.4,335,Vizag,13.0
2024-05-16 05:23,9746054,17.6576,83.0732,0.1,179,Vizag,13.9
2024-05-17 07:15,9746054,17.6807,83.2177,0.0,64,Vizag,14.0
2024-05-18 07:22,9746054,17.6822,83.2344,0.0,217,Vizag,13.6
2024-06-09 08:07,9874716,18.4291,83.6231,9.0,77,Vizag,13.5
2024-06-10 00:07,9874716,17.7517,83.3537,12.3,343,Vizag,13.4
2024-06-10 10:43,9874716,17.6565,83.3318,0.2,7,Vizag,14.0
2024-06-11 10:26,9874716,17.6744,83.2276,0.0,64,Vizag,14.0
2024-06-12 10:47,9874716,17.7029,83.2245,0.0,155,Vizag,14.0
2024-06-10 14:42,9095119,16.9401,82.6111,10.0,294,Vizag,13.8
2024-06-11 06:42,9095119,17.6548,83.0559,10.6,244,Vizag,13.9
2024-06-11 16:43,9095119,17.7009,83.2672,0.0,344,Vizag,13.1
2024-06-12 04:02,9095119,17.7531,83.155,0.5,186,Vizag,13.9
2024-06-13 08:10,9095119,17.6834,83.2367,0.0,10,Vizag,13.3
2024-06-14 10:13,9095119,17.6792,83.2066,0.0,232,Vizag,13.9
2024-05-28 11:27,9184777,17.0703,83.9833,9.3,303,Vizag,13.8
2024-05-29 03:27,9184777,17.5872,83.0527,9.4,344,Vizag,13.3
2024-05-29 11:34,9184777,17.6831,83.1273,0.8,89,Vizag,12.9
2024-05-30 01:27,9184777,17.7237,83.2361,0.0,91,Vizag,13.4
2024-05-30 22:41,9184777,17.6687,83.2368,0.0,185,Vizag,13.2
2024-05-31 22:30,9184777,17.6732,83.2245,0.0,286,Vizag,13.7
2024-07-16 08:37,9686782,17.8641,83.8019,11.7,72,Vizag,13.0
2024-07-17 00:37,9686782,17.5213,83.2324,12.2,287,Vizag,13.1
2024-07-17 09:40,9686782,17.6293,83.265,0.4,221,Vizag,13.9
2024-07-17 21:50,9686782,17.7974,83.2589,0.4,261,Vizag,14.0
2024-07-18 10:10,9686782,17.7542,83.1836,0.1,330,Vizag,13.6
2024-07-19 13:27,9686782,17.698,83.2382,0.0,277,Vizag,14.4
2024-07-20 12:58,9686782,17.6791,83.2055,0.0,165,Vizag,14.3
2024-07-12 15:00,9264511,18.255,83.8873,10.7,19,Vizag,14.1
2024-07-13 07:00,9264511,17.9156,83.4825,11.3,321,Vizag,13.5
2024-07-13 16:33,9264511,17.6478,83.1737,0.8,316,Vizag,13.2
2024-07-14 03:38,9264511,17.7693,83.257,0.6,176,Vizag,12.8
2024-07-15 08:34,9264511,17.6863,83.2303,0.0,145,Vizag,13.8
2024-07-16 08:13,9264511,17.6669,83.2282,0.0,265,Vizag,13.7
2024-07-07 02:04,9725674,18.3995,82.9697,9.8,329,Vizag,13.3
2024-07-07 18:04,9725674,17.471,83.1409,12.7,206,Vizag,12.8
2024-07-08 04:03,9725674,17.7575,83.2933,0.2,239,Vizag,13.5
2024-07-08 16:59,9725674,17.7091,83.248,0.6,118,Vizag,13.6
2024-07-09 04:50,9725674,17.6602,83.2983,0.1,97,Vizag,13.7
2024-07-10 00:23,9725674,17.6938,83.2058,0.0,320,Vizag,13.5
2024-07-11 00:08,9725674,17.6972,83.2048,0.0,192,Vizag,13.9
2024-08-01 22:00,9339563,17.8726,83.9096,12.7,66,Vizag,13.3
2024-08-02 14:00,9339563,17.5989,83.2418,10.2,8,Vizag,13.6
2024-08-02 23:43,9339563,17.5524,83.2969,0.1,50,Vizag,13.8
2024-08-03 10:15,9339563,17.8105,83.3408,0.2,121,Vizag,13.1
2024-08-03 23:03,9339563,17.6341,83.2923,0.1,111,Vizag,13.5
2024-08-05 06:08,9339563,17.7047,83.2044,0.0,177,Vizag,13.9
2024-08-06 08:03,9339563,17.6766,83.2152,0.0,103,Vizag,13.8
2024-08-02 11:30,9952378,17.8221,83.941,9.6,315,Vizag,14.0
2024-08-03 03:30,9952378,17.5007,83.0766,9.3,279,Vizag,13.2
2024-08-03 13:12,9952378,17.7949,83.2541,0.8,8,Vizag,13.7
2024-08-04 01:50,9952378,17.6566,83.09,0.6,147,Vizag,13.7
2024-08-04 11:52,9952378,17.5614,83.0973,0.5,151,Vizag,13.9
2024-08-05 01:18,9952378,17.6515,83.0895,0.2,237,Vizag,13.8
2024-08-06 06:50,9952378,17.6859,83.2207,0.0,146,Vizag,13.5
2024-08-07 07:33,9952378,17.6789,83.2312,0.0,290,Vizag,13.6
2024-08-04 23:19,9404531,17.95,83.518,10.1,312,Vizag,13.9
2024-08-05 15:19,9404531,17.5387,83.4011,9.8,78,Vizag,13.1
2024-08-06 00:38,9404531,17.8351,83.1805,0.2,322,Vizag,13.0
2024-08-06 12:16,9404531,17.8249,83.1576,0.6,217,Vizag,14.1
2024-08-06 23:24,9404531,17.831,83.1118,0.3,77,Vizag,12.8
2024-08-07 12:28,9404531,17.5675,83.1769,0.2,85,Vizag,14.0
2024-08-08 09:46,9404531,17.7013,83.2019,0.0,279,Vizag,14.0
2024-08-09 10:51,9404531,17.6976,83.2255,0.0,94,Vizag,14.1
2024-08-16 03:57,9686782,17.8889,83.327,9.6,217,Vizag,13.3
2024-08-16 19:57,9686782,17.9316,83.3453,9.1,11,Vizag,13.8
2024-08-17 06:55,9686782,17.8205,83.2967,0.7,147,Vizag,14.3
2024-08-17 15:59,9686782,17.58,83.1244,0.3,319,Vizag,14.1
2024-08-18 05:58,9686782,17.8314,83.3674,0.4,160,Vizag,13.1
2024-08-19 03:37,9686782,17.6768,83.2291,0.0,328,Vizag,14.2
2024-08-20 04:10,9686782,17.6903,83.2138,0.0,92,Vizag,14.3
2024-09-11 20:40,9785903,17.3675,83.0603,9.3,130,Vizag,13.2
2024-09-12 12:40,9785903,17.8985,83.1403,9.6,347,Vizag,13.9
2024-09-12 23:14,9785903,17.6993,83.2753,0.3,125,Vizag,14.4
2024-09-13 11:12,9785903,17.6917,83.1853,0.5,203,Vizag,14.2
2024-09-13 21:01,9785903,17.7742,83.2608,0.2,107,Vizag,14.4
2024-09-14 21:05,9785903,17.6967,83.2253,0.0,140,Vizag,13.8
2024-09-15 21:08,9785903,17.6881,83.2063,0.0,48,Vizag,13.9
2024-09-08 16:37,9686782,18.3373,82.8548,13.0,150,Vizag,13.4
2024-09-09 08:37,9686782,17.9534,83.4037,9.3,81,Vizag,13.6
2024-09-09 19:34,9686782,17.5646,83.2404,0.6,42,Vizag,14.0
2024-09-10 05:39,9686782,17.8085,83.1574,0.6,256,Vizag,14.2
2024-09-10 17:34,9686782,17.663,83.3189,0.8,332,Vizag,13.5
2024-09-11 16:35,9686782,17.6789,83.2221,0.0,251,Vizag,14.4
2024-09-12 16:32,9686782,17.7039,83.2326,0.0,13,Vizag,14.4
2024-09-01 19:46,9952378,17.484,83.5592,11.1,79,Vizag,13.5
2024-09-02 11:46,9952378,17.9054,83.0956,12.3,268,Vizag,13.8
2024-09-02 21:08,9952378,17.7963,83.1644,0.6,34,Vizag,13.3
2024-09-03 08:42,9952378,17.7493,83.3042,0.2,190,Vizag,13.5
2024-09-04 04:47,9952378,17.6689,83.2273,0.0,23,Vizag,13.4
2024-09-05 06:38,9952378,17.6905,83.2326,0.0,116,Vizag,13.6
2024-09-10 16:49,9264511,17.0301,83.5111,12.6,224,Vizag,13.0
2024-09-11 08:49,9264511,17.6739,83.4074,12.7,136,Vizag,13.6
2024-09-11 18:59,9264511,17.5529,83.2071,0.2,2,Vizag,14.0
2024-09-12 06:32,9264511,17.651,83.2007,0.1,236,Vizag,14.0
2024-09-12 17:59,9264511,17.8019,83.1996,0.8,73,Vizag,12.9
2024-09-13 19:55,9264511,17.67,83.2012,0.0,8,Vizag,13.7
2024-09-14 20:49,9264511,17.6983,83.2131,0.0,193,Vizag,13.8
2024-09-29 12:31,9174447,18.3708,82.7413,10.7,195,Vizag,13.0
2024-09-30 04:31,9174447,17.5416,83.3911,10.4,214,Vizag,13.7
2024-09-30 15:28,9174447,17.8334,83.3578,0.5,62,Vizag,14.0
2024-10-01 01:46,9174447,17.5759,83.1149,0.6,22,Vizag,13.2
2024-10-01 14:43,9174447,17.6874,83.3083,0.4,68,Vizag,13.8
2024-10-02 02:59,9174447,17.6825,83.2358,0.2,319,Vizag,13.9
2024-10-02 15:08,9174447,17.7395,83.1007,0.2,9,Vizag,12.8
2024-10-03 10:15,9174447,17.7027,83.2036,0.0,149,Vizag,13.5
2024-10-04 10:58,9174447,17.671,83.2003,0.0,245,Vizag,13.9
2024-09-27 01:57,9339563,17.6127,83.2709,12.9,240,Vizag,13.1
2024-09-27 17:57,9339563,17.8343,82.9524,12.2,101,Vizag,13.0
2024-09-28 02:28,9339563,17.6614,83.1972,0.1,12,Vizag,13.2
2024-09-28 16:48,9339563,17.6883,83.2531,0.2,138,Vizag,13.6
2024-09-29 04:27,9339563,17.7282,83.2253,0.3,266,Vizag,14.1
2024-09-29 14:55,9339563,17.6912,83.1626,0.4,278,Vizag,12.9
2024-09-30 10:09,9339563,17.7028,83.2371,0.0,81,Vizag,14.0
2024-10-01 10:09,9339563,17.6728,83.2354,0.0,209,Vizag,14.1
2024-09-29 03:26,9952378,17.9989,83.9821,11.7,135,Vizag,13.1
2024-09-29 19:26,9952378,17.8006,83.1769,9.7,332,Vizag,13.3
2024-09-30 04:12,9952378,17.7961,83.3141,0.3,80,Vizag,13.4
2024-09-30 16:36,9952378,17.7585,83.228,0.1,179,Vizag,13.0
2024-10-01 06:12,9952378,17.6032,83.3424,0.1,183,Vizag,13.8
2024-10-02 10:59,9952378,17.6739,83.2337,0.0,183,Vizag,13.4
2024-10-03 10:34,9952378,17.6732,83.2024,0.0,194,Vizag,13.7
2024-10-06 15:54,9842348,18.3935,83.4122,9.8,200,Vizag,14.4
2024-10-07 07:54,9842348,17.4992,83.3491,11.7,10,Vizag,13.1
2024-10-07 16:11,9842348,17.6131,83.1593,0.3,150,Vizag,14.4
2024-10-08 04:13,9842348,17.6652,83.3017,0.7,356,Vizag,14.0
2024-10-08 18:19,9842348,17.5616,83.3498,0.5,301,Vizag,13.9
2024-10-09 04:33,9842348,17.6907,83.2153,0.2,164,Vizag,13.6
2024-10-10 06:40,9842348,17.6854,83.2263,0.0,25,Vizag,13.8
2024-10-11 08:07,9842348,17.6975,83.2263,0.0,293,Vizag,14.0
2024-09-27 15:19,9404531,17.7046,83.5615,9.3,69,Vizag,13.3
2024-09-28 07:19,9404531,17.6407,83.3585,9.7,128,Vizag,13.0
2024-09-28 15:35,9404531,17.7748,83.0788,0.3,359,Vizag,14.2
2024-09-29 03:56,9404531,17.6729,83.2193,0.5,175,Vizag,13.7
2024-09-29 17:20,9404531,17.6734,83.3396,0.8,76,Vizag,13.3
2024-09-30 22:33,9404531,17.683,83.2142,0.0,262,Vizag,13.7
2024-10-01 23:34,9404531,17.6785,83.2028,0.0,329,Vizag,14.1
2024-11-11 11:09,9192002,17.3221,83.0737,11.6,90,Vizag,13.1
2024-11-12 03:09,9192002,17.8724,83.3677,9.2,35,Vizag,14.0
2024-11-12 13:41,9192002,17.6448,83.2415,0.2,247,Vizag,13.4
2024-11-13 00:23,9192002,17.567,83.16,0.6,315,Vizag,13.0
2024-11-14 04:34,9192002,17.6855,83.2034,0.0,166,Vizag,13.8
2024-11-15 05:13,9192002,17.7029,83.2161,0.0,78,Vizag,14.0
2024-10-29 22:29,9725674,18.2594,83.9316,9.4,340,Vizag,13.8
2024-10-30 14:29,9725674,17.8113,83.1,9.6,209,Vizag,13.0
2024-10-30 23:46,9725674,17.7497,83.155,0.3,289,Vizag,13.9
2024-10-31 13:08,9725674,17.7951,83.104,0.2,225,Vizag,13.4
2024-11-01 00:19,9725674,17.7845,83.1488,0.3,196,Vizag,12.9
2024-11-01 19:36,9725674,17.6886,83.2213,0.0,213,Vizag,14.0
2024-11-02 19:21,9725674,17.6955,83.206,0.0,306,Vizag,13.8
2024-10-26 19:06,9725674,17.1881,82.7922,12.4,213,Vizag,13.8
2024-10-27 11:06,9725674,17.4701,83.4114,10.8,172,Vizag,13.5
2024-10-27 21:58,9725674,17.8351,83.1637,0.5,324,Vizag,13.1
2024-10-28 08:50,9725674,17.6914,83.3193,0.1,168,Vizag,12.7
2024-10-28 21:30,9725674,17.6285,83.349,0.6,148,Vizag,13.4
2024-10-29 09:47,9725674,17.6359,83.2791,0.8,338,Vizag,12.7
2024-10-30 13:52,9725674,17.7042,83.2085,0.0,147,Vizag,13.5
2024-10-31 13:49,9725674,17.6988,83.2339,0.0,110,Vizag,13.6
2024-11-14 14:46,9725674,18.0226,83.1459,10.4,191,Vizag,13.6
2024-11-15 06:46,9725674,17.9367,83.1361,11.9,265,Vizag,13.1
2024-11-15 15:17,9725674,17.6332,83.1386,0.2,97,Vizag,14.0
2024-11-16 05:11,9725674,17.6107,83.2901,0.7,24,Vizag,13.0
2024-11-16 15:41,9725674,17.8198,83.3528,0.7,70,Vizag,14.1
2024-11-17 04:18,9725674,17.5449,83.3097,0.6,184,Vizag,12.8
2024-11-17 16:57,9725674,17.6547,83.1459,0.8,315,Vizag,12.9
2024-11-18 12:24,9725674,17.6794,83.2189,0.0,282,Vizag,13.5
2024-11-19 12:13,9725674,17.682,83.2009,0.0,273,Vizag,14.1
2024-12-07 07:19,9174447,16.9071,83.2769,11.8,289,Vizag,13.9
2024-12-07 23:19,9174447,17.6336,83.3029,9.1,113,Vizag,13.0
2024-12-08 07:59,9174447,17.5474,83.3127,0.2,256,Vizag,13.0
2024-12-08 21:37,9174447,17.7955,83.1188,0.8,32,Vizag,13.8
2024-12-09 10:12,9174447,17.6675,83.2055,0.5,69,Vizag,13.8
2024-12-10 06:32,9174447,17.6951,83.2162,0.0,202,Vizag,14.0
2024-12-11 08:41,9174447,17.6724,83.2359,0.0,154,Vizag,13.4
2024-12-07 09:34,9133209,17.6973,82.8447,10.5,216,Vizag,14.0
2024-12-08 01:34,9133209,17.4721,83.3809,12.6,86,Vizag,14.3
2024-12-08 09:52,9133209,17.6941,83.18,0.5,228,Vizag,13.4
2024-12-09 00:04,9133209,17.7057,83.1421,0.4,63,Vizag,14.3
2024-12-09 11:10,9133209,17.5823,83.2953,0.2,5,Vizag,13.6
2024-12-10 15:10,9133209,17.6902,83.2031,0.0,301,Vizag,13.8
2024-12-11 13:58,9133209,17.6777,83.2266,0.0,243,Vizag,14.3
2024-12-08 12:33,9367188,17.8199,83.0907,10.8,313,Vizag,13.2
2024-12-09 04:33,9367188,17.5861,83.4291,12.1,132,Vizag,12.7
2024-12-09 13:43,9367188,17.6115,83.3007,0.7,164,Vizag,13.0
2024-12-10 03:28,9367188,17.717,83.1239,0.2,199,Vizag,13.1
2024-12-10 14:20,9367188,17.5451,83.3409,0.2,322,Vizag,13.8
2024-12-11 00:33,9367188,17.5941,83.112,0.7,65,Vizag,13.3
2024-12-12 01:48,9367188,17.703,83.2155,0.0,230,Vizag,13.6
2024-12-13 01:41,9367188,17.6801,83.2045,0.0,219,Vizag,13.3
2025-01-08 15:14,9174447,18.478,82.9847,10.6,55,Vizag,13.6
2025-01-09 07:14,9174447,17.7235,83.0624,12.7,236,Vizag,12.7
2025-01-09 18:07,9174447,17.6072,83.2712,0.1,57,Vizag,13.7
2025-01-10 12:21,9174447,17.6964,83.2269,0.0,293,Vizag,13.5
2025-01-11 11:12,9174447,17.6672,83.2232,0.0,24,Vizag,13.6
2024-12-24 04:13,9557549,17.1887,82.7332,11.1,244,Vizag,13.8
2024-12-24 20:13,9557549,17.6643,83.2399,9.8,271,Vizag,13.2
2024-12-25 06:08,9557549,17.5696,83.3327,0.0,332,Vizag,12.6
2024-12-25 18:29,9557549,17.6433,83.0687,0.3,169,Vizag,12.9
2024-12-26 12:39,9557549,17.6979,83.2383,0.0,356,Vizag,13.8
2024-12-27 13:58,9557549,17.6795,83.2289,0.0,74,Vizag,13.6
2025-01-04 07:17,9559190,18.1352,83.1046,11.1,164,Vizag,13.4
2025-01-04 23:17,9559190,17.86,83.2529,11.8,311,Vizag,13.1
2025-01-05 09:12,9559190,17.7612,83.1621,0.4,85,Vizag,14.1
2025-01-06 06:57,9559190,17.7017,83.2359,0.0,25,Vizag,13.7
2025-01-07 09:18,9559190,17.6966,83.225,0.0,199,Vizag,14.1
2025-02-03 10:22,9184777,17.6517,82.5544,9.9,17,Vizag,12.6
2025-02-04 02:22,9184777,17.5229,83.3009,9.3,56,Vizag,12.6
2025-02-04 11:08,9184777,17.6863,83.177,0.6,293,Vizag,13.6
2025-02-05 13:55,9184777,17.6929,83.2115,0.0,212,Vizag,13.7
2025-02-06 12:54,9184777,17.6932,83.2268,0.0,171,Vizag,13.8
2025-02-03 18:11,9151262,17.2546,83.5675,10.5,76,Vizag,12.5
2025-02-04 10:11,9151262,17.9452,82.9862,10.5,108,Vizag,13.0
2025-02-04 20:55,9151262,17.8356,83.144,0.6,44,Vizag,12.6
2025-02-05 09:06,9151262,17.8167,83.1558,0.3,50,Vizag,13.4
2025-02-06 05:14,9151262,17.6763,83.2173,0.0,121,Vizag,13.4
2025-02-07 04:13,9151262,17.6782,83.2258,0.0,207,Vizag,13.7
2025-01-29 07:09,9367188,17.3985,82.4919,9.0,35,Vizag,13.1
2025-01-29 23:09,9367188,17.908,82.9725,12.5,6,Vizag,12.9
2025-01-30 07:47,9367188,17.5375,83.1718,0.2,87,Vizag,13.7
2025-01-30 22:04,9367188,17.8071,83.2322,0.6,32,Vizag,13.7
2025-01-31 20:31,9367188,17.6913,83.2211,0.0,310,Vizag,13.7
2025-02-01 21:40,9367188,17.6807,83.2034,0.0,353,Vizag,13.7
2025-02-09 21:19,9151262,17.3223,83.3892,11.2,344,Vizag,12.9
2025-02-10 13:19,9151262,17.5185,83.2162,11.0,252,Vizag,13.8
2025-02-10 22:13,9151262,17.7997,83.2087,0.6,231,Vizag,13.2
2025-02-12 00:29,9151262,17.7004,83.2086,0.0,323,Vizag,13.7
2025-02-13 00:26,9151262,17.6899,83.2286,0.0,80,Vizag,13.3
2025-02-06 08:15,9874716,17.1366,82.9611,12.5,101,Vizag,13.3
2025-02-07 00:15,9874716,17.6008,83.0207,11.8,321,Vizag,14.1
2025-02-07 09:54,9874716,17.7478,83.1405,0.7,339,Vizag,14.0
2025-02-07 22:18,9874716,17.7896,83.2393,0.2,169,Vizag,14.0
2025-02-09 01:17,9874716,17.7045,83.2023,0.0,129,Vizag,13.8
2025-02-09 23:36,9874716,17.6899,83.2063,0.0,170,Vizag,14.1
2025-01-24 20:09,9785903,17.3432,82.7504,9.0,192,Vizag,14.2
2025-01-25 12:09,9785903,17.625,83.2171,9.7,308,Vizag,13.2
2025-01-25 22:24,9785903,17.8135,83.0794,0.7,74,Vizag,13.6
2025-01-26 09:52,9785903,17.7452,83.3189,0.5,320,Vizag,14.1
2025-01-26 21:57,9785903,17.7084,83.2872,0.8,79,Vizag,14.1
2025-01-27 16:15,9785903,17.672,83.2015,0.0,253,Vizag,14.3
2025-01-28 15:57,9785903,17.6722,83.2274,0.0,245,Vizag,14.0
2025-03-08 01:40,9339563,17.8322,83.9316,11.6,187,Vizag,14.0
2025-03-08 17:40,9339563,17.6824,82.9523,12.7,322,Vizag,13.8
2025-03-09 01:45,9339563,17.8159,83.0756,0.5,277,Vizag,14.1
2025-03-10 04:52,9339563,17.6907,83.228,0.0,259,Vizag,14.0
2025-03-11 07:34,9339563,17.6985,83.2026,0.0,334,Vizag,13.7
2025-03-06 05:02,9557549,17.0756,83.2542,10.5,151,Vizag,12.9
2025-03-06 21:02,9557549,17.7369,83.1803,9.4,131,Vizag,13.4
2025-03-07 06:33,9557549,17.6576,83.2287,0.0,284,Vizag,13.6
2025-03-08 05:46,9557549,17.6859,83.2201,0.0,5,Vizag,13.6
2025-03-09 04:23,9557549,17.6969,83.223,0.0,118,Vizag,13.6
2025-03-01 20:24,9133209,17.9667,82.7714,10.5,295,Vizag,13.6
2025-03-02 12:24,9133209,17.4616,82.9566,11.3,157,Vizag,14.3
2025-03-02 22:40,9133209,17.6671,83.2744,0.1,246,Vizag,13.0
2025-03-04 02:38,9133209,17.6742,83.2193,0.0,196,Vizag,13.7
2025-03-05 01:33,9133209,17.7014,83.2177,0.0,324,Vizag,13.7
2025-04-03 12:33,9174447,17.775,83.752,12.7,166,Vizag,13.0
2025-04-04 04:33,9174447,17.9103,83.2681,9.3,21,Vizag,12.7
2025-04-04 14:38,9174447,17.7803,83.3117,0.1,168,Vizag,13.7
2025-04-05 14:35,9174447,17.6879,83.2034,0.0,150,Vizag,14.1
2025-04-06 12:36,9174447,17.6752,83.2167,0.0,130,Vizag,13.6
2025-04-12 02:12,9264511,17.2552,83.0844,11.6,141,Vizag,13.0
2025-04-12 18:12,9264511,17.5692,83.3864,9.9,186,Vizag,14.0
2025-04-13 03:51,9264511,17.7053,83.1773,0.4,224,Vizag,14.0
2025-04-14 09:15,9264511,17.6771,83.2357,0.0,147,Vizag,13.7
2025-04-15 09:44,9264511,17.6847,83.2017,0.0,24,Vizag,13.5
2025-04-13 06:30,9174447,17.8527,83.1866,11.5,82,Vizag,13.9
2025-04-13 22:30,9174447,17.6425,83.1607,9.8,214,Vizag,13.6
2025-04-14 06:40,9174447,17.6763,83.2895,0.4,13,Vizag,13.8
2025-04-14 18:49,9174447,17.6101,83.1732,0.7,210,Vizag,12.7
2025-04-16 00:00,9174447,17.6672,83.2068,0.0,248,Vizag,13.9
2025-04-17 00:18,9174447,17.6799,83.2091,0.0,65,Vizag,13.9
2025-05-07 01:49,9785903,17.4737,82.6873,9.9,281,Vizag,13.3
2025-05-07 17:49,9785903,17.4305,82.9882,10.6,237,Vizag,14.0
2025-05-08 04:40,9785903,17.5532,83.2144,0.2,228,Vizag,13.9
2025-05-08 14:56,9785903,17.7731,83.0824,0.6,136,Vizag,14.3
2025-05-09 11:05,9785903,17.6774,83.2072,0.0,183,Vizag,14.0
2025-05-10 11:56,9785903,17.6773,83.224,0.0,283,Vizag,13.9
2025-05-05 14:32,9264511,17.2862,84.0091,12.0,107,Vizag,12.9
2025-05-06 06:32,9264511,17.8773,83.016,12.7,229,Vizag,13.3
2025-05-06 16:59,9264511,17.8283,83.2029,0.6,244,Vizag,13.4
2025-05-07 15:09,9264511,17.6944,83.2048,0.0,96,Vizag,13.5
2025-05-08 17:36,9264511,17.6803,83.2263,0.0,243,Vizag,13.4
2025-06-09 10:08,9462030,17.0413,82.9151,10.5,43,Vizag,14.2
2025-06-10 02:08,9462030,17.5757,83.2756,11.7,357,Vizag,13.6
2025-06-10 12:55,9462030,17.8335,83.1136,0.3,229,Vizag,12.9
2025-06-11 00:41,9462030,17.6051,83.1693,0.2,347,Vizag,13.6
2025-06-12 04:53,9462030,17.672,83.2336,0.0,190,Vizag,13.6
2025-06-13 06:34,9462030,17.6947,83.2094,0.0,195,Vizag,13.5
2025-05-31 17:06,9842348,18.0867,83.0693,11.1,84,Vizag,14.1
2025-06-01 09:06,9842348,17.5827,83.1725,9.5,52,Vizag,14.3
2025-06-01 19:59,9842348,17.6579,83.152,0.7,195,Vizag,13.8
2025-06-02 07:05,9842348,17.5651,83.3092,0.6,55,Vizag,13.6
2025-06-02 19:53,9842348,17.5471,83.1228,0.3,277,Vizag,14.1
2025-06-03 05:51,9842348,17.5905,83.3147,0.1,78,Vizag,13.4
2025-06-04 01:34,9842348,17.6736,83.227,0.0,177,Vizag,13.9
2025-06-05 00:01,9842348,17.695,83.2239,0.0,167,Vizag,14.3
2025-06-02 08:01,9095119,17.8289,83.7426,10.9,274,Vizag,13.6
2025-06-03 00:01,9095119,17.6528,83.034,11.5,309,Vizag,12.6
2025-06-03 09:24,9095119,17.7082,83.328,0.5,157,Vizag,12.8
2025-06-03 20:12,9095119,17.7211,83.3158,0.2,177,Vizag,12.8
2025-06-04 08:48,9095119,17.6619,83.3092,0.5,109,Vizag,13.0
2025-06-05 10:08,9095119,17.6964,83.2181,0.0,18,Vizag,14.0
2025-06-06 09:53,9095119,17.6723,83.2126,0.0,247,Vizag,13.5
2025-05-26 06:26,9746054,17.2063,83.0485,11.9,177,Vizag,13.9
2025-05-26 22:26,9746054,17.7853,83.3605,9.4,141,Vizag,13.4
2025-05-27 06:31,9746054,17.5631,83.0974,0.4,346,Vizag,14.0
2025-05-27 19:51,9746054,17.7589,83.1283,0.1,268,Vizag,13.7
2025-05-29 01:54,9746054,17.7033,83.2288,0.0,35,Vizag,14.1
2025-05-30 02:09,9746054,17.6918,83.218,0.0,46,Vizag,13.7
2025-06-27 13:50,9095119,17.7222,82.5238,11.1,80,Vizag,12.8
2025-06-28 05:50,9095119,17.5972,83.1475,11.0,333,Vizag,13.1
2025-06-28 15:50,9095119,17.6861,83.0781,0.8,300,Vizag,13.8
2025-06-29 03:13,9095119,17.6763,83.0723,0.4,236,Vizag,12.7
2025-06-29 15:48,9095119,17.6507,83.1585,0.5,50,Vizag,12.9
2025-06-30 21:30,9095119,17.6982,83.2311,0.0,75,Vizag,13.4
2025-07-01 21:09,9095119,17.7039,83.236,0.0,189,Vizag,13.5
2025-07-10 05:33,9874716,16.9101,82.8211,11.6,218,Vizag,13.6
2025-07-10 21:33,9874716,17.9459,83.2076,10.6,89,Vizag,13.3
2025-07-11 08:11,9874716,17.569,83.264,0.2,302,Vizag,13.3
2025-07-11 18:40,9874716,17.7947,83.1216,0.5,140,Vizag,13.2
2025-07-12 06:54,9874716,17.6866,83.2254,0.3,67,Vizag,13.0
2025-07-13 03:39,9874716,17.7012,83.2046,0.0,42,Vizag,14.0
2025-07-14 02:27,9874716,17.7059,83.2081,0.0,126,Vizag,14.3
2025-07-06 02:25,9746054,18.0536,82.7037,9.6,246,Vizag,13.0
2025-07-06 18:25,9746054,17.7802,83.0236,9.1,37,Vizag,13.0
2025-07-07 02:29,9746054,17.7557,83.2419,0.2,7,Vizag,13.3
2025-07-07 14:58,9746054,17.7411,83.159,0.2,239,Vizag,13.7
2025-07-08 02:57,9746054,17.6562,83.0727,0.5,319,Vizag,13.1
2025-07-09 00:29,9746054,17.7057,83.2092,0.0,99,Vizag,13.5
2025-07-10 01:38,9746054,17.6729,83.2074,0.0,330,Vizag,13.9
2025-06-27 02:25,9133209,17.771,82.6124,10.9,148,Vizag,13.3
2025-06-27 18:25,9133209,17.9344,82.9869,12.3,241,Vizag,14.4
2025-06-28 03:20,9133209,17.556,83.233,0.0,250,Vizag,13.9
2025-06-28 17:07,9133209,17.6676,83.2919,0.6,261,Vizag,13.6
2025-06-29 05:14,9133209,17.5558,83.2069,0.7,70,Vizag,13.4
2025-06-29 16:43,9133209,17.5607,83.2407,0.7,349,Vizag,13.0
2025-06-30 21:03,9133209,17.7046,83.2309,0.0,57,Vizag,14.1
2025-07-01 21:10,9133209,17.6801,83.2068,0.0,310,Vizag,14.1
2025-07-02 09:30,9095119,17.3063,83.9814,10.9,206,Vizag,13.6
2025-07-03 01:30,9095119,17.5718,83.2626,10.3,339,Vizag,13.3
2025-07-03 11:42,9095119,17.5536,83.3599,0.8,77,Vizag,13.9
2025-07-03 22:07,9095119,17.6693,83.2811,0.5,60,Vizag,13.0
2025-07-04 12:15,9095119,17.7027,83.3182,0.5,255,Vizag,14.0
2025-07-04 21:46,9095119,17.8177,83.2417,0.6,182,Vizag,13.9
2025-07-06 02:01,9095119,17.7054,83.2023,0.0,154,Vizag,13.6
2025-07-07 02:58,9095119,17.6962,83.233,0.0,9,Vizag,13.4
2025-07-24 01:02,9192002,17.0495,83.0624,9.4,33,Vizag,13.2
2025-07-24 17:02,9192002,17.8396,83.1774,10.5,235,Vizag,13.0
2025-07-25 03:59,9192002,17.6582,83.3044,0.4,35,Vizag,13.9
2025-07-25 13:16,9192002,17.7848,83.1017,0.6,110,Vizag,13.9
2025-07-26 09:39,9192002,17.7066,83.2032,0.0,29,Vizag,13.7
2025-07-27 10:36,9192002,17.6777,83.2257,0.0,63,Vizag,14.1
2025-08-09 03:48,9133209,17.6134,82.8496,12.6,179,Vizag,13.9
2025-08-09 19:48,9133209,17.6931,83.288,10.5,248,Vizag,13.7
2025-08-10 04:51,9133209,17.6497,83.2791,0.6,234,Vizag,14.0
2025-08-10 18:38,9133209,17.6606,83.268,0.6,308,Vizag,13.9
2025-08-11 05:54,9133209,17.8122,83.2458,0.1,150,Vizag,13.4
2025-08-12 01:39,9133209,17.6735,83.234,0.0,179,Vizag,14.4
2025-08-13 00:20,9133209,17.692,83.2249,0.0,31,Vizag,14.3
2025-09-06 20:26,9367188,17.3049,83.0101,11.7,253,Vizag,12.8
2025-09-07 12:26,9367188,17.6172,83.3364,9.9,281,Vizag,12.8
2025-09-07 23:13,9367188,17.6869,83.0894,0.7,118,Vizag,13.7
2025-09-08 09:57,9367188,17.8071,83.3541,0.6,216,Vizag,12.6
2025-09-08 21:11,9367188,17.6232,83.3676,0.5,235,Vizag,14.0
2025-09-09 09:15,9367188,17.7297,83.2791,0.1,2,Vizag,12.8
2025-09-10 06:26,9367188,17.6786,83.2031,0.0,275,Vizag,13.3
2025-09-11 07:20,9367188,17.6838,83.2118,0.0,138,Vizag,13.8
2025-09-08 06:40,9404531,16.9514,82.4743,11.6,156,Vizag,14.0
2025-09-08 22:40,9404531,17.6529,83.2043,9.7,47,Vizag,13.4
2025-09-09 07:08,9404531,17.5615,83.2641,0.7,173,Vizag,12.9
2025-09-09 19:42,9404531,17.7518,83.3387,0.4,162,Vizag,13.7
2025-09-10 07:39,9404531,17.5519,83.3436,0.1,152,Vizag,13.6
2025-09-11 14:30,9404531,17.6997,83.1987,0.0,110,Vizag,13.8
2025-09-12 17:55,9404531,17.7025,83.2142,0.0,124,Vizag,14.0
2025-08-25 13:00,9231171,17.4998,83.1512,12.3,152,Vizag,13.9
2025-08-26 05:00,9231171,17.5065,82.9673,9.7,167,Vizag,13.8
2025-08-26 15:52,9231171,17.6753,83.1786,0.7,283,Vizag,13.7
2025-08-27 02:33,9231171,17.7984,83.365,0.6,189,Vizag,13.4
2025-08-27 14:25,9231171,17.6713,83.3192,0.4,280,Vizag,12.9
2025-08-28 10:43,9231171,17.6768,83.2291,0.0,206,Vizag,13.6
2025-08-29 10:46,9231171,17.6958,83.218,0.0,204,Vizag,13.6
2025-08-28 12:07,9952378,17.1039,83.7215,10.8,186,Vizag,13.7
2025-08-29 04:07,9952378,17.85,83.0775,11.1,23,Vizag,12.9
2025-08-29 13:32,9952378,17.7456,83.1845,0.7,141,Vizag,13.9
2025-08-30 01:03,9952378,17.7304,83.3536,0.6,354,Vizag,13.9
2025-08-30 12:11,9952378,17.5845,83.2214,0.6,268,Vizag,13.0
2025-08-31 00:11,9952378,17.754,83.1162,0.8,177,Vizag,13.7
2025-09-01 00:56,9952378,17.676,83.211,0.0,231,Vizag,13.5
2025-09-02 00:23,9952378,17.6954,83.2221,0.0,128,Vizag,13.4
2025-09-29 13:57,9638539,18.2247,83.8452,11.4,283,Vizag,13.6
2025-09-30 05:57,9638539,17.5103,82.9794,9.4,111,Vizag,13.2
2025-09-30 13:58,9638539,17.5611,83.0749,0.1,301,Vizag,13.6
2025-10-01 04:22,9638539,17.6425,83.1231,0.4,352,Vizag,13.8
2025-10-01 16:32,9638539,17.7072,83.3459,0.7,189,Vizag,12.8
2025-10-02 12:10,9638539,17.6902,83.2066,0.0,353,Vizag,13.9
2025-10-03 13:43,9638539,17.6852,83.224,0.0,210,Vizag,13.4
2025-10-01 11:02,9725674,16.9459,82.5524,9.6,172,Vizag,13.7
2025-10-02 03:02,9725674,17.8633,83.2933,10.8,103,Vizag,13.6
2025-10-02 11:19,9725674,17.6779,83.0755,0.1,89,Vizag,13.9
2025-10-03 01:31,9725674,17.7811,83.0701,0.1,330,Vizag,12.7
2025-10-03 13:17,9725674,17.552,83.132,0.3,327,Vizag,12.7
2025-10-04 12:05,9725674,17.6677,83.21,0.0,280,Vizag,14.0
2025-10-05 13:10,9725674,17.6863,83.2329,0.0,45,Vizag,13.7
2025-09-23 10:00,9264511,17.1828,83.879,12.0,36,Vizag,12.9
2025-09-24 02:00,9264511,17.5179,83.2514,11.2,329,Vizag,13.1
2025-09-24 10:13,9264511,17.8109,83.1352,0.4,285,Vizag,12.9
2025-09-25 00:33,9264511,17.8007,83.1627,0.6,227,Vizag,13.9
2025-09-25 11:18,9264511,17.6793,83.1975,0.3,157,Vizag,14.0
2025-09-26 12:30,9264511,17.6733,83.2166,0.0,19,Vizag,13.5
2025-09-27 13:42,9264511,17.6857,83.2143,0.0,310,Vizag,13.7
2025-10-02 12:37,9151262,17.7781,82.8475,10.9,166,Vizag,13.5
2025-10-03 04:37,9151262,17.6464,83.0464,11.6,187,Vizag,13.8
2025-10-03 15:36,9151262,17.5384,83.1269,0.3,245,Vizag,13.4
2025-10-04 03:02,9151262,17.6678,83.2221,0.7,7,Vizag,13.3
2025-10-04 13:31,9151262,17.6075,83.3518,0.4,4,Vizag,13.6
2025-10-05 15:34,9151262,17.6708,83.2025,0.0,120,Vizag,13.6
2025-10-06 16:21,9151262,17.6827,83.2325,0.0,278,Vizag,13.3
2025-10-27 22:42,9192002,18.1298,83.3351,9.5,299,Vizag,14.2
2025-10-28 14:42,9192002,17.4799,83.1239,9.1,267,Vizag,13.2
2025-10-29 01:06,9192002,17.6268,83.1353,0.4,319,Vizag,13.4
2025-10-29 12:27,9192002,17.8013,83.2999,0.3,210,Vizag,13.4
2025-10-30 00:33,9192002,17.6649,83.3205,0.4,225,Vizag,14.2
2025-10-31 00:33,9192002,17.7016,83.2316,0.0,39,Vizag,14.3
2025-11-01 03:08,9192002,17.6752,83.2385,0.0,313,Vizag,13.6
2025-10-28 08:40,9095119,18.0559,82.5237,12.1,168,Vizag,13.5
2025-10-29 00:40,9095119,17.6846,83.2212,12.9,180,Vizag,12.6
2025-10-29 09:36,9095119,17.824,83.0975,0.4,106,Vizag,13.2
2025-10-29 23:18,9095119,17.7913,83.1261,0.0,323,Vizag,13.8
2025-10-30 11:31,9095119,17.6266,83.2836,0.7,258,Vizag,13.5
2025-10-31 16:08,9095119,17.6861,83.2373,0.0,15,Vizag,13.6
2025-11-01 17:35,9095119,17.7055,83.2295,0.0,290,Vizag,13.3
2025-10-31 06:02,9133209,17.7891,82.5064,10.1,249,Vizag,13.5
2025-10-31 22:02,9133209,17.7184,83.0822,9.7,122,Vizag,13.2
2025-11-01 08:59,9133209,17.7611,83.1516,0.6,147,Vizag,13.5
2025-11-01 19:37,9133209,17.8278,83.1648,0.5,290,Vizag,13.0
2025-11-02 07:28,9133209,17.612,83.109,0.5,109,Vizag,13.8
2025-11-02 19:56,9133209,17.699,83.3347,0.6,249,Vizag,14.1
2025-11-03 13:27,9133209,17.6671,83.2122,0.0,238,Vizag,13.8
2025-11-04 11:24,9133209,17.6852,83.2323,0.0,13,Vizag,13.8
2020-01-04 22:12,9874716,17.5771,82.8907,9.2,149,Gangavaram,14.2
2020-01-05 14:12,9874716,17.8795,83.0572,10.9,69,Gangavaram,13.9
2020-01-05 22:39,9874716,17.7192,83.2697,0.2,8,Gangavaram,13.9
2020-01-06 13:04,9874716,17.5224,83.1241,0.8,189,Gangavaram,14.4
2020-01-07 17:32,9874716,17.6053,83.248,0.0,207,Gangavaram,14.3
2020-01-08 16:45,9874716,17.6219,83.2161,0.0,136,Gangavaram,13.9
2020-01-22 21:44,9686782,17.6502,83.0017,9.5,359,Gangavaram,13.5
2020-01-23 13:44,9686782,17.444,83.448,10.0,40,Gangavaram,13.9
2020-01-24 00:07,9686782,17.4896,83.322,0.6,113,Gangavaram,13.8
2020-01-25 02:32,9686782,17.6279,83.2282,0.0,24,Gangavaram,14.1
2020-01-26 00:44,9686782,17.6169,83.2142,0.0,113,Gangavaram,13.7
2020-03-06 12:05,9133209,17.7267,82.4764,9.3,241,Gangavaram,14.4
2020-03-07 04:05,9133209,17.6013,82.9806,12.4,45,Gangavaram,13.9
2020-03-07 13:56,9133209,17.7591,83.2636,0.1,330,Gangavaram,13.0
2020-03-08 02:08,9133209,17.7441,83.1774,0.2,91,Gangavaram,14.1
2020-03-08 13:39,9133209,17.7175,83.1425,0.2,224,Gangavaram,13.0
2020-03-09 17:25,9133209,17.6166,83.2396,0.0,188,Gangavaram,13.7
2020-03-10 14:32,9133209,17.6139,83.2344,0.0,210,Gangavaram,14.3
2020-03-05 16:46,9746054,16.958,82.6642,9.4,74,Gangavaram,14.2
2020-03-06 08:46,9746054,17.5703,82.9705,12.8,3,Gangavaram,13.7
2020-03-06 18:33,9746054,17.6848,83.0838,0.2,235,Gangavaram,13.2
2020-03-07 06:36,9746054,17.7536,83.1389,0.4,310,Gangavaram,13.8
2020-03-08 04:11,9746054,17.6259,83.2146,0.0,308,Gangavaram,13.9
2020-03-09 03:02,9746054,17.6119,83.2504,0.0,45,Gangavaram,14.2
2020-03-29 03:27,9462030,17.0935,82.6896,12.6,102,Gangavaram,13.6
2020-03-29 19:27,9462030,17.4727,83.1472,12.7,70,Gangavaram,14.0
2020-03-30 06:12,9462030,17.4854,83.1076,0.6,279,Gangavaram,13.4
2020-03-30 15:33,9462030,17.6005,83.2663,0.1,223,Gangavaram,13.1
2020-03-31 05:44,9462030,17.5273,83.2267,0.4,293,Gangavaram,13.6
2020-04-01 02:52,9462030,17.623,83.2442,0.0,218,Gangavaram,13.8
2020-04-02 00:13,9462030,17.6089,83.2407,0.0,339,Gangavaram,13.6
2020-04-23 23:58,9184777,17.504,83.1549,12.0,335,Gangavaram,12.6
2020-04-24 15:58,9184777,17.3525,83.0453,11.4,190,Gangavaram,12.6
2020-04-24 23:58,9184777,17.5705,83.2212,0.8,113,Gangavaram,12.5
2020-04-25 14:12,9184777,17.6344,83.3738,0.2,11,Gangavaram,12.7
2020-04-26 02:03,9184777,17.689,83.2548,0.0,123,Gangavaram,12.9
2020-04-26 21:20,9184777,17.597,83.2484,0.0,203,Gangavaram,13.4
2020-04-27 20:59,9184777,17.6045,83.2136,0.0,1,Gangavaram,13.4
2020-04-23 12:13,9404531,17.8689,82.5657,12.5,303,Gangavaram,14.2
2020-04-24 04:13,9404531,17.8764,83.2913,10.6,216,Gangavaram,13.8
2020-04-24 14:41,9404531,17.468,83.1591,0.6,326,Gangavaram,13.8
2020-04-25 01:02,9404531,17.5106,83.2466,0.3,328,Gangavaram,13.1
2020-04-25 23:17,9404531,17.6325,83.2392,0.0,327,Gangavaram,14.0
2020-04-26 22:56,9404531,17.6026,83.2271,0.0,115,Gangavaram,13.8
2020-06-04 11:31,9842348,18.0301,82.5184,9.8,210,Gangavaram,13.3
2020-06-05 03:31,9842348,17.8194,83.0041,12.7,261,Gangavaram,13.8
2020-06-05 12:41,9842348,17.4946,83.2819,0.6,210,Gangavaram,14.0
2020-06-05 23:58,9842348,17.5402,83.3584,0.1,122,Gangavaram,13.7
2020-06-07 03:01,9842348,17.5986,83.2422,0.0,34,Gangavaram,13.8
2020-06-08 03:01,9842348,17.6365,83.2493,0.0,122,Gangavaram,14.4
2020-06-29 16:03,9184777,17.8548,82.7422,12.1,128,Gangavaram,13.2
2020-06-30 08:03,9184777,17.8733,83.0955,9.5,37,Gangavaram,13.0
2020-06-30 17:45,9184777,17.6025,83.1921,0.6,141,Gangavaram,13.4
2020-07-01 05:10,9184777,17.6178,83.3725,0.2,213,Gangavaram,13.7
2020-07-01 16:36,9184777,17.5834,83.214,0.7,127,Gangavaram,13.3
2020-07-02 04:38,9184777,17.4705,83.1479,0.4,207,Gangavaram,13.2
2020-07-03 09:58,9184777,17.5983,83.2304,0.0,153,Gangavaram,13.3
2020-07-04 08:31,9184777,17.6218,83.2379,0.0,229,Gangavaram,13.5
2020-08-03 10:03,9725674,17.1837,83.5016,11.3,51,Gangavaram,13.3
2020-08-04 02:03,9725674,17.4041,83.3055,9.7,67,Gangavaram,13.5
2020-08-04 12:15,9725674,17.5903,83.1736,0.7,242,Gangavaram,13.2
2020-08-04 23:48,9725674,17.7173,83.3078,0.2,223,Gangavaram,12.9
2020-08-05 11:46,9725674,17.6674,83.2041,0.2,7,Gangavaram,13.8
2020-08-06 00:47,9725674,17.5837,83.1149,0.5,3,Gangavaram,14.0
2020-08-06 11:51,9725674,17.6016,83.1352,0.1,12,Gangavaram,13.3
2020-08-06 22:09,9725674,17.6699,83.1179,0.4,15,Gangavaram,13.4
2020-08-07 10:53,9725674,17.7044,83.1756,0.4,82,Gangavaram,13.2
2020-08-07 22:04,9725674,17.6415,83.2612,0.5,21,Gangavaram,13.7
2020-08-08 22:46,9725674,17.624,83.2446,0.0,146,Gangavaram,14.1
2020-08-09 21:19,9725674,17.6343,83.2449,0.0,317,Gangavaram,13.4
2020-07-25 23:18,9260565,17.2503,82.4852,11.0,9,Gangavaram,14.1
2020-07-26 15:18,9260565,17.5618,83.248,12.2,211,Gangavaram,13.9
2020-07-26 23:40,9260565,17.5936,83.1353,0.5,295,Gangavaram,12.9
2020-07-27 13:12,9260565,17.5946,83.1982,0.5,209,Gangavaram,13.9
2020-07-28 00:55,9260565,17.706,83.1044,0.1,148,Gangavaram,13.9
2020-07-28 11:28,9260565,17.5359,83.346,0.8,105,Gangavaram,13.2
2020-07-29 18:09,9260565,17.6148,83.2515,0.0,322,Gangavaram,14.1
2020-07-30 16:32,9260565,17.6058,83.2175,0.0,236,Gangavaram,13.6
2020-09-03 12:04,9339563,16.9736,82.6607,10.4,359,Gangavaram,13.4
2020-09-04 04:04,9339563,17.769,82.9899,11.3,166,Gangavaram,12.9
2020-09-04 14:10,9339563,17.682,83.2544,0.2,238,Gangavaram,12.8
2020-09-05 01:10,9339563,17.5292,83.3826,0.4,224,Gangavaram,13.7
2020-09-05 14:31,9339563,17.74,83.2049,0.8,114,Gangavaram,13.0
2020-09-06 00:16,9339563,17.5956,83.1618,0.0,23,Gangavaram,13.5
2020-09-07 06:08,9339563,17.6076,83.2438,0.0,337,Gangavaram,14.0
2020-09-08 07:35,9339563,17.6242,83.2497,0.0,288,Gangavaram,13.8
2020-09-29 23:47,9095119,18.2208,82.6792,12.0,80,Gangavaram,13.9
2020-09-30 15:47,9095119,17.4594,83.4166,9.2,101,Gangavaram,13.3
2020-10-01 01:13,9095119,17.6864,83.3824,0.8,302,Gangavaram,13.4
2020-10-01 12:04,9095119,17.6641,83.3116,0.2,132,Gangavaram,13.4
2020-10-02 00:55,9095119,17.5592,83.2347,0.8,319,Gangavaram,13.1
2020-10-02 12:07,9095119,17.5463,83.3789,0.1,1,Gangavaram,13.5
2020-10-03 02:24,9095119,17.5854,83.2238,0.4,173,Gangavaram,13.3
2020-10-04 06:39,9095119,17.6349,83.2157,0.0,120,Gangavaram,13.3
2020-10-05 06:54,9095119,17.6032,83.2299,0.0,180,Gangavaram,13.5
2020-09-26 17:44,9404531,17.9741,83.8064,10.9,204,Gangavaram,14.1
2020-09-27 09:44,9404531,17.6159,83.2773,10.7,340,Gangavaram,14.1
2020-09-27 18:14,9404531,17.7052,83.3673,0.4,124,Gangavaram,13.6
2020-09-28 06:14,9404531,17.7372,83.1124,0.0,106,Gangavaram,13.8
2020-09-28 19:05,9404531,17.6514,83.1508,0.7,43,Gangavaram,13.9
2020-09-29 08:37,9404531,17.7124,83.0905,0.7,153,Gangavaram,13.9
2020-09-29 18:39,9404531,17.6569,83.1087,0.5,192,Gangavaram,12.9
2020-09-30 14:44,9404531,17.6167,83.2428,0.0,42,Gangavaram,13.5
2020-10-01 15:56,9404531,17.5999,83.2347,0.0,212,Gangavaram,13.7
2020-10-27 02:06,9842348,17.5356,83.4058,11.2,18,Gangavaram,13.4
2020-10-27 18:06,9842348,17.7509,83.0205,12.3,6,Gangavaram,14.4
2020-10-28 02:14,9842348,17.5458,83.3377,0.2,332,Gangavaram,14.0
2020-10-28 15:22,9842348,17.5957,83.1166,0.3,301,Gangavaram,14.1
2020-10-29 16:18,9842348,17.6269,83.2178,0.0,141,Gangavaram,13.9
2020-10-30 14:48,9842348,17.616,83.2261,0.0,342,Gangavaram,14.3
2020-10-18 15:13,9367188,17.7667,82.8302,12.2,308,Gangavaram,12.8
2020-10-19 07:13,9367188,17.614,83.377,11.2,43,Gangavaram,13.4
2020-10-19 17:32,9367188,17.682,83.3338,0.1,347,Gangavaram,13.0
2020-10-20 04:45,9367188,17.5981,83.1021,0.2,19,Gangavaram,13.2
2020-10-20 16:10,9367188,17.4882,83.2152,0.7,143,Gangavaram,13.1
2020-10-21 06:03,9367188,17.591,83.1911,0.5,95,Gangavaram,12.9
2020-10-21 17:25,9367188,17.5841,83.3283,0.6,0,Gangavaram,13.6
2020-10-22 05:31,9367188,17.6923,83.0845,0.4,169,Gangavaram,13.1
2020-10-23 02:22,9367188,17.6324,83.2435,0.0,186,Gangavaram,13.9
2020-10-24 01:57,9367188,17.6214,83.2156,0.0,292,Gangavaram,13.8
2020-11-19 19:28,9231171,17.2,83.0482,9.2,281,Gangavaram,14.1
2020-11-20 11:28,9231171,17.7419,83.1764,11.1,56,Gangavaram,13.6
2020-11-20 21:43,9231171,17.6641,83.2772,0.6,52,Gangavaram,14.1
2020-11-21 09:37,9231171,17.6208,83.1884,0.2,59,Gangavaram,12.8
2020-11-21 21:54,9231171,17.4733,83.269,0.6,151,Gangavaram,14.1
2020-11-22 08:44,9231171,17.5297,83.3408,0.3,127,Gangavaram,12.8
2020-11-23 11:23,9231171,17.634,83.2219,0.0,97,Gangavaram,14.2
2020-11-24 10:50,9231171,17.6085,83.2423,0.0,267,Gangavaram,13.5
2020-12-19 02:39,9686782,17.2435,83.6858,11.6,15,Gangavaram,13.7
2020-12-19 18:39,9686782,17.8462,83.1503,11.1,65,Gangavaram,13.7
2020-12-20 02:39,9686782,17.61,83.2837,0.7,48,Gangavaram,14.3
2020-12-20 15:33,9686782,17.6324,83.239,0.2,332,Gangavaram,13.2
2020-12-21 05:08,9686782,17.6169,83.2148,0.2,117,Gangavaram,13.0
2020-12-21 15:28,9686782,17.6907,83.1785,0.7,236,Gangavaram,13.4
2020-12-22 03:22,9686782,17.483,83.1704,0.6,251,Gangavaram,13.4
2020-12-22 22:28,9686782,17.611,83.2265,0.0,94,Gangavaram,14.1
2020-12-23 21:37,9686782,17.6332,83.2287,0.0,254,Gangavaram,14.0
2021-01-17 18:56,9192002,18.1669,83.3844,10.4,272,Gangavaram,13.5
2021-01-18 10:56,9192002,17.5351,83.1237,12.9,341,Gangavaram,12.9
2021-01-18 19:53,9192002,17.6053,83.1375,0.4,165,Gangavaram,13.0
2021-01-19 07:15,9192002,17.5031,83.3569,0.2,178,Gangavaram,13.6
2021-01-20 05:20,9192002,17.6126,83.2505,0.0,45,Gangavaram,13.9
2021-01-21 06:14,9192002,17.6324,83.2374,0.0,230,Gangavaram,13.9
2021-02-13 16:30,9746054,17.4405,82.6704,11.1,89,Gangavaram,13.1
2021-02-14 08:30,9746054,17.4572,83.0597,11.6,312,Gangavaram,13.6
2021-02-14 19:18,9746054,17.5734,83.262,0.3,124,Gangavaram,13.8
2021-02-15 05:59,9746054,17.5974,83.2277,0.5,302,Gangavaram,13.2
2021-02-15 18:38,9746054,17.5621,83.264,0.7,16,Gangavaram,12.9
2021-02-16 16:04,9746054,17.6058,83.244,0.0,325,Gangavaram,13.6
2021-02-17 17:49,9746054,17.6203,83.2144,0.0,13,Gangavaram,13.6
2021-02-20 12:45,9559190,16.9301,82.7527,11.4,342,Gangavaram,14.3
2021-02-21 04:45,9559190,17.767,83.088,11.1,117,Gangavaram,13.2
2021-02-21 15:13,9559190,17.4868,83.0923,0.3,117,Gangavaram,13.0
2021-02-22 02:14,9559190,17.6883,83.3267,0.4,99,Gangavaram,13.7
2021-02-22 13:52,9559190,17.5797,83.3029,0.6,142,Gangavaram,13.8
2021-02-23 16:33,9559190,17.6139,83.2388,0.0,133,Gangavaram,14.0
2021-02-24 18:21,9559190,17.6098,83.2269,0.0,7,Gangavaram,13.9
2021-03-17 12:27,9184777,18.409,82.4347,10.6,15,Gangavaram,12.8
2021-03-18 04:27,9184777,17.7392,83.1966,11.7,337,Gangavaram,13.6
2021-03-18 14:46,9184777,17.7125,83.1987,0.6,244,Gangavaram,12.6
2021-03-19 02:36,9184777,17.6775,83.112,0.1,30,Gangavaram,13.4
2021-03-20 04:31,9184777,17.5968,83.2336,0.0,34,Gangavaram,13.4
2021-03-21 01:10,9184777,17.6313,83.2459,0.0,250,Gangavaram,13.3
2021-03-27 04:37,9367188,17.3927,83.5461,10.4,7,Gangavaram,13.8
2021-03-27 20:37,9367188,17.4128,83.1018,11.9,213,Gangavaram,13.2
2021-03-28 07:27,9367188,17.6237,83.274,0.6,262,Gangavaram,13.4
2021-03-28 18:53,9367188,17.5289,83.2948,0.6,341,Gangavaram,12.7
2021-03-29 05:48,9367188,17.5057,83.3416,0.5,221,Gangavaram,13.3
2021-03-30 08:46,9367188,17.6222,83.2155,0.0,124,Gangavaram,13.8
2021-03-31 08:39,9367188,17.6033,83.2356,0.0,202,Gangavaram,13.5
2021-04-25 03:01,9231171,16.9229,82.5318,10.3,186,Gangavaram,13.9
2021-04-25 19:01,9231171,17.6828,83.2023,11.8,26,Gangavaram,12.8
2021-04-26 03:33,9231171,17.6644,83.3312,0.1,74,Gangavaram,14.2
2021-04-26 16:58,9231171,17.5335,83.3386,0.6,215,Gangavaram,13.2
2021-04-27 15:41,9231171,17.6073,83.2422,0.0,29,Gangavaram,14.1
2021-04-28 13:50,9231171,17.6073,83.2477,0.0,313,Gangavaram,13.7
2021-04-18 09:37,9231171,17.7108,82.7517,10.5,151,Gangavaram,13.8
2021-04-19 01:37,9231171,17.5248,83.2388,9.1,45,Gangavaram,12.8
2021-04-19 10:18,9231171,17.6696,83.318,0.0,1,Gangavaram,13.8
2021-04-19 23:13,9231171,17.604,83.1494,0.5,352,Gangavaram,13.6
2021-04-21 02:39,9231171,17.6292,83.2161,0.0,68,Gangavaram,14.0
2021-04-22 00:40,9231171,17.6218,83.2168,0.0,120,Gangavaram,14.2
2021-05-30 13:26,9174447,17.5216,83.2093,11.3,216,Gangavaram,12.9
2021-05-31 05:26,9174447,17.3631,83.3986,11.4,211,Gangavaram,13.2
2021-05-31 15:13,9174447,17.5129,83.1697,0.0,194,Gangavaram,12.9
2021-06-01 02:40,9174447,17.6296,83.1348,0.1,52,Gangavaram,14.1
2021-06-02 02:03,9174447,17.6035,83.2236,0.0,222,Gangavaram,13.5
2021-06-03 00:54,9174447,17.6162,83.2421,0.0,325,Gangavaram,13.7
2021-06-03 06:32,9725674,17.486,83.3238,10.5,168,Gangavaram,12.9
2021-06-03 22:32,9725674,17.6182,82.9848,11.7,291,Gangavaram,12.8
2021-06-04 08:25,9725674,17.4744,83.156,0.1,99,Gangavaram,12.7
2021-06-04 20:04,9725674,17.5891,83.3733,0.3,131,Gangavaram,13.6
2021-06-05 20:41,9725674,17.6003,83.2386,0.0,305,Gangavaram,13.9
2021-06-06 19:22,9725674,17.6174,83.2324,0.0,243,Gangavaram,13.5
2021-06-24 00:36,9367188,18.0306,82.749,10.3,249,Gangavaram,13.7
2021-06-24 16:36,9367188,17.4875,83.1297,9.9,130,Gangavaram,13.5
2021-06-25 01:57,9367188,17.5596,83.2427,0.8,121,Gangavaram,13.1
2021-06-25 13:18,9367188,17.6811,83.2066,0.7,120,Gangavaram,13.0
2021-06-26 01:23,9367188,17.4988,83.3049,0.4,294,Gangavaram,13.8
2021-06-26 15:28,9367188,17.6468,83.3552,0.7,172,Gangavaram,13.5
2021-06-27 16:19,9367188,17.6146,83.2341,0.0,91,Gangavaram,13.8
2021-06-28 16:22,9367188,17.6239,83.2438,0.0,66,Gangavaram,13.9
2021-07-16 22:15,9192002,17.4693,82.7681,12.7,318,Gangavaram,14.1
2021-07-17 14:15,9192002,17.4285,83.0251,10.4,20,Gangavaram,13.5
2021-07-17 22:50,9192002,17.7361,83.2288,0.1,345,Gangavaram,14.2
2021-07-18 10:24,9192002,17.7003,83.3177,0.1,3,Gangavaram,13.5
2021-07-18 23:48,9192002,17.6163,83.3769,0.5,28,Gangavaram,13.8
2021-07-19 23:55,9192002,17.6264,83.2448,0.0,296,Gangavaram,13.9
2021-07-20 22:40,9192002,17.6173,83.2353,0.0,34,Gangavaram,14.0
2021-08-14 18:28,9874716,17.6784,83.6764,10.0,269,Gangavaram,14.2
2021-08-15 10:28,9874716,17.7927,83.2907,10.2,354,Gangavaram,13.5
2021-08-15 20:56,9874716,17.5808,83.1834,0.1,150,Gangavaram,14.4
2021-08-16 08:36,9874716,17.6767,83.3093,0.6,29,Gangavaram,13.2
2021-08-16 19:55,9874716,17.4988,83.3623,0.1,319,Gangavaram,13.3
2021-08-17 08:28,9874716,17.7013,83.3285,0.5,37,Gangavaram,13.8
2021-08-17 20:54,9874716,17.7549,83.3683,0.1,331,Gangavaram,13.1
2021-08-18 08:28,9874716,17.7567,83.0996,0.7,294,Gangavaram,13.2
2021-08-19 06:41,9874716,17.6275,83.2489,0.0,138,Gangavaram,13.9
2021-08-20 03:44,9874716,17.6154,83.2218,0.0,144,Gangavaram,13.9
2021-09-29 06:28,9260565,18.2538,83.7434,10.7,75,Gangavaram,14.1
2021-09-29 22:28,9260565,17.4114,83.1336,12.7,356,Gangavaram,13.8
2021-09-30 07:58,9260565,17.5145,83.2151,0.2,208,Gangavaram,13.1
2021-09-30 19:58,9260565,17.5741,83.1332,0.4,10,Gangavaram,13.2
2021-10-01 09:18,9260565,17.714,83.3004,0.4,65,Gangavaram,13.6
2021-10-02 12:05,9260565,17.612,83.2178,0.0,336,Gangavaram,13.6
2021-10-03 10:20,9260565,17.6144,83.2447,0.0,188,Gangavaram,14.0
2021-10-16 17:57,9874716,18.1997,83.298,10.2,245,Gangavaram,13.2
2021-10-17 09:57,9874716,17.6343,83.4904,10.2,347,Gangavaram,14.1
2021-10-17 18:58,9874716,17.6829,83.171,0.5,271,Gangavaram,14.3
2021-10-18 06:23,9874716,17.6205,83.2078,0.3,196,Gangavaram,13.4
2021-10-18 20:03,9874716,17.6797,83.1179,0.3,62,Gangavaram,13.1
2021-10-19 06:35,9874716,17.5096,83.1596,0.1,212,Gangavaram,14.4
2021-10-19 20:38,9874716,17.7297,83.1287,0.2,72,Gangavaram,13.8
2021-10-20 08:04,9874716,17.4766,83.3802,0.3,277,Gangavaram,13.7
2021-10-21 10:40,9874716,17.601,83.2233,0.0,137,Gangavaram,13.7
2021-10-22 08:55,9874716,17.631,83.2393,0.0,256,Gangavaram,13.7
2021-10-15 18:35,9557549,17.4886,82.7168,10.9,348,Gangavaram,13.6
2021-10-16 10:35,9557549,17.7873,83.2679,9.8,229,Gangavaram,12.6
2021-10-16 21:10,9557549,17.4971,83.349,0.2,102,Gangavaram,13.7
2021-10-17 07:34,9557549,17.655,83.3398,0.8,350,Gangavaram,13.7
2021-10-17 18:51,9557549,17.5949,83.1215,0.6,348,Gangavaram,13.1
2021-10-18 08:54,9557549,17.5593,83.2777,0.2,141,Gangavaram,13.5
2021-10-18 19:46,9557549,17.5278,83.174,0.7,162,Gangavaram,13.6
2021-10-19 21:06,9557549,17.6084,83.2453,0.0,326,Gangavaram,13.5
2021-10-20 20:15,9557549,17.6168,83.2362,0.0,170,Gangavaram,13.6
2021-11-10 07:37,9557549,18.2457,83.5745,9.3,168,Gangavaram,12.6
2021-11-10 23:37,9557549,17.4539,82.9895,11.6,227,Gangavaram,13.9
2021-11-11 08:09,9557549,17.7249,83.1345,0.3,334,Gangavaram,12.9
2021-11-11 21:17,9557549,17.4897,83.3151,0.5,228,Gangavaram,13.4
2021-11-12 09:01,9557549,17.5387,83.3495,0.8,165,Gangavaram,13.6
2021-11-12 20:19,9557549,17.5787,83.2173,0.6,236,Gangavaram,13.0
2021-11-13 09:10,9557549,17.5818,83.2394,0.2,281,Gangavaram,13.5
2021-11-14 10:53,9557549,17.6013,83.2302,0.0,144,Gangavaram,13.5
2021-11-15 10:50,9557549,17.601,83.2424,0.0,104,Gangavaram,13.6
2021-11-15 15:15,9231171,17.5012,83.3713,11.1,98,Gangavaram,14.1
2021-11-16 07:15,9231171,17.6004,83.046,10.7,185,Gangavaram,13.7
2021-11-16 15:57,9231171,17.6201,83.2451,0.0,339,Gangavaram,13.8
2021-11-17 05:21,9231171,17.5866,83.1318,0.7,197,Gangavaram,14.0
2021-11-17 15:21,9231171,17.6142,83.3524,0.4,340,Gangavaram,12.8
2021-11-18 05:08,9231171,17.6599,83.3501,0.6,313,Gangavaram,13.6
2021-11-18 15:18,9231171,17.6218,83.2565,0.5,289,Gangavaram,13.7
2021-11-19 14:11,9231171,17.6027,83.2307,0.0,162,Gangavaram,14.0
2021-11-20 11:54,9231171,17.6034,83.2237,0.0,131,Gangavaram,14.1
2021-12-18 22:52,9463594,18.1982,82.727,10.9,88,Gangavaram,13.5
2021-12-19 14:52,9463594,17.4804,83.1583,10.4,301,Gangavaram,13.6
2021-12-20 00:25,9463594,17.5129,83.1161,0.5,158,Gangavaram,13.7
2021-12-20 12:36,9463594,17.5546,83.3751,0.5,267,Gangavaram,12.6
2021-12-20 23:49,9463594,17.7636,83.109,0.6,332,Gangavaram,13.4
2021-12-21 13:50,9463594,17.5508,83.3318,0.8,225,Gangavaram,13.8
2021-12-22 00:34,9463594,17.5566,83.3119,0.6,232,Gangavaram,13.9
2021-12-22 21:23,9463594,17.6206,83.2523,0.0,297,Gangavaram,13.5
2021-12-23 21:08,9463594,17.6052,83.2458,0.0,300,Gangavaram,13.8
2022-01-24 02:54,9404531,16.8894,82.8321,11.2,254,Gangavaram,12.8
2022-01-24 18:54,9404531,17.4195,83.476,10.3,14,Gangavaram,13.1
2022-01-25 05:16,9404531,17.644,83.1672,0.0,83,Gangavaram,13.7
2022-01-25 16:58,9404531,17.6345,83.133,0.4,311,Gangavaram,14.1
2022-01-26 03:25,9404531,17.5453,83.1198,0.7,300,Gangavaram,13.5
2022-01-27 01:25,9404531,17.622,83.224,0.0,102,Gangavaram,13.5
2022-01-28 01:28,9404531,17.6071,83.217,0.0,53,Gangavaram,14.2
2022-01-22 10:31,9192002,17.4727,82.6277,10.0,247,Gangavaram,14.0
2022-01-23 02:31,9192002,17.5801,83.4556,12.2,139,Gangavaram,14.1
2022-01-23 13:19,9192002,17.6627,83.1211,0.3,102,Gangavaram,13.6
2022-01-23 23:30,9192002,17.553,83.0857,0.4,82,Gangavaram,13.1
2022-01-24 19:44,9192002,17.6083,83.2303,0.0,34,Gangavaram,14.1
2022-01-25 17:41,9192002,17.6174,83.2396,0.0,17,Gangavaram,14.2
2022-02-23 05:49,9874716,16.9461,83.1787,12.8,93,Gangavaram,13.4
2022-02-23 21:49,9874716,17.5039,83.4874,12.2,6,Gangavaram,13.8
2022-02-24 07:31,9874716,17.6845,83.1114,0.1,162,Gangavaram,13.8
2022-02-24 20:22,9874716,17.5705,83.0953,0.7,285,Gangavaram,14.0
2022-02-25 23:02,9874716,17.6237,83.2155,0.0,147,Gangavaram,14.4
2022-02-26 22:47,9874716,17.6239,83.2249,0.0,334,Gangavaram,13.9
2022-03-15 08:26,9174447,18.3689,84.0225,10.5,85,Gangavaram,13.2
2022-03-16 00:26,9174447,17.6528,83.1996,9.0,309,Gangavaram,14.1
2022-03-16 09:29,9174447,17.7597,83.1464,0.4,232,Gangavaram,14.0
2022-03-16 20:39,9174447,17.6478,83.3271,0.6,302,Gangavaram,13.2
2022-03-17 08:41,9174447,17.5687,83.2135,0.1,238,Gangavaram,12.7
2022-03-18 11:21,9174447,17.6199,83.2417,0.0,35,Gangavaram,14.0
2022-03-19 11:24,9174447,17.6222,83.2345,0.0,11,Gangavaram,14.1
2022-03-29 23:31,9842348,17.4221,82.5578,10.3,204,Gangavaram,13.4
2022-03-30 15:31,9842348,17.7364,83.0285,9.7,196,Gangavaram,13.2
2022-03-31 01:05,9842348,17.536,83.0865,0.5,234,Gangavaram,14.2
2022-03-31 13:23,9842348,17.5844,83.3003,0.6,219,Gangavaram,13.9
2022-04-01 01:03,9842348,17.4971,83.2045,0.2,195,Gangavaram,14.2
2022-04-02 05:35,9842348,17.6142,83.2263,0.0,331,Gangavaram,14.2
2022-04-03 04:38,9842348,17.6271,83.2141,0.0,249,Gangavaram,13.9
2022-04-15 07:24,9686782,17.4446,83.9787,11.6,14,Gangavaram,14.1
2022-04-15 23:24,9686782,17.7516,83.256,12.9,298,Gangavaram,13.6
2022-04-16 10:11,9686782,17.616,83.3344,0.4,241,Gangavaram,13.1
2022-04-16 19:47,9686782,17.6485,83.2245,0.7,357,Gangavaram,14.4
2022-04-17 16:30,9686782,17.6319,83.2148,0.0,354,Gangavaram,14.0
2022-04-18 17:24,9686782,17.5998,83.2148,0.0,210,Gangavaram,14.1
2022-05-29 02:35,9339563,17.6802,82.7534,9.0,179,Gangavaram,14.0
2022-05-29 18:35,9339563,17.6646,82.9998,11.5,273,Gangavaram,12.9
2022-05-30 05:28,9339563,17.5854,83.2441,0.5,77,Gangavaram,13.5
2022-05-30 17:34,9339563,17.6717,83.1563,0.1,320,Gangavaram,14.1
2022-05-31 12:31,9339563,17.5968,83.2171,0.0,69,Gangavaram,13.6
2022-06-01 13:50,9339563,17.6212,83.2483,0.0,319,Gangavaram,13.8
2022-05-14 04:39,9260565,17.2962,82.729,12.9,346,Gangavaram,13.5
2022-05-14 20:39,9260565,17.7276,83.3337,12.5,94,Gangavaram,13.1
2022-05-15 05:03,9260565,17.4694,83.1849,0.3,272,Gangavaram,13.6
2022-05-15 18:52,9260565,17.5996,83.2544,0.1,311,Gangavaram,13.5
2022-05-16 05:18,9260565,17.6405,83.1075,0.8,136,Gangavaram,13.1
2022-05-17 10:57,9260565,17.6196,83.2508,0.0,279,Gangavaram,13.7
2022-05-18 08:33,9260565,17.6068,83.2414,0.0,147,Gangavaram,14.2
2022-06-16 16:09,9151262,18.3735,83.9098,11.7,186,Gangavaram,13.2
2022-06-17 08:09,9151262,17.7397,83.2291,9.6,83,Gangavaram,13.1
2022-06-17 17:43,9151262,17.6539,83.3048,0.3,355,Gangavaram,13.3
2022-06-18 06:46,9151262,17.5685,83.1418,0.2,255,Gangavaram,13.7
2022-06-18 16:23,9151262,17.7613,83.2362,0.3,246,Gangavaram,12.6
2022-06-19 05:37,9151262,17.6564,83.1839,0.3,192,Gangavaram,13.4
2022-06-19 19:06,9151262,17.6563,83.2795,0.2,223,Gangavaram,13.5
2022-06-20 16:46,9151262,17.6278,83.2196,0.0,145,Gangavaram,13.6
2022-06-21 15:19,9151262,17.6265,83.2263,0.0,60,Gangavaram,13.7
2022-06-24 23:33,9746054,18.2194,82.6157,9.3,196,Gangavaram,13.0
2022-06-25 15:33,9746054,17.5434,83.3607,10.3,319,Gangavaram,13.4
2022-06-26 01:27,9746054,17.6943,83.207,0.3,81,Gangavaram,13.1
2022-06-26 13:42,9746054,17.6448,83.3163,0.5,111,Gangavaram,14.2
2022-06-27 00:35,9746054,17.6965,83.2052,0.1,3,Gangavaram,14.1
2022-06-27 13:18,9746054,17.5486,83.283,0.6,154,Gangavaram,13.9
2022-06-28 01:29,9746054,17.4825,83.2504,0.3,134,Gangavaram,13.1
2022-06-29 02:05,9746054,17.6226,83.2194,0.0,117,Gangavaram,14.1
2022-06-30 03:06,9746054,17.6198,83.2267,0.0,247,Gangavaram,13.9
2022-07-28 05:58,9557549,17.8445,82.8464,10.6,257,Gangavaram,13.7
2022-07-28 21:58,9557549,17.5073,83.0549,11.9,65,Gangavaram,13.7
2022-07-29 08:18,9557549,17.6471,83.088,0.2,291,Gangavaram,13.7
2022-07-29 18:56,9557549,17.4749,83.3524,0.0,135,Gangavaram,13.5
2022-07-30 08:33,9557549,17.6075,83.0967,0.2,194,Gangavaram,13.4
2022-07-30 18:14,9557549,17.7133,83.176,0.7,163,Gangavaram,13.1
2022-07-31 06:04,9557549,17.614,83.3663,0.1,139,Gangavaram,12.9
2022-08-01 07:58,9557549,17.6356,83.2222,0.0,287,Gangavaram,13.9
2022-08-02 08:16,9557549,17.6095,83.2193,0.0,87,Gangavaram,13.4
2022-08-18 23:39,9260565,17.3796,83.0345,11.4,100,Gangavaram,13.6
2022-08-19 15:39,9260565,17.559,83.1011,9.8,134,Gangavaram,12.9
2022-08-20 00:55,9260565,17.4678,83.0876,0.7,288,Gangavaram,14.1
2022-08-20 12:21,9260565,17.5157,83.29,0.4,200,Gangavaram,13.7
2022-08-21 00:20,9260565,17.7409,83.2967,0.3,58,Gangavaram,13.0
2022-08-21 12:54,9260565,17.7022,83.0938,0.3,171,Gangavaram,12.9
2022-08-22 01:24,9260565,17.7372,83.2437,0.3,60,Gangavaram,14.2
2022-08-22 14:34,9260565,17.4772,83.2297,0.1,91,Gangavaram,12.8
2022-08-22 23:54,9260565,17.637,83.3465,0.1,153,Gangavaram,13.5
2022-08-24 00:00,9260565,17.5991,83.2382,0.0,305,Gangavaram,13.9
2022-08-24 22:41,9260565,17.6102,83.2466,0.0,2,Gangavaram,13.6
2022-08-16 11:48,9557549,17.0468,83.8574,12.5,80,Gangavaram,13.2
2022-08-17 03:48,9557549,17.855,83.256,12.3,105,Gangavaram,13.0
2022-08-17 11:57,9557549,17.7105,83.2411,0.0,92,Gangavaram,13.7
2022-08-18 01:42,9557549,17.5359,83.1927,0.0,258,Gangavaram,12.6
2022-08-18 13:28,9557549,17.751,83.1901,0.8,117,Gangavaram,12.9
2022-08-19 02:32,9557549,17.7547,83.1838,0.6,171,Gangavaram,13.5
2022-08-19 23:02,9557549,17.6271,83.2181,0.0,306,Gangavaram,13.9
2022-08-20 22:51,9557549,17.6314,83.2393,0.0,250,Gangavaram,13.9
2022-09-09 01:41,9463594,16.8395,82.7911,9.0,76,Gangavaram,13.8
2022-09-09 17:41,9463594,17.6567,83.3435,10.1,161,Gangavaram,13.5
2022-09-10 04:05,9463594,17.7012,83.0885,0.1,279,Gangavaram,13.3
2022-09-10 14:31,9463594,17.6698,83.2026,0.2,178,Gangavaram,13.3
2022-09-11 02:10,9463594,17.5713,83.1423,0.2,159,Gangavaram,13.3
2022-09-11 14:16,9463594,17.6084,83.1763,0.2,26,Gangavaram,13.3
2022-09-12 02:43,9463594,17.5718,83.1269,0.0,58,Gangavaram,12.9
2022-09-13 01:44,9463594,17.6053,83.2157,0.0,224,Gangavaram,13.8
2022-09-14 00:07,9463594,17.6227,83.2264,0.0,142,Gangavaram,14.0
2022-09-08 00:19,9404531,17.9635,83.8334,12.6,2,Gangavaram,13.9
2022-09-08 16:19,9404531,17.8767,83.3831,11.0,174,Gangavaram,13.1
2022-09-09 01:51,9404531,17.5611,83.1728,0.7,318,Gangavaram,14.1
2022-09-09 14:54,9404531,17.746,83.3141,0.6,31,Gangavaram,12.9
2022-09-10 01:17,9404531,17.566,83.2815,0.4,165,Gangavaram,13.0
2022-09-10 12:50,9404531,17.6194,83.2295,0.3,62,Gangavaram,13.2
2022-09-11 17:40,9404531,17.6177,83.2213,0.0,270,Gangavaram,13.7
2022-09-12 19:39,9404531,17.6077,83.2252,0.0,32,Gangavaram,14.0
2022-10-19 18:38,9174447,16.8889,83.0188,12.2,196,Gangavaram,13.6
2022-10-20 10:38,9174447,17.4829,83.4332,10.9,154,Gangavaram,13.9
2022-10-20 21:37,9174447,17.603,83.2443,0.7,135,Gangavaram,13.3
2022-10-21 08:09,9174447,17.7203,83.0992,0.6,279,Gangavaram,13.8
2022-10-21 20:26,9174447,17.5352,83.1537,0.6,67,Gangavaram,13.6
2022-10-22 08:38,9174447,17.5388,83.3494,0.5,347,Gangavaram,12.8
2022-10-22 21:27,9174447,17.6302,83.2383,0.1,114,Gangavaram,12.7
2022-10-23 08:22,9174447,17.588,83.3643,0.8,161,Gangavaram,13.6
2022-10-23 19:00,9174447,17.5663,83.3657,0.1,81,Gangavaram,13.2
2022-10-24 19:47,9174447,17.6204,83.2183,0.0,11,Gangavaram,13.5
2022-10-25 19:58,9174447,17.6116,83.2241,0.0,109,Gangavaram,13.5
2022-11-06 10:20,9638539,17.3472,82.5366,12.6,203,Gangavaram,13.3
2022-11-07 02:20,9638539,17.4788,83.4366,12.1,179,Gangavaram,13.1
2022-11-07 11:31,9638539,17.4696,83.1638,0.6,76,Gangavaram,13.2
2022-11-08 01:16,9638539,17.5351,83.1331,0.4,161,Gangavaram,13.4
2022-11-08 12:21,9638539,17.6851,83.123,0.7,231,Gangavaram,12.8
2022-11-08 23:17,9638539,17.5787,83.2121,0.7,255,Gangavaram,13.9
2022-11-09 10:56,9638539,17.7203,83.3696,0.0,108,Gangavaram,13.4
2022-11-09 23:41,9638539,17.6909,83.2979,0.6,313,Gangavaram,12.7
2022-11-11 01:26,9638539,17.6236,83.2414,0.0,133,Gangavaram,13.3
2022-11-12 00:50,9638539,17.6338,83.2294,0.0,134,Gangavaram,13.2
2022-11-23 08:40,9404531,17.6937,82.5425,10.2,25,Gangavaram,13.7
2022-11-24 00:40,9404531,17.4852,83.0757,10.4,176,Gangavaram,13.9
2022-11-24 11:15,9404531,17.7529,83.3677,0.7,350,Gangavaram,14.2
2022-11-24 20:57,9404531,17.6839,83.2841,0.1,117,Gangavaram,12.9
2022-11-25 09:01,9404531,17.6,83.3731,0.1,255,Gangavaram,14.0
2022-11-25 23:29,9404531,17.7452,83.3657,0.4,61,Gangavaram,13.8
2022-11-26 11:09,9404531,17.6734,83.2633,0.3,207,Gangavaram,13.5
2022-11-26 21:12,9404531,17.5727,83.2892,0.2,128,Gangavaram,13.4
2022-11-27 09:55,9404531,17.6483,83.0866,0.8,54,Gangavaram,13.9
2022-11-28 13:43,9404531,17.6228,83.2515,0.0,169,Gangavaram,13.8
2022-11-29 12:24,9404531,17.6027,83.2396,0.0,237,Gangavaram,13.5
2022-12-19 21:14,9462030,17.9416,83.9996,11.8,294,Gangavaram,14.0
2022-12-20 13:14,9462030,17.8705,83.0136,12.2,156,Gangavaram,14.2
2022-12-20 22:55,9462030,17.4837,83.1771,0.3,38,Gangavaram,13.9
2022-12-21 12:00,9462030,17.6184,83.1651,0.6,149,Gangavaram,13.6
2022-12-21 23:59,9462030,17.7215,83.3072,0.3,334,Gangavaram,13.6
2022-12-22 10:56,9462030,17.7415,83.3612,0.8,85,Gangavaram,13.4
2022-12-23 00:00,9462030,17.7359,83.2808,0.6,259,Gangavaram,12.9
2022-12-23 11:57,9462030,17.7334,83.1382,0.6,353,Gangavaram,12.8
2022-12-24 06:08,9462030,17.599,83.2492,0.0,30,Gangavaram,13.6
2022-12-25 02:50,9462030,17.6094,83.2276,0.0,27,Gangavaram,14.2
2022-12-19 12:40,9559190,16.9718,83.2535,11.9,20,Gangavaram,14.0
2022-12-20 04:40,9559190,17.5771,83.3814,9.2,151,Gangavaram,13.0
2022-12-20 12:43,9559190,17.4705,83.292,0.1,12,Gangavaram,13.0
2022-12-21 01:50,9559190,17.7005,83.2822,0.5,266,Gangavaram,13.6
2022-12-21 13:23,9559190,17.4836,83.3164,0.3,183,Gangavaram,14.2
2022-12-22 01:10,9559190,17.508,83.2405,0.0,178,Gangavaram,13.7
2022-12-22 13:55,9559190,17.616,83.1768,0.3,268,Gangavaram,14.3
2022-12-23 01:09,9559190,17.761,83.1506,0.6,55,Gangavaram,13.8
2022-12-23 12:44,9559190,17.6039,83.194,0.6,32,Gangavaram,14.3
2022-12-24 02:28,9559190,17.7655,83.1784,0.4,320,Gangavaram,13.5
2022-12-25 08:10,9559190,17.6004,83.2316,0.0,328,Gangavaram,14.1
2022-12-26 09:58,9559190,17.6306,83.2324,0.0,289,Gangavaram,14.0
2022-12-13 19:51,9192002,17.8469,83.6702,9.8,38,Gangavaram,13.0
2022-12-14 11:51,9192002,17.604,83.1168,12.6,253,Gangavaram,14.2
2022-12-14 21:46,9192002,17.5623,83.1614,0.3,80,Gangavaram,14.1
2022-12-15 09:04,9192002,17.4953,83.0959,0.1,309,Gangavaram,13.7
2022-12-15 21:40,9192002,17.631,83.1176,0.7,14,Gangavaram,13.1
2022-12-16 09:34,9192002,17.5555,83.3539,0.5,158,Gangavaram,14.2
2022-12-16 20:30,9192002,17.473,83.3106,0.1,102,Gangavaram,14.0
2022-12-17 10:33,9192002,17.4678,83.2811,0.2,221,Gangavaram,13.3
2022-12-17 20:16,9192002,17.5214,83.1359,0.3,264,Gangavaram,13.0
2022-12-19 00:55,9192002,17.6155,83.228,0.0,39,Gangavaram,13.7
2022-12-20 01:10,9192002,17.613,83.2382,0.0,151,Gangavaram,13.6
2023-01-23 19:05,9151262,17.2197,82.4877,10.2,268,Gangavaram,13.8
2023-01-24 11:05,9151262,17.3744,83.1293,11.7,118,Gangavaram,13.5
2023-01-24 21:00,9151262,17.7379,83.1895,0.2,79,Gangavaram,13.1
2023-01-25 07:28,9151262,17.6307,83.3288,0.4,90,Gangavaram,12.9
2023-01-26 12:41,9151262,17.6321,83.2373,0.0,136,Gangavaram,13.9
2023-01-27 14:11,9151262,17.601,83.2392,0.0,53,Gangavaram,13.5
2023-01-10 01:54,9184777,17.7556,83.8575,12.9,188,Gangavaram,13.5
2023-01-10 17:54,9184777,17.7656,82.9739,10.1,318,Gangavaram,12.7
2023-01-11 03:19,9184777,17.504,83.1651,0.1,315,Gangavaram,13.0
2023-01-11 16:04,9184777,17.5693,83.0837,0.4,203,Gangavaram,13.5
2023-01-12 12:06,9184777,17.6177,83.2341,0.0,218,Gangavaram,13.5
2023-01-13 10:54,9184777,17.6049,83.2328,0.0,359,Gangavaram,13.6
2023-02-08 09:25,9404531,17.8037,82.7095,12.1,108,Gangavaram,12.9
2023-02-09 01:25,9404531,17.6086,83.1409,12.4,133,Gangavaram,13.6
2023-02-09 12:22,9404531,17.5342,83.3538,0.6,239,Gangavaram,13.8
2023-02-10 16:03,9404531,17.63,83.2215,0.0,333,Gangavaram,14.0
2023-02-11 15:34,9404531,17.6081,83.2288,0.0,253,Gangavaram,14.0
2023-03-21 00:26,9746054,16.877,83.5128,9.7,343,Gangavaram,14.0
2023-03-21 16:26,9746054,17.5492,83.4349,12.7,76,Gangavaram,13.7
2023-03-22 00:41,9746054,17.5656,83.3544,0.8,194,Gangavaram,13.8
2023-03-22 14:10,9746054,17.6856,83.208,0.5,282,Gangavaram,13.0
2023-03-23 01:34,9746054,17.6876,83.1766,0.4,230,Gangavaram,12.9
2023-03-23 23:08,9746054,17.6276,83.2359,0.0,345,Gangavaram,13.6
2023-03-25 00:20,9746054,17.618,83.2376,0.0,202,Gangavaram,13.5
2023-04-23 23:39,9192002,17.2221,83.5177,12.9,171,Gangavaram,13.9
2023-04-24 15:39,9192002,17.7273,83.2016,12.5,277,Gangavaram,13.7
2023-04-25 02:35,9192002,17.6909,83.0982,0.1,58,Gangavaram,13.4
2023-04-25 12:22,9192002,17.694,83.3389,0.6,59,Gangavaram,14.1
2023-04-26 00:34,9192002,17.7261,83.1362,0.6,82,Gangavaram,13.1
2023-04-26 21:18,9192002,17.6024,83.2237,0.0,226,Gangavaram,14.1
2023-04-27 21:11,9192002,17.6119,83.2423,0.0,110,Gangavaram,13.9
2023-05-13 13:34,9462030,18.2669,83.4782,12.5,186,Gangavaram,12.9
2023-05-14 05:34,9462030,17.7839,83.0802,9.0,96,Gangavaram,13.5
2023-05-14 14:32,9462030,17.5022,83.2312,0.0,350,Gangavaram,13.6
2023-05-15 03:22,9462030,17.6239,83.2661,0.3,355,Gangavaram,12.8
2023-05-15 15:26,9462030,17.6395,83.1565,0.1,134,Gangavaram,14.2
2023-05-16 09:35,9462030,17.6212,83.2329,0.0,145,Gangavaram,13.9
2023-05-17 09:38,9462030,17.599,83.2533,0.0,279,Gangavaram,14.2
2023-06-07 00:39,9462030,18.13,83.1362,10.6,49,Gangavaram,13.3
2023-06-07 16:39,9462030,17.6253,83.4106,11.6,50,Gangavaram,12.8
2023-06-08 03:34,9462030,17.7249,83.2308,0.0,249,Gangavaram,13.7
2023-06-08 13:05,9462030,17.5442,83.3534,0.1,304,Gangavaram,13.4
2023-06-09 02:49,9462030,17.7646,83.2277,0.1,188,Gangavaram,14.1
2023-06-09 13:58,9462030,17.6623,83.2315,0.3,172,Gangavaram,13.9
2023-06-10 13:45,9462030,17.6112,83.2495,0.0,167,Gangavaram,13.7
2023-06-11 11:03,9462030,17.6016,83.2415,0.0,172,Gangavaram,13.7
2023-06-09 11:01,9559190,17.385,83.4745,11.5,45,Gangavaram,14.3
2023-06-10 03:01,9559190,17.8407,83.3109,11.9,96,Gangavaram,13.3
2023-06-10 11:54,9559190,17.7109,83.1038,0.6,138,Gangavaram,13.9
2023-06-10 23:09,9559190,17.6115,83.3068,0.0,237,Gangavaram,13.2
2023-06-11 12:35,9559190,17.5141,83.084,0.3,11,Gangavaram,14.3
2023-06-12 01:19,9559190,17.7232,83.1875,0.0,255,Gangavaram,14.0
2023-06-12 11:32,9559190,17.632,83.2916,0.5,99,Gangavaram,14.2
2023-06-13 12:10,9559190,17.6089,83.2503,0.0,88,Gangavaram,14.1
2023-06-14 14:09,9559190,17.6226,83.2257,0.0,239,Gangavaram,13.9
2023-07-19 09:54,9746054,18.052,83.7225,12.2,171,Gangavaram,13.0
2023-07-20 01:54,9746054,17.5028,83.3509,10.9,324,Gangavaram,13.2
2023-07-20 12:28,9746054,17.6913,83.2755,0.7,76,Gangavaram,13.9
2023-07-21 00:18,9746054,17.5866,83.2979,0.3,223,Gangavaram,13.4
2023-07-21 12:18,9746054,17.5442,83.2767,0.4,279,Gangavaram,13.0
2023-07-21 22:11,9746054,17.7033,83.362,0.4,15,Gangavaram,14.1
2023-07-22 21:16,9746054,17.5985,83.2531,0.0,306,Gangavaram,13.6
2023-07-23 23:19,9746054,17.6363,83.2164,0.0,25,Gangavaram,13.8
2023-07-06 03:02,9842348,17.6843,83.9379,9.9,248,Gangavaram,13.5
2023-07-06 19:02,9842348,17.6723,83.122,9.3,230,Gangavaram,14.3
2023-07-07 05:42,9842348,17.7061,83.2472,0.6,113,Gangavaram,14.4
2023-07-07 17:00,9842348,17.5735,83.2129,0.2,46,Gangavaram,13.1
2023-07-08 03:23,9842348,17.52,83.335,0.2,21,Gangavaram,14.4
2023-07-08 15:55,9842348,17.6082,83.2892,0.1,44,Gangavaram,13.3
2023-07-09 04:04,9842348,17.4788,83.1178,0.3,204,Gangavaram,13.2
2023-07-09 23:54,9842348,17.6211,83.2217,0.0,49,Gangavaram,14.1
2023-07-11 01:03,9842348,17.6167,83.2323,0.0,340,Gangavaram,14.4
2023-07-11 17:02,9339563,17.4252,83.2773,9.4,78,Gangavaram,13.4
2023-07-12 09:02,9339563,17.512,83.0497,10.1,217,Gangavaram,13.1
2023-07-12 18:34,9339563,17.6684,83.133,0.6,15,Gangavaram,13.7
2023-07-13 05:50,9339563,17.5483,83.3284,0.0,90,Gangavaram,13.3
2023-07-13 18:57,9339563,17.6754,83.3201,0.0,124,Gangavaram,13.3
2023-07-14 06:11,9339563,17.5789,83.33,0.1,280,Gangavaram,13.9
2023-07-14 19:29,9339563,17.6029,83.2057,0.5,268,Gangavaram,13.8
2023-07-15 05:54,9339563,17.7291,83.3212,0.7,32,Gangavaram,13.9
2023-07-15 18:48,9339563,17.6227,83.2939,0.7,227,Gangavaram,14.1
2023-07-16 05:06,9339563,17.5892,83.0921,0.1,338,Gangavaram,13.0
2023-07-17 07:15,9339563,17.6012,83.2324,0.0,242,Gangavaram,13.7
2023-07-18 07:18,9339563,17.6143,83.2511,0.0,211,Gangavaram,13.8
2023-08-14 01:19,9874716,17.5049,82.4915,11.8,3,Gangavaram,14.4
2023-08-14 17:19,9874716,17.7547,83.0088,9.9,86,Gangavaram,13.5
2023-08-15 02:55,9874716,17.7363,83.2852,0.5,287,Gangavaram,13.2
2023-08-15 15:55,9874716,17.7253,83.3508,0.7,168,Gangavaram,13.1
2023-08-16 02:33,9874716,17.5666,83.3498,0.5,116,Gangavaram,14.0
2023-08-16 14:14,9874716,17.491,83.1703,0.0,76,Gangavaram,13.6
2023-08-17 02:13,9874716,17.703,83.1583,0.2,61,Gangavaram,13.8
2023-08-17 15:38,9874716,17.5604,83.2297,0.1,81,Gangavaram,14.2
2023-08-18 12:46,9874716,17.615,83.235,0.0,208,Gangavaram,14.3
2023-08-19 09:21,9874716,17.5971,83.2314,0.0,36,Gangavaram,13.7
2023-08-06 13:37,9192002,17.4137,83.1251,11.5,198,Gangavaram,12.9
2023-08-07 05:37,9192002,17.5784,83.299,11.4,217,Gangavaram,13.6
2023-08-07 15:39,9192002,17.5473,83.1326,0.5,19,Gangavaram,13.5
2023-08-08 02:37,9192002,17.5143,83.3322,0.2,290,Gangavaram,13.5
2023-08-08 15:56,9192002,17.5647,83.1514,0.7,325,Gangavaram,13.9
2023-08-09 03:47,9192002,17.4933,83.374,0.3,197,Gangavaram,13.5
2023-08-09 13:45,9192002,17.5999,83.2049,0.3,286,Gangavaram,14.3
2023-08-10 19:33,9192002,17.5979,83.2445,0.0,299,Gangavaram,13.9
2023-08-11 19:04,9192002,17.6113,83.2201,0.0,338,Gangavaram,14.2
2023-09-08 07:09,9462030,17.8889,82.8551,12.6,41,Gangavaram,13.3
2023-09-08 23:09,9462030,17.6711,83.1622,10.0,117,Gangavaram,12.9
2023-09-09 08:18,9462030,17.6325,83.1548,0.7,325,Gangavaram,13.9
2023-09-09 21:16,9462030,17.6529,83.1365,0.4,281,Gangavaram,13.3
2023-09-10 09:26,9462030,17.7207,83.1089,0.6,234,Gangavaram,13.6
2023-09-10 22:07,9462030,17.6808,83.2527,0.4,319,Gangavaram,13.1
2023-09-11 16:54,9462030,17.616,83.2229,0.0,121,Gangavaram,14.0
2023-09-12 16:29,9462030,17.5986,83.2469,0.0,106,Gangavaram,14.2
2023-10-15 12:23,9952378,17.1828,83.0397,9.2,337,Gangavaram,13.8
2023-10-16 04:23,9952378,17.624,83.1855,9.0,220,Gangavaram,12.7
2023-10-16 14:39,9952378,17.5589,83.1108,0.6,102,Gangavaram,13.2
2023-10-17 02:21,9952378,17.4739,83.1687,0.1,17,Gangavaram,13.5
2023-10-17 12:30,9952378,17.6978,83.2001,0.3,184,Gangavaram,13.8
2023-10-18 03:20,9952378,17.491,83.1728,0.5,111,Gangavaram,13.2
2023-10-18 13:02,9952378,17.7313,83.2606,0.2,3,Gangavaram,13.5
2023-10-19 14:49,9952378,17.6009,83.228,0.0,155,Gangavaram,13.6
2023-10-20 12:50,9952378,17.6198,83.2468,0.0,320,Gangavaram,13.9
2023-10-05 15:35,9462030,16.8855,83.4062,10.6,123,Gangavaram,13.3
2023-10-06 07:35,9462030,17.4491,83.0902,10.2,308,Gangavaram,13.5
2023-10-06 16:13,9462030,17.6527,83.3736,0.2,334,Gangavaram,14.1
2023-10-07 04:34,9462030,17.7071,83.281,0.1,33,Gangavaram,14.0
2023-10-07 18:21,9462030,17.7638,83.3691,0.4,57,Gangavaram,14.0
2023-10-08 05:46,9462030,17.5976,83.2332,0.6,179,Gangavaram,13.7
2023-10-08 17:46,9462030,17.4952,83.1293,0.4,228,Gangavaram,12.9
2023-10-09 05:03,9462030,17.6861,83.2747,0.7,91,Gangavaram,13.1
2023-10-09 16:28,9462030,17.7064,83.2623,0.0,216,Gangavaram,13.1
2023-10-10 04:11,9462030,17.5188,83.3119,0.3,223,Gangavaram,13.4
2023-10-11 22:54,9462030,17.6277,83.2213,0.0,42,Gangavaram,13.6
2023-10-12 21:45,9462030,17.6244,83.2472,0.0,187,Gangavaram,13.8
2023-11-19 05:50,9264511,18.2617,82.8916,12.5,52,Gangavaram,12.9
2023-11-19 21:50,9264511,17.5992,83.405,12.3,211,Gangavaram,14.0
2023-11-20 07:22,9264511,17.5428,83.3633,0.6,96,Gangavaram,13.9
2023-11-20 17:58,9264511,17.6201,83.2819,0.3,341,Gangavaram,13.2
2023-11-21 07:10,9264511,17.5025,83.3074,0.7,319,Gangavaram,13.1
2023-11-21 20:15,9264511,17.6257,83.3453,0.3,240,Gangavaram,13.5
2023-11-22 07:31,9264511,17.4976,83.3804,0.4,93,Gangavaram,13.9
2023-11-23 08:27,9264511,17.607,83.2223,0.0,256,Gangavaram,13.8
2023-11-24 09:24,9264511,17.6258,83.2282,0.0,219,Gangavaram,13.6
2023-12-09 23:42,9404531,16.9715,82.6894,10.4,214,Gangavaram,13.2
2023-12-10 15:42,9404531,17.8,83.2079,9.1,342,Gangavaram,13.3
2023-12-11 01:36,9404531,17.4952,83.2842,0.7,327,Gangavaram,13.7
2023-12-11 13:30,9404531,17.7612,83.1234,0.7,178,Gangavaram,13.4
2023-12-12 00:45,9404531,17.6544,83.2285,0.0,251,Gangavaram,14.0
2023-12-13 03:42,9404531,17.6233,83.2359,0.0,146,Gangavaram,14.2
2023-12-14 03:24,9404531,17.603,83.2276,0.0,174,Gangavaram,13.6
2024-01-10 02:55,9952378,18.0649,83.0719,10.2,92,Gangavaram,12.8
2024-01-10 18:55,9952378,17.8434,83.0443,11.1,44,Gangavaram,12.7
2024-01-11 04:16,9952378,17.5677,83.3214,0.6,153,Gangavaram,13.5
2024-01-11 17:03,9952378,17.6657,83.1825,0.7,141,Gangavaram,12.8
2024-01-12 22:08,9952378,17.6281,83.2178,0.0,272,Gangavaram,13.8
2024-01-13 23:05,9952378,17.6023,83.2445,0.0,256,Gangavaram,13.3
2024-02-15 04:24,9785903,17.651,83.8869,9.0,154,Gangavaram,14.1
2024-02-15 20:24,9785903,17.3694,82.981,12.0,98,Gangavaram,14.2
2024-02-16 06:36,9785903,17.7062,83.254,0.7,195,Gangavaram,13.7
2024-02-16 18:20,9785903,17.6712,83.1356,0.0,67,Gangavaram,13.7
2024-02-17 06:04,9785903,17.4916,83.0897,0.5,81,Gangavaram,13.4
2024-02-18 02:31,9785903,17.62,83.2295,0.0,199,Gangavaram,14.2
2024-02-19 02:52,9785903,17.6091,83.2327,0.0,121,Gangavaram,14.3
2024-03-08 02:18,9151262,18.3902,83.6153,9.3,152,Gangavaram,13.3
2024-03-08 18:18,9151262,17.882,83.1144,10.9,354,Gangavaram,13.3
2024-03-09 03:50,9151262,17.666,83.2982,0.5,248,Gangavaram,12.9
2024-03-09 15:20,9151262,17.6372,83.1486,0.6,41,Gangavaram,12.8
2024-03-10 03:44,9151262,17.7504,83.2618,0.6,358,Gangavaram,13.6
2024-03-11 09:09,9151262,17.6308,83.2262,0.0,168,Gangavaram,13.7
2024-03-12 08:26,9151262,17.6156,83.2433,0.0,30,Gangavaram,13.3
2024-03-07 07:00,9260565,17.4831,83.1928,10.0,186,Gangavaram,13.7
2024-03-07 23:00,9260565,17.8124,83.3147,11.4,219,Gangavaram,13.0
2024-03-08 08:41,9260565,17.6281,83.2423,0.6,15,Gangavaram,14.1
2024-03-08 21:36,9260565,17.5265,83.3502,0.1,243,Gangavaram,12.9
2024-03-09 14:24,9260565,17.6088,83.2285,0.0,120,Gangavaram,13.5
2024-03-10 12:36,9260565,17.6062,83.2523,0.0,86,Gangavaram,14.2
2024-04-16 02:51,9174447,17.9474,82.6733,9.9,41,Gangavaram,13.0
2024-04-16 18:51,9174447,17.7627,83.3296,12.2,254,Gangavaram,13.8
2024-04-17 03:05,9174447,17.6966,83.2723,0.1,229,Gangavaram,14.0
2024-04-17 17:41,9174447,17.7227,83.1271,0.4,199,Gangavaram,13.1
2024-04-18 03:03,9174447,17.6224,83.2881,0.4,235,Gangavaram,14.0
2024-04-19 01:21,9174447,17.6014,83.2207,0.0,54,Gangavaram,13.6
2024-04-19 22:57,9174447,17.6344,83.2378,0.0,158,Gangavaram,13.7
2024-03-31 06:17,9725674,18.116,83.2175,11.4,153,Gangavaram,13.2
2024-03-31 22:17,9725674,17.7655,83.1019,10.4,84,Gangavaram,14.0
2024-04-01 08:55,9725674,17.6844,83.2112,0.6,202,Gangavaram,12.9
2024-04-01 20:39,9725674,17.7406,83.1807,0.8,142,Gangavaram,13.2
2024-04-02 08:09,9725674,17.7139,83.3718,0.4,221,Gangavaram,14.0
2024-04-03 13:49,9725674,17.6196,83.2293,0.0,114,Gangavaram,13.7
2024-04-04 12:44,9725674,17.6029,83.2526,0.0,285,Gangavaram,14.0
2024-05-10 22:22,9842348,18.2181,82.9493,9.1,314,Gangavaram,13.2
2024-05-11 14:22,9842348,17.4121,83.1091,12.0,222,Gangavaram,14.0
2024-05-12 00:13,9842348,17.7591,83.2913,0.8,237,Gangavaram,13.4
2024-05-12 12:34,9842348,17.4777,83.346,0.1,252,Gangavaram,14.4
2024-05-13 10:23,9842348,17.5998,83.2194,0.0,202,Gangavaram,13.8
2024-05-14 08:20,9842348,17.6246,83.2286,0.0,220,Gangavaram,14.5
2024-06-11 02:08,9151262,17.7682,82.5847,10.6,212,Gangavaram,13.4
2024-06-11 18:08,9151262,17.456,83.4606,9.4,66,Gangavaram,13.5
2024-06-12 04:29,9151262,17.513,83.3691,0.1,204,Gangavaram,13.6
2024-06-12 14:44,9151262,17.6602,83.2025,0.4,345,Gangavaram,13.5
2024-06-13 02:11,9151262,17.5711,83.2718,0.3,350,Gangavaram,12.5
2024-06-13 15:27,9151262,17.5771,83.1018,0.5,150,Gangavaram,13.8
2024-06-14 04:51,9151262,17.6095,83.3585,0.2,25,Gangavaram,12.6
2024-06-14 23:52,9151262,17.6364,83.2232,0.0,124,Gangavaram,13.8
2024-06-16 00:53,9151262,17.6031,83.2278,0.0,110,Gangavaram,13.4
2024-07-03 02:39,9264511,18.3628,83.3858,13.0,279,Gangavaram,14.0
2024-07-03 18:39,9264511,17.8757,83.197,10.5,280,Gangavaram,13.6
2024-07-04 03:58,9264511,17.5761,83.2081,0.6,200,Gangavaram,12.8
2024-07-04 15:57,9264511,17.4876,83.1523,0.4,146,Gangavaram,13.1
2024-07-05 03:58,9264511,17.6518,83.1879,0.8,61,Gangavaram,13.2
2024-07-05 16:49,9264511,17.6115,83.2581,0.4,77,Gangavaram,13.1
2024-07-06 04:13,9264511,17.6434,83.2771,0.1,111,Gangavaram,13.6
2024-07-06 15:40,9264511,17.56,83.34,0.0,266,Gangavaram,12.9
2024-07-07 16:52,9264511,17.6102,83.2204,0.0,242,Gangavaram,13.4
2024-07-08 18:25,9264511,17.6319,83.2366,0.0,283,Gangavaram,14.1
2024-07-12 13:57,9725674,17.2261,82.8555,9.3,313,Gangavaram,13.6
2024-07-13 05:57,9725674,17.783,83.4839,9.3,175,Gangavaram,13.2
2024-07-13 16:54,9725674,17.5946,83.2185,0.7,196,Gangavaram,14.0
2024-07-14 04:15,9725674,17.6728,83.2308,0.2,140,Gangavaram,12.8
2024-07-14 14:56,9725674,17.559,83.291,0.2,224,Gangavaram,13.1
2024-07-15 04:48,9725674,17.6936,83.3534,0.0,57,Gangavaram,14.0
2024-07-15 14:39,9725674,17.6597,83.1604,0.4,158,Gangavaram,13.6
2024-07-16 14:59,9725674,17.6342,83.2142,0.0,343,Gangavaram,13.6
2024-07-17 11:48,9725674,17.6147,83.2423,0.0,203,Gangavaram,13.5
2024-08-16 14:47,9559190,17.7771,83.4571,10.9,174,Gangavaram,14.2
2024-08-17 06:47,9559190,17.569,83.4581,11.1,118,Gangavaram,14.0
2024-08-17 16:00,9559190,17.5019,83.3442,0.5,351,Gangavaram,13.6
2024-08-18 05:04,9559190,17.632,83.2516,0.6,251,Gangavaram,14.0
2024-08-18 16:57,9559190,17.6498,83.1487,0.7,142,Gangavaram,14.3
2024-08-19 05:05,9559190,17.7198,83.2439,0.7,315,Gangavaram,13.8
2024-08-20 01:26,9559190,17.6084,83.2268,0.0,29,Gangavaram,13.8
2024-08-21 01:55,9559190,17.6152,83.2315,0.0,257,Gangavaram,13.7
2024-08-29 02:28,9725674,18.2214,83.225,9.9,153,Gangavaram,13.8
2024-08-29 18:28,9725674,17.6201,82.9904,10.8,84,Gangavaram,12.7
2024-08-30 02:28,9725674,17.6805,83.292,0.6,238,Gangavaram,13.6
2024-08-30 14:54,9725674,17.6919,83.1426,0.7,45,Gangavaram,13.1
2024-08-31 03:54,9725674,17.505,83.1916,0.6,297,Gangavaram,13.3
2024-08-31 16:00,9725674,17.5384,83.2389,0.3,104,Gangavaram,13.9
2024-09-01 04:20,9725674,17.563,83.2047,0.6,330,Gangavaram,12.9
2024-09-02 05:01,9725674,17.6301,83.2435,0.0,101,Gangavaram,14.1
2024-09-03 04:36,9725674,17.6285,83.2156,0.0,87,Gangavaram,13.7
2024-10-10 14:50,9264511,17.3844,82.9312,10.3,245,Gangavaram,13.1
2024-10-11 06:50,9264511,17.786,83.0987,12.6,115,Gangavaram,12.8
2024-10-11 16:22,9264511,17.735,83.2124,0.4,9,Gangavaram,13.8
2024-10-12 04:36,9264511,17.7533,83.218,0.5,27,Gangavaram,12.9
2024-10-12 16:14,9264511,17.4751,83.2518,0.3,326,Gangavaram,13.7
2024-10-13 02:59,9264511,17.7576,83.1145,0.1,104,Gangavaram,12.8
2024-10-13 17:32,9264511,17.7313,83.3272,0.6,237,Gangavaram,12.7
2024-10-14 04:27,9264511,17.6737,83.1597,0.7,50,Gangavaram,13.2
2024-10-15 07:05,9264511,17.6089,83.2197,0.0,349,Gangavaram,13.5
2024-10-16 06:04,9264511,17.6275,83.247,0.0,359,Gangavaram,14.0
2024-10-29 02:01,9339563,17.2979,83.2601,12.6,344,Gangavaram,13.0
2024-10-29 18:01,9339563,17.4072,83.3041,9.8,351,Gangavaram,13.5
2024-10-30 03:37,9339563,17.6333,83.297,0.3,356,Gangavaram,12.9
2024-10-30 16:56,9339563,17.7632,83.1908,0.2,59,Gangavaram,13.5
2024-10-31 03:17,9339563,17.7479,83.2839,0.6,34,Gangavaram,13.5
2024-10-31 16:12,9339563,17.5084,83.1202,0.2,315,Gangavaram,13.1
2024-11-01 03:45,9339563,17.5512,83.2435,0.5,221,Gangavaram,13.5
2024-11-01 15:53,9339563,17.5243,83.157,0.6,212,Gangavaram,12.9
2024-11-02 02:44,9339563,17.6051,83.2118,0.3,179,Gangavaram,13.2
2024-11-02 16:02,9339563,17.7082,83.2178,0.6,53,Gangavaram,14.1
2024-11-04 12:23,9339563,17.614,83.227,0.0,112,Gangavaram,14.0
2024-11-05 12:38,9339563,17.6237,83.2475,0.0,25,Gangavaram,13.8
2024-11-01 00:16,9184777,17.4357,83.486,12.4,77,Gangavaram,13.8
2024-11-01 16:16,9184777,17.5926,83.1267,10.7,156,Gangavaram,13.2
2024-11-02 00:17,9184777,17.4819,83.275,0.7,167,Gangavaram,13.1
2024-11-02 15:13,9184777,17.5482,83.2747,0.1,356,Gangavaram,13.2
2024-11-03 02:10,9184777,17.5226,83.2134,0.7,36,Gangavaram,13.8
2024-11-03 12:38,9184777,17.7372,83.2641,0.4,55,Gangavaram,13.7
2024-11-04 14:44,9184777,17.6161,83.2275,0.0,174,Gangavaram,13.3
2024-11-05 12:53,9184777,17.6103,83.2256,0.0,35,Gangavaram,13.4
2024-12-01 09:53,9952378,17.2109,83.8407,11.5,349,Gangavaram,12.8
2024-12-02 01:53,9952378,17.4333,83.3409,12.8,11,Gangavaram,13.5
2024-12-02 12:19,9952378,17.5475,83.2996,0.7,107,Gangavaram,12.8
2024-12-02 23:41,9952378,17.5758,83.3713,0.1,215,Gangavaram,12.9
2024-12-03 10:59,9952378,17.6376,83.3112,0.4,269,Gangavaram,13.8
2024-12-04 13:42,9952378,17.6006,83.2335,0.0,32,Gangavaram,14.0
2024-12-05 11:39,9952378,17.6066,83.2446,0.0,69,Gangavaram,13.3
2024-12-10 16:06,9339563,17.2301,82.5304,11.1,340,Gangavaram,13.8
2024-12-11 08:06,9339563,17.4091,83.3136,12.0,139,Gangavaram,14.2
2024-12-11 18:48,9339563,17.5112,83.1936,0.7,237,Gangavaram,13.9
2024-12-12 04:57,9339563,17.7082,83.2931,0.4,65,Gangavaram,12.9
2024-12-12 17:10,9339563,17.6601,83.3171,0.7,298,Gangavaram,13.0
2024-12-13 04:46,9339563,17.6881,83.3319,0.2,359,Gangavaram,14.1
2024-12-13 16:08,9339563,17.564,83.2024,0.2,275,Gangavaram,13.5
2024-12-14 04:28,9339563,17.4676,83.3465,0.1,264,Gangavaram,13.2
2024-12-14 16:37,9339563,17.5516,83.1049,0.7,79,Gangavaram,14.0
2024-12-15 05:14,9339563,17.7451,83.0949,0.8,287,Gangavaram,13.2
2024-12-16 02:49,9339563,17.6342,83.247,0.0,353,Gangavaram,14.1
2024-12-17 00:46,9339563,17.6287,83.2531,0.0,217,Gangavaram,14.1
2025-01-07 23:10,9463594,16.9993,82.8888,11.0,227,Gangavaram,12.6
2025-01-08 15:10,9463594,17.5026,83.2377,10.3,222,Gangavaram,12.7
2025-01-09 00:31,9463594,17.747,83.2175,0.0,83,Gangavaram,12.8
2025-01-09 13:57,9463594,17.5938,83.1675,0.8,76,Gangavaram,12.9
2025-01-10 16:49,9463594,17.5991,83.2195,0.0,80,Gangavaram,13.6
2025-01-11 17:18,9463594,17.6003,83.218,0.0,18,Gangavaram,14.0
2025-02-06 19:48,9133209,17.9389,83.1012,9.9,169,Gangavaram,13.4
2025-02-07 11:48,9133209,17.7739,83.2788,9.5,16,Gangavaram,13.8
2025-02-07 20:01,9133209,17.5784,83.2982,0.1,183,Gangavaram,13.3
2025-02-08 08:35,9133209,17.5279,83.3169,0.5,125,Gangavaram,13.3
2025-02-08 19:57,9133209,17.5943,83.2987,0.7,254,Gangavaram,13.3
2025-02-09 18:15,9133209,17.6351,83.224,0.0,17,Gangavaram,14.3
2025-02-10 16:02,9133209,17.608,83.2145,0.0,288,Gangavaram,14.3
2025-02-01 08:26,9192002,17.6621,82.5016,12.9,103,Gangavaram,13.6
2025-02-02 00:26,9192002,17.8482,83.3932,11.9,45,Gangavaram,13.5
2025-02-02 11:02,9192002,17.6318,83.3671,0.2,260,Gangavaram,13.5
2025-02-02 20:38,9192002,17.5645,83.106,0.2,139,Gangavaram,13.7
2025-02-04 03:06,9192002,17.624,83.2466,0.0,334,Gangavaram,13.6
2025-02-05 03:39,9192002,17.6333,83.2153,0.0,174,Gangavaram,13.9
2025-03-05 20:45,9184777,18.3526,82.6555,12.3,77,Gangavaram,13.5
2025-03-06 12:45,9184777,17.6321,83.4167,12.1,329,Gangavaram,13.2
2025-03-06 23:29,9184777,17.5584,83.2275,0.2,174,Gangavaram,12.7
2025-03-07 09:55,9184777,17.6129,83.2756,0.2,101,Gangavaram,12.9
2025-03-07 22:29,9184777,17.5936,83.2697,0.5,140,Gangavaram,12.6
2025-03-08 10:32,9184777,17.4988,83.2774,0.5,129,Gangavaram,13.3
2025-03-09 05:06,9184777,17.6053,83.2397,0.0,153,Gangavaram,13.7
2025-03-10 03:11,9184777,17.6203,83.2219,0.0,321,Gangavaram,13.3
2025-03-10 22:46,9463594,17.0225,83.1356,12.6,29,Gangavaram,13.3
2025-03-11 14:46,9463594,17.8716,83.3239,10.8,226,Gangavaram,13.5
2025-03-11 23:55,9463594,17.6318,83.149,0.6,12,Gangavaram,13.4
2025-03-12 11:56,9463594,17.7502,83.3416,0.3,218,Gangavaram,14.0
2025-03-12 22:58,9463594,17.6085,83.3238,0.5,143,Gangavaram,13.6
2025-03-13 20:11,9463594,17.6174,83.2298,0.0,279,Gangavaram,13.6
2025-03-14 19:56,9463594,17.6154,83.2311,0.0,323,Gangavaram,13.5
2025-04-12 21:42,9842348,17.612,82.5955,9.5,280,Gangavaram,13.5
2025-04-13 13:42,9842348,17.4315,83.4074,12.9,44,Gangavaram,14.1
2025-04-13 23:21,9842348,17.6732,83.323,0.5,26,Gangavaram,13.8
2025-04-14 10:41,9842348,17.5142,83.1005,0.4,118,Gangavaram,13.8
2025-04-15 17:02,9842348,17.6192,83.2309,0.0,26,Gangavaram,14.2
2025-04-16 16:33,9842348,17.6363,83.2483,0.0,35,Gangavaram,14.2
2025-04-30 03:23,9231171,17.3249,83.388,10.2,54,Gangavaram,12.9
2025-04-30 19:23,9231171,17.3716,83.4253,11.1,113,Gangavaram,12.9
2025-05-01 05:05,9231171,17.6519,83.27,0.1,258,Gangavaram,13.5
2025-05-01 17:39,9231171,17.7456,83.2185,0.6,294,Gangavaram,14.0
2025-05-02 06:03,9231171,17.5355,83.2865,0.2,65,Gangavaram,13.9
2025-05-02 22:39,9231171,17.6242,83.2349,0.0,117,Gangavaram,14.2
2025-05-03 19:36,9231171,17.6167,83.2445,0.0,101,Gangavaram,13.8
2025-06-02 02:39,9339563,17.5508,82.7072,10.5,152,Gangavaram,13.2
2025-06-02 18:39,9339563,17.4565,83.1215,11.8,124,Gangavaram,13.9
2025-06-03 03:38,9339563,17.7375,83.091,0.2,295,Gangavaram,14.1
2025-06-03 16:16,9339563,17.6589,83.3472,0.4,223,Gangavaram,13.5
2025-06-04 02:58,9339563,17.6811,83.1592,0.2,193,Gangavaram,13.9
2025-06-04 15:29,9339563,17.5387,83.2267,0.3,288,Gangavaram,14.2
2025-06-05 03:34,9339563,17.4803,83.3007,0.5,202,Gangavaram,14.0
2025-06-06 07:24,9339563,17.6302,83.2521,0.0,243,Gangavaram,14.1
2025-06-07 07:53,9339563,17.6036,83.2317,0.0,24,Gangavaram,14.1
2025-05-24 03:23,9192002,18.1539,83.228,11.0,82,Gangavaram,13.4
2025-05-24 19:23,9192002,17.3933,83.1802,9.5,132,Gangavaram,13.2
2025-05-25 03:26,9192002,17.6475,83.353,0.6,138,Gangavaram,13.0
2025-05-25 16:45,9192002,17.5266,83.0971,0.5,216,Gangavaram,12.9
2025-05-26 05:00,9192002,17.7502,83.2992,0.2,202,Gangavaram,13.0
2025-05-26 18:06,9192002,17.5613,83.3362,0.0,251,Gangavaram,14.3
2025-05-27 03:44,9192002,17.6324,83.0936,0.3,31,Gangavaram,13.0
2025-05-27 15:43,9192002,17.6918,83.3073,0.4,43,Gangavaram,14.3
2025-05-28 03:55,9192002,17.5239,83.2507,0.1,124,Gangavaram,13.7
2025-05-29 00:09,9192002,17.631,83.222,0.0,221,Gangavaram,14.1
2025-05-30 00:06,9192002,17.623,83.2175,0.0,332,Gangavaram,13.8
2025-06-07 19:04,9686782,17.8003,83.5105,11.9,37,Gangavaram,13.9
2025-06-08 11:04,9686782,17.373,83.2568,10.3,277,Gangavaram,13.7
2025-06-08 20:42,9686782,17.5289,83.1923,0.6,60,Gangavaram,13.7
2025-06-09 09:33,9686782,17.7234,83.2887,0.0,318,Gangavaram,13.9
2025-06-09 21:20,9686782,17.7449,83.2992,0.7,63,Gangavaram,14.0
2025-06-10 09:04,9686782,17.6023,83.2774,0.6,278,Gangavaram,13.9
2025-06-10 21:54,9686782,17.5791,83.362,0.6,49,Gangavaram,13.6
2025-06-11 08:04,9686782,17.7421,83.1348,0.7,230,Gangavaram,14.0
2025-06-12 05:14,9686782,17.6212,83.2357,0.0,87,Gangavaram,13.8
2025-06-13 06:23,9686782,17.6151,83.2502,0.0,334,Gangavaram,14.0
2025-07-07 21:27,9746054,17.5392,83.9974,10.2,12,Gangavaram,14.0
2025-07-08 13:27,9746054,17.3613,83.3625,12.7,46,Gangavaram,13.5
2025-07-08 22:55,9746054,17.5252,83.1021,0.6,40,Gangavaram,13.8
2025-07-09 12:09,9746054,17.6873,83.3201,0.8,238,Gangavaram,13.7
2025-07-09 21:36,9746054,17.7444,83.1013,0.3,183,Gangavaram,13.3
2025-07-10 09:34,9746054,17.6384,83.2159,0.8,67,Gangavaram,13.9
2025-07-11 16:54,9746054,17.6144,83.2157,0.0,235,Gangavaram,13.6
2025-07-12 17:41,9746054,17.5978,83.231,0.0,193,Gangavaram,13.6
2025-08-05 10:52,9874716,18.2486,83.4676,10.1,138,Gangavaram,13.5
2025-08-06 02:52,9874716,17.4223,83.109,12.6,229,Gangavaram,13.5
2025-08-06 12:50,9874716,17.5146,83.3516,0.7,288,Gangavaram,14.4
2025-08-06 23:46,9874716,17.4832,83.3458,0.1,114,Gangavaram,13.1
2025-08-07 11:03,9874716,17.5759,83.0952,0.3,188,Gangavaram,14.4
2025-08-08 12:35,9874716,17.6119,83.2215,0.0,47,Gangavaram,13.8
2025-08-09 11:44,9874716,17.6162,83.2233,0.0,11,Gangavaram,14.1
2025-08-26 03:04,9151262,17.6946,82.8032,10.7,160,Gangavaram,13.3
2025-08-26 19:04,9151262,17.646,83.4408,11.3,284,Gangavaram,13.0
2025-08-27 03:44,9151262,17.5654,83.3517,0.1,199,Gangavaram,12.5
2025-08-27 16:10,9151262,17.7379,83.1936,0.7,223,Gangavaram,12.6
2025-08-28 04:56,9151262,17.5502,83.3379,0.8,89,Gangavaram,12.9
2025-08-28 17:40,9151262,17.6986,83.2123,0.5,214,Gangavaram,12.7
2025-08-29 04:09,9151262,17.5477,83.2481,0.6,205,Gangavaram,13.1
2025-08-30 08:48,9151262,17.6056,83.2316,0.0,156,Gangavaram,13.5
2025-08-31 08:37,9151262,17.62,83.2191,0.0,344,Gangavaram,13.8
2025-10-05 12:13,9874716,17.5029,83.252,10.2,73,Gangavaram,14.0
2025-10-06 04:13,9874716,17.4087,83.4543,11.9,153,Gangavaram,13.4
2025-10-06 12:54,9874716,17.4917,83.2743,0.3,289,Gangavaram,13.5
2025-10-07 02:14,9874716,17.6489,83.2576,0.4,312,Gangavaram,13.2
2025-10-07 12:47,9874716,17.6797,83.1275,0.7,111,Gangavaram,13.8
2025-10-08 01:53,9874716,17.5887,83.1007,0.7,348,Gangavaram,13.1
2025-10-08 14:44,9874716,17.6729,83.1863,0.0,180,Gangavaram,13.3
2025-10-09 13:17,9874716,17.609,83.2309,0.0,272,Gangavaram,14.0
2025-10-10 12:02,9874716,17.6317,83.228,0.0,80,Gangavaram,14.2
2025-09-21 09:00,9095119,18.4107,82.7172,10.8,230,Gangavaram,13.9
2025-09-22 01:00,9095119,17.7008,83.3095,12.2,115,Gangavaram,13.8
2025-09-22 11:28,9095119,17.6935,83.2392,0.5,307,Gangavaram,13.8
2025-09-22 21:42,9095119,17.6875,83.2482,0.6,214,Gangavaram,13.9
2025-09-23 11:29,9095119,17.6384,83.2142,0.2,40,Gangavaram,13.0
2025-09-23 22:53,9095119,17.6787,83.3112,0.4,295,Gangavaram,12.9
2025-09-24 10:58,9095119,17.4725,83.2996,0.3,276,Gangavaram,13.7
2025-09-24 22:10,9095119,17.6603,83.1459,0.2,300,Gangavaram,14.0
2025-09-25 21:30,9095119,17.6354,83.2339,0.0,32,Gangavaram,13.8
2025-09-26 20:36,9095119,17.6192,83.2153,0.0,156,Gangavaram,13.5
2025-11-06 12:42,9785903,18.3922,82.6661,9.9,13,Gangavaram,13.9
2025-11-07 04:42,9785903,17.3983,83.4764,11.8,31,Gangavaram,13.1
2025-11-07 15:03,9785903,17.6924,83.2194,0.3,157,Gangavaram,13.8
2025-11-08 02:55,9785903,17.669,83.3162,0.3,244,Gangavaram,13.6
2025-11-08 13:22,9785903,17.5617,83.3142,0.2,131,Gangavaram,14.0
2025-11-09 01:03,9785903,17.4754,83.1738,0.2,131,Gangavaram,13.3
2025-11-10 02:34,9785903,17.6037,83.2473,0.0,53,Gangavaram,13.8
2025-11-11 01:37,9785903,17.6063,83.2428,0.0,330,Gangavaram,14.0
2025-10-25 05:21,9638539,18.2392,83.4384,9.6,276,Gangavaram,13.5
2025-10-25 21:21,9638539,17.5419,83.3784,9.1,281,Gangavaram,13.0
2025-10-26 05:35,9638539,17.6071,83.3322,0.2,60,Gangavaram,13.6
2025-10-26 18:46,9638539,17.6032,83.3115,0.7,102,Gangavaram,13.9
2025-10-27 05:50,9638539,17.7076,83.1852,0.5,76,Gangavaram,13.3
2025-10-27 19:59,9638539,17.6246,83.3589,0.6,217,Gangavaram,12.6
2025-10-28 06:45,9638539,17.5054,83.3378,0.8,156,Gangavaram,12.8
2025-10-29 03:15,9638539,17.6138,83.2259,0.0,313,Gangavaram,13.5
2025-10-30 03:33,9638539,17.615,83.2453,0.0,99,Gangavaram,13.5
2019-12-26 14:58,9184777,19.6481,85.5052,10.9,291,Gopalpur,12.8
2019-12-27 06:58,9184777,19.1794,84.6817,11.1,106,Gopalpur,13.7
2019-12-27 17:12,9184777,19.3663,84.7875,0.3,193,Gopalpur,13.6
2019-12-28 04:57,9184777,19.1898,85.0238,0.3,320,Gopalpur,12.8
2019-12-28 16:33,9184777,19.3731,84.9578,0.1,9,Gopalpur,13.8
2019-12-29 15:48,9184777,19.2849,84.9044,0.0,349,Gopalpur,13.8
2019-12-30 21:19,9184777,19.2811,84.9236,0.0,153,Gopalpur,13.3
2020-01-22 09:24,9184777,19.326,85.3778,10.8,73,Gopalpur,13.7
2020-01-23 01:24,9184777,19.206,84.7741,11.0,150,Gopalpur,12.6
2020-01-23 09:35,9184777,19.2996,84.8018,0.5,109,Gopalpur,13.3
2020-01-23 23:59,9184777,19.3143,84.9363,0.4,206,Gopalpur,13.7
2020-01-25 02:12,9184777,19.2737,84.9204,0.0,115,Gopalpur,13.7
2020-01-26 06:06,9184777,19.263,84.9289,0.0,317,Gopalpur,13.8
2020-03-02 11:39,9725674,19.948,84.744,9.7,334,Gopalpur,13.5
2020-03-03 03:39,9725674,19.1748,84.9122,12.0,167,Gopalpur,13.9
2020-03-03 14:31,9725674,19.3901,84.8845,0.4,13,Gopalpur,13.1
2020-03-04 00:49,9725674,19.3024,84.9416,0.4,91,Gopalpur,13.0
2020-03-04 12:31,9725674,19.2853,84.7883,0.1,12,Gopalpur,13.5
2020-03-05 11:24,9725674,19.2851,84.9039,0.0,58,Gopalpur,14.0
2020-03-06 15:11,9725674,19.286,84.9127,0.0,307,Gopalpur,13.7
2020-03-27 08:31,9174447,19.7423,85.5478,9.6,2,Gopalpur,13.2
2020-03-28 00:31,9174447,19.289,85.0067,11.0,266,Gopalpur,12.9
2020-03-28 11:26,9174447,19.3534,84.9319,0.7,186,Gopalpur,13.3
2020-03-28 22:03,9174447,19.405,85.0028,0.1,358,Gopalpur,14.1
2020-03-29 18:43,9174447,19.2772,84.9264,0.0,163,Gopalpur,14.0
2020-03-30 22:37,9174447,19.2533,84.9262,0.0,90,Gopalpur,14.1
2020-04-09 02:36,9874716,19.6706,84.6089,10.3,20,Gopalpur,13.5
2020-04-09 18:36,9874716,19.1613,84.8807,10.1,80,Gopalpur,14.3
2020-04-10 04:41,9874716,19.2283,84.818,0.4,7,Gopalpur,14.3
2020-04-10 15:58,9874716,19.2552,85.0383,0.1,345,Gopalpur,14.1
2020-04-11 19:26,9874716,19.2632,84.9238,0.0,216,Gopalpur,14.0
2020-04-12 23:27,9874716,19.2829,84.9108,0.0,127,Gopalpur,14.1
2020-05-07 08:39,9404531,19.1128,84.7245,10.6,13,Gopalpur,13.6
2020-05-08 00:39,9404531,19.2592,85.124,12.0,40,Gopalpur,13.7
2020-05-08 09:14,9404531,19.2755,84.9773,0.1,33,Gopalpur,13.2
2020-05-08 21:47,9404531,19.1615,84.9858,0.6,75,Gopalpur,13.8
2020-05-10 02:12,9404531,19.269,84.9349,0.0,99,Gopalpur,14.0
2020-05-11 05:23,9404531,19.275,84.9008,0.0,176,Gopalpur,14.1
2020-05-03 09:07,9559190,19.4209,85.3134,11.8,143,Gopalpur,13.8
2020-05-04 01:07,9559190,19.1425,85.1378,9.0,24,Gopalpur,13.4
2020-05-04 10:38,9559190,19.2495,85.0121,0.3,123,Gopalpur,13.5
2020-05-04 22:43,9559190,19.3792,84.8763,0.3,298,Gopalpur,13.2
2020-05-06 06:33,9559190,19.2826,84.9135,0.0,315,Gopalpur,13.7
2020-05-07 11:10,9559190,19.278,84.9193,0.0,125,Gopalpur,13.8
2020-05-31 21:51,9638539,18.6957,85.1998,11.5,211,Gopalpur,13.1
2020-06-01 13:51,9638539,19.0057,85.0596,11.9,194,Gopalpur,12.7
2020-06-01 23:53,9638539,19.2518,85.0592,0.6,184,Gopalpur,13.7
2020-06-02 22:57,9638539,19.2734,84.9006,0.0,303,Gopalpur,13.3
2020-06-04 01:03,9638539,19.277,84.9247,0.0,9,Gopalpur,13.8
2020-07-05 10:44,9174447,18.8013,85.1273,10.1,173,Gopalpur,13.3
2020-07-06 02:44,9174447,19.2714,84.9434,12.4,319,Gopalpur,13.0
2020-07-06 13:32,9174447,19.2522,84.9002,0.3,98,Gopalpur,12.9
2020-07-06 23:55,9174447,19.3505,85.0264,0.2,261,Gopalpur,13.2
2020-07-07 11:43,9174447,19.2701,84.8653,0.5,290,Gopalpur,13.1
2020-07-08 00:58,9174447,19.3005,85.0577,0.7,359,Gopalpur,14.1
2020-07-08 12:15,9174447,19.2123,85.0312,0.5,143,Gopalpur,12.8
2020-07-09 10:58,9174447,19.2589,84.9224,0.0,211,Gopalpur,13.6
2020-07-10 16:29,9174447,19.2858,84.9027,0.0,43,Gopalpur,13.5
2020-06-24 19:05,9260565,18.6972,84.62,9.7,354,Gopalpur,13.1
2020-06-25 11:05,9260565,19.1195,84.7939,9.3,218,Gopalpur,12.9
2020-06-25 19:16,9260565,19.1172,84.9435,0.4,138,Gopalpur,13.6
2020-06-26 09:11,9260565,19.3824,84.8453,0.5,358,Gopalpur,13.9
2020-06-26 21:35,9260565,19.3609,84.7861,0.1,250,Gopalpur,14.2
2020-06-27 08:26,9260565,19.3561,85.0315,0.2,238,Gopalpur,13.6
2020-06-27 19:52,9260565,19.1986,85.0399,0.8,271,Gopalpur,13.0
2020-06-28 08:29,9260565,19.2827,85.0653,0.8,141,Gopalpur,13.3
2020-06-29 07:30,9260565,19.273,84.9131,0.0,160,Gopalpur,14.0
2020-06-30 10:15,9260565,19.279,84.9027,0.0,321,Gopalpur,13.5
2020-07-31 00:38,9184777,19.3945,84.351,11.5,241,Gopalpur,12.7
2020-07-31 16:38,9184777,19.4241,84.8728,10.7,0,Gopalpur,13.9
2020-08-01 01:25,9184777,19.2667,85.0027,0.4,118,Gopalpur,13.0
2020-08-01 15:24,9184777,19.3186,84.9557,0.6,153,Gopalpur,12.8
2020-08-02 01:15,9184777,19.1746,84.9506,0.2,121,Gopalpur,13.4
2020-08-02 14:57,9184777,19.3329,84.9349,0.1,17,Gopalpur,13.0
2020-08-03 12:34,9184777,19.2755,84.9241,0.0,276,Gopalpur,13.2
2020-08-04 15:23,9184777,19.2496,84.9323,0.0,188,Gopalpur,13.2
2020-07-30 01:55,9339563,18.7342,85.1849,10.5,241,Gopalpur,13.4
2020-07-30 17:55,9339563,19.3808,84.9824,9.9,170,Gopalpur,13.0
2020-07-31 02:28,9339563,19.122,84.9484,0.1,289,Gopalpur,12.9
2020-07-31 16:31,9339563,19.3605,84.9272,0.7,217,Gopalpur,14.2
2020-08-01 04:23,9339563,19.1204,84.8185,0.4,271,Gopalpur,12.8
2020-08-01 16:09,9339563,19.2515,84.908,0.6,44,Gopalpur,14.0
2020-08-02 04:37,9339563,19.1272,84.9831,0.1,49,Gopalpur,14.0
2020-08-03 07:38,9339563,19.2851,84.9158,0.0,98,Gopalpur,13.9
2020-08-04 13:05,9339563,19.25,84.9183,0.0,313,Gopalpur,13.6
2020-09-03 09:28,9404531,19.3446,84.4593,12.0,181,Gopalpur,13.6
2020-09-04 01:28,9404531,19.1699,85.0114,12.4,5,Gopalpur,13.5
2020-09-04 09:31,9404531,19.1566,84.9499,0.5,353,Gopalpur,13.0
2020-09-05 00:24,9404531,19.2123,84.8168,0.3,298,Gopalpur,13.1
2020-09-05 11:30,9404531,19.1503,84.8795,0.2,355,Gopalpur,13.5
2020-09-05 21:30,9404531,19.237,84.8585,0.8,56,Gopalpur,13.2
2020-09-06 11:50,9404531,19.3914,84.8623,0.7,173,Gopalpur,14.1
2020-09-07 13:18,9404531,19.279,84.906,0.0,257,Gopalpur,13.9
2020-09-08 19:43,9404531,19.2569,84.9008,0.0,356,Gopalpur,13.8
2020-09-24 09:44,9638539,18.7564,84.6382,11.5,216,Gopalpur,12.8
2020-09-25 01:44,9638539,19.102,84.9149,10.7,147,Gopalpur,12.8
2020-09-25 10:20,9638539,19.3911,84.8833,0.6,121,Gopalpur,13.6
2020-09-25 22:15,9638539,19.1442,84.9725,0.6,14,Gopalpur,13.6
2020-09-26 10:19,9638539,19.3986,84.8874,0.7,140,Gopalpur,12.6
2020-09-26 22:28,9638539,19.3024,84.8968,0.2,326,Gopalpur,13.6
2020-09-27 12:42,9638539,19.2836,84.9916,0.6,179,Gopalpur,13.7
2020-09-28 07:03,9638539,19.2623,84.9301,0.0,160,Gopalpur,13.8
2020-09-29 09:48,9638539,19.2607,84.9002,0.0,163,Gopalpur,13.8
2020-10-31 15:10,9095119,19.0767,85.1843,12.1,251,Gopalpur,13.1
2020-11-01 07:10,9095119,19.2501,85.0886,9.0,161,Gopalpur,13.1
2020-11-01 15:24,9095119,19.2794,85.0614,0.7,166,Gopalpur,13.0
2020-11-02 04:19,9095119,19.3391,84.9281,0.4,162,Gopalpur,13.2
2020-11-02 18:05,9095119,19.3666,84.8597,0.4,129,Gopalpur,14.0
2020-11-03 05:02,9095119,19.2712,84.9715,0.7,127,Gopalpur,13.7
2020-11-03 15:30,9095119,19.2291,84.9982,0.4,4,Gopalpur,13.1
2020-11-04 18:58,9095119,19.2523,84.931,0.0,198,Gopalpur,13.5
2020-11-06 00:58,9095119,19.2514,84.9145,0.0,100,Gopalpur,13.5
2020-10-18 19:18,9192002,19.2132,85.416,9.7,155,Gopalpur,13.2
2020-10-19 11:18,9192002,19.1621,84.8002,11.5,150,Gopalpur,13.3
2020-10-19 20:46,9192002,19.2003,84.9352,0.7,275,Gopalpur,13.8
2020-10-20 07:55,9192002,19.347,85.0153,0.5,148,Gopalpur,13.2
2020-10-20 20:33,9192002,19.1562,84.9517,0.0,165,Gopalpur,12.9
2020-10-21 09:55,9192002,19.3165,84.816,0.0,196,Gopalpur,13.7
2020-10-21 20:19,9192002,19.3964,84.7789,0.5,147,Gopalpur,13.8
2020-10-22 21:45,9192002,19.2543,84.9023,0.0,37,Gopalpur,13.6
2020-10-24 01:32,9192002,19.2496,84.9336,0.0,176,Gopalpur,14.1
2020-11-16 19:59,9264511,19.3846,84.569,9.5,262,Gopalpur,13.9
2020-11-17 11:59,9264511,19.516,85.1603,10.9,12,Gopalpur,12.8
2020-11-17 21:09,9264511,19.1903,84.9577,0.5,336,Gopalpur,13.9
2020-11-18 08:18,9264511,19.2346,84.8748,0.6,36,Gopalpur,12.8
2020-11-18 21:07,9264511,19.2018,84.9538,0.4,287,Gopalpur,13.5
2020-11-19 09:48,9264511,19.3095,85.0205,0.6,135,Gopalpur,13.2
2020-11-19 20:19,9264511,19.3369,84.9856,0.1,120,Gopalpur,13.2
2020-11-20 09:21,9264511,19.374,85.0127,0.6,202,Gopalpur,13.0
2020-11-20 21:00,9264511,19.1392,84.8061,0.2,132,Gopalpur,13.3
2020-11-21 09:24,9264511,19.2293,84.9246,0.2,18,Gopalpur,13.2
2020-11-22 13:24,9264511,19.2755,84.9002,0.0,31,Gopalpur,13.7
2020-11-23 18:15,9264511,19.2661,84.9016,0.0,45,Gopalpur,14.0
2020-11-23 01:15,9746054,19.8582,85.1525,10.2,331,Gopalpur,13.3
2020-11-23 17:15,9746054,19.3766,84.9606,11.1,115,Gopalpur,13.6
2020-11-24 01:42,9746054,19.2059,84.9226,0.6,40,Gopalpur,13.7
2020-11-24 15:05,9746054,19.3767,84.992,0.7,157,Gopalpur,13.4
2020-11-25 02:26,9746054,19.1576,84.7779,0.8,286,Gopalpur,13.7
2020-11-25 13:20,9746054,19.3873,85.0288,0.2,149,Gopalpur,13.6
2020-11-26 21:51,9746054,19.2644,84.9187,0.0,122,Gopalpur,13.7
2020-11-28 03:33,9746054,19.2541,84.9344,0.0,173,Gopalpur,13.6
2020-12-20 21:01,9746054,19.7254,85.3771,12.4,37,Gopalpur,13.3
2020-12-21 13:01,9746054,19.1608,85.0795,9.4,4,Gopalpur,13.1
2020-12-21 23:22,9746054,19.2723,84.8575,0.8,131,Gopalpur,13.4
2020-12-22 10:02,9746054,19.1219,84.9723,0.7,175,Gopalpur,14.0
2020-12-22 22:16,9746054,19.1393,85.0513,0.4,42,Gopalpur,13.4
2020-12-23 09:57,9746054,19.3662,85.0379,0.6,163,Gopalpur,14.0
2020-12-23 23:03,9746054,19.399,85.0643,0.8,14,Gopalpur,12.8
2020-12-24 19:21,9746054,19.2685,84.9293,0.0,283,Gopalpur,13.6
2020-12-26 01:28,9746054,19.2764,84.9224,0.0,272,Gopalpur,13.8
2021-01-03 06:25,9638539,18.6165,84.7237,9.7,97,Gopalpur,12.9
2021-01-03 22:25,9638539,19.395,85.1693,9.1,298,Gopalpur,13.3
2021-01-04 06:57,9638539,19.334,85.0015,0.1,284,Gopalpur,13.7
2021-01-04 20:37,9638539,19.342,84.8134,0.3,168,Gopalpur,13.9
2021-01-05 09:03,9638539,19.3809,84.7722,0.1,102,Gopalpur,12.9
2021-01-05 19:46,9638539,19.2978,84.771,0.8,227,Gopalpur,12.9
2021-01-06 21:27,9638539,19.2694,84.9277,0.0,165,Gopalpur,13.3
2021-01-07 23:40,9638539,19.2719,84.9197,0.0,165,Gopalpur,13.7
2021-02-01 08:25,9746054,19.0394,84.7457,11.8,76,Gopalpur,14.0
2021-02-02 00:25,9746054,19.217,84.7403,10.5,254,Gopalpur,13.9
2021-02-02 09:16,9746054,19.1668,84.9005,0.5,294,Gopalpur,13.6
2021-02-02 21:30,9746054,19.2586,84.9237,0.8,108,Gopalpur,12.9
2021-02-03 20:53,9746054,19.2756,84.8996,0.0,12,Gopalpur,13.9
2021-02-05 02:32,9746054,19.2569,84.9263,0.0,269,Gopalpur,13.9
2021-03-05 04:16,9463594,19.2284,85.5665,10.0,3,Gopalpur,13.1
2021-03-05 20:16,9463594,19.1206,85.0192,9.2,349,Gopalpur,13.4
2021-03-06 06:18,9463594,19.299,84.8898,0.5,15,Gopalpur,13.0
2021-03-06 16:50,9463594,19.3772,84.7738,0.6,265,Gopalpur,14.0
2021-03-07 22:18,9463594,19.2564,84.8986,0.0,179,Gopalpur,13.9
2021-03-09 02:37,9463594,19.2835,84.9066,0.0,0,Gopalpur,13.8
2021-03-24 19:29,9952378,19.0815,85.1518,9.5,295,Gopalpur,13.4
2021-03-25 11:29,9952378,19.2518,84.6578,11.4,85,Gopalpur,13.9
2021-03-25 20:07,9952378,19.179,84.9878,0.0,14,Gopalpur,13.5
2021-03-26 09:49,9952378,19.2142,84.8421,0.1,217,Gopalpur,13.1
2021-03-27 10:07,9952378,19.2859,84.9259,0.0,159,Gopalpur,13.6
2021-03-28 13:14,9952378,19.2582,84.9353,0.0,193,Gopalpur,13.6
2021-04-27 03:35,9952378,20.0451,85.3272,12.6,310,Gopalpur,13.8
2021-04-27 19:35,9952378,19.4856,84.9403,10.8,265,Gopalpur,12.8
2021-04-28 06:18,9952378,19.1665,84.8753,0.5,325,Gopalpur,13.3
2021-04-28 16:27,9952378,19.165,85.0596,0.5,141,Gopalpur,12.8
2021-04-29 04:24,9952378,19.3625,84.8644,0.4,231,Gopalpur,13.7
2021-04-30 02:20,9952378,19.2565,84.9114,0.0,99,Gopalpur,13.7
2021-05-01 07:19,9952378,19.2478,84.926,0.0,126,Gopalpur,13.9
2021-05-31 07:39,9174447,19.1876,84.1474,10.2,172,Gopalpur,14.0
2021-05-31 23:39,9174447,19.2589,85.0042,10.5,250,Gopalpur,13.7
2021-06-01 08:53,9174447,19.1965,84.9106,0.3,109,Gopalpur,13.8
2021-06-01 20:47,9174447,19.3884,84.979,0.1,92,Gopalpur,13.6
2021-06-03 03:16,9174447,19.2659,84.9264,0.0,57,Gopalpur,13.8
2021-06-04 08:07,9174447,19.2585,84.8999,0.0,343,Gopalpur,13.4
2021-06-21 20:26,9638539,19.2292,85.7137,12.1,33,Gopalpur,12.8
2021-06-22 12:26,9638539,19.5051,84.9407,11.0,318,Gopalpur,13.3
2021-06-22 20:47,9638539,19.3961,85.0002,0.1,125,Gopalpur,13.0
2021-06-23 10:54,9638539,19.2518,85.0317,0.5,324,Gopalpur,13.8
2021-06-23 20:55,9638539,19.2249,84.8467,0.4,86,Gopalpur,12.6
2021-06-24 09:54,9638539,19.2054,84.9729,0.4,321,Gopalpur,13.3
2021-06-24 21:57,9638539,19.2032,84.9317,0.6,156,Gopalpur,12.9
2021-06-25 19:11,9638539,19.257,84.9038,0.0,176,Gopalpur,13.2
2021-06-26 23:16,9638539,19.2498,84.9293,0.0,158,Gopalpur,13.6
2021-07-28 04:30,9725674,19.7978,85.3769,12.9,167,Gopalpur,12.9
2021-07-28 20:30,9725674,19.1184,84.8867,10.1,227,Gopalpur,13.0
2021-07-29 06:57,9725674,19.2205,85.0117,0.1,52,Gopalpur,12.9
2021-07-29 19:20,9725674,19.223,84.8257,0.1,304,Gopalpur,14.1
2021-07-30 07:05,9725674,19.2793,84.9598,0.1,302,Gopalpur,13.2
2021-07-30 17:37,9725674,19.3815,84.8338,0.5,178,Gopalpur,13.3
2021-07-31 15:04,9725674,19.2516,84.9334,0.0,178,Gopalpur,13.4
2021-08-01 18:37,9725674,19.2614,84.926,0.0,328,Gopalpur,13.5
2021-07-30 18:51,9463594,19.0351,84.2981,12.7,22,Gopalpur,12.8
2021-07-31 10:51,9463594,19.4412,84.7992,12.8,22,Gopalpur,13.7
2021-07-31 19:00,9463594,19.2844,84.9331,0.7,333,Gopalpur,13.4
2021-08-01 08:06,9463594,19.3009,84.8111,0.5,252,Gopalpur,13.3
2021-08-01 21:38,9463594,19.3308,84.8914,0.0,61,Gopalpur,12.8
2021-08-02 07:30,9463594,19.1429,84.7721,0.8,220,Gopalpur,13.2
2021-08-02 21:31,9463594,19.4089,84.7874,0.2,87,Gopalpur,13.7
2021-08-03 08:20,9463594,19.2183,84.958,0.7,63,Gopalpur,13.6
2021-08-04 07:53,9463594,19.2836,84.9123,0.0,38,Gopalpur,13.3
2021-08-05 12:30,9463594,19.2594,84.9325,0.0,4,Gopalpur,13.8
2021-08-01 00:51,9367188,19.711,84.7009,10.1,194,Gopalpur,12.6
2021-08-01 16:51,9367188,19.3326,85.0444,11.5,271,Gopalpur,12.7
2021-08-02 01:43,9367188,19.1329,84.8108,0.4,305,Gopalpur,13.2
2021-08-02 14:03,9367188,19.274,84.8253,0.6,329,Gopalpur,13.4
2021-08-03 03:15,9367188,19.3827,84.9301,0.5,27,Gopalpur,13.2
2021-08-03 14:14,9367188,19.3978,84.7899,0.5,169,Gopalpur,13.5
2021-08-04 01:22,9367188,19.1262,84.9755,0.8,55,Gopalpur,13.1
2021-08-04 14:16,9367188,19.3755,85.0113,0.0,88,Gopalpur,13.5
2021-08-05 13:33,9367188,19.2573,84.9076,0.0,253,Gopalpur,13.5
2021-08-06 17:27,9367188,19.2697,84.91,0.0,189,Gopalpur,13.9
2021-08-19 06:51,9133209,18.7563,84.985,12.5,209,Gopalpur,14.3
2021-08-19 22:51,9133209,19.0876,85.0642,12.3,339,Gopalpur,13.4
2021-08-20 08:39,9133209,19.2993,84.9119,0.2,62,Gopalpur,13.1
2021-08-20 21:29,9133209,19.3724,84.7756,0.0,343,Gopalpur,13.5
2021-08-21 07:15,9133209,19.3296,85.0435,0.2,118,Gopalpur,14.3
2021-08-21 21:15,9133209,19.313,84.9165,0.3,81,Gopalpur,14.0
2021-08-22 07:43,9133209,19.4079,85.0221,0.6,310,Gopalpur,13.6
2021-08-22 20:08,9133209,19.3547,85.0372,0.4,215,Gopalpur,13.5
2021-08-23 16:41,9133209,19.2861,84.9248,0.0,147,Gopalpur,14.1
2021-08-24 20:06,9133209,19.2684,84.9301,0.0,160,Gopalpur,13.9
2021-08-20 17:35,9952378,18.9178,85.2331,9.4,111,Gopalpur,12.7
2021-08-21 09:35,9952378,19.2365,85.0689,12.2,94,Gopalpur,13.9
2021-08-21 19:25,9952378,19.1638,84.7995,0.3,200,Gopalpur,13.4
2021-08-22 06:02,9952378,19.4113,84.9318,0.7,103,Gopalpur,13.5
2021-08-22 18:29,9952378,19.1313,84.8464,0.6,11,Gopalpur,13.0
2021-08-23 06:39,9952378,19.2885,84.9106,0.2,264,Gopalpur,13.0
2021-08-23 20:00,9952378,19.3447,84.8539,0.2,200,Gopalpur,12.8
2021-08-25 02:31,9952378,19.2561,84.9076,0.0,228,Gopalpur,13.7
2021-08-26 05:38,9952378,19.2505,84.9256,0.0,153,Gopalpur,13.4
2021-09-23 20:51,9404531,19.1514,85.546,10.7,9,Gopalpur,13.5
2021-09-24 12:51,9404531,19.4785,84.7767,10.2,323,Gopalpur,13.3
2021-09-24 23:30,9404531,19.1703,84.99,0.5,148,Gopalpur,13.4
2021-09-25 10:42,9404531,19.4077,84.9641,0.7,342,Gopalpur,13.0
2021-09-25 21:58,9404531,19.2251,85.0325,0.0,56,Gopalpur,13.7
2021-09-26 09:31,9404531,19.3291,84.9301,0.4,181,Gopalpur,13.1
2021-09-27 10:16,9404531,19.2784,84.9066,0.0,176,Gopalpur,13.8
2021-09-28 16:01,9404531,19.2855,84.9215,0.0,214,Gopalpur,13.7
2021-09-28 14:16,9260565,18.554,85.5153,11.4,344,Gopalpur,12.9
2021-09-29 06:16,9260565,19.3269,84.6987,9.6,303,Gopalpur,13.0
2021-09-29 14:33,9260565,19.2302,85.04,0.3,20,Gopalpur,14.0
2021-09-30 03:55,9260565,19.3781,84.8707,0.4,234,Gopalpur,13.3
2021-09-30 16:52,9260565,19.2669,84.8328,0.7,6,Gopalpur,12.9
2021-10-01 05:07,9260565,19.1582,84.8407,0.3,345,Gopalpur,13.5
2021-10-02 02:17,9260565,19.2662,84.9317,0.0,176,Gopalpur,14.0
2021-10-03 04:44,9260565,19.2817,84.9194,0.0,54,Gopalpur,13.7
2021-10-12 03:55,9785903,20.0158,85.5956,9.4,197,Gopalpur,14.3
2021-10-12 19:55,9785903,19.3956,84.9113,9.5,307,Gopalpur,13.7
2021-10-13 06:05,9785903,19.3091,84.9342,0.6,226,Gopalpur,14.3
2021-10-13 17:17,9785903,19.1865,85.0412,0.1,186,Gopalpur,14.1
2021-10-14 06:11,9785903,19.3192,84.9965,0.5,50,Gopalpur,13.1
2021-10-14 18:39,9785903,19.3853,84.7875,0.4,37,Gopalpur,13.7
2021-10-16 01:28,9785903,19.2781,84.9267,0.0,239,Gopalpur,14.2
2021-10-17 07:39,9785903,19.2549,84.9231,0.0,59,Gopalpur,14.3
2021-11-26 00:03,9339563,18.7758,84.6687,10.6,264,Gopalpur,13.5
2021-11-26 16:03,9339563,19.1571,84.7383,12.8,98,Gopalpur,14.1
2021-11-27 00:18,9339563,19.1454,84.8898,0.6,271,Gopalpur,14.0
2021-11-27 13:08,9339563,19.2364,85.0494,0.3,271,Gopalpur,13.3
2021-11-28 02:19,9339563,19.3785,84.8815,0.6,153,Gopalpur,13.4
2021-11-28 12:06,9339563,19.2311,84.799,0.6,109,Gopalpur,13.1
2021-11-29 12:55,9339563,19.2781,84.9006,0.0,114,Gopalpur,14.0
2021-11-30 17:04,9339563,19.2516,84.9203,0.0,166,Gopalpur,13.5
2021-12-11 02:06,9367188,19.1944,85.0863,12.6,352,Gopalpur,13.0
2021-12-11 18:06,9367188,19.1487,84.9224,13.0,35,Gopalpur,13.3
2021-12-12 03:27,9367188,19.2616,84.8512,0.1,133,Gopalpur,12.7
2021-12-12 15:11,9367188,19.2037,84.7867,0.8,140,Gopalpur,13.3
2021-12-13 03:46,9367188,19.1498,84.8701,0.7,254,Gopalpur,13.7
2021-12-13 16:14,9367188,19.2677,84.9223,0.5,40,Gopalpur,13.9
2021-12-14 13:12,9367188,19.2853,84.9007,0.0,236,Gopalpur,13.3
2021-12-15 16:48,9367188,19.2656,84.9148,0.0,224,Gopalpur,14.0
2022-01-10 20:29,9264511,18.6785,84.1426,10.1,231,Gopalpur,13.7
2022-01-11 12:29,9264511,19.4031,84.8911,10.2,200,Gopalpur,14.0
2022-01-11 21:03,9264511,19.3862,85.0179,0.4,152,Gopalpur,13.9
2022-01-12 10:42,9264511,19.359,84.9584,0.5,28,Gopalpur,13.4
2022-01-12 20:56,9264511,19.3446,84.8717,0.2,108,Gopalpur,13.2
2022-01-14 03:45,9264511,19.2556,84.9132,0.0,347,Gopalpur,13.4
2022-01-15 10:00,9264511,19.2747,84.9358,0.0,75,Gopalpur,13.5
2022-01-23 12:38,9174447,18.6417,85.2191,12.3,50,Gopalpur,13.8
2022-01-24 04:38,9174447,19.1437,84.7374,11.9,248,Gopalpur,12.8
2022-01-24 14:15,9174447,19.1379,84.8318,0.5,172,Gopalpur,12.8
2022-01-25 01:29,9174447,19.3703,84.8406,0.7,163,Gopalpur,13.1
2022-01-26 02:36,9174447,19.2814,84.9176,0.0,156,Gopalpur,13.9
2022-01-27 06:09,9174447,19.2862,84.9034,0.0,273,Gopalpur,13.5
2022-02-10 04:36,9874716,19.4745,84.2777,12.3,102,Gopalpur,14.0
2022-02-10 20:36,9874716,19.4717,84.901,11.0,64,Gopalpur,13.2
2022-02-11 05:59,9874716,19.3536,84.9382,0.2,33,Gopalpur,13.3
2022-02-11 16:54,9874716,19.2292,84.7994,0.8,258,Gopalpur,14.1
2022-02-12 07:32,9874716,19.13,84.95,0.6,87,Gopalpur,13.8
2022-02-13 07:02,9874716,19.2858,84.9308,0.0,320,Gopalpur,13.9
2022-02-14 11:03,9874716,19.2598,84.898,0.0,232,Gopalpur,14.2
2022-02-15 03:50,9231171,19.8412,85.6274,9.7,88,Gopalpur,13.3
2022-02-15 19:50,9231171,19.1156,84.769,11.0,149,Gopalpur,13.3
2022-02-16 05:30,9231171,19.2067,84.7676,0.2,219,Gopalpur,13.6
2022-02-16 16:14,9231171,19.1338,84.8282,0.5,141,Gopalpur,13.9
2022-02-17 04:09,9231171,19.1305,84.903,0.3,95,Gopalpur,13.4
2022-02-18 10:00,9231171,19.2627,84.9086,0.0,43,Gopalpur,13.6
2022-02-19 14:27,9231171,19.278,84.9364,0.0,47,Gopalpur,13.6
2022-03-22 08:34,9174447,18.8445,85.426,10.7,116,Gopalpur,13.7
2022-03-23 00:34,9174447,19.2395,84.903,12.3,291,Gopalpur,14.0
2022-03-23 09:01,9174447,19.3376,84.9107,0.1,119,Gopalpur,13.6
2022-03-24 09:55,9174447,19.2597,84.9179,0.0,203,Gopalpur,13.7
2022-03-25 16:06,9174447,19.2852,84.9302,0.0,254,Gopalpur,14.1
2022-03-25 19:47,9367188,19.2858,84.5368,12.3,20,Gopalpur,12.9
2022-03-26 11:47,9367188,19.1464,84.8247,9.1,249,Gopalpur,13.8
2022-03-26 20:50,9367188,19.1201,84.8068,0.6,208,Gopalpur,12.8
2022-03-27 10:12,9367188,19.138,85.0554,0.0,354,Gopalpur,13.7
2022-03-28 11:48,9367188,19.2778,84.9322,0.0,338,Gopalpur,13.8
2022-03-29 13:57,9367188,19.2681,84.897,0.0,84,Gopalpur,13.7
2022-04-14 00:48,9746054,19.0952,85.0162,10.2,345,Gopalpur,13.4
2022-04-14 16:48,9746054,19.2386,85.0319,9.3,190,Gopalpur,13.9
2022-04-15 01:27,9746054,19.2464,84.8696,0.0,131,Gopalpur,13.9
2022-04-15 14:49,9746054,19.2632,84.9764,0.5,331,Gopalpur,13.2
2022-04-16 01:49,9746054,19.1308,84.9725,0.6,229,Gopalpur,13.9
2022-04-17 03:08,9746054,19.2752,84.9354,0.0,312,Gopalpur,14.0
2022-04-18 08:03,9746054,19.2711,84.9022,0.0,176,Gopalpur,14.0
2022-04-18 19:40,9184777,19.311,85.224,9.9,84,Gopalpur,13.6
2022-04-19 11:40,9184777,19.1125,84.6794,12.0,192,Gopalpur,13.0
2022-04-19 20:53,9184777,19.1332,85.051,0.7,62,Gopalpur,13.0
2022-04-20 07:58,9184777,19.4097,85.0646,0.3,238,Gopalpur,13.3
2022-04-21 16:02,9184777,19.25,84.9299,0.0,46,Gopalpur,13.4
2022-04-22 20:11,9184777,19.2509,84.9165,0.0,164,Gopalpur,13.2
2022-05-23 16:43,9725674,18.9559,84.936,11.6,23,Gopalpur,13.5
2022-05-24 08:43,9725674,19.3474,84.9377,10.2,194,Gopalpur,13.5
2022-05-24 19:06,9725674,19.2723,85.0371,0.7,157,Gopalpur,13.9
2022-05-25 07:36,9725674,19.3608,84.9781,0.3,218,Gopalpur,13.7
2022-05-26 11:44,9725674,19.2796,84.9043,0.0,103,Gopalpur,13.8
2022-05-27 15:05,9725674,19.2706,84.904,0.0,40,Gopalpur,13.8
2022-05-22 17:32,9264511,19.769,85.3728,11.9,38,Gopalpur,13.4
2022-05-23 09:32,9264511,19.0768,85.0625,12.3,54,Gopalpur,12.8
2022-05-23 18:34,9264511,19.2752,84.8694,0.6,60,Gopalpur,13.4
2022-05-24 06:32,9264511,19.2406,84.8924,0.7,79,Gopalpur,13.2
2022-05-24 17:55,9264511,19.1802,84.8793,0.1,71,Gopalpur,13.4
2022-05-25 17:54,9264511,19.2807,84.9217,0.0,324,Gopalpur,13.6
2022-05-26 22:39,9264511,19.2491,84.9274,0.0,217,Gopalpur,14.0
2022-06-25 04:43,9095119,19.5348,85.2629,12.6,68,Gopalpur,13.8
2022-06-25 20:43,9095119,19.5124,85.0817,12.0,289,Gopalpur,12.6
2022-06-26 06:11,9095119,19.3767,85.0193,0.0,270,Gopalpur,13.2
2022-06-26 19:32,9095119,19.1304,84.8014,0.2,193,Gopalpur,13.2
2022-06-27 05:17,9095119,19.4133,84.9704,0.6,357,Gopalpur,13.5
2022-06-27 18:08,9095119,19.2976,84.8183,0.2,33,Gopalpur,12.6
2022-06-29 01:23,9095119,19.2815,84.91,0.0,318,Gopalpur,13.8
2022-06-30 04:20,9095119,19.2568,84.9221,0.0,39,Gopalpur,13.3
2022-07-25 17:54,9874716,19.526,85.0252,13.0,171,Gopalpur,14.3
2022-07-26 09:54,9874716,19.1281,84.8842,12.8,283,Gopalpur,13.9
2022-07-26 18:49,9874716,19.1932,84.8304,0.8,41,Gopalpur,13.1
2022-07-27 08:51,9874716,19.3747,84.8338,0.7,50,Gopalpur,14.3
2022-07-27 19:24,9874716,19.153,85.0309,0.3,71,Gopalpur,13.3
2022-07-28 22:04,9874716,19.2795,84.9315,0.0,136,Gopalpur,13.9
2022-07-30 01:55,9874716,19.251,84.9189,0.0,250,Gopalpur,13.7
2022-07-27 14:35,9785903,19.3443,84.7088,11.9,33,Gopalpur,14.3
2022-07-28 06:35,9785903,19.2941,85.0436,12.0,149,Gopalpur,13.7
2022-07-28 17:33,9785903,19.223,84.8806,0.4,35,Gopalpur,13.5
2022-07-29 03:16,9785903,19.1183,84.9337,0.3,229,Gopalpur,13.7
2022-07-29 16:02,9785903,19.1684,84.7923,0.0,10,Gopalpur,13.7
2022-07-30 04:29,9785903,19.2469,84.8903,0.6,75,Gopalpur,14.4
2022-07-30 15:02,9785903,19.3529,84.8437,0.6,88,Gopalpur,13.2
2022-07-31 18:20,9785903,19.2718,84.9213,0.0,80,Gopalpur,13.7
2022-08-01 23:19,9785903,19.2639,84.9306,0.0,222,Gopalpur,13.7
2022-08-14 17:34,9151262,19.3756,84.5284,12.5,285,Gopalpur,13.1
2022-08-15 09:34,9151262,19.1253,84.8251,12.8,114,Gopalpur,13.2
2022-08-15 18:08,9151262,19.1785,85.0385,0.2,258,Gopalpur,13.8
2022-08-16 08:02,9151262,19.2362,84.9791,0.0,35,Gopalpur,12.8
2022-08-16 20:33,9151262,19.2136,84.8448,0.7,177,Gopalpur,12.8
2022-08-17 07:03,9151262,19.2542,84.9997,0.0,324,Gopalpur,13.4
2022-08-17 19:29,9151262,19.373,84.8027,0.2,84,Gopalpur,12.6
2022-08-18 06:51,9151262,19.3396,84.8413,0.5,75,Gopalpur,13.2
2022-08-19 06:10,9151262,19.2544,84.9272,0.0,73,Gopalpur,13.7
2022-08-20 09:46,9151262,19.2775,84.9328,0.0,295,Gopalpur,13.8
2022-08-27 03:58,9404531,18.5922,84.1881,12.0,156,Gopalpur,13.5
2022-08-27 19:58,9404531,19.4856,84.7168,12.8,125,Gopalpur,13.5
2022-08-28 05:01,9404531,19.3096,85.0495,0.7,82,Gopalpur,14.2
2022-08-28 17:54,9404531,19.3518,84.8801,0.7,338,Gopalpur,13.3
2022-08-29 04:40,9404531,19.1852,84.8911,0.6,75,Gopalpur,13.7
2022-08-29 17:32,9404531,19.41,85.0052,0.1,353,Gopalpur,13.0
2022-08-30 04:44,9404531,19.1688,84.8163,0.1,332,Gopalpur,12.9
2022-08-31 05:14,9404531,19.2718,84.919,0.0,8,Gopalpur,13.7
2022-09-01 08:11,9404531,19.2703,84.9031,0.0,80,Gopalpur,13.8
2022-09-16 18:54,9260565,19.8605,84.5468,10.7,156,Gopalpur,13.7
2022-09-17 10:54,9260565,19.179,84.8328,13.0,125,Gopalpur,13.4
2022-09-17 19:47,9260565,19.2356,84.8869,0.2,134,Gopalpur,13.3
2022-09-18 08:14,9260565,19.3768,84.9864,0.5,270,Gopalpur,13.1
2022-09-18 19:34,9260565,19.1786,84.9584,0.6,281,Gopalpur,13.3
2022-09-19 08:11,9260565,19.3971,85.0511,0.6,25,Gopalpur,13.0
2022-09-20 10:51,9260565,19.2597,84.8978,0.0,131,Gopalpur,13.7
2022-09-21 14:02,9260565,19.2854,84.9296,0.0,103,Gopalpur,14.1
2022-10-23 07:34,9638539,19.4301,84.7894,9.4,13,Gopalpur,13.0
2022-10-23 23:34,9638539,19.5027,85.0696,9.0,173,Gopalpur,12.5
2022-10-24 09:45,9638539,19.2875,84.9326,0.4,74,Gopalpur,13.9
2022-10-24 20:25,9638539,19.239,84.8557,0.2,199,Gopalpur,13.1
2022-10-25 10:31,9638539,19.221,84.8547,0.7,287,Gopalpur,13.3
2022-10-25 22:06,9638539,19.1467,84.9046,0.7,110,Gopalpur,13.4
2022-10-26 08:50,9638539,19.3722,84.8465,0.5,334,Gopalpur,13.4
2022-10-26 20:37,9638539,19.3922,85.0453,0.5,176,Gopalpur,13.7
2022-10-28 03:35,9638539,19.2847,84.9337,0.0,103,Gopalpur,13.6
2022-10-29 06:56,9638539,19.2702,84.9305,0.0,204,Gopalpur,13.7
2022-10-22 08:53,9746054,18.7641,85.4032,9.1,10,Gopalpur,13.2
2022-10-23 00:53,9746054,19.3713,85.0512,10.6,180,Gopalpur,13.9
2022-10-23 09:19,9746054,19.2813,84.9041,0.6,134,Gopalpur,12.8
2022-10-23 21:12,9746054,19.1805,85.0277,0.4,291,Gopalpur,13.4
2022-10-24 11:05,9746054,19.1378,84.9208,0.5,247,Gopalpur,13.3
2022-10-24 22:23,9746054,19.1404,84.9527,0.6,160,Gopalpur,13.4
2022-10-25 09:03,9746054,19.1635,84.7858,0.4,280,Gopalpur,14.0
2022-10-25 22:34,9746054,19.3513,84.8085,0.1,108,Gopalpur,13.1
2022-10-27 05:12,9746054,19.2648,84.9097,0.0,298,Gopalpur,14.1
2022-10-28 10:21,9746054,19.2643,84.9302,0.0,78,Gopalpur,13.9
2022-10-08 12:30,9462030,19.7556,84.9783,9.4,248,Gopalpur,14.1
2022-10-09 04:30,9462030,19.3099,85.1108,11.2,24,Gopalpur,14.2
2022-10-09 14:35,9462030,19.2304,84.8692,0.5,144,Gopalpur,13.2
2022-10-10 03:08,9462030,19.3084,85.053,0.6,254,Gopalpur,13.5
2022-10-10 14:29,9462030,19.3998,84.8571,0.7,165,Gopalpur,13.4
2022-10-11 02:35,9462030,19.3287,84.9464,0.6,220,Gopalpur,13.1
2022-10-11 13:24,9462030,19.2586,84.8719,0.1,192,Gopalpur,12.9
2022-10-12 03:00,9462030,19.1306,84.787,0.3,137,Gopalpur,13.9
2022-10-13 03:26,9462030,19.2492,84.9059,0.0,124,Gopalpur,14.2
2022-10-14 06:15,9462030,19.262,84.9007,0.0,240,Gopalpur,13.7
2022-10-20 19:08,9874716,18.7094,85.3823,10.0,312,Gopalpur,13.1
2022-10-21 11:08,9874716,19.2069,84.7848,11.1,148,Gopalpur,13.0
2022-10-21 20:39,9874716,19.1855,85.0145,0.5,184,Gopalpur,14.0
2022-10-22 09:58,9874716,19.2422,84.7898,0.1,137,Gopalpur,13.9
2022-10-22 21:23,9874716,19.2944,84.881,0.7,287,Gopalpur,14.3
2022-10-23 09:39,9874716,19.376,84.7912,0.2,90,Gopalpur,13.9
2022-10-23 19:38,9874716,19.3428,84.8556,0.1,172,Gopalpur,13.8
2022-10-24 08:23,9874716,19.2531,84.8765,0.8,147,Gopalpur,14.1
2022-10-24 20:30,9874716,19.3136,85.0309,0.7,80,Gopalpur,13.5
2022-10-25 09:45,9874716,19.3561,84.7963,0.5,156,Gopalpur,13.4
2022-10-26 17:47,9874716,19.2736,84.9145,0.0,237,Gopalpur,13.8
2022-10-27 19:28,9874716,19.2779,84.9024,0.0,357,Gopalpur,14.1
2022-11-07 04:42,9339563,18.8658,84.8897,9.1,274,Gopalpur,14.1
2022-11-07 20:42,9339563,19.2348,84.9681,10.9,182,Gopalpur,14.0
2022-11-08 07:14,9339563,19.1725,84.9269,0.3,172,Gopalpur,13.7
2022-11-08 18:57,9339563,19.2502,84.8576,0.6,97,Gopalpur,12.9
2022-11-09 05:17,9339563,19.3846,84.9231,0.0,46,Gopalpur,13.7
2022-11-09 18:17,9339563,19.2945,84.8224,0.6,121,Gopalpur,13.1
2022-11-10 05:49,9339563,19.4055,85.0406,0.4,171,Gopalpur,12.9
2022-11-11 08:02,9339563,19.2746,84.9304,0.0,19,Gopalpur,14.1
2022-11-12 12:21,9339563,19.2767,84.897,0.0,150,Gopalpur,13.8
2022-12-19 09:20,9463594,18.8172,85.0189,12.9,215,Gopalpur,12.8
2022-12-20 01:20,9463594,19.4942,84.682,9.4,247,Gopalpur,13.5
2022-12-20 11:03,9463594,19.1762,84.917,0.1,17,Gopalpur,12.9
2022-12-21 00:12,9463594,19.2065,84.904,0.6,177,Gopalpur,12.7
2022-12-21 11:13,9463594,19.4085,84.8177,0.6,207,Gopalpur,13.3
2022-12-21 22:41,9463594,19.3165,84.7886,0.7,205,Gopalpur,12.9
2022-12-22 11:56,9463594,19.3184,84.8639,0.5,215,Gopalpur,12.7
2022-12-22 22:12,9463594,19.3418,85.0633,0.8,111,Gopalpur,12.9
2022-12-23 11:38,9463594,19.2658,84.9192,0.6,199,Gopalpur,13.5
2022-12-24 08:48,9463594,19.2745,84.9362,0.0,312,Gopalpur,13.4
2022-12-25 11:45,9463594,19.2577,84.9153,0.0,23,Gopalpur,13.7
2023-01-14 13:10,9133209,19.5465,84.2044,12.7,7,Gopalpur,13.3
2023-01-15 05:10,9133209,19.086,85.1203,12.4,198,Gopalpur,14.2
2023-01-15 14:09,9133209,19.3611,84.9581,0.7,189,Gopalpur,14.0
2023-01-16 03:05,9133209,19.2369,84.8067,0.8,228,Gopalpur,13.7
2023-01-16 13:19,9133209,19.3468,85.016,0.3,319,Gopalpur,14.3
2023-01-17 01:29,9133209,19.1664,85.0593,0.0,359,Gopalpur,14.1
2023-01-18 02:37,9133209,19.265,84.91,0.0,173,Gopalpur,14.2
2023-01-19 05:30,9133209,19.2574,84.9357,0.0,81,Gopalpur,14.2
2023-01-20 16:52,9463594,18.799,85.6241,11.7,208,Gopalpur,12.9
2023-01-21 08:52,9463594,19.413,84.6909,9.7,151,Gopalpur,13.6
2023-01-21 19:04,9463594,19.2012,84.9175,0.3,221,Gopalpur,13.3
2023-01-22 05:04,9463594,19.182,84.9411,0.4,61,Gopalpur,13.4
2023-01-22 19:01,9463594,19.314,84.9196,0.4,105,Gopalpur,13.7
2023-01-23 20:47,9463594,19.2667,84.9219,0.0,17,Gopalpur,13.4
2023-01-25 01:56,9463594,19.2625,84.9298,0.0,82,Gopalpur,14.0
2023-01-06 04:40,9151262,19.3727,85.2212,9.1,325,Gopalpur,13.0
2023-01-06 20:40,9151262,19.1379,84.824,12.6,324,Gopalpur,13.3
2023-01-07 05:51,9151262,19.3977,84.7721,0.6,15,Gopalpur,12.6
2023-01-07 19:39,9151262,19.3368,84.8355,0.6,163,Gopalpur,12.6
2023-01-08 06:31,9151262,19.2459,85.0295,0.3,321,Gopalpur,13.6
2023-01-09 09:11,9151262,19.2785,84.9307,0.0,45,Gopalpur,13.7
2023-01-10 14:20,9151262,19.2522,84.9,0.0,254,Gopalpur,13.4
2023-02-07 02:53,9367188,19.992,84.2176,10.1,196,Gopalpur,13.3
2023-02-07 18:53,9367188,19.2597,85.0134,11.2,173,Gopalpur,12.7
2023-02-08 05:08,9367188,19.3826,84.9032,0.2,160,Gopalpur,13.7
2023-02-08 17:44,9367188,19.4086,84.8704,0.7,109,Gopalpur,13.2
2023-02-09 20:53,9367188,19.2496,84.9091,0.0,340,Gopalpur,13.7
2023-02-11 00:29,9367188,19.2673,84.9084,0.0,347,Gopalpur,13.3
2023-03-05 19:27,9725674,18.7369,84.4326,10.9,338,Gopalpur,13.6
2023-03-06 11:27,9725674,19.5052,84.8,11.0,141,Gopalpur,13.2
2023-03-06 21:41,9725674,19.3083,84.7832,0.0,68,Gopalpur,13.0
2023-03-07 08:59,9725674,19.3256,84.977,0.2,79,Gopalpur,12.7
2023-03-08 06:34,9725674,19.2513,84.9002,0.0,305,Gopalpur,13.8
2023-03-09 09:55,9725674,19.2671,84.9176,0.0,174,Gopalpur,13.6
2023-04-17 20:21,9463594,18.4944,84.7623,10.5,15,Gopalpur,13.3
2023-04-18 12:21,9463594,19.4974,85.0185,11.0,213,Gopalpur,13.9
2023-04-18 22:09,9463594,19.2146,84.9489,0.6,301,Gopalpur,12.8
2023-04-19 09:50,9463594,19.2451,84.9202,0.4,355,Gopalpur,13.7
2023-04-20 12:17,9463594,19.2581,84.9026,0.0,226,Gopalpur,13.8
2023-04-21 15:06,9463594,19.2781,84.9266,0.0,296,Gopalpur,13.4
2023-04-24 01:19,9462030,18.764,84.2235,12.4,201,Gopalpur,14.1
2023-04-24 17:19,9462030,19.3559,85.0927,9.4,256,Gopalpur,13.7
2023-04-25 02:49,9462030,19.2621,84.9826,0.2,171,Gopalpur,13.2
2023-04-25 15:37,9462030,19.4143,85.0148,0.5,338,Gopalpur,14.1
2023-04-26 02:20,9462030,19.2885,85.0584,0.3,60,Gopalpur,12.8
2023-04-26 13:57,9462030,19.2943,84.8816,0.6,267,Gopalpur,13.1
2023-04-27 14:20,9462030,19.2503,84.9314,0.0,254,Gopalpur,13.7
2023-04-28 17:41,9462030,19.2535,84.9119,0.0,242,Gopalpur,14.2
2023-05-15 13:24,9339563,19.9543,85.243,10.1,308,Gopalpur,13.7
2023-05-16 05:24,9339563,19.2819,84.9287,11.1,80,Gopalpur,13.9
2023-05-16 14:57,9339563,19.1205,85.0572,0.5,118,Gopalpur,13.4
2023-05-17 02:33,9339563,19.1576,84.8734,0.1,50,Gopalpur,12.9
2023-05-17 13:43,9339563,19.2653,84.9384,0.1,289,Gopalpur,13.3
2023-05-18 16:00,9339563,19.2837,84.9191,0.0,334,Gopalpur,13.7
2023-05-19 22:00,9339563,19.2709,84.9337,0.0,169,Gopalpur,14.2
2023-05-18 16:08,9192002,19.153,84.1903,12.6,148,Gopalpur,14.0
2023-05-19 08:08,9192002,19.4573,84.796,9.6,222,Gopalpur,13.6
2023-05-19 18:37,9192002,19.1415,84.9338,0.1,261,Gopalpur,12.9
2023-05-20 06:37,9192002,19.3466,85.0165,0.3,323,Gopalpur,14.0
2023-05-20 17:56,9192002,19.3374,84.7788,0.7,242,Gopalpur,13.6
2023-05-21 05:34,9192002,19.3615,85.0143,0.6,66,Gopalpur,13.0
2023-05-22 06:32,9192002,19.2531,84.9268,0.0,154,Gopalpur,14.1
2023-05-23 11:20,9192002,19.2584,84.8988,0.0,321,Gopalpur,13.6
2023-06-06 09:48,9174447,19.5548,85.5143,12.9,332,Gopalpur,13.0
2023-06-07 01:48,9174447,19.2663,85.1743,13.0,253,Gopalpur,14.1
2023-06-07 10:08,9174447,19.1968,85.0142,0.7,28,Gopalpur,13.0
2023-06-07 21:59,9174447,19.172,84.8138,0.7,19,Gopalpur,12.9
2023-06-08 12:07,9174447,19.3131,84.8907,0.2,187,Gopalpur,13.7
2023-06-09 00:41,9174447,19.132,84.9005,0.4,357,Gopalpur,13.1
2023-06-09 11:06,9174447,19.1575,84.9552,0.1,88,Gopalpur,12.9
2023-06-10 00:16,9174447,19.3997,84.9522,0.0,217,Gopalpur,13.0
2023-06-10 21:39,9174447,19.2522,84.9303,0.0,248,Gopalpur,14.0
2023-06-12 02:20,9174447,19.2833,84.9146,0.0,3,Gopalpur,13.9
2023-06-22 16:50,9264511,19.3612,85.6871,9.6,348,Gopalpur,13.3
2023-06-23 08:50,9264511,19.5103,84.8041,9.6,223,Gopalpur,13.9
2023-06-23 19:40,9264511,19.2099,84.9926,0.5,194,Gopalpur,13.0
2023-06-24 07:01,9264511,19.2069,85.0095,0.3,142,Gopalpur,13.2
2023-06-24 17:46,9264511,19.3084,84.9945,0.4,270,Gopalpur,13.1
2023-06-25 05:16,9264511,19.3669,84.8095,0.6,236,Gopalpur,13.8
2023-06-25 18:58,9264511,19.1953,85.0558,0.5,122,Gopalpur,13.8
2023-06-26 06:38,9264511,19.2396,84.8845,0.6,202,Gopalpur,13.4
2023-06-27 11:10,9264511,19.2836,84.9178,0.0,241,Gopalpur,13.6
2023-06-28 17:53,9264511,19.2835,84.9001,0.0,173,Gopalpur,13.4
2023-07-08 19:00,9463594,19.6449,85.5456,10.5,269,Gopalpur,13.3
2023-07-09 11:00,9463594,19.1645,84.6734,12.9,111,Gopalpur,13.6
2023-07-09 20:21,9463594,19.3924,84.8601,0.1,172,Gopalpur,13.0
2023-07-10 07:54,9463594,19.3247,84.9158,0.0,117,Gopalpur,14.0
2023-07-10 21:42,9463594,19.3119,84.9662,0.2,300,Gopalpur,13.7
2023-07-11 09:37,9463594,19.1224,84.9902,0.0,246,Gopalpur,12.6
2023-07-12 04:42,9463594,19.2524,84.9207,0.0,341,Gopalpur,14.0
2023-07-13 09:12,9463594,19.2813,84.9258,0.0,32,Gopalpur,13.8
2023-08-04 21:37,9874716,18.9495,85.2195,9.2,300,Gopalpur,14.4
2023-08-05 13:37,9874716,19.19,85.1216,12.9,110,Gopalpur,13.3
2023-08-05 22:07,9874716,19.2214,85.0287,0.2,245,Gopalpur,14.3
2023-08-06 10:19,9874716,19.2494,84.971,0.2,185,Gopalpur,13.2
2023-08-06 21:45,9874716,19.2984,84.9858,0.4,106,Gopalpur,14.3
2023-08-08 02:43,9874716,19.251,84.9278,0.0,184,Gopalpur,13.9
2023-08-09 06:19,9874716,19.2665,84.9083,0.0,219,Gopalpur,13.8
2023-09-05 08:08,9231171,19.6725,84.427,10.3,120,Gopalpur,13.9
2023-09-06 00:08,9231171,19.3946,84.8134,9.8,168,Gopalpur,12.9
2023-09-06 10:58,9231171,19.3176,85.0623,0.4,53,Gopalpur,13.4
2023-09-06 22:19,9231171,19.1408,84.7673,0.7,144,Gopalpur,14.1
2023-09-07 10:07,9231171,19.4066,84.8208,0.3,89,Gopalpur,13.6
2023-09-07 21:51,9231171,19.2848,84.9364,0.5,315,Gopalpur,13.3
2023-09-08 23:28,9231171,19.255,84.9043,0.0,112,Gopalpur,13.5
2023-09-10 02:35,9231171,19.2718,84.9357,0.0,205,Gopalpur,14.1
2023-10-12 11:35,9638539,20.0616,84.2902,9.5,31,Gopalpur,13.4
2023-10-13 03:35,9638539,19.1258,84.9044,10.7,240,Gopalpur,13.0
2023-10-13 14:33,9638539,19.3115,85.0298,0.6,221,Gopalpur,13.8
2023-10-14 01:29,9638539,19.3763,84.8218,0.3,46,Gopalpur,12.9
2023-10-14 11:41,9638539,19.1972,84.8164,0.2,232,Gopalpur,12.8
2023-10-15 01:12,9638539,19.4079,85.0602,0.8,272,Gopalpur,13.2
2023-10-16 02:14,9638539,19.2857,84.9317,0.0,264,Gopalpur,13.2
2023-10-17 07:31,9638539,19.2562,84.9285,0.0,278,Gopalpur,13.3
2023-11-10 21:55,9367188,19.5314,85.4755,10.0,321,Gopalpur,13.3
2023-11-11 13:55,9367188,19.4087,85.0167,11.2,100,Gopalpur,13.5
2023-11-12 00:50,9367188,19.234,84.8964,0.8,85,Gopalpur,13.0
2023-11-12 11:15,9367188,19.2651,84.852,0.2,335,Gopalpur,12.8
2023-11-12 23:42,9367188,19.1653,84.928,0.2,169,Gopalpur,12.6
2023-11-13 11:52,9367188,19.2009,84.9148,0.1,290,Gopalpur,12.8
2023-11-14 00:33,9367188,19.1329,84.9531,0.6,342,Gopalpur,14.0
2023-11-14 11:04,9367188,19.131,84.8402,0.5,120,Gopalpur,12.7
2023-11-14 22:35,9367188,19.2943,85.0422,0.1,297,Gopalpur,13.1
2023-11-16 03:01,9367188,19.2553,84.9162,0.0,173,Gopalpur,13.6
2023-11-17 06:01,9367188,19.2673,84.9274,0.0,277,Gopalpur,13.4
2023-11-17 13:52,9184777,19.5898,85.2762,11.0,89,Gopalpur,13.8
2023-11-18 05:52,9184777,19.4012,84.6973,10.3,42,Gopalpur,13.0
2023-11-18 15:35,9184777,19.1466,85.0012,0.1,112,Gopalpur,13.1
2023-11-19 03:50,9184777,19.1599,84.8627,0.3,36,Gopalpur,12.8
2023-11-19 16:32,9184777,19.3847,84.9563,0.3,248,Gopalpur,12.5
2023-11-20 02:38,9184777,19.1324,84.9765,0.2,226,Gopalpur,13.6
2023-11-20 15:11,9184777,19.1623,84.7841,0.3,55,Gopalpur,13.8
2023-11-21 04:07,9184777,19.3013,84.8419,0.7,322,Gopalpur,13.3
2023-11-21 14:13,9184777,19.2368,84.9865,0.2,152,Gopalpur,13.6
2023-11-22 03:51,9184777,19.3986,84.8255,0.7,278,Gopalpur,13.0
2023-11-23 03:10,9184777,19.2793,84.9224,0.0,240,Gopalpur,13.4
2023-11-24 04:58,9184777,19.2681,84.9156,0.0,192,Gopalpur,13.4
2023-11-30 20:38,9842348,19.0266,85.1303,11.4,328,Gopalpur,14.0
2023-12-01 12:38,9842348,19.0354,84.6741,11.9,235,Gopalpur,13.7
2023-12-01 23:21,9842348,19.1473,84.7844,0.1,95,Gopalpur,13.1
2023-12-02 10:58,9842348,19.2182,84.9735,0.3,106,Gopalpur,14.1
2023-12-02 22:17,9842348,19.2773,84.8866,0.3,130,Gopalpur,13.6
2023-12-03 09:48,9842348,19.2982,84.9325,0.3,106,Gopalpur,14.5
2023-12-03 20:39,9842348,19.1754,84.7779,0.3,359,Gopalpur,13.8
2023-12-04 11:07,9842348,19.3181,84.8676,0.8,247,Gopalpur,14.3
2023-12-05 10:00,9842348,19.2693,84.9126,0.0,5,Gopalpur,14.1
2023-12-06 11:27,9842348,19.2616,84.9029,0.0,347,Gopalpur,14.0
2024-01-01 13:51,9686782,18.8501,85.6789,11.1,285,Gopalpur,13.6
2024-01-02 05:51,9686782,19.4844,84.7344,12.6,26,Gopalpur,13.0
2024-01-02 14:45,9686782,19.2227,84.8473,0.7,248,Gopalpur,13.8
2024-01-03 20:16,9686782,19.2802,84.8979,0.0,305,Gopalpur,13.9
2024-01-05 01:07,9686782,19.2818,84.9006,0.0,189,Gopalpur,14.0
2024-02-11 06:02,9260565,18.6278,84.4311,12.1,88,Gopalpur,13.0
2024-02-11 22:02,9260565,19.2794,85.0167,10.6,334,Gopalpur,12.8
2024-02-12 08:42,9260565,19.3307,85.0534,0.8,46,Gopalpur,13.9
2024-02-12 19:46,9260565,19.278,84.8065,0.1,122,Gopalpur,13.5
2024-02-13 08:21,9260565,19.1741,84.7772,0.2,313,Gopalpur,13.1
2024-02-14 11:17,9260565,19.2488,84.9364,0.0,164,Gopalpur,14.0
2024-02-15 15:22,9260565,19.2586,84.9299,0.0,141,Gopalpur,14.2
2024-03-07 03:44,9638539,19.8157,85.2645,11.1,339,Gopalpur,13.0
2024-03-07 19:44,9638539,19.3708,84.9342,11.4,154,Gopalpur,12.6
2024-03-08 04:55,9638539,19.1557,85.0561,0.5,350,Gopalpur,13.7
2024-03-08 17:10,9638539,19.1488,84.9549,0.6,195,Gopalpur,13.7
2024-03-09 04:59,9638539,19.347,85.0002,0.4,40,Gopalpur,13.4
2024-03-10 02:14,9638539,19.2723,84.9274,0.0,200,Gopalpur,13.8
2024-03-11 05:14,9638539,19.2736,84.9179,0.0,183,Gopalpur,13.6
2024-04-15 03:31,9874716,19.5353,84.4083,10.8,180,Gopalpur,13.8
2024-04-15 19:31,9874716,19.389,85.1392,12.5,243,Gopalpur,13.7
2024-04-16 05:38,9874716,19.1952,84.8856,0.8,254,Gopalpur,13.0
2024-04-16 17:39,9874716,19.316,85.0479,0.1,61,Gopalpur,13.0
2024-04-17 05:36,9874716,19.3091,84.7821,0.7,76,Gopalpur,13.8
2024-04-17 15:54,9874716,19.3074,84.8255,0.3,291,Gopalpur,14.0
2024-04-18 18:59,9874716,19.258,84.9244,0.0,351,Gopalpur,13.9
2024-04-19 22:32,9874716,19.2637,84.9311,0.0,57,Gopalpur,14.0
2024-04-05 17:41,9462030,19.6774,85.4867,12.8,256,Gopalpur,12.8
2024-04-06 09:41,9462030,19.1408,85.1771,11.1,344,Gopalpur,13.0
2024-04-06 19:46,9462030,19.3002,84.8398,0.3,150,Gopalpur,13.5
2024-04-07 08:20,9462030,19.1432,84.8615,0.8,234,Gopalpur,13.3
2024-04-07 18:54,9462030,19.3676,85.0587,0.3,116,Gopalpur,13.9
2024-04-08 17:23,9462030,19.2806,84.9334,0.0,87,Gopalpur,14.0
2024-04-09 20:41,9462030,19.2599,84.9141,0.0,37,Gopalpur,13.8
2024-05-17 11:57,9260565,19.9284,85.1866,11.2,76,Gopalpur,13.4
2024-05-18 03:57,9260565,19.3044,84.859,9.7,314,Gopalpur,12.9
2024-05-18 13:40,9260565,19.3312,84.7869,0.1,248,Gopalpur,13.5
2024-05-19 02:06,9260565,19.3891,85.0564,0.2,145,Gopalpur,14.2
2024-05-20 01:39,9260565,19.276,84.9187,0.0,243,Gopalpur,14.2
2024-05-21 05:15,9260565,19.2665,84.9049,0.0,189,Gopalpur,13.7
2024-06-11 23:41,9095119,19.1275,84.599,12.9,11,Gopalpur,13.9
2024-06-12 15:41,9095119,19.3627,84.9542,9.2,127,Gopalpur,13.9
2024-06-12 23:51,9095119,19.4108,85.0344,0.3,251,Gopalpur,12.9
2024-06-13 13:09,9095119,19.3012,84.9059,0.4,297,Gopalpur,13.2
2024-06-14 00:27,9095119,19.3034,84.8384,0.3,246,Gopalpur,14.0
2024-06-14 20:51,9095119,19.2505,84.897,0.0,158,Gopalpur,14.0
2024-06-15 23:30,9095119,19.2837,84.9,0.0,206,Gopalpur,13.6
2024-06-02 01:43,9367188,18.6362,85.3991,9.4,148,Gopalpur,12.7
2024-06-02 17:43,9367188,19.077,84.9357,10.9,16,Gopalpur,13.8
2024-06-03 02:16,9367188,19.2175,84.7785,0.3,338,Gopalpur,13.1
2024-06-03 16:13,9367188,19.2872,84.9523,0.3,141,Gopalpur,13.8
2024-06-04 03:47,9367188,19.2738,84.854,0.1,330,Gopalpur,13.1
2024-06-05 01:01,9367188,19.2789,84.8994,0.0,258,Gopalpur,13.7
2024-06-06 06:43,9367188,19.2705,84.9308,0.0,206,Gopalpur,13.4
2024-07-17 03:18,9192002,18.6073,84.9582,11.1,13,Gopalpur,13.0
2024-07-17 19:18,9192002,19.1527,84.7183,11.5,157,Gopalpur,14.2
2024-07-18 05:31,9192002,19.1959,84.9851,0.2,113,Gopalpur,14.0
2024-07-18 17:07,9192002,19.3897,85.0523,0.3,297,Gopalpur,14.1
2024-07-19 05:57,9192002,19.3209,84.9209,0.7,82,Gopalpur,13.4
2024-07-19 17:06,9192002,19.2588,84.9042,0.5,24,Gopalpur,13.1
2024-07-20 22:24,9192002,19.2663,84.919,0.0,117,Gopalpur,14.0
2024-07-22 01:24,9192002,19.2485,84.9364,0.0,88,Gopalpur,13.8
2024-08-03 02:12,9260565,19.8271,85.2387,9.4,45,Gopalpur,13.9
2024-08-03 18:12,9260565,19.4307,85.132,10.5,187,Gopalpur,13.3
2024-08-04 02:13,9260565,19.3705,84.8818,0.1,22,Gopalpur,13.0
2024-08-04 15:16,9260565,19.1982,84.9099,0.4,202,Gopalpur,13.6
2024-08-05 03:07,9260565,19.2355,85.0279,0.8,32,Gopalpur,13.6
2024-08-05 14:49,9260565,19.3912,84.8837,0.5,266,Gopalpur,14.2
2024-08-06 04:08,9260565,19.1714,84.8783,0.2,257,Gopalpur,13.2
2024-08-07 01:44,9260565,19.2593,84.9357,0.0,73,Gopalpur,13.7
2024-08-08 04:15,9260565,19.2773,84.9021,0.0,146,Gopalpur,14.2
2024-08-06 07:18,9842348,18.7233,84.7532,12.8,337,Gopalpur,14.3
2024-08-06 23:18,9842348,19.328,85.152,10.0,91,Gopalpur,13.3
2024-08-07 07:47,9842348,19.4104,84.8604,0.1,249,Gopalpur,13.8
2024-08-07 19:40,9842348,19.1352,85.0471,0.3,133,Gopalpur,13.7
2024-08-08 07:26,9842348,19.3294,84.9097,0.3,228,Gopalpur,14.5
2024-08-08 20:27,9842348,19.2971,84.8731,0.4,254,Gopalpur,13.1
2024-08-10 03:00,9842348,19.2813,84.932,0.0,80,Gopalpur,13.9
2024-08-11 06:18,9842348,19.279,84.9266,0.0,344,Gopalpur,13.9
2024-08-13 07:03,9184777,19.5286,85.574,11.6,21,Gopalpur,12.9
2024-08-13 23:03,9184777,19.5266,84.7693,10.0,68,Gopalpur,13.1
2024-08-14 09:11,9184777,19.3873,85.0438,0.4,348,Gopalpur,13.4
2024-08-14 19:28,9184777,19.2964,84.8293,0.8,174,Gopalpur,13.4
2024-08-15 07:17,9184777,19.3893,84.8143,0.3,6,Gopalpur,12.6
2024-08-15 19:48,9184777,19.235,84.8695,0.1,234,Gopalpur,13.9
2024-08-16 08:01,9184777,19.3832,84.9555,0.8,69,Gopalpur,12.8
2024-08-17 05:13,9184777,19.2471,84.9306,0.0,152,Gopalpur,13.4
2024-08-18 08:46,9184777,19.2628,84.9293,0.0,295,Gopalpur,13.7
2024-09-07 11:01,9559190,19.6423,85.0125,12.7,294,Gopalpur,13.1
2024-09-08 03:01,9559190,19.3281,84.869,11.8,18,Gopalpur,13.7
2024-09-08 12:03,9559190,19.1992,84.919,0.3,49,Gopalpur,14.3
2024-09-09 01:26,9559190,19.4068,84.7968,0.3,121,Gopalpur,13.6
2024-09-09 13:58,9559190,19.3613,84.9772,0.7,221,Gopalpur,13.9
2024-09-10 01:35,9559190,19.3179,84.7707,0.2,248,Gopalpur,14.3
2024-09-11 02:04,9559190,19.2812,84.9242,0.0,11,Gopalpur,13.7
2024-09-12 06:45,9559190,19.2773,84.9171,0.0,355,Gopalpur,14.2
2024-09-26 06:08,9264511,19.9871,84.6395,12.0,343,Gopalpur,12.9
2024-09-26 22:08,9264511,19.0382,84.9929,10.0,269,Gopalpur,13.4
2024-09-27 08:44,9264511,19.2897,84.8441,0.4,238,Gopalpur,13.6
2024-09-27 18:41,9264511,19.1713,85.0172,0.1,288,Gopalpur,13.9
2024-09-28 06:12,9264511,19.2941,84.9498,0.7,88,Gopalpur,13.6
2024-09-28 21:06,9264511,19.1193,84.7796,0.1,288,Gopalpur,12.9
2024-09-29 08:00,9264511,19.283,84.9323,0.3,122,Gopalpur,13.5
2024-09-30 14:15,9264511,19.2494,84.8978,0.0,171,Gopalpur,13.4
2024-10-01 20:00,9264511,19.2535,84.9008,0.0,120,Gopalpur,13.9
2024-10-12 09:33,9559190,18.7292,85.1527,12.3,83,Gopalpur,13.6
2024-10-13 01:33,9559190,19.5226,85.0391,11.2,260,Gopalpur,13.5
2024-10-13 12:01,9559190,19.1564,85.0343,0.7,25,Gopalpur,13.3
2024-10-13 23:50,9559190,19.1245,85.0428,0.2,328,Gopalpur,14.2
2024-10-14 11:11,9559190,19.1237,85.0332,0.4,150,Gopalpur,13.6
2024-10-14 21:57,9559190,19.3015,84.9467,0.7,97,Gopalpur,14.0
2024-10-15 12:01,9559190,19.1788,84.8773,0.4,74,Gopalpur,14.0
2024-10-15 23:53,9559190,19.3817,85.064,0.6,15,Gopalpur,13.7
2024-10-16 22:46,9559190,19.2698,84.9218,0.0,41,Gopalpur,13.8
2024-10-18 02:25,9559190,19.2786,84.9093,0.0,123,Gopalpur,14.2
2024-10-29 03:50,9725674,18.7837,84.8703,11.1,79,Gopalpur,13.0
2024-10-29 19:50,9725674,19.254,85.1028,9.8,20,Gopalpur,12.9
2024-10-30 04:06,9725674,19.2732,84.9679,0.0,198,Gopalpur,13.3
2024-10-30 18:34,9725674,19.3478,84.8089,0.1,267,Gopalpur,12.9
2024-10-31 04:57,9725674,19.4051,84.943,0.3,111,Gopalpur,12.8
2024-10-31 17:06,9725674,19.2097,84.9351,0.3,2,Gopalpur,13.6
2024-11-01 05:19,9725674,19.1337,84.8162,0.5,29,Gopalpur,13.5
2024-11-02 08:30,9725674,19.2852,84.9194,0.0,345,Gopalpur,13.7
2024-11-03 09:21,9725674,19.2665,84.9142,0.0,227,Gopalpur,13.8
2024-12-03 21:31,9231171,18.9891,85.5822,11.4,46,Gopalpur,14.0
2024-12-04 13:31,9231171,19.0556,84.8888,12.7,26,Gopalpur,12.8
2024-12-04 22:04,9231171,19.2045,84.95,0.2,178,Gopalpur,12.8
2024-12-05 12:26,9231171,19.2927,84.7843,0.1,273,Gopalpur,13.2
2024-12-05 23:22,9231171,19.1243,84.8639,0.6,124,Gopalpur,13.1
2024-12-06 11:11,9231171,19.3343,84.9802,0.5,19,Gopalpur,13.8
2024-12-06 23:09,9231171,19.3956,85.0223,0.3,185,Gopalpur,14.1
2024-12-08 04:02,9231171,19.2863,84.9073,0.0,235,Gopalpur,13.5
2024-12-09 08:53,9231171,19.2571,84.9193,0.0,271,Gopalpur,14.2
2024-12-07 18:44,9260565,19.6058,85.1443,9.8,270,Gopalpur,12.8
2024-12-08 10:44,9260565,19.0713,85.1163,11.9,283,Gopalpur,13.3
2024-12-08 19:27,9260565,19.3699,84.8765,0.1,116,Gopalpur,13.1
2024-12-09 06:53,9260565,19.3596,84.8073,0.7,70,Gopalpur,13.1
2024-12-09 20:42,9260565,19.2628,84.9916,0.3,316,Gopalpur,13.6
2024-12-10 08:29,9260565,19.1894,84.8429,0.6,196,Gopalpur,13.2
2024-12-11 12:56,9260565,19.2675,84.9119,0.0,296,Gopalpur,14.0
2024-12-12 15:56,9260565,19.2855,84.9228,0.0,293,Gopalpur,14.0
2025-01-03 21:54,9174447,19.1431,84.6405,9.8,246,Gopalpur,13.0
2025-01-04 13:54,9174447,19.1923,84.7714,12.0,330,Gopalpur,13.7
2025-01-04 22:16,9174447,19.3419,85.0651,0.8,53,Gopalpur,13.4
2025-01-05 11:17,9174447,19.2432,85.0088,0.0,65,Gopalpur,14.0
2025-01-06 14:08,9174447,19.2514,84.9066,0.0,6,Gopalpur,13.9
2025-01-07 17:33,9174447,19.2796,84.9366,0.0,214,Gopalpur,13.9
2025-01-05 23:11,9746054,18.5887,84.7296,11.6,86,Gopalpur,13.0
2025-01-06 15:11,9746054,19.1816,85.0604,10.3,343,Gopalpur,13.3
2025-01-07 00:21,9746054,19.3182,84.8325,0.7,70,Gopalpur,13.8
2025-01-07 12:37,9746054,19.4006,84.8195,0.3,209,Gopalpur,13.1
2025-01-08 01:14,9746054,19.361,85.0614,0.1,298,Gopalpur,14.0
2025-01-08 13:31,9746054,19.3733,84.9206,0.4,46,Gopalpur,13.9
2025-01-09 12:05,9746054,19.2553,84.9003,0.0,259,Gopalpur,14.0
2025-01-10 18:23,9746054,19.2522,84.9129,0.0,288,Gopalpur,13.5
2025-01-29 04:11,9725674,18.6777,85.4154,9.5,272,Gopalpur,13.0
2025-01-29 20:11,9725674,19.4893,84.7455,11.4,217,Gopalpur,13.5
2025-01-30 06:44,9725674,19.2751,84.9625,0.5,353,Gopalpur,13.8
2025-01-30 16:24,9725674,19.3876,84.9139,0.3,158,Gopalpur,13.3
2025-01-31 18:18,9725674,19.2681,84.9124,0.0,241,Gopalpur,14.0
2025-02-01 18:57,9725674,19.2525,84.908,0.0,27,Gopalpur,14.0
2025-02-24 06:11,9686782,19.1213,84.3207,9.3,25,Gopalpur,13.5
2025-02-24 22:11,9686782,19.4369,84.8088,11.6,259,Gopalpur,13.5
2025-02-25 07:57,9686782,19.1683,84.9487,0.5,337,Gopalpur,13.4
2025-02-25 18:37,9686782,19.3638,84.8615,0.1,264,Gopalpur,13.5
2025-02-26 07:38,9686782,19.2135,84.9117,0.8,193,Gopalpur,14.0
2025-02-27 03:47,9686782,19.276,84.9224,0.0,243,Gopalpur,14.0
2025-02-28 07:05,9686782,19.2656,84.9072,0.0,164,Gopalpur,14.0
2025-03-11 16:33,9264511,19.9508,84.22,11.1,181,Gopalpur,13.7
2025-03-12 08:33,9264511,19.0739,85.0753,10.8,330,Gopalpur,12.8
2025-03-12 19:02,9264511,19.1546,85.0398,0.7,52,Gopalpur,13.6
2025-03-13 06:38,9264511,19.3509,84.9463,0.1,210,Gopalpur,14.0
2025-03-13 16:47,9264511,19.3113,84.8959,0.3,247,Gopalpur,14.0
2025-03-14 23:47,9264511,19.2569,84.9303,0.0,13,Gopalpur,13.5
2025-03-16 05:18,9264511,19.2649,84.9204,0.0,158,Gopalpur,14.1
2025-02-28 08:44,9151262,20.06,84.4219,9.6,129,Gopalpur,13.6
2025-03-01 00:44,9151262,19.0503,84.7987,12.9,202,Gopalpur,13.4
2025-03-01 09:33,9151262,19.2106,84.9622,0.5,270,Gopalpur,13.5
2025-03-01 23:28,9151262,19.191,85.0267,0.4,183,Gopalpur,12.6
2025-03-02 09:22,9151262,19.1875,85.0474,0.3,161,Gopalpur,13.1
2025-03-03 11:16,9151262,19.2472,84.9135,0.0,9,Gopalpur,13.6
2025-03-04 16:11,9151262,19.2812,84.9154,0.0,146,Gopalpur,13.4
2025-04-06 20:02,9339563,19.5048,84.1679,11.2,209,Gopalpur,13.7
2025-04-07 12:02,9339563,19.3653,84.9077,11.8,36,Gopalpur,13.9
2025-04-07 22:42,9339563,19.2665,84.8378,0.0,358,Gopalpur,14.0
2025-04-08 10:45,9339563,19.2072,85.0047,0.4,223,Gopalpur,13.9
2025-04-08 20:39,9339563,19.3408,84.8239,0.3,152,Gopalpur,12.9
2025-04-09 17:33,9339563,19.259,84.9329,0.0,169,Gopalpur,14.1
2025-04-10 21:12,9339563,19.2774,84.933,0.0,30,Gopalpur,13.8
2025-04-29 14:01,9785903,18.7974,85.3875,10.3,317,Gopalpur,14.0
2025-04-30 06:01,9785903,19.0964,85.1762,9.3,138,Gopalpur,13.0
2025-04-30 14:07,9785903,19.3799,84.9683,0.1,2,Gopalpur,13.2
2025-05-01 02:32,9785903,19.2247,84.8613,0.1,338,Gopalpur,14.2
2025-05-02 02:14,9785903,19.2765,84.9214,0.0,198,Gopalpur,13.8
2025-05-03 07:41,9785903,19.2558,84.9233,0.0,26,Gopalpur,14.3
2025-06-09 14:58,9339563,19.8408,84.2231,9.0,260,Gopalpur,13.4
2025-06-10 06:58,9339563,19.3357,85.0989,9.2,281,Gopalpur,12.9
2025-06-10 17:29,9339563,19.1724,84.9282,0.7,202,Gopalpur,13.9
2025-06-11 05:05,9339563,19.3001,84.7871,0.1,350,Gopalpur,13.6
2025-06-11 15:12,9339563,19.3642,84.9105,0.6,49,Gopalpur,12.8
2025-06-12 14:07,9339563,19.2584,84.9031,0.0,93,Gopalpur,13.7
2025-06-13 17:36,9339563,19.2752,84.9114,0.0,266,Gopalpur,14.1
2025-07-09 12:51,9339563,19.751,84.7101,9.2,20,Gopalpur,13.5
2025-07-10 04:51,9339563,19.3541,84.813,10.5,188,Gopalpur,13.1
2025-07-10 14:39,9339563,19.3865,84.8811,0.3,245,Gopalpur,14.2
2025-07-11 02:36,9339563,19.2913,84.8231,0.4,273,Gopalpur,13.0
2025-07-11 13:43,9339563,19.4065,84.9648,0.7,139,Gopalpur,13.0
2025-07-12 02:42,9339563,19.3451,84.8488,0.6,293,Gopalpur,12.8
2025-07-13 08:17,9339563,19.2826,84.9191,0.0,186,Gopalpur,14.0
2025-07-14 16:30,9339563,19.2578,84.8991,0.0,165,Gopalpur,14.0
2025-06-27 16:51,9184777,19.6814,84.1746,11.7,55,Gopalpur,13.4
2025-06-28 08:51,9184777,19.3409,84.66,10.9,317,Gopalpur,13.8
2025-06-28 18:26,9184777,19.2023,84.9333,0.0,39,Gopalpur,12.7
2025-06-29 05:23,9184777,19.122,84.8389,0.1,115,Gopalpur,12.8
2025-06-29 18:19,9184777,19.3161,84.9814,0.4,126,Gopalpur,13.7
2025-06-30 18:53,9184777,19.2775,84.9104,0.0,245,Gopalpur,13.4
2025-07-01 21:24,9184777,19.2472,84.9101,0.0,107,Gopalpur,13.8
2025-08-10 21:46,9184777,19.0992,84.8194,10.2,110,Gopalpur,13.0
2025-08-11 13:46,9184777,19.0496,85.1532,9.1,278,Gopalpur,12.6
2025-08-11 23:23,9184777,19.2406,84.8881,0.2,16,Gopalpur,12.7
2025-08-12 11:16,9184777,19.1305,85.0302,0.2,347,Gopalpur,13.2
2025-08-12 23:54,9184777,19.2759,85.0125,0.1,172,Gopalpur,13.8
2025-08-13 10:39,9184777,19.2035,84.9098,0.6,52,Gopalpur,13.2
2025-08-14 07:36,9184777,19.278,84.9325,0.0,36,Gopalpur,13.8
2025-08-15 09:13,9184777,19.2727,84.9273,0.0,281,Gopalpur,13.2
2025-08-01 14:28,9462030,19.5316,85.4961,11.5,226,Gopalpur,13.1
2025-08-02 06:28,9462030,19.3906,84.8121,9.3,91,Gopalpur,13.0
2025-08-02 15:20,9462030,19.2446,84.835,0.1,244,Gopalpur,13.0
2025-08-03 04:17,9462030,19.2424,84.8871,0.6,56,Gopalpur,14.0
2025-08-03 16:41,9462030,19.3545,84.9232,0.3,135,Gopalpur,13.8
2025-08-04 03:32,9462030,19.1303,84.9062,0.5,103,Gopalpur,13.1
2025-08-04 14:44,9462030,19.1886,84.7794,0.3,221,Gopalpur,13.5
2025-08-05 04:38,9462030,19.236,84.7979,0.3,246,Gopalpur,14.0
2025-08-06 00:31,9462030,19.2489,84.9068,0.0,135,Gopalpur,13.9
2025-08-07 04:54,9462030,19.2839,84.9185,0.0,237,Gopalpur,14.0
2025-09-06 02:01,9557549,19.8263,84.8932,12.3,82,Gopalpur,13.6
2025-09-06 18:01,9557549,19.4402,84.8839,12.2,60,Gopalpur,12.7
2025-09-07 02:12,9557549,19.275,84.9381,0.4,163,Gopalpur,12.6
2025-09-07 16:28,9557549,19.1573,85.0516,0.4,94,Gopalpur,13.0
2025-09-08 02:44,9557549,19.29,84.9062,0.3,123,Gopalpur,12.9
2025-09-09 10:35,9557549,19.2766,84.916,0.0,314,Gopalpur,13.9
2025-09-10 16:50,9557549,19.2781,84.8991,0.0,88,Gopalpur,13.5
2025-10-03 03:20,9638539,19.2002,85.15,11.0,272,Gopalpur,12.6
2025-10-03 19:20,9638539,19.3011,84.942,9.5,272,Gopalpur,13.9
2025-10-04 04:49,9638539,19.3217,85.0399,0.8,139,Gopalpur,13.2
2025-10-04 16:58,9638539,19.2543,84.7697,0.7,256,Gopalpur,13.3
2025-10-05 03:34,9638539,19.1459,85.0662,0.7,182,Gopalpur,13.7
2025-10-05 17:36,9638539,19.196,84.9126,0.5,295,Gopalpur,12.8
2025-10-06 06:06,9638539,19.2972,84.7831,0.3,149,Gopalpur,13.4
2025-10-06 15:23,9638539,19.3503,84.7784,0.4,12,Gopalpur,12.7
2025-10-07 05:05,9638539,19.3665,84.8083,0.6,326,Gopalpur,13.9
2025-10-08 02:30,9638539,19.2685,84.9001,0.0,156,Gopalpur,13.4
2025-10-09 04:33,9638539,19.273,84.9271,0.0,232,Gopalpur,13.6
2025-11-05 23:39,9404531,18.9763,85.3946,10.3,289,Gopalpur,13.3
2025-11-06 15:39,9404531,19.4591,85.1105,10.2,51,Gopalpur,13.1
2025-11-07 02:30,9404531,19.3093,84.8631,0.8,326,Gopalpur,13.0
2025-11-07 14:38,9404531,19.2802,84.8564,0.4,234,Gopalpur,13.8
2025-11-07 23:44,9404531,19.354,84.9323,0.4,111,Gopalpur,13.9
2025-11-08 13:16,9404531,19.1775,84.9195,0.2,176,Gopalpur,13.5
2025-11-09 01:29,9404531,19.2573,84.966,0.7,238,Gopalpur,14.1
2025-11-09 13:28,9404531,19.1733,84.8045,0.4,87,Gopalpur,12.9
2025-11-10 01:52,9404531,19.3402,84.9063,0.2,69,Gopalpur,13.8
2025-11-10 11:49,9404531,19.1245,84.9517,0.8,227,Gopalpur,13.4
2025-11-11 10:57,9404531,19.2487,84.9115,0.0,68,Gopalpur,14.1
2025-11-12 17:51,9404531,19.2576,84.9212,0.0,291,Gopalpur,13.7
2025-10-28 07:35,9785903,19.5176,84.1681,10.5,150,Gopalpur,13.1
2025-10-28 23:35,9785903,19.2843,84.6595,10.5,329,Gopalpur,13.7
2025-10-29 08:09,9785903,19.2545,85.0181,0.4,55,Gopalpur,14.1
2025-10-29 20:19,9785903,19.4157,85.0328,0.0,98,Gopalpur,13.7
2025-10-30 08:06,9785903,19.2642,84.8901,0.3,288,Gopalpur,13.5
2025-10-30 22:28,9785903,19.1206,84.799,0.7,24,Gopalpur,14.0
2025-10-31 10:33,9785903,19.3153,84.9984,0.0,61,Gopalpur,14.4
2025-10-31 19:48,9785903,19.3337,85.0297,0.7,230,Gopalpur,13.3
2025-11-01 09:47,9785903,19.362,84.7874,0.3,207,Gopalpur,13.2
2025-11-02 09:36,9785903,19.2535,84.9127,0.0,220,Gopalpur,14.1
2025-11-03 13:51,9785903,19.2534,84.9188,0.0,20,Gopalpur,14.4
2020-01-04 06:05,9557549,22.7582,88.7168,11.9,300,Haldia,12.9
2020-01-04 22:05,9557549,21.8713,88.2111,11.9,285,Haldia,13.9
2020-01-05 08:59,9557549,21.9478,88.1254,0.6,345,Haldia,12.9
2020-01-05 20:37,9557549,22.1776,88.0571,0.4,158,Haldia,13.2
2020-01-07 03:21,9557549,22.0196,88.0701,0.0,67,Haldia,13.5
2020-01-08 12:00,9557549,22.0148,88.0533,0.0,297,Haldia,13.3
2020-02-07 18:28,9339563,21.6682,88.3771,11.6,337,Haldia,13.9
2020-02-08 10:28,9339563,22.0181,87.9744,12.1,80,Haldia,13.1
2020-02-08 19:40,9339563,22.0075,88.1526,0.3,124,Haldia,12.9
2020-02-09 07:53,9339563,21.948,88.2146,0.5,268,Haldia,13.1
2020-02-09 18:51,9339563,22.106,88.0481,0.4,308,Haldia,12.9
2020-02-10 07:05,9339563,21.9158,88.0835,0.5,177,Haldia,13.0
2020-02-10 18:29,9339563,21.9637,88.1381,0.4,21,Haldia,13.5
2020-02-11 07:41,9339563,21.9895,87.9838,0.1,104,Haldia,14.1
2020-02-12 10:43,9339563,22.0357,88.0669,0.0,56,Haldia,13.8
2020-02-13 19:36,9339563,22.0423,88.0676,0.0,87,Haldia,14.1
2020-02-08 19:25,9404531,22.8123,87.6456,10.1,62,Haldia,13.4
2020-02-09 11:25,9404531,22.1671,88.2804,9.6,66,Haldia,13.4
2020-02-09 20:29,9404531,22.1302,88.1915,0.6,204,Haldia,13.8
2020-02-10 07:28,9404531,21.963,88.1651,0.5,43,Haldia,13.2
2020-02-10 19:36,9404531,22.016,88.2131,0.1,133,Haldia,13.4
2020-02-11 07:57,9404531,22.0101,88.1438,0.4,324,Haldia,12.8
2020-02-12 11:16,9404531,22.0202,88.0749,0.0,138,Haldia,13.8
2020-02-13 19:33,9404531,22.0297,88.0532,0.0,340,Haldia,13.6
2020-03-09 13:04,9192002,22.5907,87.2711,9.0,122,Haldia,13.6
2020-03-10 05:04,9192002,22.2243,88.1597,10.3,135,Haldia,13.7
2020-03-10 13:41,9192002,22.1602,88.2021,0.2,116,Haldia,13.0
2020-03-11 01:21,9192002,21.9008,88.1758,0.1,236,Haldia,14.2
2020-03-11 13:45,9192002,22.061,88.0582,0.4,44,Haldia,13.6
2020-03-12 18:42,9192002,22.0472,88.0798,0.0,252,Haldia,14.0
2020-03-14 01:43,9192002,22.0216,88.0626,0.0,245,Haldia,13.7
2020-02-19 20:35,9746054,22.3483,87.3728,11.0,53,Haldia,13.7
2020-02-20 12:35,9746054,22.2186,87.9536,10.3,206,Haldia,14.0
2020-02-20 21:18,9746054,21.9015,88.1759,0.3,203,Haldia,13.8
2020-02-21 10:51,9746054,22.0453,88.0081,0.3,96,Haldia,13.4
2020-02-21 23:25,9746054,22.1177,87.9239,0.1,302,Haldia,13.9
2020-02-23 06:59,9746054,22.0488,88.0851,0.0,83,Haldia,13.5
2020-02-24 15:59,9746054,22.0507,88.0544,0.0,294,Haldia,13.9
2020-03-03 00:30,9463594,21.7693,88.0719,10.6,142,Haldia,12.7
2020-03-03 16:30,9463594,22.2323,88.0502,10.3,347,Haldia,13.3
2020-03-04 01:27,9463594,22.0633,88.0595,0.8,52,Haldia,13.8
2020-03-04 12:46,9463594,22.0298,88.1111,0.0,106,Haldia,13.9
2020-03-05 00:46,9463594,21.998,88.1599,0.2,8,Haldia,12.8
2020-03-06 08:58,9463594,22.0516,88.056,0.0,330,Haldia,13.4
2020-03-07 17:01,9463594,22.0292,88.062,0.0,2,Haldia,13.5
2020-03-28 05:12,9367188,21.4858,88.7183,10.5,58,Haldia,12.7
2020-03-28 21:12,9367188,21.8347,88.3066,12.6,138,Haldia,13.1
2020-03-29 05:52,9367188,21.9974,88.1182,0.5,77,Haldia,13.4
2020-03-29 19:28,9367188,21.9169,88.0433,0.7,154,Haldia,12.7
2020-03-30 06:06,9367188,22.0644,88.2131,0.5,68,Haldia,13.9
2020-03-30 17:27,9367188,22.0105,87.9532,0.8,58,Haldia,13.1
2020-03-31 20:56,9367188,22.0139,88.0628,0.0,295,Haldia,13.5
2020-04-02 03:57,9367188,22.0431,88.0712,0.0,5,Haldia,13.8
2020-05-05 22:57,9184777,21.3396,87.6745,12.7,87,Haldia,12.6
2020-05-06 14:57,9184777,22.1318,88.2916,9.7,67,Haldia,13.5
2020-05-06 23:11,9184777,22.0966,88.0602,0.4,239,Haldia,13.0
2020-05-07 11:15,9184777,22.1526,87.9512,0.2,227,Haldia,13.6
2020-05-08 01:03,9184777,22.0076,87.9317,0.7,4,Haldia,12.9
2020-05-08 11:51,9184777,21.9494,87.9844,0.7,312,Haldia,13.3
2020-05-09 14:11,9184777,22.0164,88.0539,0.0,165,Haldia,13.4
2020-05-10 20:54,9184777,22.0153,88.0738,0.0,207,Haldia,13.8
2020-04-29 21:43,9557549,21.5554,88.4245,11.4,9,Haldia,13.0
2020-04-30 13:43,9557549,21.864,87.9128,11.1,18,Haldia,13.1
2020-05-01 00:18,9557549,22.04,88.0431,0.5,154,Haldia,13.5
2020-05-01 11:09,9557549,22.1276,88.0334,0.5,288,Haldia,14.0
2020-05-01 22:42,9557549,22.0722,87.9227,0.7,23,Haldia,13.9
2020-05-02 09:43,9557549,21.997,88.0142,0.1,224,Haldia,13.1
2020-05-03 13:47,9557549,22.0315,88.0856,0.0,312,Haldia,13.4
2020-05-04 23:02,9557549,22.026,88.0621,0.0,221,Haldia,13.3
2020-05-24 08:29,9874716,21.9163,88.8443,12.7,216,Haldia,14.0
2020-05-25 00:29,9874716,21.9655,88.1804,11.5,175,Haldia,13.1
2020-05-25 10:26,9874716,21.9321,88.215,0.0,259,Haldia,13.7
2020-05-25 22:50,9874716,22.1647,88.0773,0.6,229,Haldia,13.6
2020-05-26 09:48,9874716,22.1508,88.0932,0.1,214,Haldia,13.1
2020-05-26 22:54,9874716,22.1234,88.1493,0.7,161,Haldia,13.1
2020-05-27 11:03,9874716,22.1524,88.0868,0.8,103,Haldia,14.1
2020-05-28 09:01,9874716,22.0529,88.068,0.0,255,Haldia,13.9
2020-05-29 16:38,9874716,22.0429,88.0785,0.0,297,Haldia,14.4
2020-06-06 11:48,9952378,21.2438,87.4858,9.3,3,Haldia,13.7
2020-06-07 03:48,9952378,22.1414,87.9612,11.3,208,Haldia,13.6
2020-06-07 13:07,9952378,22.0018,87.9284,0.5,26,Haldia,12.7
2020-06-08 01:43,9952378,22.0585,88.0147,0.1,84,Haldia,13.9
2020-06-08 13:42,9952378,21.9989,88.0449,0.6,310,Haldia,13.4
2020-06-09 19:12,9952378,22.0228,88.0828,0.0,145,Haldia,14.0
2020-06-11 02:06,9952378,22.0168,88.0616,0.0,127,Haldia,14.0
2020-07-08 07:28,9462030,21.849,88.8193,11.5,156,Haldia,13.4
2020-07-08 23:28,9462030,22.1139,87.8822,9.7,130,Haldia,14.0
2020-07-09 09:10,9462030,22.028,88.0363,0.3,21,Haldia,13.5
2020-07-09 19:45,9462030,21.9083,88.0552,0.6,102,Haldia,12.9
2020-07-10 09:06,9462030,21.9076,88.1438,0.5,253,Haldia,13.5
2020-07-10 20:33,9462030,22.0987,88.2094,0.5,111,Haldia,13.3
2020-07-11 07:47,9462030,21.9024,87.9297,0.2,185,Haldia,13.9
2020-07-11 21:07,9462030,22.0395,88.1522,0.3,111,Haldia,14.1
2020-07-13 05:05,9462030,22.0497,88.0556,0.0,10,Haldia,13.9
2020-07-14 10:50,9462030,22.018,88.0724,0.0,173,Haldia,14.0
2020-08-05 23:25,9462030,21.6841,87.623,9.4,323,Haldia,13.8
2020-08-06 15:25,9462030,22.2191,88.0884,12.7,25,Haldia,13.8
2020-08-07 00:02,9462030,21.9944,88.0105,0.6,3,Haldia,13.5
2020-08-07 12:24,9462030,21.9998,88.204,0.4,165,Haldia,13.9
2020-08-08 01:06,9462030,22.0912,88.0823,0.6,60,Haldia,13.4
2020-08-08 13:21,9462030,22.0189,88.054,0.5,166,Haldia,13.4
2020-08-08 23:49,9462030,22.0649,87.9981,0.1,307,Haldia,13.7
2020-08-09 11:32,9462030,22.0871,88.164,0.8,231,Haldia,13.0
2020-08-10 01:12,9462030,21.9055,88.163,0.2,244,Haldia,13.3
2020-08-10 14:04,9462030,22.1093,88.1713,0.5,334,Haldia,13.6
2020-08-12 10:11,9462030,22.0493,88.0618,0.0,65,Haldia,13.7
2020-08-13 16:44,9462030,22.025,88.0808,0.0,308,Haldia,14.1
2020-08-05 09:59,9095119,22.2238,87.2765,10.9,68,Haldia,13.4
2020-08-06 01:59,9095119,22.1874,87.9805,9.7,75,Haldia,13.0
2020-08-06 11:41,9095119,21.9904,87.9658,0.7,61,Haldia,12.7
2020-08-06 22:16,9095119,22.0707,88.1746,0.8,236,Haldia,12.8
2020-08-07 10:28,9095119,22.1538,87.9335,0.7,17,Haldia,12.9
2020-08-08 00:49,9095119,22.1428,88.1958,0.6,91,Haldia,13.1
2020-08-08 11:41,9095119,22.0375,88.0136,0.4,25,Haldia,13.1
2020-08-09 00:32,9095119,21.9583,87.9899,0.5,164,Haldia,13.2
2020-08-09 23:43,9095119,22.0444,88.0776,0.0,118,Haldia,13.4
2020-08-11 08:50,9095119,22.0406,88.0743,0.0,338,Haldia,13.5
2020-09-01 20:01,9785903,22.2085,88.3476,10.8,40,Haldia,13.9
2020-09-02 12:01,9785903,21.9835,87.8845,10.0,139,Haldia,13.7
2020-09-02 22:03,9785903,21.9403,88.191,0.4,59,Haldia,13.2
2020-09-03 10:14,9785903,22.0944,88.1169,0.7,230,Haldia,13.7
2020-09-03 22:25,9785903,22.0005,88.082,0.3,10,Haldia,13.1
2020-09-04 08:08,9785903,22.0504,88.0277,0.6,242,Haldia,13.0
2020-09-04 20:28,9785903,21.9651,88.1941,0.2,228,Haldia,13.3
2020-09-05 10:04,9785903,22.0973,88.0418,0.1,285,Haldia,14.4
2020-09-06 19:02,9785903,22.032,88.0672,0.0,330,Haldia,13.8
2020-09-08 07:05,9785903,22.0465,88.0775,0.0,178,Haldia,14.0
2020-08-31 10:27,9559190,21.3047,88.2868,11.1,212,Haldia,13.0
2020-09-01 02:27,9559190,22.2844,87.8311,13.0,286,Haldia,13.0
2020-09-01 11:23,9559190,22.018,88.2085,0.3,24,Haldia,14.2
2020-09-02 01:04,9559190,22.0764,87.9821,0.7,182,Haldia,14.1
2020-09-02 12:40,9559190,22.1497,87.9987,0.3,142,Haldia,14.1
2020-09-03 01:14,9559190,22.1155,87.9545,0.8,162,Haldia,13.8
2020-09-03 10:46,9559190,22.1738,88.1307,0.7,315,Haldia,14.4
2020-09-03 22:35,9559190,21.9246,88.122,0.3,118,Haldia,14.2
2020-09-05 00:54,9559190,22.0202,88.0506,0.0,98,Haldia,14.0
2020-09-06 07:23,9559190,22.0456,88.0617,0.0,121,Haldia,14.3
2020-09-28 01:58,9874716,21.8092,88.7587,12.2,38,Haldia,13.2
2020-09-28 17:58,9874716,22.0554,87.8557,12.9,35,Haldia,13.8
2020-09-29 03:45,9874716,22.1392,88.0535,0.7,220,Haldia,13.7
2020-09-29 15:35,9874716,22.0534,88.0938,0.8,286,Haldia,13.0
2020-09-30 02:08,9874716,22.0886,87.9922,0.4,236,Haldia,13.1
2020-09-30 16:44,9874716,21.92,88.1447,0.1,12,Haldia,13.1
2020-10-01 03:21,9874716,22.1617,88.1638,0.2,11,Haldia,13.8
2020-10-01 14:30,9874716,22.0563,88.1088,0.3,91,Haldia,14.4
2020-10-02 16:05,9874716,22.023,88.0706,0.0,34,Haldia,14.3
2020-10-03 23:02,9874716,22.0139,88.077,0.0,273,Haldia,14.1
2020-09-29 04:00,9785903,22.4569,88.5156,9.3,184,Haldia,14.4
2020-09-29 20:00,9785903,22.1775,88.2964,12.0,113,Haldia,13.1
2020-09-30 06:27,9785903,22.058,87.9543,0.6,206,Haldia,14.2
2020-09-30 16:34,9785903,22.0444,88.092,0.3,261,Haldia,13.1
2020-10-01 05:11,9785903,22.1104,88.1169,0.6,92,Haldia,13.1
2020-10-01 18:23,9785903,22.1373,88.0288,0.2,34,Haldia,13.3
2020-10-02 06:26,9785903,22.0839,87.9586,0.6,191,Haldia,14.1
2020-10-02 17:22,9785903,22.1463,88.0242,0.7,91,Haldia,13.7
2020-10-03 04:48,9785903,22.0343,88.0215,0.2,316,Haldia,14.1
2020-10-03 17:28,9785903,22.1378,88.1546,0.5,181,Haldia,13.8
2020-10-04 17:54,9785903,22.0231,88.0515,0.0,40,Haldia,14.1
2020-10-06 02:36,9785903,22.0414,88.0611,0.0,312,Haldia,14.1
2020-11-02 12:07,9404531,21.7372,88.2411,9.3,151,Haldia,12.8
2020-11-03 04:07,9404531,21.7918,88.0976,10.4,197,Haldia,12.9
2020-11-03 12:35,9404531,22.0748,88.0908,0.5,191,Haldia,13.0
2020-11-04 02:18,9404531,21.9997,87.9207,0.7,152,Haldia,13.8
2020-11-04 14:29,9404531,22.0987,88.1828,0.6,235,Haldia,13.6
2020-11-05 01:49,9404531,22.1644,88.0744,0.7,31,Haldia,13.8
2020-11-05 12:09,9404531,22.0997,88.1425,0.6,24,Haldia,13.7
2020-11-06 02:01,9404531,22.0798,88.1947,0.8,32,Haldia,13.1
2020-11-06 14:58,9404531,22.1707,88.2045,0.5,96,Haldia,13.4
2020-11-07 18:51,9404531,22.0505,88.0708,0.0,87,Haldia,13.9
2020-11-09 03:04,9404531,22.0159,88.059,0.0,241,Haldia,13.7
2020-10-30 02:03,9133209,21.6988,88.1387,9.9,137,Haldia,13.8
2020-10-30 18:03,9133209,21.8301,88.0283,9.7,128,Haldia,13.4
2020-10-31 03:10,9133209,22.0555,88.1963,0.0,39,Haldia,13.4
2020-10-31 16:59,9133209,22.0747,88.1562,0.4,152,Haldia,14.3
2020-11-01 02:03,9133209,22.1145,88.1823,0.0,108,Haldia,13.1
2020-11-01 17:01,9133209,22.1016,88.0741,0.6,131,Haldia,13.5
2020-11-02 02:18,9133209,22.0333,88.2128,0.3,181,Haldia,13.6
2020-11-02 15:48,9133209,22.1006,88.1522,0.1,165,Haldia,13.4
2020-11-03 04:08,9133209,22.1809,87.9679,0.2,147,Haldia,13.3
2020-11-03 16:19,9133209,21.9195,87.9835,0.3,153,Haldia,14.4
2020-11-05 20:06,9133209,22.0434,88.0595,0.0,50,Haldia,13.9
2020-11-07 04:59,9133209,22.0238,88.0672,0.0,120,Haldia,14.3
2020-11-15 21:24,9367188,21.4637,87.7744,9.9,146,Haldia,13.9
2020-11-16 13:24,9367188,22.0508,88.2328,11.5,10,Haldia,13.8
2020-11-16 22:14,9367188,21.921,87.9454,0.1,195,Haldia,13.3
2020-11-17 11:23,9367188,22.1257,88.0041,0.3,197,Haldia,12.7
2020-11-17 23:59,9367188,21.9456,88.0618,0.4,276,Haldia,13.6
2020-11-18 10:16,9367188,21.9262,87.9356,0.8,255,Haldia,13.2
2020-11-18 22:54,9367188,22.0013,88.1462,0.7,227,Haldia,13.5
2020-11-19 10:37,9367188,22.1616,88.1691,0.2,270,Haldia,14.0
2020-11-19 23:23,9367188,21.9729,88.0833,0.7,269,Haldia,13.7
2020-11-20 12:22,9367188,22.0924,87.9202,0.3,19,Haldia,13.9
2020-11-21 08:56,9367188,22.024,88.0818,0.0,8,Haldia,13.9
2020-11-22 18:03,9367188,22.0389,88.0514,0.0,355,Haldia,13.4
2020-11-29 15:38,9184777,22.1418,87.4804,10.5,298,Haldia,12.6
2020-11-30 07:38,9184777,21.9411,88.1964,12.8,229,Haldia,13.8
2020-11-30 18:24,9184777,22.1361,88.0454,0.5,53,Haldia,12.9
2020-12-01 05:27,9184777,22.1117,88.0956,0.5,85,Haldia,12.7
2020-12-01 17:19,9184777,22.1305,88.0801,0.4,161,Haldia,13.6
2020-12-02 06:20,9184777,22.1625,88.0239,0.5,134,Haldia,13.8
2020-12-02 16:28,9184777,21.9016,88.1392,0.2,115,Haldia,12.8
2020-12-03 05:24,9184777,22.0488,87.9937,0.1,329,Haldia,13.1
2020-12-04 10:56,9184777,22.0361,88.056,0.0,161,Haldia,13.5
2020-12-05 16:38,9184777,22.0469,88.049,0.0,203,Haldia,13.3
2020-12-31 12:31,9264511,22.6132,88.1167,12.7,77,Haldia,12.9
2021-01-01 04:31,9264511,22.1276,87.9306,11.6,266,Haldia,13.6
2021-01-01 13:37,9264511,22.0702,88.0726,0.6,182,Haldia,13.3
2021-01-02 03:26,9264511,21.9657,88.1105,0.1,351,Haldia,13.7
2021-01-02 13:29,9264511,22.0425,88.1772,0.3,142,Haldia,13.1
2021-01-03 02:57,9264511,22.0542,88.0834,0.3,314,Haldia,13.9
2021-01-03 14:01,9264511,21.9465,87.9169,0.5,185,Haldia,12.9
2021-01-04 01:02,9264511,21.9132,88.1823,0.1,22,Haldia,13.3
2021-01-04 13:16,9264511,22.0692,88.0739,0.6,96,Haldia,13.7
2021-01-05 02:07,9264511,21.9046,87.9229,0.2,259,Haldia,13.3
2021-01-06 03:43,9264511,22.041,88.076,0.0,248,Haldia,13.4
2021-01-07 13:37,9264511,22.0298,88.0708,0.0,20,Haldia,13.5
2021-01-20 14:32,9559190,21.7871,88.4664,11.7,252,Haldia,13.5
2021-01-21 06:32,9559190,21.9064,88.1465,9.2,289,Haldia,13.7
2021-01-21 16:54,9559190,22.1792,87.9965,0.5,273,Haldia,14.2
2021-01-22 05:30,9559190,22.0814,87.9501,0.6,211,Haldia,14.1
2021-01-22 16:50,9559190,21.8961,88.0606,0.2,160,Haldia,13.9
2021-01-23 04:57,9559190,22.1432,88.0956,0.5,244,Haldia,13.0
2021-01-24 06:51,9559190,22.0359,88.0691,0.0,264,Haldia,13.9
2021-01-25 16:30,9559190,22.035,88.0696,0.0,55,Haldia,14.3
2021-02-17 21:39,9785903,22.7021,88.1025,12.6,172,Haldia,14.3
2021-02-18 13:39,9785903,21.9158,87.8159,12.4,105,Haldia,13.8
2021-02-18 22:41,9785903,22.0567,88.0033,0.2,246,Haldia,13.6
2021-02-19 11:01,9785903,21.9707,87.9881,0.6,110,Haldia,14.3
2021-02-20 00:14,9785903,22.1738,88.1129,0.0,340,Haldia,13.9
2021-02-21 09:17,9785903,22.0471,88.0494,0.0,19,Haldia,14.2
2021-02-22 21:24,9785903,22.0236,88.0495,0.0,310,Haldia,14.1
2021-03-17 15:17,9184777,21.5978,87.578,9.7,175,Haldia,13.8
2021-03-18 07:17,9184777,22.107,87.8697,9.1,140,Haldia,13.3
2021-03-18 15:47,9184777,21.986,88.0825,0.0,168,Haldia,13.5
2021-03-19 03:32,9184777,21.8855,88.0497,0.3,23,Haldia,13.2
2021-03-20 06:09,9184777,22.0328,88.0649,0.0,54,Haldia,13.4
2021-03-21 12:24,9184777,22.0273,88.0707,0.0,275,Haldia,13.6
2021-05-01 10:31,9133209,21.2608,88.8436,9.5,157,Haldia,13.3
2021-05-02 02:31,9133209,21.8367,87.8648,10.4,346,Haldia,13.4
2021-05-02 11:11,9133209,22.1739,88.1314,0.7,28,Haldia,13.4
2021-05-03 00:56,9133209,22.0804,88.1976,0.4,78,Haldia,13.8
2021-05-03 10:58,9133209,22.0196,88.0015,0.4,291,Haldia,14.4
2021-05-03 23:22,9133209,22.0951,88.1129,0.1,158,Haldia,13.5
2021-05-05 06:47,9133209,22.0298,88.0543,0.0,329,Haldia,13.8
2021-05-06 11:50,9133209,22.0216,88.0742,0.0,345,Haldia,14.4
2021-04-18 15:23,9095119,21.608,87.5797,11.5,348,Haldia,13.3
2021-04-19 07:23,9095119,21.8762,88.0445,11.1,6,Haldia,13.9
2021-04-19 15:56,9095119,22.1014,88.0513,0.1,47,Haldia,13.2
2021-04-20 04:48,9095119,22.1087,88.1861,0.3,32,Haldia,13.3
2021-04-20 18:22,9095119,22.145,87.9634,0.7,326,Haldia,13.9
2021-04-21 22:14,9095119,22.0385,88.0664,0.0,34,Haldia,13.3
2021-04-23 05:19,9095119,22.0297,88.0769,0.0,16,Haldia,13.6
2021-05-18 06:25,9339563,21.4655,88.7369,11.3,181,Haldia,12.9
2021-05-18 22:25,9339563,21.848,87.8431,11.5,313,Haldia,13.4
2021-05-19 07:19,9339563,22.0076,88.1114,0.5,322,Haldia,13.0
2021-05-19 20:28,9339563,21.9448,88.1913,0.5,359,Haldia,13.0
2021-05-20 08:52,9339563,22.091,88.1153,0.5,0,Haldia,13.1
2021-05-20 19:57,9339563,22.0075,88.0916,0.1,242,Haldia,13.6
2021-05-22 00:09,9339563,22.0451,88.0537,0.0,49,Haldia,14.1
2021-05-23 08:58,9339563,22.0296,88.0741,0.0,184,Haldia,13.6
2021-06-15 13:15,9367188,22.2378,88.8599,10.2,47,Haldia,14.0
2021-06-16 05:15,9367188,22.1213,87.9342,9.6,173,Haldia,13.5
2021-06-16 13:49,9367188,21.9232,87.9687,0.2,349,Haldia,13.5
2021-06-17 03:59,9367188,22.104,88.1116,0.5,142,Haldia,12.8
2021-06-17 15:28,9367188,22.1403,88.0123,0.2,15,Haldia,12.9
2021-06-18 02:32,9367188,21.9796,88.0705,0.7,290,Haldia,13.7
2021-06-18 14:43,9367188,21.9893,88.2111,0.2,30,Haldia,13.3
2021-06-19 01:26,9367188,22.0626,88.1852,0.7,239,Haldia,13.2
2021-06-19 13:56,9367188,22.1185,88.136,0.6,283,Haldia,13.5
2021-06-20 20:29,9367188,22.0315,88.0596,0.0,337,Haldia,13.4
2021-06-22 06:30,9367188,22.0459,88.0497,0.0,110,Haldia,13.9
2021-06-23 10:13,9746054,22.0072,87.8751,10.1,43,Haldia,13.9
2021-06-24 02:13,9746054,21.8759,87.8801,9.7,320,Haldia,13.8
2021-06-24 12:22,9746054,22.1433,88.057,0.3,160,Haldia,12.8
2021-06-24 23:03,9746054,21.902,87.9831,0.5,170,Haldia,14.2
2021-06-25 13:00,9746054,22.093,88.0115,0.8,343,Haldia,13.8
2021-06-25 22:59,9746054,22.119,88.1028,0.5,233,Haldia,13.5
2021-06-26 13:08,9746054,21.8885,88.0552,0.0,117,Haldia,13.1
2021-06-27 00:22,9746054,22.0934,88.0254,0.0,243,Haldia,13.8
2021-06-27 13:08,9746054,22.1293,87.9458,0.4,194,Haldia,14.0
2021-06-28 16:15,9746054,22.0134,88.0626,0.0,320,Haldia,13.9
2021-06-30 02:16,9746054,22.0145,88.0506,0.0,24,Haldia,13.9
2021-08-01 21:35,9339563,22.3571,87.3942,11.9,296,Haldia,13.1
2021-08-02 13:35,9339563,21.9088,88.2924,11.4,210,Haldia,13.5
2021-08-02 23:58,9339563,22.084,87.9337,0.6,228,Haldia,13.4
2021-08-03 10:21,9339563,21.978,88.0183,0.5,336,Haldia,12.8
2021-08-03 23:10,9339563,22.0981,87.9926,0.4,314,Haldia,13.3
2021-08-04 10:32,9339563,22.1268,88.1639,0.4,221,Haldia,13.6
2021-08-04 22:49,9339563,21.9711,88.1588,0.1,182,Haldia,13.2
2021-08-06 02:26,9339563,22.0236,88.0475,0.0,320,Haldia,13.9
2021-08-07 13:25,9339563,22.0136,88.0585,0.0,198,Haldia,14.1
2021-07-24 16:29,9874716,21.4446,88.7016,12.1,146,Haldia,13.3
2021-07-25 08:29,9874716,21.8898,88.2977,9.0,224,Haldia,14.4
2021-07-25 19:27,9874716,22.1396,88.1857,0.5,344,Haldia,13.2
2021-07-26 07:26,9874716,22.0736,88.01,0.6,14,Haldia,13.7
2021-07-26 16:52,9874716,21.8865,88.1076,0.7,204,Haldia,14.1
2021-07-27 05:50,9874716,22.086,87.9441,0.0,195,Haldia,13.7
2021-07-27 16:41,9874716,22.1454,88.1449,0.3,116,Haldia,14.0
2021-07-28 06:35,9874716,22.0783,88.0596,0.8,185,Haldia,13.7
2021-07-29 08:26,9874716,22.0223,88.0652,0.0,275,Haldia,13.8
2021-07-30 16:07,9874716,22.0344,88.0616,0.0,115,Haldia,13.8
2021-08-30 15:16,9686782,22.4421,88.0815,10.9,177,Haldia,14.3
2021-08-31 07:16,9686782,21.8262,87.9032,11.8,171,Haldia,14.0
2021-08-31 17:23,9686782,21.94,88.0474,0.4,150,Haldia,13.7
2021-09-01 06:03,9686782,22.1618,88.0346,0.7,326,Haldia,14.4
2021-09-01 16:55,9686782,22.056,88.1169,0.1,298,Haldia,13.4
2021-09-02 04:31,9686782,22.1144,87.9979,0.5,254,Haldia,13.6
2021-09-02 16:02,9686782,22.1701,87.9543,0.4,127,Haldia,13.0
2021-09-03 05:58,9686782,22.1205,88.1906,0.2,257,Haldia,13.3
2021-09-03 17:00,9686782,22.1057,87.9863,0.3,308,Haldia,13.5
2021-09-04 14:30,9686782,22.0337,88.0554,0.0,240,Haldia,13.7
2021-09-05 20:19,9686782,22.0485,88.0787,0.0,257,Haldia,13.8
2021-09-23 03:06,9264511,22.8176,88.3651,12.0,108,Haldia,13.0
2021-09-23 19:06,9264511,21.9894,88.2139,10.0,62,Haldia,13.2
2021-09-24 04:16,9264511,22.1732,87.9659,0.2,356,Haldia,13.4
2021-09-24 16:13,9264511,22.0414,88.0983,0.3,123,Haldia,12.7
2021-09-25 05:25,9264511,21.9732,88.2113,0.6,298,Haldia,13.1
2021-09-25 15:40,9264511,22.0112,87.9652,0.2,49,Haldia,13.7
2021-09-26 04:11,9264511,21.8942,88.0444,0.8,262,Haldia,13.4
2021-09-26 16:52,9264511,21.9339,88.038,0.2,193,Haldia,13.4
2021-09-28 00:39,9264511,22.052,88.0528,0.0,352,Haldia,13.5
2021-09-29 08:56,9264511,22.0437,88.0768,0.0,159,Haldia,13.9
2021-09-28 05:48,9404531,22.5857,87.5757,9.3,45,Haldia,13.8
2021-09-28 21:48,9404531,21.856,88.0127,10.2,220,Haldia,13.5
2021-09-29 06:22,9404531,22.0769,88.06,0.3,41,Haldia,13.6
2021-09-29 18:58,9404531,22.1812,88.0028,0.6,129,Haldia,13.7
2021-09-30 08:10,9404531,21.9056,88.1867,0.2,97,Haldia,13.8
2021-09-30 18:50,9404531,22.0452,88.0678,0.6,154,Haldia,14.2
2021-10-01 06:28,9404531,22.0335,88.0862,0.3,109,Haldia,12.9
2021-10-01 19:37,9404531,21.9263,87.9339,0.2,306,Haldia,14.1
2021-10-02 07:19,9404531,22.1717,88.1737,0.5,328,Haldia,13.1
2021-10-02 20:07,9404531,22.1283,88.1645,0.7,134,Haldia,13.2
2021-10-04 11:24,9404531,22.0163,88.0609,0.0,285,Haldia,13.8
2021-10-05 19:12,9404531,22.0134,88.0697,0.0,21,Haldia,13.9
2021-10-13 00:37,9559190,21.584,87.6731,12.3,342,Haldia,13.3
2021-10-13 16:37,9559190,22.1503,87.9005,9.1,104,Haldia,13.1
2021-10-14 01:03,9559190,22.1694,88.1622,0.7,145,Haldia,13.4
2021-10-14 15:00,9559190,21.9081,88.1225,0.6,175,Haldia,14.1
2021-10-15 03:07,9559190,21.9799,88.1629,0.8,90,Haldia,13.9
2021-10-15 14:46,9559190,22.0042,88.1578,0.2,223,Haldia,13.5
2021-10-16 02:35,9559190,21.9556,88.1672,0.3,15,Haldia,13.2
2021-10-16 15:03,9559190,22.0466,88.211,0.7,141,Haldia,13.0
2021-10-17 02:43,9559190,22.0633,87.9198,0.6,254,Haldia,14.3
2021-10-17 14:11,9559190,21.9998,88.0936,0.6,84,Haldia,14.4
2021-10-19 00:01,9559190,22.0146,88.0502,0.0,91,Haldia,14.1
2021-10-20 09:55,9559190,22.0276,88.0603,0.0,143,Haldia,14.3
2021-10-18 06:15,9462030,21.3061,88.606,12.0,166,Haldia,12.8
2021-10-18 22:15,9462030,21.8748,87.8324,12.8,20,Haldia,13.3
2021-10-19 07:29,9462030,22.0461,88.0215,0.3,137,Haldia,13.4
2021-10-19 20:23,9462030,22.1785,87.9731,0.7,119,Haldia,13.0
2021-10-20 06:27,9462030,22.1486,88.0159,0.0,262,Haldia,13.4
2021-10-20 19:42,9462030,21.9454,87.9319,0.4,286,Haldia,13.5
2021-10-21 08:23,9462030,22.0456,87.933,0.2,135,Haldia,13.3
2021-10-21 18:28,9462030,22.1623,88.0131,0.1,208,Haldia,12.9
2021-10-22 07:14,9462030,21.9393,87.9554,0.4,196,Haldia,13.2
2021-10-23 10:05,9462030,22.0365,88.0588,0.0,329,Haldia,13.6
2021-10-24 16:30,9462030,22.0185,88.0482,0.0,22,Haldia,14.2
2021-11-14 18:25,9095119,22.7879,88.3331,10.8,289,Haldia,13.1
2021-11-15 10:25,9095119,22.1932,88.0894,11.3,121,Haldia,12.8
2021-11-15 19:33,9095119,22.1243,88.0115,0.5,46,Haldia,13.2
2021-11-16 07:18,9095119,22.1276,87.9884,0.4,264,Haldia,13.6
2021-11-16 19:04,9095119,22.1385,87.9302,0.7,57,Haldia,13.0
2021-11-17 08:55,9095119,22.0303,87.9671,0.2,9,Haldia,13.8
2021-11-17 20:54,9095119,22.153,87.9194,0.7,108,Haldia,12.6
2021-11-18 08:29,9095119,21.8886,88.1118,0.6,46,Haldia,12.6
2021-11-18 18:38,9095119,22.0692,88.1033,0.8,253,Haldia,13.5
2021-11-19 07:41,9095119,21.9037,87.917,0.3,134,Haldia,14.0
2021-11-21 11:02,9095119,22.0305,88.0729,0.0,87,Haldia,13.4
2021-11-22 20:23,9095119,22.0495,88.0725,0.0,151,Haldia,13.4
2021-11-13 03:31,9874716,22.4264,87.8456,9.2,17,Haldia,14.2
2021-11-13 19:31,9874716,22.0162,88.2325,9.1,359,Haldia,13.7
2021-11-14 05:23,9874716,21.9663,87.9342,0.5,310,Haldia,14.2
2021-11-14 18:13,9874716,22.1024,88.1892,0.5,344,Haldia,13.9
2021-11-15 06:06,9874716,21.9264,88.1658,0.3,26,Haldia,13.2
2021-11-15 17:01,9874716,22.0523,88.1009,0.7,326,Haldia,13.4
2021-11-16 05:23,9874716,21.927,88.0715,0.4,52,Haldia,13.7
2021-11-16 17:10,9874716,21.903,87.9754,0.1,323,Haldia,14.2
2021-11-17 04:40,9874716,22.1071,88.1119,0.3,256,Haldia,14.0
2021-11-17 17:30,9874716,22.1465,88.0047,0.8,288,Haldia,14.1
2021-11-18 19:19,9874716,22.019,88.0608,0.0,12,Haldia,14.0
2021-11-20 04:01,9874716,22.0238,88.051,0.0,67,Haldia,14.2
2021-12-29 05:43,9231171,21.4389,88.7544,12.1,126,Haldia,13.1
2021-12-29 21:43,9231171,22.1848,88.1494,12.8,167,Haldia,14.0
2021-12-30 07:43,9231171,22.1007,88.0336,0.6,323,Haldia,13.6
2021-12-30 19:40,9231171,21.9811,88.1582,0.1,188,Haldia,13.8
2021-12-31 06:07,9231171,22.1428,88.0535,0.2,180,Haldia,14.2
2021-12-31 18:15,9231171,22.0241,88.0526,0.5,291,Haldia,13.9
2022-01-01 06:49,9231171,21.9618,87.953,0.3,132,Haldia,13.3
2022-01-01 19:48,9231171,21.9409,87.9886,0.5,62,Haldia,14.1
2022-01-02 07:16,9231171,22.1568,88.176,0.6,196,Haldia,13.8
2022-01-02 18:40,9231171,21.9934,88.0242,0.5,10,Haldia,12.8
2022-01-04 15:09,9231171,22.0206,88.0545,0.0,159,Haldia,13.5
2022-01-05 23:04,9231171,22.0364,88.0814,0.0,349,Haldia,13.6
2022-01-27 03:53,9785903,22.19,88.7976,11.3,159,Haldia,14.1
2022-01-27 19:53,9785903,21.9252,88.0614,10.6,136,Haldia,14.3
2022-01-28 06:08,9785903,22.0696,87.9701,0.1,96,Haldia,13.9
2022-01-28 16:50,9785903,22.179,88.1654,0.2,247,Haldia,13.0
2022-01-29 06:46,9785903,22.1089,88.053,0.5,11,Haldia,13.3
2022-01-30 11:09,9785903,22.0171,88.0646,0.0,143,Haldia,14.2
2022-01-31 19:30,9785903,22.0467,88.0527,0.0,278,Haldia,14.1
2022-02-16 05:43,9842348,21.7446,87.3968,11.6,330,Haldia,14.4
2022-02-16 21:43,9842348,22.2428,88.0164,9.6,345,Haldia,13.2
2022-02-17 06:18,9842348,21.9946,88.2074,0.0,83,Haldia,13.5
2022-02-17 19:19,9842348,21.9596,88.1541,0.6,306,Haldia,14.0
2022-02-18 06:02,9842348,22.066,88.1578,0.8,18,Haldia,13.1
2022-02-19 11:26,9842348,22.0189,88.0575,0.0,64,Haldia,13.8
2022-02-20 18:59,9842348,22.0254,88.0581,0.0,41,Haldia,14.1
2022-02-18 13:52,9095119,21.3415,88.17,10.9,252,Haldia,13.3
2022-02-19 05:52,9095119,22.2144,87.9195,10.2,276,Haldia,13.5
2022-02-19 16:11,9095119,21.9205,88.2081,0.8,263,Haldia,13.5
2022-02-20 04:11,9095119,22.1172,88.1437,0.7,26,Haldia,14.0
2022-02-20 14:02,9095119,22.0464,88.0153,0.1,298,Haldia,12.9
2022-02-21 04:33,9095119,22.0034,87.9256,0.4,301,Haldia,13.5
2022-02-22 09:23,9095119,22.0518,88.0469,0.0,347,Haldia,13.8
2022-02-23 17:32,9095119,22.0148,88.0743,0.0,268,Haldia,13.4
2022-03-16 00:54,9874716,21.5343,88.0637,12.3,255,Haldia,13.3
2022-03-16 16:54,9874716,21.9298,87.9744,12.4,245,Haldia,14.2
2022-03-17 02:25,9874716,22.1522,88.2095,0.5,236,Haldia,13.8
2022-03-17 12:59,9874716,22.0773,88.0883,0.4,41,Haldia,13.3
2022-03-18 01:38,9874716,22.1813,88.1151,0.6,224,Haldia,14.2
2022-03-18 14:25,9874716,22.1333,88.02,0.1,109,Haldia,13.3
2022-03-19 02:51,9874716,21.908,87.9696,0.1,64,Haldia,13.5
2022-03-20 01:42,9874716,22.0325,88.0672,0.0,177,Haldia,13.9
2022-03-21 07:42,9874716,22.0205,88.0684,0.0,337,Haldia,14.2
2022-03-12 18:27,9725674,21.8651,88.0778,9.9,210,Haldia,13.5
2022-03-13 10:27,9725674,22.036,87.8866,10.2,4,Haldia,13.0
2022-03-13 20:46,9725674,22.0639,88.0343,0.5,254,Haldia,13.7
2022-03-14 08:16,9725674,21.9872,88.1785,0.6,86,Haldia,13.3
2022-03-14 20:17,9725674,21.9799,88.0906,0.6,23,Haldia,13.4
2022-03-15 07:49,9725674,22.0491,88.1604,0.1,256,Haldia,13.9
2022-03-16 11:01,9725674,22.0164,88.0567,0.0,215,Haldia,14.0
2022-03-17 19:04,9725674,22.046,88.0834,0.0,278,Haldia,13.6
2022-04-18 10:03,9725674,22.0918,87.9182,10.4,156,Haldia,13.6
2022-04-19 02:03,9725674,21.9857,88.226,9.7,215,Haldia,13.1
2022-04-19 12:50,9725674,22.0841,88.1772,0.2,176,Haldia,13.9
2022-04-20 00:42,9725674,22.1659,88.1989,0.0,6,Haldia,13.8
2022-04-20 11:17,9725674,21.9573,87.9901,0.8,171,Haldia,13.3
2022-04-21 00:31,9725674,22.1762,88.2141,0.5,61,Haldia,13.0
2022-04-21 20:37,9725674,22.0469,88.0853,0.0,339,Haldia,13.7
2022-04-23 02:16,9725674,22.0445,88.0551,0.0,223,Haldia,13.7
2022-05-13 09:07,9638539,21.4641,88.63,11.5,272,Haldia,12.6
2022-05-14 01:07,9638539,22.1285,88.2532,12.7,53,Haldia,13.6
2022-05-14 09:38,9638539,21.9334,87.9686,0.3,114,Haldia,13.9
2022-05-14 23:25,9638539,21.8841,88.0285,0.1,336,Haldia,12.7
2022-05-15 11:31,9638539,22.1449,88.1544,0.1,94,Haldia,13.1
2022-05-15 23:45,9638539,22.1082,88.1729,0.5,163,Haldia,13.3
2022-05-17 00:51,9638539,22.0493,88.066,0.0,158,Haldia,13.7
2022-05-18 07:52,9638539,22.0222,88.0657,0.0,284,Haldia,13.6
2022-06-08 21:56,9192002,22.7339,88.7571,11.1,5,Haldia,13.3
2022-06-09 13:56,9192002,22.0451,88.0796,12.3,280,Haldia,13.4
2022-06-09 22:45,9192002,22.0578,88.205,0.1,224,Haldia,14.0
2022-06-10 11:53,9192002,22.1644,87.9875,0.8,15,Haldia,14.1
2022-06-10 23:36,9192002,22.125,88.1708,0.7,79,Haldia,13.6
2022-06-11 12:33,9192002,22.0515,88.0482,0.7,53,Haldia,13.2
2022-06-11 22:34,9192002,21.8982,88.1392,0.7,245,Haldia,13.7
2022-06-12 10:56,9192002,22.0545,88.1996,0.1,150,Haldia,13.9
2022-06-13 14:14,9192002,22.0497,88.0488,0.0,47,Haldia,14.1
2022-06-14 22:56,9192002,22.0225,88.0498,0.0,181,Haldia,13.9
2022-06-18 17:14,9746054,22.6969,88.3474,12.4,38,Haldia,13.3
2022-06-19 09:14,9746054,22.2862,88.1079,10.7,257,Haldia,13.6
2022-06-19 18:34,9746054,22.0484,87.9862,0.2,200,Haldia,12.9
2022-06-20 07:21,9746054,21.9043,87.9216,0.3,118,Haldia,13.0
2022-06-20 19:12,9746054,21.9262,88.1846,0.5,230,Haldia,14.0
2022-06-21 06:09,9746054,21.9531,88.1125,0.1,72,Haldia,13.8
2022-06-21 17:39,9746054,22.1014,88.0667,0.4,152,Haldia,13.0
2022-06-22 08:12,9746054,21.9538,87.9426,0.3,71,Haldia,13.7
2022-06-22 19:48,9746054,21.9376,88.041,0.7,0,Haldia,13.7
2022-06-23 06:29,9746054,21.9002,88.185,0.4,275,Haldia,14.1
2022-06-24 04:33,9746054,22.0457,88.07,0.0,162,Haldia,14.2
2022-06-25 13:00,9746054,22.0408,88.0714,0.0,207,Haldia,13.7
2022-07-20 02:42,9746054,22.1927,88.3646,12.4,225,Haldia,13.9
2022-07-20 18:42,9746054,22.063,88.124,11.6,314,Haldia,13.7
2022-07-21 02:48,9746054,21.8986,88.1184,0.5,202,Haldia,13.7
2022-07-21 17:35,9746054,22.1814,88.103,0.5,93,Haldia,13.0
2022-07-22 05:40,9746054,21.986,87.9331,0.8,69,Haldia,13.8
2022-07-22 15:03,9746054,22.1198,88.147,0.4,313,Haldia,13.9
2022-07-23 05:37,9746054,22.1712,88.1387,0.2,295,Haldia,14.1
2022-07-23 16:19,9746054,22.0039,87.9838,0.3,172,Haldia,13.7
2022-07-24 16:50,9746054,22.0219,88.0656,0.0,18,Haldia,13.8
2022-07-26 01:21,9746054,22.0316,88.0813,0.0,302,Haldia,14.0
2022-07-20 15:23,9367188,21.8742,87.8539,10.5,132,Haldia,12.6
2022-07-21 07:23,9367188,22.2281,88.2777,11.6,109,Haldia,13.4
2022-07-21 16:20,9367188,22.1048,87.9734,0.5,190,Haldia,12.8
2022-07-22 03:38,9367188,21.8848,88.0407,0.5,122,Haldia,13.2
2022-07-22 18:18,9367188,21.9803,87.9663,0.6,184,Haldia,13.6
2022-07-23 04:48,9367188,22.0991,87.9501,0.4,0,Haldia,12.8
2022-07-23 17:24,9367188,22.0427,87.9591,0.5,117,Haldia,13.7
2022-07-24 04:20,9367188,21.9006,88.1338,0.7,206,Haldia,13.5
2022-07-24 15:33,9367188,22.036,88.0658,0.3,67,Haldia,13.5
2022-07-25 17:13,9367188,22.0323,88.0688,0.0,223,Haldia,13.6
2022-07-27 00:14,9367188,22.0353,88.0748,0.0,103,Haldia,13.9
2022-08-21 04:35,9264511,22.1543,87.3704,12.2,108,Haldia,12.8
2022-08-21 20:35,9264511,21.9424,88.2108,12.7,252,Haldia,13.7
2022-08-22 07:00,9264511,22.096,88.1068,0.4,110,Haldia,12.8
2022-08-22 16:54,9264511,21.9456,88.0709,0.3,7,Haldia,13.4
2022-08-23 07:08,9264511,21.9709,88.0787,0.4,90,Haldia,13.3
2022-08-23 18:33,9264511,21.9423,88.2079,0.7,171,Haldia,12.8
2022-08-24 07:33,9264511,22.0613,88.2092,0.4,184,Haldia,13.2
2022-08-24 18:40,9264511,22.1306,87.941,0.8,300,Haldia,13.6
2022-08-25 06:39,9264511,22.1339,88.0641,0.8,54,Haldia,12.7
2022-08-25 17:07,9264511,22.1476,87.9526,0.4,113,Haldia,13.1
2022-08-28 13:12,9264511,22.0147,88.0813,0.0,184,Haldia,13.8
2022-08-29 21:39,9264511,22.0333,88.0798,0.0,292,Haldia,13.6
2022-08-21 09:52,9174447,21.9736,87.4853,9.0,145,Haldia,13.3
2022-08-22 01:52,9174447,22.296,87.8713,12.0,270,Haldia,13.5
2022-08-22 11:31,9174447,22.0173,88.2137,0.0,153,Haldia,14.0
2022-08-22 23:08,9174447,22.0889,88.101,0.3,239,Haldia,12.8
2022-08-23 10:03,9174447,21.9504,88.1061,0.5,213,Haldia,12.8
2022-08-24 00:11,9174447,22.134,87.9905,0.6,331,Haldia,13.2
2022-08-24 10:36,9174447,22.0831,87.9857,0.1,229,Haldia,13.4
2022-08-24 23:15,9174447,21.9308,87.9997,0.5,268,Haldia,13.2
2022-08-26 01:31,9174447,22.0175,88.0718,0.0,169,Haldia,13.4
2022-08-27 09:30,9174447,22.0198,88.0723,0.0,143,Haldia,13.8
2022-09-23 11:28,9184777,21.3787,87.7748,10.4,75,Haldia,13.0
2022-09-24 03:28,9184777,22.1274,88.0759,13.0,144,Haldia,13.5
2022-09-24 13:00,9184777,21.9728,88.1344,0.5,185,Haldia,13.3
2022-09-24 23:28,9184777,22.004,87.9805,0.5,264,Haldia,13.1
2022-09-25 11:55,9184777,21.9397,87.9939,0.0,327,Haldia,12.9
2022-09-26 02:02,9184777,22.0891,87.9522,0.1,295,Haldia,13.4
2022-09-26 11:49,9184777,21.9665,88.0962,0.3,23,Haldia,13.8
2022-09-27 14:35,9184777,22.0165,88.0791,0.0,174,Haldia,13.9
2022-09-28 23:20,9184777,22.0493,88.0525,0.0,155,Haldia,13.3
2022-09-25 15:23,9367188,22.1828,87.5246,10.1,274,Haldia,12.9
2022-09-26 07:23,9367188,22.0274,88.2013,10.1,173,Haldia,13.9
2022-09-26 15:52,9367188,22.1568,88.1867,0.5,145,Haldia,13.2
2022-09-27 04:34,9367188,22.0497,88.012,0.3,61,Haldia,13.1
2022-09-27 16:53,9367188,22.0624,87.9951,0.3,186,Haldia,12.7
2022-09-28 03:38,9367188,22.0531,88.0001,0.3,299,Haldia,13.5
2022-09-28 17:52,9367188,22.0784,88.0245,0.1,209,Haldia,13.9
2022-09-29 04:41,9367188,21.892,88.0725,0.3,106,Haldia,13.7
2022-09-29 18:06,9367188,22.1326,88.2063,0.8,332,Haldia,12.9
2022-09-30 04:30,9367188,21.9827,87.9179,0.5,239,Haldia,13.5
2022-10-01 07:48,9367188,22.022,88.0853,0.0,35,Haldia,13.3
2022-10-02 14:27,9367188,22.0419,88.0506,0.0,51,Haldia,13.7
2022-10-12 12:17,9746054,22.4002,87.6596,10.5,201,Haldia,13.8
2022-10-13 04:17,9746054,21.9255,88.1298,10.9,332,Haldia,13.4
2022-10-13 14:17,9746054,21.9886,88.1334,0.4,357,Haldia,13.5
2022-10-14 01:38,9746054,21.9435,87.9708,0.3,287,Haldia,14.1
2022-10-14 13:49,9746054,22.1456,88.0575,0.0,252,Haldia,13.7
2022-10-15 01:04,9746054,21.994,87.927,0.1,81,Haldia,13.5
2022-10-15 13:11,9746054,21.925,88.1131,0.4,242,Haldia,13.2
2022-10-16 20:07,9746054,22.0523,88.078,0.0,102,Haldia,14.2
2022-10-18 06:26,9746054,22.0482,88.0539,0.0,160,Haldia,13.6
2022-10-12 01:52,9785903,21.3594,87.9373,12.0,53,Haldia,13.4
2022-10-12 17:52,9785903,21.8171,88.0165,10.6,123,Haldia,13.2
2022-10-13 02:30,9785903,22.1755,88.1714,0.2,35,Haldia,13.5
2022-10-13 15:35,9785903,21.8953,88.1907,0.7,247,Haldia,14.2
2022-10-14 01:52,9785903,21.9645,88.0258,0.6,162,Haldia,13.4
2022-10-14 14:02,9785903,21.9764,87.9242,0.3,175,Haldia,14.1
2022-10-15 04:22,9785903,21.9795,87.9865,0.1,347,Haldia,13.9
2022-10-15 15:21,9785903,22.1273,88.0223,0.7,358,Haldia,14.0
2022-10-16 02:44,9785903,22.0953,88.063,0.6,238,Haldia,14.4
2022-10-16 14:53,9785903,21.963,88.1783,0.6,118,Haldia,14.4
2022-10-17 13:44,9785903,22.0237,88.0519,0.0,275,Haldia,14.0
2022-10-19 01:23,9785903,22.0517,88.0493,0.0,1,Haldia,14.2
2022-11-14 06:32,9174447,22.7724,88.2189,12.3,169,Haldia,14.0
2022-11-14 22:32,9174447,21.7735,88.2729,10.3,93,Haldia,13.6
2022-11-15 09:12,9174447,21.9242,88.0024,0.6,348,Haldia,13.8
2022-11-15 18:40,9174447,22.1334,88.1456,0.7,250,Haldia,13.9
2022-11-16 08:44,9174447,22.0578,88.2078,0.2,312,Haldia,13.4
2022-11-16 19:26,9174447,21.9483,87.9198,0.4,248,Haldia,13.6
2022-11-17 07:06,9174447,21.9204,87.9957,0.5,217,Haldia,13.9
2022-11-17 21:25,9174447,22.1444,87.9456,0.5,293,Haldia,14.0
2022-11-18 07:48,9174447,21.9671,88.0061,0.7,87,Haldia,12.8
2022-11-18 20:52,9174447,22.156,88.0366,0.0,179,Haldia,13.8
2022-11-20 11:15,9174447,22.0396,88.0778,0.0,272,Haldia,14.0
2022-11-21 20:00,9174447,22.0503,88.055,0.0,151,Haldia,13.6
2022-12-24 13:33,9686782,21.5233,88.42,11.8,108,Haldia,13.5
2022-12-25 05:33,9686782,22.0625,87.9097,12.1,14,Haldia,13.2
2022-12-25 15:51,9686782,22.072,88.0751,0.5,145,Haldia,14.2
2022-12-26 02:07,9686782,21.8942,88.0249,0.5,25,Haldia,13.7
2022-12-26 15:40,9686782,21.9546,88.1992,0.5,167,Haldia,14.0
2022-12-27 04:01,9686782,22.0625,88.1543,0.1,96,Haldia,13.5
2022-12-27 15:03,9686782,21.9694,87.9748,0.6,36,Haldia,13.5
2022-12-28 02:12,9686782,22.1308,88.0657,0.0,359,Haldia,13.8
2022-12-29 00:49,9686782,22.0487,88.0628,0.0,162,Haldia,13.8
2022-12-30 09:28,9686782,22.0497,88.063,0.0,205,Haldia,13.8
2023-01-14 16:10,9746054,21.5381,88.606,12.5,260,Haldia,13.7
2023-01-15 08:10,9746054,22.0787,88.3242,10.7,37,Haldia,13.0
2023-01-15 17:27,9746054,22.0604,88.1934,0.2,90,Haldia,13.7
2023-01-16 04:28,9746054,21.9203,88.1758,0.5,7,Haldia,14.0
2023-01-16 17:34,9746054,22.155,88.1549,0.2,341,Haldia,13.5
2023-01-17 06:42,9746054,21.8836,88.192,0.0,283,Haldia,13.0
2023-01-18 11:28,9746054,22.0384,88.05,0.0,2,Haldia,14.0
2023-01-19 18:58,9746054,22.0268,88.0826,0.0,283,Haldia,13.6
2023-02-13 16:45,9095119,21.7672,87.5108,10.1,283,Haldia,12.7
2023-02-14 08:45,9095119,21.8107,88.2134,12.3,344,Haldia,13.9
2023-02-14 17:18,9095119,22.1671,88.0332,0.3,336,Haldia,13.6
2023-02-15 07:22,9095119,22.161,88.0525,0.1,342,Haldia,13.3
2023-02-15 19:04,9095119,21.965,87.9463,0.1,144,Haldia,13.6
2023-02-16 04:53,9095119,22.1062,87.9738,0.6,31,Haldia,13.2
2023-02-17 03:51,9095119,22.0515,88.0756,0.0,331,Haldia,13.3
2023-02-18 11:39,9095119,22.0235,88.0742,0.0,12,Haldia,13.9
2023-02-14 22:14,9404531,21.5616,87.4764,12.2,120,Haldia,13.0
2023-02-15 14:14,9404531,21.8912,87.9629,12.6,312,Haldia,12.9
2023-02-15 22:23,9404531,21.8909,88.1383,0.3,10,Haldia,13.0
2023-02-16 11:02,9404531,22.0676,88.0681,0.0,88,Haldia,13.7
2023-02-16 22:24,9404531,21.9954,87.923,0.2,138,Haldia,13.1
2023-02-18 06:40,9404531,22.0438,88.0504,0.0,14,Haldia,14.0
2023-02-19 17:35,9404531,22.0452,88.0471,0.0,316,Haldia,14.1
2023-03-11 05:37,9725674,22.7892,88.8061,11.2,70,Haldia,14.0
2023-03-11 21:37,9725674,22.1814,87.8256,12.2,135,Haldia,13.7
2023-03-12 06:22,9725674,22.0629,88.0765,0.2,333,Haldia,13.3
2023-03-12 17:38,9725674,22.0972,88.1877,0.8,88,Haldia,13.2
2023-03-13 07:53,9725674,22.0643,87.9855,0.4,69,Haldia,13.2
2023-03-13 17:46,9725674,22.0744,88.0791,0.3,314,Haldia,13.6
2023-03-14 16:09,9725674,22.0199,88.0745,0.0,76,Haldia,13.7
2023-03-15 23:10,9725674,22.0511,88.0474,0.0,344,Haldia,13.9
2023-03-20 11:45,9367188,21.2464,87.6585,10.1,81,Haldia,12.7
2023-03-21 03:45,9367188,22.153,88.3248,12.7,257,Haldia,13.2
2023-03-21 12:06,9367188,21.9246,87.9787,0.6,171,Haldia,13.0
2023-03-22 02:14,9367188,22.0269,88.021,0.1,220,Haldia,13.3
2023-03-22 13:29,9367188,22.101,88.0761,0.5,123,Haldia,13.9
2023-03-23 00:21,9367188,22.1639,88.1121,0.3,179,Haldia,12.7
2023-03-24 02:37,9367188,22.0413,88.0857,0.0,327,Haldia,13.9
2023-03-25 10:40,9367188,22.0435,88.0655,0.0,278,Haldia,13.7
2023-04-21 18:25,9746054,21.561,88.3334,11.0,21,Haldia,13.7
2023-04-22 10:25,9746054,21.8211,88.2994,11.3,202,Haldia,13.6
2023-04-22 18:47,9746054,21.9061,87.9198,0.3,38,Haldia,13.9
2023-04-23 08:08,9746054,22.0735,88.0249,0.1,315,Haldia,14.1
2023-04-23 19:25,9746054,21.9208,88.1218,0.4,281,Haldia,14.0
2023-04-24 09:18,9746054,22.078,88.1372,0.6,160,Haldia,13.2
2023-04-25 11:47,9746054,22.0311,88.0669,0.0,210,Haldia,13.6
2023-04-26 20:44,9746054,22.046,88.075,0.0,209,Haldia,13.5
2023-05-17 04:08,9874716,21.5797,88.7795,12.0,113,Haldia,14.2
2023-05-17 20:08,9874716,22.1619,87.8879,9.6,65,Haldia,13.7
2023-05-18 06:20,9874716,22.1361,88.01,0.3,281,Haldia,13.8
2023-05-18 17:54,9874716,22.1805,87.9644,0.1,275,Haldia,13.7
2023-05-19 23:32,9874716,22.0443,88.0716,0.0,342,Haldia,14.1
2023-05-21 06:44,9874716,22.0188,88.0578,0.0,89,Haldia,14.3
2023-05-09 03:07,9404531,21.4305,87.6241,11.2,82,Haldia,13.8
2023-05-09 19:07,9404531,22.2735,88.1196,11.4,54,Haldia,13.4
2023-05-10 05:24,9404531,21.9351,87.9182,0.6,57,Haldia,13.7
2023-05-10 17:48,9404531,22.1591,87.9525,0.6,42,Haldia,13.4
2023-05-11 04:12,9404531,22.1369,88.0843,0.3,186,Haldia,13.1
2023-05-11 17:41,9404531,21.9554,88.0437,0.2,35,Haldia,13.9
2023-05-12 04:47,9404531,22.1651,88.0433,0.7,6,Haldia,13.2
2023-05-13 04:25,9404531,22.0144,88.0829,0.0,122,Haldia,14.1
2023-05-14 13:43,9404531,22.0334,88.0605,0.0,276,Haldia,13.5
2023-06-14 23:50,9264511,21.5267,87.3183,12.6,162,Haldia,12.7
2023-06-15 15:50,9264511,21.9772,88.207,11.8,143,Haldia,13.8
2023-06-16 02:31,9264511,22.0522,88.0746,0.6,215,Haldia,14.0
2023-06-16 12:31,9264511,22.0404,87.9463,0.7,100,Haldia,13.7
2023-06-17 01:25,9264511,22.0585,88.0791,0.6,350,Haldia,12.7
2023-06-17 13:09,9264511,22.1555,88.0069,0.4,1,Haldia,13.2
2023-06-18 00:35,9264511,22.1469,87.9481,0.2,278,Haldia,14.1
2023-06-18 13:32,9264511,22.0729,87.9492,0.6,164,Haldia,13.1
2023-06-19 01:40,9264511,22.051,88.1528,0.8,56,Haldia,13.5
2023-06-19 14:43,9264511,21.9231,88.1226,0.1,214,Haldia,13.0
2023-06-20 21:18,9264511,22.0506,88.0652,0.0,275,Haldia,13.5
2023-06-22 08:03,9264511,22.0209,88.0818,0.0,145,Haldia,13.6
2023-07-10 00:22,9260565,21.6104,88.1223,11.8,314,Haldia,13.1
2023-07-10 16:22,9260565,22.182,87.8468,10.1,277,Haldia,13.4
2023-07-11 01:47,9260565,21.956,88.0612,0.3,144,Haldia,13.7
2023-07-11 14:45,9260565,21.9373,88.1664,0.3,275,Haldia,14.2
2023-07-12 00:59,9260565,22.0629,88.1961,0.0,52,Haldia,13.3
2023-07-12 14:12,9260565,21.9762,88.0361,0.3,194,Haldia,13.6
2023-07-13 01:10,9260565,22.1236,88.0244,0.7,341,Haldia,13.8
2023-07-14 02:35,9260565,22.0317,88.0525,0.0,332,Haldia,14.1
2023-07-15 07:44,9260565,22.0192,88.0647,0.0,207,Haldia,13.9
2023-08-20 14:53,9231171,21.6314,88.7776,11.2,245,Haldia,13.5
2023-08-21 06:53,9231171,21.814,87.9909,9.7,31,Haldia,13.3
2023-08-21 17:18,9231171,21.9393,88.0057,0.7,95,Haldia,13.6
2023-08-22 04:03,9231171,22.0153,88.1771,0.1,225,Haldia,13.9
2023-08-22 15:24,9231171,22.1172,88.1952,0.1,161,Haldia,14.0
2023-08-23 04:13,9231171,21.9248,88.1837,0.5,269,Haldia,14.1
2023-08-23 15:49,9231171,21.9201,88.0167,0.0,276,Haldia,14.1
2023-08-24 18:33,9231171,22.0503,88.054,0.0,211,Haldia,14.0
2023-08-26 00:30,9231171,22.0248,88.0831,0.0,182,Haldia,13.9
2023-08-04 22:38,9874716,21.5792,88.5922,12.7,146,Haldia,14.0
2023-08-05 14:38,9874716,22.2527,88.0993,9.0,330,Haldia,13.4
2023-08-05 22:40,9874716,22.0869,88.2037,0.7,11,Haldia,13.5
2023-08-06 12:45,9874716,21.9565,88.1471,0.7,123,Haldia,14.3
2023-08-07 01:07,9874716,22.025,88.1449,0.6,279,Haldia,13.2
2023-08-07 11:45,9874716,22.1684,87.9435,0.4,182,Haldia,13.2
2023-08-07 23:09,9874716,22.1187,88.2136,0.4,186,Haldia,13.1
2023-08-08 13:09,9874716,22.0756,87.9584,0.2,4,Haldia,14.3
2023-08-09 15:45,9874716,22.0176,88.0823,0.0,19,Haldia,14.3
2023-08-11 00:48,9874716,22.0296,88.0854,0.0,202,Haldia,14.1
2023-09-17 07:43,9192002,21.6442,87.3903,11.2,112,Haldia,12.9
2023-09-17 23:43,9192002,22.2094,87.8469,10.7,357,Haldia,13.7
2023-09-18 08:11,9192002,22.1639,88.0674,0.3,53,Haldia,13.5
2023-09-18 22:42,9192002,21.9833,88.0873,0.2,0,Haldia,13.1
2023-09-19 10:09,9192002,22.1263,87.93,0.6,186,Haldia,13.2
2023-09-19 20:44,9192002,21.9166,88.1408,0.3,257,Haldia,13.3
2023-09-20 10:19,9192002,22.0278,88.0826,0.3,171,Haldia,13.2
2023-09-20 22:12,9192002,22.1813,88.1398,0.7,169,Haldia,13.2
2023-09-21 09:44,9192002,22.0514,88.0551,0.6,315,Haldia,13.1
2023-09-22 16:27,9192002,22.0271,88.0496,0.0,220,Haldia,14.1
2023-09-24 00:40,9192002,22.0208,88.0654,0.0,39,Haldia,14.0
2023-09-02 08:22,9260565,22.595,88.5845,10.0,38,Haldia,13.0
2023-09-03 00:22,9260565,22.2412,88.1398,10.4,298,Haldia,13.2
2023-09-03 09:24,9260565,21.9775,88.1725,0.1,333,Haldia,13.4
2023-09-03 21:55,9260565,22.083,87.9314,0.2,99,Haldia,13.7
2023-09-04 11:04,9260565,21.9104,87.9737,0.2,314,Haldia,13.9
2023-09-04 23:03,9260565,22.0767,88.1144,0.5,132,Haldia,13.7
2023-09-05 11:16,9260565,21.9291,88.1025,0.2,345,Haldia,13.0
2023-09-05 20:39,9260565,22.0378,88.0256,0.0,136,Haldia,13.1
2023-09-06 11:08,9260565,22.16,88.0636,0.1,131,Haldia,14.0
2023-09-07 12:04,9260565,22.0483,88.084,0.0,108,Haldia,13.6
2023-09-08 19:16,9260565,22.0238,88.049,0.0,310,Haldia,13.9
2023-10-13 05:35,9785903,21.5999,87.7186,11.0,315,Haldia,14.3
2023-10-13 21:35,9785903,21.8924,87.8991,12.7,292,Haldia,14.1
2023-10-14 05:57,9785903,22.0519,88.079,0.2,352,Haldia,13.5
2023-10-14 19:47,9785903,22.1262,87.9623,0.3,177,Haldia,13.6
2023-10-15 06:39,9785903,21.9678,88.079,0.7,303,Haldia,13.0
2023-10-15 19:04,9785903,21.9197,88.145,0.5,49,Haldia,13.0
2023-10-16 06:35,9785903,21.9909,87.9666,0.5,273,Haldia,13.8
2023-10-16 19:39,9785903,21.9837,88.0312,0.1,35,Haldia,13.0
2023-10-17 07:50,9785903,21.899,88.0146,0.1,155,Haldia,13.6
2023-10-18 05:48,9785903,22.0379,88.072,0.0,73,Haldia,13.9
2023-10-19 16:03,9785903,22.0524,88.0699,0.0,299,Haldia,13.7
2023-11-19 21:51,9463594,21.358,88.0321,11.3,287,Haldia,13.2
2023-11-20 13:51,9463594,22.1708,88.1937,11.3,113,Haldia,13.2
2023-11-21 00:41,9463594,21.9692,88.0131,0.3,140,Haldia,13.8
2023-11-21 11:18,9463594,22.028,88.1302,0.3,340,Haldia,13.1
2023-11-21 22:49,9463594,22.0737,87.9269,0.3,61,Haldia,12.6
2023-11-22 12:12,9463594,22.0596,87.9493,0.5,296,Haldia,12.9
2023-11-22 22:09,9463594,22.1334,88.0725,0.4,19,Haldia,13.3
2023-11-23 10:02,9463594,22.1413,88.1535,0.5,56,Haldia,12.9
2023-11-23 22:53,9463594,22.0778,87.9592,0.7,3,Haldia,13.4
2023-11-24 12:32,9463594,22.0585,87.9717,0.7,65,Haldia,13.4
2023-11-25 14:49,9463594,22.0195,88.075,0.0,141,Haldia,13.7
2023-11-26 22:16,9463594,22.0504,88.0496,0.0,341,Haldia,13.8
2023-11-04 00:57,9557549,21.9706,87.4734,11.8,175,Haldia,12.7
2023-11-04 16:57,9557549,22.2202,88.2614,12.5,216,Haldia,14.0
2023-11-05 01:14,9557549,21.9085,88.0952,0.1,148,Haldia,13.7
2023-11-05 15:05,9557549,22.1145,88.0101,0.2,44,Haldia,13.4
2023-11-06 01:39,9557549,21.994,88.187,0.4,57,Haldia,13.8
2023-11-06 13:28,9557549,22.0199,87.9694,0.8,327,Haldia,12.9
2023-11-07 03:28,9557549,21.8896,88.0349,0.4,249,Haldia,13.4
2023-11-07 14:53,9557549,22.1359,87.9804,0.4,55,Haldia,13.3
2023-11-08 03:30,9557549,21.8995,87.9184,0.2,265,Haldia,13.1
2023-11-08 14:36,9557549,22.152,88.2063,0.1,252,Haldia,12.7
2023-11-11 03:24,9557549,22.0267,88.0566,0.0,108,Haldia,13.4
2023-11-12 09:53,9557549,22.0412,88.0646,0.0,20,Haldia,13.8
2023-12-08 01:08,9260565,21.7203,87.832,10.1,7,Haldia,13.9
2023-12-08 17:08,9260565,21.9607,88.0476,11.4,116,Haldia,14.1
2023-12-09 02:57,9260565,22.0598,88.084,0.3,80,Haldia,13.7
2023-12-09 15:59,9260565,22.1713,87.9752,0.8,344,Haldia,13.6
2023-12-10 04:07,9260565,21.9995,88.0939,0.2,208,Haldia,12.9
2023-12-10 13:13,9260565,21.9408,88.0579,0.6,144,Haldia,13.1
2023-12-11 03:47,9260565,22.0616,87.9598,0.1,286,Haldia,14.1
2023-12-11 14:49,9260565,22.0587,87.954,0.0,146,Haldia,13.4
2023-12-12 03:43,9260565,21.8877,87.9845,0.7,180,Haldia,13.9
2023-12-12 15:02,9260565,21.9986,87.9512,0.0,258,Haldia,13.6
2023-12-14 21:20,9260565,22.0483,88.085,0.0,117,Haldia,13.7
2023-12-16 03:56,9260565,22.0144,88.0636,0.0,211,Haldia,13.7
2023-12-14 08:06,9404531,21.3723,88.3277,9.4,44,Haldia,13.6
2023-12-15 00:06,9404531,21.8401,87.8511,10.2,151,Haldia,12.9
2023-12-15 09:03,9404531,21.964,88.0346,0.5,216,Haldia,13.7
2023-12-15 22:11,9404531,21.9803,87.9277,0.5,43,Haldia,13.8
2023-12-16 09:21,9404531,22.1258,88.0496,0.7,358,Haldia,13.6
2023-12-16 21:35,9404531,22.0459,88.0456,0.7,54,Haldia,12.8
2023-12-17 10:02,9404531,21.8905,88.1506,0.8,90,Haldia,13.7
2023-12-17 20:47,9404531,21.9654,88.0651,0.7,338,Haldia,13.9
2023-12-18 10:55,9404531,22.0641,87.9223,0.5,330,Haldia,13.6
2023-12-18 21:59,9404531,22.0274,88.034,0.3,147,Haldia,13.9
2023-12-21 21:08,9404531,22.0516,88.0473,0.0,83,Haldia,14.1
2023-12-23 05:21,9404531,22.0359,88.0653,0.0,32,Haldia,13.5
2024-01-01 17:28,9463594,22.6315,88.3683,10.5,264,Haldia,12.9
2024-01-02 09:28,9463594,21.9747,87.9697,9.6,301,Haldia,13.6
2024-01-02 19:14,9463594,22.0555,88.0438,0.2,154,Haldia,13.4
2024-01-03 07:38,9463594,21.9559,88.1977,0.1,359,Haldia,13.5
2024-01-04 13:35,9463594,22.0415,88.0585,0.0,0,Haldia,13.5
2024-01-05 20:32,9463594,22.0498,88.07,0.0,72,Haldia,13.8
2024-02-09 10:35,9367188,22.3346,87.3573,12.8,73,Haldia,13.5
2024-02-10 02:35,9367188,22.0511,88.0473,9.7,57,Haldia,13.2
2024-02-10 10:59,9367188,22.0909,88.0464,0.6,279,Haldia,13.5
2024-02-10 23:09,9367188,21.9851,87.9712,0.7,186,Haldia,13.8
2024-02-11 11:09,9367188,22.1381,88.0402,0.2,226,Haldia,12.7
2024-02-12 19:01,9367188,22.0441,88.0682,0.0,285,Haldia,13.9
2024-02-14 04:08,9367188,22.0423,88.0478,0.0,318,Haldia,13.9
2024-03-16 19:45,9462030,22.0942,88.8056,12.4,200,Haldia,13.9
2024-03-17 11:45,9462030,21.8065,87.8891,11.7,266,Haldia,13.8
2024-03-17 20:14,9462030,22.136,88.2045,0.2,286,Haldia,13.8
2024-03-18 09:37,9462030,22.1434,88.1215,0.7,231,Haldia,13.9
2024-03-18 19:55,9462030,21.9214,88.1538,0.7,274,Haldia,13.9
2024-03-19 10:41,9462030,21.981,87.9558,0.6,302,Haldia,12.8
2024-03-20 13:07,9462030,22.0337,88.0843,0.0,183,Haldia,14.0
2024-03-21 17:52,9462030,22.0141,88.0834,0.0,254,Haldia,14.0
2024-03-06 11:38,9339563,21.7178,87.2744,11.4,303,Haldia,14.1
2024-03-07 03:38,9339563,22.1142,87.8957,9.0,348,Haldia,14.0
2024-03-07 13:15,9339563,22.0054,87.9464,0.5,93,Haldia,13.9
2024-03-08 00:38,9339563,22.1558,88.1755,0.3,183,Haldia,13.7
2024-03-08 13:33,9339563,21.9067,88.0961,0.6,130,Haldia,13.0
2024-03-09 01:12,9339563,21.9794,88.1131,0.7,340,Haldia,13.6
2024-03-10 10:47,9339563,22.0198,88.0505,0.0,9,Haldia,13.8
2024-03-11 22:40,9339563,22.0318,88.0589,0.0,201,Haldia,13.6
2024-04-15 23:51,9404531,21.8388,88.2514,13.0,272,Haldia,13.3
2024-04-16 15:51,9404531,21.9432,87.9661,12.8,281,Haldia,14.1
2024-04-17 02:41,9404531,22.1327,87.9314,0.5,352,Haldia,13.4
2024-04-17 13:07,9404531,21.9881,88.0068,0.6,157,Haldia,14.2
2024-04-18 02:31,9404531,21.9536,88.0019,0.1,357,Haldia,13.4
2024-04-19 08:59,9404531,22.0356,88.0812,0.0,51,Haldia,14.2
2024-04-20 19:36,9404531,22.0224,88.0528,0.0,90,Haldia,13.8
2024-04-04 16:16,9952378,22.7703,88.43,11.2,232,Haldia,12.7
2024-04-05 08:16,9952378,21.9774,88.1924,10.8,228,Haldia,14.0
2024-04-05 19:14,9952378,21.9596,87.9763,0.7,315,Haldia,12.7
2024-04-06 04:56,9952378,21.9844,88.0593,0.4,319,Haldia,13.6
2024-04-06 17:00,9952378,22.1362,88.1895,0.8,281,Haldia,13.1
2024-04-07 05:58,9952378,21.8979,88.1949,0.8,101,Haldia,13.2
2024-04-08 08:47,9952378,22.0374,88.0837,0.0,33,Haldia,14.0
2024-04-09 15:44,9952378,22.0272,88.0734,0.0,359,Haldia,13.5
2024-04-29 16:08,9260565,22.1548,88.7729,10.8,88,Haldia,13.9
2024-04-30 08:08,9260565,22.1142,88.2512,10.3,110,Haldia,12.9
2024-04-30 17:31,9260565,21.9454,88.0921,0.3,298,Haldia,13.9
2024-05-01 06:09,9260565,22.1041,88.0916,0.5,80,Haldia,13.4
2024-05-01 17:13,9260565,21.9593,88.2075,0.2,258,Haldia,13.8
2024-05-02 23:21,9260565,22.0171,88.0762,0.0,39,Haldia,13.9
2024-05-04 05:24,9260565,22.0329,88.0566,0.0,50,Haldia,14.0
2024-05-04 16:33,9264511,22.589,88.2114,10.9,299,Haldia,13.4
2024-05-05 08:33,9264511,21.7989,88.2535,12.6,261,Haldia,13.7
2024-05-05 17:33,9264511,21.908,88.0596,0.0,35,Haldia,12.8
2024-05-06 06:40,9264511,22.0713,88.1631,0.7,72,Haldia,13.4
2024-05-06 18:46,9264511,21.9133,87.9932,0.3,177,Haldia,14.0
2024-05-07 05:41,9264511,22.0666,88.1187,0.4,36,Haldia,12.8
2024-05-07 17:20,9264511,22.1798,88.0347,0.5,5,Haldia,13.2
2024-05-08 16:36,9264511,22.0462,88.0849,0.0,258,Haldia,14.1
2024-05-10 01:29,9264511,22.0408,88.0645,0.0,198,Haldia,13.8
2024-06-04 19:46,9559190,21.4127,88.5115,9.9,296,Haldia,13.6
2024-06-05 11:46,9559190,21.9906,87.9888,9.6,63,Haldia,13.5
2024-06-05 21:42,9559190,21.9484,88.121,0.6,296,Haldia,14.3
2024-06-06 09:58,9559190,21.9903,88.013,0.3,130,Haldia,13.7
2024-06-06 22:13,9559190,21.8981,88.2039,0.7,208,Haldia,13.3
2024-06-07 09:34,9559190,22.0055,88.1185,0.2,188,Haldia,13.9
2024-06-07 20:31,9559190,22.0668,87.9965,0.4,294,Haldia,13.8
2024-06-09 02:48,9559190,22.0268,88.064,0.0,153,Haldia,13.7
2024-06-10 12:13,9559190,22.0516,88.0698,0.0,78,Haldia,14.4
2024-07-01 07:56,9842348,22.5337,88.5626,12.0,81,Haldia,14.3
2024-07-01 23:56,9842348,21.9128,87.945,11.9,294,Haldia,13.5
2024-07-02 09:37,9842348,22.0666,87.9468,0.4,70,Haldia,13.7
2024-07-02 22:07,9842348,21.9205,87.9912,0.2,35,Haldia,13.1
2024-07-03 08:26,9842348,22.0223,88.146,0.6,348,Haldia,14.2
2024-07-03 20:37,9842348,22.1749,87.976,0.6,107,Haldia,13.4
2024-07-04 10:20,9842348,22.1343,88.1871,0.5,210,Haldia,13.8
2024-07-04 20:20,9842348,22.1599,88.1875,0.1,339,Haldia,13.7
2024-07-05 23:05,9842348,22.021,88.0642,0.0,26,Haldia,14.4
2024-07-07 07:04,9842348,22.036,88.0852,0.0,112,Haldia,14.0
2024-07-29 23:36,9231171,22.1907,87.9654,11.9,126,Haldia,13.4
2024-07-30 15:36,9231171,22.125,87.964,10.5,139,Haldia,13.3
2024-07-30 23:39,9231171,22.0712,88.2109,0.4,151,Haldia,13.7
2024-07-31 12:03,9231171,21.9927,88.1006,0.6,183,Haldia,13.6
2024-08-01 01:48,9231171,21.9014,88.0563,0.4,84,Haldia,13.9
2024-08-01 13:53,9231171,21.991,88.0621,0.7,25,Haldia,12.8
2024-08-02 01:59,9231171,21.9315,88.0807,0.5,61,Haldia,12.8
2024-08-02 13:35,9231171,21.9961,88.1819,0.4,60,Haldia,12.9
2024-08-02 23:44,9231171,22.0033,88.216,0.5,39,Haldia,13.4
2024-08-03 14:33,9231171,22.1023,88.1156,0.5,83,Haldia,13.3
2024-08-05 11:09,9231171,22.0345,88.0488,0.0,70,Haldia,14.0
2024-08-06 17:56,9231171,22.026,88.0752,0.0,191,Haldia,13.6
2024-07-30 08:39,9264511,21.9412,88.1022,11.1,256,Haldia,12.9
2024-07-31 00:39,9264511,22.2859,88.117,9.3,201,Haldia,13.8
2024-07-31 09:25,9264511,22.0311,87.9731,0.4,248,Haldia,12.9
2024-07-31 21:57,9264511,22.0243,87.9419,0.1,168,Haldia,14.1
2024-08-01 10:58,9264511,21.8877,87.9405,0.3,32,Haldia,12.8
2024-08-01 23:09,9264511,22.1779,88.0109,0.0,113,Haldia,14.0
2024-08-02 08:47,9264511,21.9538,88.1179,0.0,13,Haldia,12.8
2024-08-02 21:12,9264511,22.0509,88.0005,0.3,100,Haldia,12.8
2024-08-03 09:04,9264511,22.1152,88.1091,0.6,256,Haldia,14.0
2024-08-04 19:13,9264511,22.0198,88.0468,0.0,92,Haldia,13.5
2024-08-06 05:58,9264511,22.039,88.0863,0.0,249,Haldia,13.7
2024-09-08 17:06,9404531,22.425,87.7473,11.7,89,Haldia,13.9
2024-09-09 09:06,9404531,22.095,88.2608,9.6,195,Haldia,13.1
2024-09-09 17:42,9404531,22.0374,87.9949,0.7,214,Haldia,13.1
2024-09-10 05:58,9404531,22.1257,87.9607,0.7,4,Haldia,13.2
2024-09-10 19:59,9404531,22.1249,88.1922,0.3,181,Haldia,13.4
2024-09-11 07:36,9404531,21.8976,88.1074,0.2,65,Haldia,14.0
2024-09-11 19:34,9404531,21.8936,88.1782,0.1,211,Haldia,13.7
2024-09-12 15:45,9404531,22.0527,88.0787,0.0,212,Haldia,14.2
2024-09-13 22:50,9404531,22.0388,88.0683,0.0,178,Haldia,13.9
2024-09-12 06:14,9463594,22.6332,87.5196,9.2,152,Haldia,13.2
2024-09-12 22:14,9463594,21.9536,88.2084,12.5,97,Haldia,13.5
2024-09-13 06:42,9463594,21.8863,88.0854,0.4,45,Haldia,12.7
2024-09-13 19:21,9463594,21.945,88.2064,0.5,335,Haldia,13.3
2024-09-14 07:23,9463594,22.0242,88.0331,0.6,85,Haldia,13.4
2024-09-14 21:03,9463594,21.9147,88.0737,0.6,62,Haldia,13.9
2024-09-15 06:58,9463594,22.0364,88.1189,0.4,88,Haldia,13.8
2024-09-15 19:53,9463594,21.8928,87.9542,0.4,338,Haldia,13.9
2024-09-16 08:02,9463594,22.1115,88.0431,0.1,83,Haldia,13.0
2024-09-16 21:02,9463594,21.9638,87.9603,0.4,279,Haldia,13.8
2024-09-18 07:12,9463594,22.0261,88.0856,0.0,94,Haldia,13.8
2024-09-19 15:15,9463594,22.0338,88.0603,0.0,352,Haldia,14.0
2024-10-05 19:37,9264511,21.8053,88.7592,10.9,46,Haldia,14.0
2024-10-06 11:37,9264511,22.0578,88.2388,9.6,344,Haldia,13.5
2024-10-06 22:33,9264511,21.9282,87.9475,0.4,321,Haldia,14.1
2024-10-07 10:15,9264511,22.1288,88.0529,0.1,157,Haldia,13.5
2024-10-07 21:52,9264511,21.8948,87.9473,0.6,144,Haldia,13.3
2024-10-08 08:27,9264511,21.9806,88.0711,0.5,292,Haldia,13.6
2024-10-08 21:00,9264511,22.1333,88.1477,0.5,171,Haldia,14.0
2024-10-10 04:07,9264511,22.0491,88.053,0.0,284,Haldia,13.5
2024-10-11 14:55,9264511,22.0374,88.0773,0.0,163,Haldia,14.1
2024-09-29 00:08,9339563,21.9376,87.8582,10.5,223,Haldia,13.1
2024-09-29 16:08,9339563,21.8731,87.8004,9.0,159,Haldia,13.4
2024-09-30 02:51,9339563,22.1549,88.1748,0.4,202,Haldia,13.5
2024-09-30 13:28,9339563,22.1428,88.1815,0.7,277,Haldia,13.1
2024-10-01 02:13,9339563,22.1309,88.151,0.2,236,Haldia,13.1
2024-10-01 12:28,9339563,22.1214,88.0897,0.7,187,Haldia,13.2
2024-10-02 02:21,9339563,22.1743,87.9182,0.4,50,Haldia,12.9
2024-10-02 14:05,9339563,22.1471,88.0582,0.4,281,Haldia,14.1
2024-10-03 01:33,9339563,22.0911,88.1995,0.3,24,Haldia,13.5
2024-10-03 13:33,9339563,22.1373,88.0113,0.7,150,Haldia,12.9
2024-10-05 08:32,9339563,22.0392,88.0544,0.0,33,Haldia,13.6
2024-10-06 16:20,9339563,22.0467,88.0787,0.0,348,Haldia,13.8
2024-10-25 15:58,9192002,21.9793,87.8458,12.9,330,Haldia,13.9
2024-10-26 07:58,9192002,22.2676,87.8426,10.4,248,Haldia,13.0
2024-10-26 17:57,9192002,22.1079,88.1726,0.4,192,Haldia,13.4
2024-10-27 05:03,9192002,22.1067,88.1989,0.7,150,Haldia,13.9
2024-10-27 18:09,9192002,22.0804,87.9604,0.5,84,Haldia,13.7
2024-10-28 05:59,9192002,21.9997,88.0539,0.5,143,Haldia,13.3
2024-10-28 17:28,9192002,22.0345,88.0339,0.3,45,Haldia,13.0
2024-10-29 06:07,9192002,22.0557,88.1547,0.4,112,Haldia,13.5
2024-10-29 17:17,9192002,21.8893,88.0124,0.1,286,Haldia,14.0
2024-10-30 05:56,9192002,22.1182,87.9285,0.4,24,Haldia,13.2
2024-11-01 10:06,9192002,22.0531,88.0479,0.0,67,Haldia,13.9
2024-11-02 20:25,9192002,22.0378,88.0741,0.0,320,Haldia,13.6
2024-11-27 16:40,9231171,21.533,87.3949,11.1,253,Haldia,13.4
2024-11-28 08:40,9231171,22.2212,88.2907,9.7,89,Haldia,13.6
2024-11-28 17:45,9231171,22.1817,87.9322,0.7,245,Haldia,13.6
2024-11-29 04:44,9231171,22.0081,87.969,0.4,39,Haldia,13.4
2024-11-29 17:07,9231171,22.0382,87.9299,0.1,306,Haldia,13.9
2024-11-30 06:46,9231171,22.0926,88.0506,0.5,349,Haldia,13.3
2024-11-30 19:31,9231171,21.9648,88.0637,0.4,227,Haldia,13.5
2024-12-01 04:53,9231171,22.0307,87.9436,0.7,166,Haldia,14.0
2024-12-01 18:23,9231171,21.9656,88.1833,0.7,15,Haldia,13.3
2024-12-02 05:49,9231171,21.8971,88.2081,0.7,163,Haldia,12.8
2024-12-05 02:07,9231171,22.0351,88.0777,0.0,90,Haldia,14.0
2024-12-06 08:18,9231171,22.0454,88.0739,0.0,151,Haldia,13.8
2024-12-25 03:39,9264511,21.5296,87.5173,11.1,44,Haldia,13.8
2024-12-25 19:39,9264511,21.8445,88.0501,9.7,148,Haldia,12.9
2024-12-26 05:51,9264511,22.157,88.0624,0.6,150,Haldia,12.8
2024-12-26 15:50,9264511,22.0147,87.9675,0.2,84,Haldia,13.9
2024-12-27 05:43,9264511,22.095,87.9735,0.3,303,Haldia,13.3
2024-12-28 12:27,9264511,22.0486,88.0639,0.0,122,Haldia,13.8
2024-12-29 21:09,9264511,22.0259,88.0477,0.0,189,Haldia,13.9
2025-02-09 06:00,9462030,21.4662,87.4467,11.5,95,Haldia,13.6
2025-02-09 22:00,9462030,21.8761,88.1049,11.5,277,Haldia,13.0
2025-02-10 08:15,9462030,22.1271,87.9915,0.5,93,Haldia,13.4
2025-02-10 20:40,9462030,22.0517,87.9643,0.4,83,Haldia,13.8
2025-02-11 07:00,9462030,21.9511,87.9423,0.6,251,Haldia,13.9
2025-02-12 05:30,9462030,22.0274,88.0788,0.0,123,Haldia,13.9
2025-02-13 10:18,9462030,22.0425,88.0589,0.0,199,Haldia,13.8
2025-02-09 10:55,9184777,21.2961,87.5204,10.1,143,Haldia,13.2
2025-02-10 02:55,9184777,21.801,88.1057,10.7,231,Haldia,13.6
2025-02-10 10:55,9184777,22.0241,88.14,0.7,219,Haldia,12.6
2025-02-10 23:08,9184777,21.9111,88.0174,0.5,251,Haldia,13.4
2025-02-11 13:03,9184777,22.1133,88.0516,0.4,350,Haldia,12.7
2025-02-12 18:09,9184777,22.0336,88.081,0.0,297,Haldia,13.6
2025-02-14 02:40,9184777,22.017,88.0666,0.0,326,Haldia,13.4
2025-02-25 20:08,9367188,22.0927,87.629,11.2,47,Haldia,14.0
2025-02-26 12:08,9367188,22.2057,88.2191,12.7,166,Haldia,12.8
2025-02-26 22:43,9367188,21.993,88.1795,0.2,277,Haldia,13.7
2025-02-27 09:31,9367188,22.1341,88.1949,0.3,273,Haldia,13.6
2025-02-27 21:19,9367188,22.0259,88.1066,0.1,273,Haldia,13.2
2025-02-28 09:45,9367188,21.8845,87.9955,0.2,221,Haldia,13.8
2025-03-01 12:17,9367188,22.0376,88.0655,0.0,180,Haldia,13.3
2025-03-02 22:22,9367188,22.0434,88.0787,0.0,93,Haldia,13.6
2025-03-30 14:57,9462030,21.7589,88.1219,12.0,177,Haldia,13.1
2025-03-31 06:57,9462030,21.8161,87.8284,9.5,270,Haldia,13.8
2025-03-31 17:29,9462030,22.0791,88.0217,0.5,317,Haldia,14.1
2025-04-01 04:24,9462030,22.1116,88.0899,0.6,217,Haldia,13.1
2025-04-01 17:21,9462030,21.9922,87.948,0.3,40,Haldia,13.8
2025-04-02 03:29,9462030,21.9027,88.1925,0.4,357,Haldia,13.3
2025-04-03 02:42,9462030,22.015,88.052,0.0,60,Haldia,13.9
2025-04-04 08:35,9462030,22.0225,88.073,0.0,310,Haldia,13.7
2025-04-08 02:21,9638539,22.6228,88.0046,11.9,94,Haldia,13.6
2025-04-08 18:21,9638539,22.2579,88.028,12.3,50,Haldia,13.3
2025-04-09 05:09,9638539,22.1258,88.0258,0.5,10,Haldia,13.2
2025-04-09 15:22,9638539,21.953,87.9528,0.5,97,Haldia,13.3
2025-04-10 03:32,9638539,22.0187,88.1743,0.3,321,Haldia,13.3
2025-04-10 16:46,9638539,21.9473,88.1043,0.5,85,Haldia,12.6
2025-04-11 16:40,9638539,22.0497,88.0719,0.0,297,Haldia,13.5
2025-04-12 23:55,9638539,22.0293,88.0641,0.0,15,Haldia,13.8
2025-03-31 22:17,9785903,21.2369,88.8351,12.4,257,Haldia,14.1
2025-04-01 14:17,9785903,22.134,87.8369,10.1,232,Haldia,13.3
2025-04-01 22:37,9785903,22.1605,88.016,0.2,311,Haldia,13.4
2025-04-02 12:07,9785903,22.0494,87.9679,0.6,282,Haldia,14.2
2025-04-02 23:28,9785903,22.0783,87.9883,0.0,304,Haldia,13.9
2025-04-03 13:13,9785903,22.1077,88.0311,0.6,319,Haldia,13.5
2025-04-04 19:09,9785903,22.0331,88.0625,0.0,200,Haldia,14.1
2025-04-06 03:48,9785903,22.0268,88.0595,0.0,201,Haldia,13.8
2025-05-03 21:22,9095119,22.2732,87.6836,11.9,162,Haldia,12.7
2025-05-04 13:22,9095119,21.8887,88.2153,11.9,96,Haldia,13.0
2025-05-04 22:15,9095119,22.0631,88.0522,0.3,93,Haldia,13.1
2025-05-05 09:25,9095119,21.9872,87.9429,0.4,78,Haldia,13.6
2025-05-05 23:25,9095119,21.9203,87.9905,0.2,68,Haldia,14.0
2025-05-06 09:28,9095119,21.9093,88.1257,0.2,96,Haldia,12.7
2025-05-06 22:00,9095119,21.9446,88.1262,0.3,125,Haldia,14.0
2025-05-07 19:54,9095119,22.0268,88.055,0.0,325,Haldia,13.9
2025-05-09 02:37,9095119,22.0314,88.0833,0.0,173,Haldia,13.5
2025-05-04 13:01,9557549,21.6927,88.2129,9.3,27,Haldia,13.7
2025-05-05 05:01,9557549,22.2707,88.0493,10.4,271,Haldia,13.7
2025-05-05 13:45,9557549,22.1588,88.0752,0.5,74,Haldia,13.5
2025-05-06 03:58,9557549,21.8957,88.0167,0.5,10,Haldia,13.8
2025-05-06 15:20,9557549,22.1263,88.0551,0.1,29,Haldia,13.3
2025-05-07 22:04,9557549,22.0156,88.0639,0.0,31,Haldia,13.6
2025-05-09 05:09,9557549,22.038,88.059,0.0,225,Haldia,13.8
2025-06-08 05:38,9463594,22.5094,88.4857,11.9,204,Haldia,13.2
2025-06-08 21:38,9463594,22.1431,87.9985,9.3,192,Haldia,12.8
2025-06-09 08:33,9463594,21.9392,88.1374,0.1,231,Haldia,13.8
2025-06-09 19:04,9463594,21.8907,88.0286,0.4,22,Haldia,13.4
2025-06-10 05:42,9463594,22.1279,87.9646,0.7,201,Haldia,13.9
2025-06-10 19:45,9463594,22.1704,88.1971,0.4,43,Haldia,13.9
2025-06-11 06:06,9463594,22.1741,87.9341,0.5,138,Haldia,12.8
2025-06-11 18:30,9463594,21.9629,88.2019,0.7,168,Haldia,14.0
2025-06-12 08:08,9463594,22.1504,88.1932,0.1,234,Haldia,13.3
2025-06-13 04:32,9463594,22.0498,88.07,0.0,14,Haldia,13.7
2025-06-14 12:20,9463594,22.0502,88.0772,0.0,15,Haldia,13.8
2025-06-12 15:50,9559190,21.3318,88.7788,11.9,122,Haldia,13.0
2025-06-13 07:50,9559190,22.2387,88.0614,12.6,337,Haldia,13.0
2025-06-13 18:06,9559190,21.9069,87.9916,0.1,117,Haldia,13.2
2025-06-14 06:01,9559190,21.9632,88.095,0.6,42,Haldia,13.2
2025-06-14 17:34,9559190,21.9225,88.1339,0.1,69,Haldia,14.1
2025-06-15 04:51,9559190,21.9561,88.1608,0.0,120,Haldia,14.3
2025-06-15 16:44,9559190,21.8977,88.0396,0.5,37,Haldia,14.0
2025-06-16 16:28,9559190,22.0405,88.0686,0.0,340,Haldia,13.7
2025-06-18 01:35,9559190,22.0465,88.0862,0.0,103,Haldia,14.3
2025-07-08 04:11,9725674,22.3674,87.8883,9.4,9,Haldia,13.8
2025-07-08 20:11,9725674,21.9875,88.1067,11.3,102,Haldia,13.7
2025-07-09 06:51,9725674,22.183,88.1358,0.7,244,Haldia,12.8
2025-07-09 19:04,9725674,22.0289,87.9556,0.7,79,Haldia,13.4
2025-07-10 06:44,9725674,21.9946,88.0787,0.7,283,Haldia,13.5
2025-07-10 16:47,9725674,22.1204,87.9225,0.2,302,Haldia,13.9
2025-07-11 06:09,9725674,22.057,87.9951,0.2,272,Haldia,13.9
2025-07-12 10:07,9725674,22.047,88.0497,0.0,150,Haldia,14.0
2025-07-13 17:26,9725674,22.0421,88.054,0.0,155,Haldia,13.5
2025-07-22 15:08,9952378,21.761,88.743,10.3,357,Haldia,12.8
2025-07-23 07:08,9952378,22.2937,88.0872,10.3,249,Haldia,13.1
2025-07-23 17:27,9952378,22.1231,88.1187,0.1,165,Haldia,13.6
2025-07-24 05:12,9952378,21.8959,87.9986,0.2,357,Haldia,13.1
2025-07-24 17:05,9952378,21.97,87.9909,0.7,169,Haldia,13.9
2025-07-25 05:44,9952378,22.1262,88.0567,0.2,165,Haldia,13.0
2025-07-25 16:39,9952378,21.9883,88.2075,0.0,281,Haldia,13.4
2025-07-26 16:26,9952378,22.0249,88.0651,0.0,190,Haldia,13.5
2025-07-27 23:56,9952378,22.0285,88.0653,0.0,299,Haldia,13.9
2025-08-22 06:57,9725674,22.0199,87.692,9.1,0,Haldia,14.0
2025-08-22 22:57,9725674,21.8768,88.0404,11.0,151,Haldia,13.6
2025-08-23 08:39,9725674,22.0783,87.9721,0.8,288,Haldia,13.8
2025-08-23 20:17,9725674,22.0471,88.0014,0.8,318,Haldia,13.3
2025-08-24 08:09,9725674,22.1502,88.057,0.4,307,Haldia,13.2
2025-08-24 20:48,9725674,21.9494,87.9376,0.6,49,Haldia,13.0
2025-08-25 07:09,9725674,22.0522,88.0514,0.6,219,Haldia,13.9
2025-08-25 21:40,9725674,22.0795,87.9869,0.2,127,Haldia,13.9
2025-08-26 07:36,9725674,21.8967,88.0085,0.8,309,Haldia,13.8
2025-08-27 14:27,9725674,22.0244,88.0689,0.0,280,Haldia,13.9
2025-08-28 21:39,9725674,22.0297,88.0783,0.0,273,Haldia,14.1
2025-09-08 00:29,9192002,21.3217,87.648,9.5,169,Haldia,13.7
2025-09-08 16:29,9192002,21.8914,88.1884,9.7,60,Haldia,13.4
2025-09-09 00:56,9192002,22.0227,88.0172,0.4,211,Haldia,13.7
2025-09-09 13:42,9192002,22.0845,87.9474,0.8,168,Haldia,13.4
2025-09-10 00:39,9192002,22.1203,88.002,0.5,354,Haldia,13.2
2025-09-10 15:25,9192002,21.9171,88.0013,0.3,277,Haldia,13.9
2025-09-11 21:07,9192002,22.0259,88.0474,0.0,23,Haldia,14.0
2025-09-13 05:38,9192002,22.04,88.0606,0.0,105,Haldia,14.2
2025-10-08 09:22,9264511,21.8247,87.9701,9.8,142,Haldia,13.8
2025-10-09 01:22,9264511,21.8738,87.8959,12.4,100,Haldia,13.3
2025-10-09 09:35,9264511,22.0196,87.9931,0.6,202,Haldia,13.9
2025-10-09 23:48,9264511,22.1305,88.1684,0.3,192,Haldia,13.7
2025-10-10 11:10,9264511,21.9262,88.0047,0.5,34,Haldia,13.0
2025-10-10 23:15,9264511,22.1341,88.0104,0.5,28,Haldia,13.9
2025-10-11 11:06,9264511,22.1088,87.9218,0.6,218,Haldia,13.7
2025-10-11 23:18,9264511,21.9193,87.9664,0.3,132,Haldia,13.7
2025-10-12 09:35,9264511,22.0727,87.9378,0.6,130,Haldia,13.7
2025-10-12 23:36,9264511,22.0644,88.1294,0.6,162,Haldia,13.4
2025-10-14 20:58,9264511,22.0407,88.0559,0.0,55,Haldia,13.8
2025-10-16 04:46,9264511,22.0378,88.0792,0.0,260,Haldia,13.4
2025-10-05 08:07,9463594,21.2354,87.6214,12.9,195,Haldia,13.5
2025-10-06 00:07,9463594,21.8665,88.3002,12.4,33,Haldia,13.5
2025-10-06 08:58,9463594,22.1403,88.0533,0.5,217,Haldia,13.8
2025-10-06 22:03,9463594,21.9546,88.0244,0.7,110,Haldia,13.0
2025-10-07 09:54,9463594,22.1647,88.1317,0.4,176,Haldia,13.5
2025-10-07 23:06,9463594,22.0337,88.0415,0.5,183,Haldia,13.2
2025-10-08 08:46,9463594,21.9838,88.0997,0.3,80,Haldia,13.7
2025-10-08 22:11,9463594,21.9356,87.9738,0.6,101,Haldia,13.2
2025-10-09 10:32,9463594,21.9675,88.0792,0.2,85,Haldia,12.7
2025-10-10 14:53,9463594,22.0147,88.0639,0.0,56,Haldia,13.8
2025-10-11 19:56,9463594,22.0399,88.0793,0.0,351,Haldia,13.4
2025-10-29 02:38,9785903,22.27,87.5972,11.3,57,Haldia,13.1
2025-10-29 18:38,9785903,22.0965,87.9049,11.2,222,Haldia,13.4
2025-10-30 03:39,9785903,22.1153,88.0877,0.3,137,Haldia,13.9
2025-10-30 16:59,9785903,22.0936,88.1243,0.3,164,Haldia,13.5
2025-10-31 02:45,9785903,22.0849,87.9426,0.6,33,Haldia,13.9
2025-10-31 17:28,9785903,22.1654,87.9679,0.1,327,Haldia,13.6
2025-11-01 03:09,9785903,22.1609,88.0804,0.5,112,Haldia,14.1
2025-11-01 15:37,9785903,22.1297,88.2085,0.2,133,Haldia,13.2
2025-11-02 05:06,9785903,22.0826,88.1903,0.6,184,Haldia,13.9
2025-11-02 14:55,9785903,21.9492,88.1214,0.0,12,Haldia,14.1
2025-11-04 14:58,9785903,22.0494,88.0499,0.0,188,Haldia,13.9
2025-11-06 00:41,9785903,22.0395,88.0821,0.0,247,Haldia,14.2
