date,port_or_region,fuel_type,price,currency
2020-01-01,Gladstone,IFO380,448.32,USD
2020-01-01,Gladstone,VLSFO,652.97,USD
2020-01-01,Gladstone,MGO,960.82,USD
2020-01-01,Newcastle,IFO380,478.5,USD
2020-01-01,Newcastle,VLSFO,667.85,USD
2020-01-01,Newcastle,MGO,961.91,USD
2020-01-01,Hay Point,IFO380,468.28,USD
2020-01-01,Hay Point,VLSFO,666.07,USD
2020-01-01,Hay Point,MGO,984.94,USD
2020-01-01,Dalrymple Bay,IFO380,477.59,USD
2020-01-01,Dalrymple Bay,VLSFO,683.43,USD
2020-01-01,Dalrymple Bay,MGO,986.58,USD
2020-01-01,Taboneo,IFO380,428.57,USD
2020-01-01,Taboneo,VLSFO,619.26,USD
2020-01-01,Taboneo,MGO,891.59,USD
2020-01-01,Muara Pantai,IFO380,434.81,USD
2020-01-01,Muara Pantai,VLSFO,608.4,USD
2020-01-01,Muara Pantai,MGO,883.22,USD
2020-01-01,Samarinda,IFO380,436.49,USD
2020-01-01,Samarinda,VLSFO,597.03,USD
2020-01-01,Samarinda,MGO,871.63,USD
2020-01-01,Hampton Roads,IFO380,419.81,USD
2020-01-01,Hampton Roads,VLSFO,601.91,USD
2020-01-01,Hampton Roads,MGO,880.43,USD
2020-01-01,Baltimore,IFO380,430.42,USD
2020-01-01,Baltimore,VLSFO,606.58,USD
2020-01-01,Baltimore,MGO,889.03,USD
2020-01-01,New Orleans,IFO380,397.81,USD
2020-01-01,New Orleans,VLSFO,570.87,USD
2020-01-01,New Orleans,MGO,835.5,USD
2020-01-01,Beira,IFO380,493.37,USD
2020-01-01,Beira,VLSFO,711.74,USD
2020-01-01,Beira,MGO,1025.69,USD
2020-01-01,Nacala,IFO380,500.26,USD
2020-01-01,Nacala,VLSFO,714.61,USD
2020-01-01,Nacala,MGO,1033.45,USD
2020-01-01,Baltic,IFO380,457.69,USD
2020-01-01,Baltic,VLSFO,637.72,USD
2020-01-01,Baltic,MGO,938.48,USD
2020-01-01,Black Sea,IFO380,446.59,USD
2020-01-01,Black Sea,VLSFO,635.91,USD
2020-01-01,Black Sea,MGO,932.22,USD
2020-01-01,Far East,IFO380,443.19,USD
2020-01-01,Far East,VLSFO,623.29,USD
2020-01-01,Far East,MGO,900.52,USD
2020-01-31,Gladstone,IFO380,400.67,USD
2020-01-31,Gladstone,VLSFO,567.83,USD
2020-01-31,Gladstone,MGO,817.96,USD
2020-01-31,Newcastle,IFO380,405.34,USD
2020-01-31,Newcastle,VLSFO,575.98,USD
2020-01-31,Newcastle,MGO,839.99,USD
2020-01-31,Hay Point,IFO380,400.9,USD
2020-01-31,Hay Point,VLSFO,567.47,USD
2020-01-31,Hay Point,MGO,832.85,USD
2020-01-31,Dalrymple Bay,IFO380,409.56,USD
2020-01-31,Dalrymple Bay,VLSFO,590.18,USD
2020-01-31,Dalrymple Bay,MGO,845.29,USD
2020-01-31,Taboneo,IFO380,377.38,USD
2020-01-31,Taboneo,VLSFO,535.38,USD
2020-01-31,Taboneo,MGO,787.13,USD
2020-01-31,Muara Pantai,IFO380,396.02,USD
2020-01-31,Muara Pantai,VLSFO,544.01,USD
2020-01-31,Muara Pantai,MGO,791.17,USD
2020-01-31,Samarinda,IFO380,375.36,USD
2020-01-31,Samarinda,VLSFO,549.79,USD
2020-01-31,Samarinda,MGO,778.44,USD
2020-01-31,Hampton Roads,IFO380,355.55,USD
2020-01-31,Hampton Roads,VLSFO,508.0,USD
2020-01-31,Hampton Roads,MGO,744.63,USD
2020-01-31,Baltimore,IFO380,360.48,USD
2020-01-31,Baltimore,VLSFO,514.48,USD
2020-01-31,Baltimore,MGO,748.99,USD
2020-01-31,New Orleans,IFO380,363.35,USD
2020-01-31,New Orleans,VLSFO,513.69,USD
2020-01-31,New Orleans,MGO,745.29,USD
2020-01-31,Beira,IFO380,426.66,USD
2020-01-31,Beira,VLSFO,613.37,USD
2020-01-31,Beira,MGO,902.14,USD
2020-01-31,Nacala,IFO380,426.42,USD
2020-01-31,Nacala,VLSFO,615.69,USD
2020-01-31,Nacala,MGO,889.37,USD
2020-01-31,Baltic,IFO380,389.68,USD
2020-01-31,Baltic,VLSFO,563.29,USD
2020-01-31,Baltic,MGO,825.35,USD
2020-01-31,Black Sea,IFO380,383.99,USD
2020-01-31,Black Sea,VLSFO,554.15,USD
2020-01-31,Black Sea,MGO,799.53,USD
2020-01-31,Far East,IFO380,379.69,USD
2020-01-31,Far East,VLSFO,543.82,USD
2020-01-31,Far East,MGO,792.27,USD
2020-03-01,Gladstone,IFO380,336.9,USD
2020-03-01,Gladstone,VLSFO,488.55,USD
2020-03-01,Gladstone,MGO,709.39,USD
2020-03-01,Newcastle,IFO380,346.72,USD
2020-03-01,Newcastle,VLSFO,495.9,USD
2020-03-01,Newcastle,MGO,716.69,USD
2020-03-01,Hay Point,IFO380,364.61,USD
2020-03-01,Hay Point,VLSFO,524.26,USD
2020-03-01,Hay Point,MGO,753.54,USD
2020-03-01,Dalrymple Bay,IFO380,358.13,USD
2020-03-01,Dalrymple Bay,VLSFO,509.27,USD
2020-03-01,Dalrymple Bay,MGO,732.47,USD
2020-03-01,Taboneo,IFO380,339.22,USD
2020-03-01,Taboneo,VLSFO,484.92,USD
2020-03-01,Taboneo,MGO,690.27,USD
2020-03-01,Muara Pantai,IFO380,327.07,USD
2020-03-01,Muara Pantai,VLSFO,470.57,USD
2020-03-01,Muara Pantai,MGO,675.85,USD
2020-03-01,Samarinda,IFO380,320.91,USD
2020-03-01,Samarinda,VLSFO,468.72,USD
2020-03-01,Samarinda,MGO,681.38,USD
2020-03-01,Hampton Roads,IFO380,313.87,USD
2020-03-01,Hampton Roads,VLSFO,449.16,USD
2020-03-01,Hampton Roads,MGO,660.92,USD
2020-03-01,Baltimore,IFO380,320.6,USD
2020-03-01,Baltimore,VLSFO,455.48,USD
2020-03-01,Baltimore,MGO,654.3,USD
2020-03-01,New Orleans,IFO380,297.87,USD
2020-03-01,New Orleans,VLSFO,440.08,USD
2020-03-01,New Orleans,MGO,648.2,USD
2020-03-01,Beira,IFO380,363.81,USD
2020-03-01,Beira,VLSFO,538.3,USD
2020-03-01,Beira,MGO,767.12,USD
2020-03-01,Nacala,IFO380,388.44,USD
2020-03-01,Nacala,VLSFO,549.97,USD
2020-03-01,Nacala,MGO,800.85,USD
2020-03-01,Baltic,IFO380,356.38,USD
2020-03-01,Baltic,VLSFO,507.46,USD
2020-03-01,Baltic,MGO,737.27,USD
2020-03-01,Black Sea,IFO380,339.08,USD
2020-03-01,Black Sea,VLSFO,491.51,USD
2020-03-01,Black Sea,MGO,717.89,USD
2020-03-01,Far East,IFO380,341.4,USD
2020-03-01,Far East,VLSFO,480.83,USD
2020-03-01,Far East,MGO,681.65,USD
2020-03-31,Gladstone,IFO380,258.68,USD
2020-03-31,Gladstone,VLSFO,351.92,USD
2020-03-31,Gladstone,MGO,518.6,USD
2020-03-31,Newcastle,IFO380,241.27,USD
2020-03-31,Newcastle,VLSFO,351.02,USD
2020-03-31,Newcastle,MGO,506.92,USD
2020-03-31,Hay Point,IFO380,243.9,USD
2020-03-31,Hay Point,VLSFO,347.88,USD
2020-03-31,Hay Point,MGO,506.47,USD
2020-03-31,Dalrymple Bay,IFO380,245.7,USD
2020-03-31,Dalrymple Bay,VLSFO,353.01,USD
2020-03-31,Dalrymple Bay,MGO,512.78,USD
2020-03-31,Taboneo,IFO380,227.34,USD
2020-03-31,Taboneo,VLSFO,337.84,USD
2020-03-31,Taboneo,MGO,476.65,USD
2020-03-31,Muara Pantai,IFO380,236.66,USD
2020-03-31,Muara Pantai,VLSFO,338.36,USD
2020-03-31,Muara Pantai,MGO,490.07,USD
2020-03-31,Samarinda,IFO380,230.85,USD
2020-03-31,Samarinda,VLSFO,325.31,USD
2020-03-31,Samarinda,MGO,478.07,USD
2020-03-31,Hampton Roads,IFO380,226.4,USD
2020-03-31,Hampton Roads,VLSFO,327.53,USD
2020-03-31,Hampton Roads,MGO,452.44,USD
2020-03-31,Baltimore,IFO380,220.94,USD
2020-03-31,Baltimore,VLSFO,322.26,USD
2020-03-31,Baltimore,MGO,476.21,USD
2020-03-31,New Orleans,IFO380,206.33,USD
2020-03-31,New Orleans,VLSFO,300.0,USD
2020-03-31,New Orleans,MGO,442.08,USD
2020-03-31,Beira,IFO380,269.44,USD
2020-03-31,Beira,VLSFO,393.59,USD
2020-03-31,Beira,MGO,565.42,USD
2020-03-31,Nacala,IFO380,276.0,USD
2020-03-31,Nacala,VLSFO,395.95,USD
2020-03-31,Nacala,MGO,571.06,USD
2020-03-31,Baltic,IFO380,236.09,USD
2020-03-31,Baltic,VLSFO,345.89,USD
2020-03-31,Baltic,MGO,494.43,USD
2020-03-31,Black Sea,IFO380,236.6,USD
2020-03-31,Black Sea,VLSFO,341.41,USD
2020-03-31,Black Sea,MGO,496.22,USD
2020-03-31,Far East,IFO380,231.27,USD
2020-03-31,Far East,VLSFO,333.72,USD
2020-03-31,Far East,MGO,476.77,USD
2020-04-30,Gladstone,IFO380,182.93,USD
2020-04-30,Gladstone,VLSFO,256.18,USD
2020-04-30,Gladstone,MGO,381.06,USD
2020-04-30,Newcastle,IFO380,179.54,USD
2020-04-30,Newcastle,VLSFO,244.58,USD
2020-04-30,Newcastle,MGO,364.71,USD
2020-04-30,Hay Point,IFO380,194.3,USD
2020-04-30,Hay Point,VLSFO,275.43,USD
2020-04-30,Hay Point,MGO,394.19,USD
2020-04-30,Dalrymple Bay,IFO380,183.48,USD
2020-04-30,Dalrymple Bay,VLSFO,264.27,USD
2020-04-30,Dalrymple Bay,MGO,378.98,USD
2020-04-30,Taboneo,IFO380,166.87,USD
2020-04-30,Taboneo,VLSFO,226.29,USD
2020-04-30,Taboneo,MGO,343.13,USD
2020-04-30,Muara Pantai,IFO380,172.55,USD
2020-04-30,Muara Pantai,VLSFO,237.88,USD
2020-04-30,Muara Pantai,MGO,355.78,USD
2020-04-30,Samarinda,IFO380,155.67,USD
2020-04-30,Samarinda,VLSFO,227.13,USD
2020-04-30,Samarinda,MGO,320.28,USD
2020-04-30,Hampton Roads,IFO380,161.77,USD
2020-04-30,Hampton Roads,VLSFO,231.93,USD
2020-04-30,Hampton Roads,MGO,327.56,USD
2020-04-30,Baltimore,IFO380,165.14,USD
2020-04-30,Baltimore,VLSFO,231.26,USD
2020-04-30,Baltimore,MGO,318.02,USD
2020-04-30,New Orleans,IFO380,164.06,USD
2020-04-30,New Orleans,VLSFO,224.41,USD
2020-04-30,New Orleans,MGO,335.36,USD
2020-04-30,Beira,IFO380,187.24,USD
2020-04-30,Beira,VLSFO,265.31,USD
2020-04-30,Beira,MGO,399.88,USD
2020-04-30,Nacala,IFO380,170.17,USD
2020-04-30,Nacala,VLSFO,260.69,USD
2020-04-30,Nacala,MGO,381.74,USD
2020-04-30,Baltic,IFO380,173.81,USD
2020-04-30,Baltic,VLSFO,234.23,USD
2020-04-30,Baltic,MGO,342.29,USD
2020-04-30,Black Sea,IFO380,175.33,USD
2020-04-30,Black Sea,VLSFO,240.65,USD
2020-04-30,Black Sea,MGO,346.25,USD
2020-04-30,Far East,IFO380,163.8,USD
2020-04-30,Far East,VLSFO,229.28,USD
2020-04-30,Far East,MGO,337.77,USD
2020-05-30,Gladstone,IFO380,179.75,USD
2020-05-30,Gladstone,VLSFO,251.38,USD
2020-05-30,Gladstone,MGO,363.21,USD
2020-05-30,Newcastle,IFO380,180.6,USD
2020-05-30,Newcastle,VLSFO,256.88,USD
2020-05-30,Newcastle,MGO,362.11,USD
2020-05-30,Hay Point,IFO380,182.7,USD
2020-05-30,Hay Point,VLSFO,263.98,USD
2020-05-30,Hay Point,MGO,381.68,USD
2020-05-30,Dalrymple Bay,IFO380,182.04,USD
2020-05-30,Dalrymple Bay,VLSFO,263.05,USD
2020-05-30,Dalrymple Bay,MGO,375.87,USD
2020-05-30,Taboneo,IFO380,169.17,USD
2020-05-30,Taboneo,VLSFO,244.8,USD
2020-05-30,Taboneo,MGO,344.98,USD
2020-05-30,Muara Pantai,IFO380,164.88,USD
2020-05-30,Muara Pantai,VLSFO,232.25,USD
2020-05-30,Muara Pantai,MGO,349.79,USD
2020-05-30,Samarinda,IFO380,170.27,USD
2020-05-30,Samarinda,VLSFO,244.74,USD
2020-05-30,Samarinda,MGO,359.45,USD
2020-05-30,Hampton Roads,IFO380,172.77,USD
2020-05-30,Hampton Roads,VLSFO,255.01,USD
2020-05-30,Hampton Roads,MGO,366.78,USD
2020-05-30,Baltimore,IFO380,154.24,USD
2020-05-30,Baltimore,VLSFO,222.99,USD
2020-05-30,Baltimore,MGO,318.94,USD
2020-05-30,New Orleans,IFO380,167.53,USD
2020-05-30,New Orleans,VLSFO,238.72,USD
2020-05-30,New Orleans,MGO,341.71,USD
2020-05-30,Beira,IFO380,187.13,USD
2020-05-30,Beira,VLSFO,260.37,USD
2020-05-30,Beira,MGO,388.55,USD
2020-05-30,Nacala,IFO380,212.47,USD
2020-05-30,Nacala,VLSFO,284.42,USD
2020-05-30,Nacala,MGO,399.51,USD
2020-05-30,Baltic,IFO380,194.35,USD
2020-05-30,Baltic,VLSFO,278.6,USD
2020-05-30,Baltic,MGO,405.64,USD
2020-05-30,Black Sea,IFO380,167.37,USD
2020-05-30,Black Sea,VLSFO,249.32,USD
2020-05-30,Black Sea,MGO,350.48,USD
2020-05-30,Far East,IFO380,158.55,USD
2020-05-30,Far East,VLSFO,230.39,USD
2020-05-30,Far East,MGO,339.14,USD
2020-06-29,Gladstone,IFO380,206.86,USD
2020-06-29,Gladstone,VLSFO,302.02,USD
2020-06-29,Gladstone,MGO,436.3,USD
2020-06-29,Newcastle,IFO380,206.83,USD
2020-06-29,Newcastle,VLSFO,312.5,USD
2020-06-29,Newcastle,MGO,434.41,USD
2020-06-29,Hay Point,IFO380,225.77,USD
2020-06-29,Hay Point,VLSFO,312.77,USD
2020-06-29,Hay Point,MGO,457.49,USD
2020-06-29,Dalrymple Bay,IFO380,215.49,USD
2020-06-29,Dalrymple Bay,VLSFO,306.89,USD
2020-06-29,Dalrymple Bay,MGO,439.54,USD
2020-06-29,Taboneo,IFO380,196.39,USD
2020-06-29,Taboneo,VLSFO,288.21,USD
2020-06-29,Taboneo,MGO,417.71,USD
2020-06-29,Muara Pantai,IFO380,190.49,USD
2020-06-29,Muara Pantai,VLSFO,283.04,USD
2020-06-29,Muara Pantai,MGO,398.97,USD
2020-06-29,Samarinda,IFO380,189.91,USD
2020-06-29,Samarinda,VLSFO,277.68,USD
2020-06-29,Samarinda,MGO,400.73,USD
2020-06-29,Hampton Roads,IFO380,182.73,USD
2020-06-29,Hampton Roads,VLSFO,262.0,USD
2020-06-29,Hampton Roads,MGO,388.81,USD
2020-06-29,Baltimore,IFO380,216.13,USD
2020-06-29,Baltimore,VLSFO,303.45,USD
2020-06-29,Baltimore,MGO,439.5,USD
2020-06-29,New Orleans,IFO380,184.17,USD
2020-06-29,New Orleans,VLSFO,260.74,USD
2020-06-29,New Orleans,MGO,391.03,USD
2020-06-29,Beira,IFO380,227.26,USD
2020-06-29,Beira,VLSFO,332.9,USD
2020-06-29,Beira,MGO,479.54,USD
2020-06-29,Nacala,IFO380,236.8,USD
2020-06-29,Nacala,VLSFO,337.13,USD
2020-06-29,Nacala,MGO,492.34,USD
2020-06-29,Baltic,IFO380,215.53,USD
2020-06-29,Baltic,VLSFO,300.13,USD
2020-06-29,Baltic,MGO,434.35,USD
2020-06-29,Black Sea,IFO380,204.08,USD
2020-06-29,Black Sea,VLSFO,297.93,USD
2020-06-29,Black Sea,MGO,439.27,USD
2020-06-29,Far East,IFO380,203.01,USD
2020-06-29,Far East,VLSFO,279.97,USD
2020-06-29,Far East,MGO,407.93,USD
2020-07-29,Gladstone,IFO380,221.06,USD
2020-07-29,Gladstone,VLSFO,309.9,USD
2020-07-29,Gladstone,MGO,446.97,USD
2020-07-29,Newcastle,IFO380,209.52,USD
2020-07-29,Newcastle,VLSFO,304.9,USD
2020-07-29,Newcastle,MGO,447.55,USD
2020-07-29,Hay Point,IFO380,215.38,USD
2020-07-29,Hay Point,VLSFO,307.19,USD
2020-07-29,Hay Point,MGO,452.6,USD
2020-07-29,Dalrymple Bay,IFO380,227.67,USD
2020-07-29,Dalrymple Bay,VLSFO,326.17,USD
2020-07-29,Dalrymple Bay,MGO,478.94,USD
2020-07-29,Taboneo,IFO380,207.62,USD
2020-07-29,Taboneo,VLSFO,298.16,USD
2020-07-29,Taboneo,MGO,432.61,USD
2020-07-29,Muara Pantai,IFO380,196.44,USD
2020-07-29,Muara Pantai,VLSFO,282.31,USD
2020-07-29,Muara Pantai,MGO,416.43,USD
2020-07-29,Samarinda,IFO380,202.28,USD
2020-07-29,Samarinda,VLSFO,299.83,USD
2020-07-29,Samarinda,MGO,434.63,USD
2020-07-29,Hampton Roads,IFO380,194.16,USD
2020-07-29,Hampton Roads,VLSFO,273.76,USD
2020-07-29,Hampton Roads,MGO,405.67,USD
2020-07-29,Baltimore,IFO380,186.49,USD
2020-07-29,Baltimore,VLSFO,275.76,USD
2020-07-29,Baltimore,MGO,404.52,USD
2020-07-29,New Orleans,IFO380,206.79,USD
2020-07-29,New Orleans,VLSFO,303.47,USD
2020-07-29,New Orleans,MGO,421.1,USD
2020-07-29,Beira,IFO380,246.67,USD
2020-07-29,Beira,VLSFO,341.9,USD
2020-07-29,Beira,MGO,501.67,USD
2020-07-29,Nacala,IFO380,232.57,USD
2020-07-29,Nacala,VLSFO,334.98,USD
2020-07-29,Nacala,MGO,490.91,USD
2020-07-29,Baltic,IFO380,212.13,USD
2020-07-29,Baltic,VLSFO,291.97,USD
2020-07-29,Baltic,MGO,421.24,USD
2020-07-29,Black Sea,IFO380,220.88,USD
2020-07-29,Black Sea,VLSFO,324.23,USD
2020-07-29,Black Sea,MGO,448.46,USD
2020-07-29,Far East,IFO380,203.48,USD
2020-07-29,Far East,VLSFO,299.32,USD
2020-07-29,Far East,MGO,421.59,USD
2020-08-28,Gladstone,IFO380,211.27,USD
2020-08-28,Gladstone,VLSFO,313.54,USD
2020-08-28,Gladstone,MGO,463.71,USD
2020-08-28,Newcastle,IFO380,228.49,USD
2020-08-28,Newcastle,VLSFO,311.58,USD
2020-08-28,Newcastle,MGO,459.96,USD
2020-08-28,Hay Point,IFO380,224.33,USD
2020-08-28,Hay Point,VLSFO,318.92,USD
2020-08-28,Hay Point,MGO,463.81,USD
2020-08-28,Dalrymple Bay,IFO380,226.7,USD
2020-08-28,Dalrymple Bay,VLSFO,314.88,USD
2020-08-28,Dalrymple Bay,MGO,457.53,USD
2020-08-28,Taboneo,IFO380,208.52,USD
2020-08-28,Taboneo,VLSFO,307.03,USD
2020-08-28,Taboneo,MGO,444.44,USD
2020-08-28,Muara Pantai,IFO380,207.85,USD
2020-08-28,Muara Pantai,VLSFO,305.53,USD
2020-08-28,Muara Pantai,MGO,439.36,USD
2020-08-28,Samarinda,IFO380,195.57,USD
2020-08-28,Samarinda,VLSFO,285.27,USD
2020-08-28,Samarinda,MGO,408.3,USD
2020-08-28,Hampton Roads,IFO380,209.96,USD
2020-08-28,Hampton Roads,VLSFO,297.89,USD
2020-08-28,Hampton Roads,MGO,414.58,USD
2020-08-28,Baltimore,IFO380,212.55,USD
2020-08-28,Baltimore,VLSFO,304.69,USD
2020-08-28,Baltimore,MGO,436.3,USD
2020-08-28,New Orleans,IFO380,193.49,USD
2020-08-28,New Orleans,VLSFO,290.68,USD
2020-08-28,New Orleans,MGO,427.87,USD
2020-08-28,Beira,IFO380,238.37,USD
2020-08-28,Beira,VLSFO,341.76,USD
2020-08-28,Beira,MGO,500.99,USD
2020-08-28,Nacala,IFO380,254.4,USD
2020-08-28,Nacala,VLSFO,375.25,USD
2020-08-28,Nacala,MGO,529.19,USD
2020-08-28,Baltic,IFO380,235.3,USD
2020-08-28,Baltic,VLSFO,328.01,USD
2020-08-28,Baltic,MGO,476.8,USD
2020-08-28,Black Sea,IFO380,220.26,USD
2020-08-28,Black Sea,VLSFO,317.25,USD
2020-08-28,Black Sea,MGO,466.64,USD
2020-08-28,Far East,IFO380,209.28,USD
2020-08-28,Far East,VLSFO,298.64,USD
2020-08-28,Far East,MGO,438.96,USD
2020-09-27,Gladstone,IFO380,223.63,USD
2020-09-27,Gladstone,VLSFO,331.02,USD
2020-09-27,Gladstone,MGO,486.63,USD
2020-09-27,Newcastle,IFO380,236.92,USD
2020-09-27,Newcastle,VLSFO,339.54,USD
2020-09-27,Newcastle,MGO,487.44,USD
2020-09-27,Hay Point,IFO380,240.21,USD
2020-09-27,Hay Point,VLSFO,348.62,USD
2020-09-27,Hay Point,MGO,507.66,USD
2020-09-27,Dalrymple Bay,IFO380,214.13,USD
2020-09-27,Dalrymple Bay,VLSFO,311.33,USD
2020-09-27,Dalrymple Bay,MGO,458.87,USD
2020-09-27,Taboneo,IFO380,210.72,USD
2020-09-27,Taboneo,VLSFO,314.83,USD
2020-09-27,Taboneo,MGO,441.28,USD
2020-09-27,Muara Pantai,IFO380,208.7,USD
2020-09-27,Muara Pantai,VLSFO,295.96,USD
2020-09-27,Muara Pantai,MGO,432.99,USD
2020-09-27,Samarinda,IFO380,200.04,USD
2020-09-27,Samarinda,VLSFO,296.22,USD
2020-09-27,Samarinda,MGO,423.95,USD
2020-09-27,Hampton Roads,IFO380,202.91,USD
2020-09-27,Hampton Roads,VLSFO,294.19,USD
2020-09-27,Hampton Roads,MGO,427.49,USD
2020-09-27,Baltimore,IFO380,214.12,USD
2020-09-27,Baltimore,VLSFO,292.37,USD
2020-09-27,Baltimore,MGO,434.86,USD
2020-09-27,New Orleans,IFO380,201.17,USD
2020-09-27,New Orleans,VLSFO,293.6,USD
2020-09-27,New Orleans,MGO,425.18,USD
2020-09-27,Beira,IFO380,230.6,USD
2020-09-27,Beira,VLSFO,345.27,USD
2020-09-27,Beira,MGO,497.54,USD
2020-09-27,Nacala,IFO380,249.61,USD
2020-09-27,Nacala,VLSFO,361.61,USD
2020-09-27,Nacala,MGO,510.54,USD
2020-09-27,Baltic,IFO380,230.93,USD
2020-09-27,Baltic,VLSFO,326.71,USD
2020-09-27,Baltic,MGO,470.99,USD
2020-09-27,Black Sea,IFO380,204.01,USD
2020-09-27,Black Sea,VLSFO,308.32,USD
2020-09-27,Black Sea,MGO,447.78,USD
2020-09-27,Far East,IFO380,215.13,USD
2020-09-27,Far East,VLSFO,302.51,USD
2020-09-27,Far East,MGO,437.6,USD
2020-10-27,Gladstone,IFO380,228.37,USD
2020-10-27,Gladstone,VLSFO,334.85,USD
2020-10-27,Gladstone,MGO,484.12,USD
2020-10-27,Newcastle,IFO380,235.47,USD
2020-10-27,Newcastle,VLSFO,332.31,USD
2020-10-27,Newcastle,MGO,471.35,USD
2020-10-27,Hay Point,IFO380,247.23,USD
2020-10-27,Hay Point,VLSFO,362.34,USD
2020-10-27,Hay Point,MGO,508.73,USD
2020-10-27,Dalrymple Bay,IFO380,231.33,USD
2020-10-27,Dalrymple Bay,VLSFO,333.2,USD
2020-10-27,Dalrymple Bay,MGO,471.42,USD
2020-10-27,Taboneo,IFO380,233.66,USD
2020-10-27,Taboneo,VLSFO,322.54,USD
2020-10-27,Taboneo,MGO,466.35,USD
2020-10-27,Muara Pantai,IFO380,213.53,USD
2020-10-27,Muara Pantai,VLSFO,304.62,USD
2020-10-27,Muara Pantai,MGO,442.86,USD
2020-10-27,Samarinda,IFO380,221.56,USD
2020-10-27,Samarinda,VLSFO,320.47,USD
2020-10-27,Samarinda,MGO,463.09,USD
2020-10-27,Hampton Roads,IFO380,217.69,USD
2020-10-27,Hampton Roads,VLSFO,311.35,USD
2020-10-27,Hampton Roads,MGO,448.1,USD
2020-10-27,Baltimore,IFO380,223.12,USD
2020-10-27,Baltimore,VLSFO,322.15,USD
2020-10-27,Baltimore,MGO,460.22,USD
2020-10-27,New Orleans,IFO380,204.93,USD
2020-10-27,New Orleans,VLSFO,293.7,USD
2020-10-27,New Orleans,MGO,425.46,USD
2020-10-27,Beira,IFO380,257.8,USD
2020-10-27,Beira,VLSFO,382.51,USD
2020-10-27,Beira,MGO,547.14,USD
2020-10-27,Nacala,IFO380,257.75,USD
2020-10-27,Nacala,VLSFO,364.66,USD
2020-10-27,Nacala,MGO,529.29,USD
2020-10-27,Baltic,IFO380,235.79,USD
2020-10-27,Baltic,VLSFO,340.26,USD
2020-10-27,Baltic,MGO,493.49,USD
2020-10-27,Black Sea,IFO380,231.43,USD
2020-10-27,Black Sea,VLSFO,329.54,USD
2020-10-27,Black Sea,MGO,461.76,USD
2020-10-27,Far East,IFO380,234.52,USD
2020-10-27,Far East,VLSFO,327.98,USD
2020-10-27,Far East,MGO,476.73,USD
2020-11-26,Gladstone,IFO380,260.99,USD
2020-11-26,Gladstone,VLSFO,377.29,USD
2020-11-26,Gladstone,MGO,553.13,USD
2020-11-26,Newcastle,IFO380,267.9,USD
2020-11-26,Newcastle,VLSFO,376.67,USD
2020-11-26,Newcastle,MGO,543.62,USD
2020-11-26,Hay Point,IFO380,277.18,USD
2020-11-26,Hay Point,VLSFO,396.83,USD
2020-11-26,Hay Point,MGO,577.67,USD
2020-11-26,Dalrymple Bay,IFO380,275.34,USD
2020-11-26,Dalrymple Bay,VLSFO,393.69,USD
2020-11-26,Dalrymple Bay,MGO,562.32,USD
2020-11-26,Taboneo,IFO380,252.39,USD
2020-11-26,Taboneo,VLSFO,349.41,USD
2020-11-26,Taboneo,MGO,503.19,USD
2020-11-26,Muara Pantai,IFO380,244.48,USD
2020-11-26,Muara Pantai,VLSFO,345.7,USD
2020-11-26,Muara Pantai,MGO,499.26,USD
2020-11-26,Samarinda,IFO380,241.24,USD
2020-11-26,Samarinda,VLSFO,351.46,USD
2020-11-26,Samarinda,MGO,505.88,USD
2020-11-26,Hampton Roads,IFO380,246.18,USD
2020-11-26,Hampton Roads,VLSFO,354.41,USD
2020-11-26,Hampton Roads,MGO,512.81,USD
2020-11-26,Baltimore,IFO380,240.93,USD
2020-11-26,Baltimore,VLSFO,344.7,USD
2020-11-26,Baltimore,MGO,506.76,USD
2020-11-26,New Orleans,IFO380,234.53,USD
2020-11-26,New Orleans,VLSFO,340.32,USD
2020-11-26,New Orleans,MGO,497.11,USD
2020-11-26,Beira,IFO380,293.07,USD
2020-11-26,Beira,VLSFO,412.5,USD
2020-11-26,Beira,MGO,605.11,USD
2020-11-26,Nacala,IFO380,289.62,USD
2020-11-26,Nacala,VLSFO,408.72,USD
2020-11-26,Nacala,MGO,588.94,USD
2020-11-26,Baltic,IFO380,246.42,USD
2020-11-26,Baltic,VLSFO,354.35,USD
2020-11-26,Baltic,MGO,516.06,USD
2020-11-26,Black Sea,IFO380,269.56,USD
2020-11-26,Black Sea,VLSFO,381.57,USD
2020-11-26,Black Sea,MGO,549.46,USD
2020-11-26,Far East,IFO380,252.37,USD
2020-11-26,Far East,VLSFO,351.81,USD
2020-11-26,Far East,MGO,512.04,USD
2020-12-26,Gladstone,IFO380,288.97,USD
2020-12-26,Gladstone,VLSFO,403.37,USD
2020-12-26,Gladstone,MGO,588.85,USD
2020-12-26,Newcastle,IFO380,269.81,USD
2020-12-26,Newcastle,VLSFO,391.32,USD
2020-12-26,Newcastle,MGO,573.77,USD
2020-12-26,Hay Point,IFO380,282.2,USD
2020-12-26,Hay Point,VLSFO,404.19,USD
2020-12-26,Hay Point,MGO,596.41,USD
2020-12-26,Dalrymple Bay,IFO380,283.94,USD
2020-12-26,Dalrymple Bay,VLSFO,413.51,USD
2020-12-26,Dalrymple Bay,MGO,611.28,USD
2020-12-26,Taboneo,IFO380,264.93,USD
2020-12-26,Taboneo,VLSFO,377.87,USD
2020-12-26,Taboneo,MGO,550.78,USD
2020-12-26,Muara Pantai,IFO380,242.61,USD
2020-12-26,Muara Pantai,VLSFO,345.03,USD
2020-12-26,Muara Pantai,MGO,521.96,USD
2020-12-26,Samarinda,IFO380,258.39,USD
2020-12-26,Samarinda,VLSFO,372.3,USD
2020-12-26,Samarinda,MGO,544.56,USD
2020-12-26,Hampton Roads,IFO380,248.0,USD
2020-12-26,Hampton Roads,VLSFO,367.37,USD
2020-12-26,Hampton Roads,MGO,536.63,USD
2020-12-26,Baltimore,IFO380,256.32,USD
2020-12-26,Baltimore,VLSFO,360.57,USD
2020-12-26,Baltimore,MGO,538.43,USD
2020-12-26,New Orleans,IFO380,240.5,USD
2020-12-26,New Orleans,VLSFO,347.22,USD
2020-12-26,New Orleans,MGO,504.11,USD
2020-12-26,Beira,IFO380,300.83,USD
2020-12-26,Beira,VLSFO,440.48,USD
2020-12-26,Beira,MGO,632.08,USD
2020-12-26,Nacala,IFO380,308.62,USD
2020-12-26,Nacala,VLSFO,435.61,USD
2020-12-26,Nacala,MGO,619.46,USD
2020-12-26,Baltic,IFO380,286.51,USD
2020-12-26,Baltic,VLSFO,407.55,USD
2020-12-26,Baltic,MGO,603.92,USD
2020-12-26,Black Sea,IFO380,285.34,USD
2020-12-26,Black Sea,VLSFO,412.67,USD
2020-12-26,Black Sea,MGO,592.13,USD
2020-12-26,Far East,IFO380,263.92,USD
2020-12-26,Far East,VLSFO,384.19,USD
2020-12-26,Far East,MGO,551.19,USD
2021-01-25,Gladstone,IFO380,271.45,USD
2021-01-25,Gladstone,VLSFO,388.35,USD
2021-01-25,Gladstone,MGO,558.66,USD
2021-01-25,Newcastle,IFO380,278.56,USD
2021-01-25,Newcastle,VLSFO,388.79,USD
2021-01-25,Newcastle,MGO,570.92,USD
2021-01-25,Hay Point,IFO380,282.71,USD
2021-01-25,Hay Point,VLSFO,398.03,USD
2021-01-25,Hay Point,MGO,577.54,USD
2021-01-25,Dalrymple Bay,IFO380,271.76,USD
2021-01-25,Dalrymple Bay,VLSFO,371.08,USD
2021-01-25,Dalrymple Bay,MGO,555.17,USD
2021-01-25,Taboneo,IFO380,247.78,USD
2021-01-25,Taboneo,VLSFO,364.01,USD
2021-01-25,Taboneo,MGO,514.36,USD
2021-01-25,Muara Pantai,IFO380,254.87,USD
2021-01-25,Muara Pantai,VLSFO,365.07,USD
2021-01-25,Muara Pantai,MGO,527.81,USD
2021-01-25,Samarinda,IFO380,257.47,USD
2021-01-25,Samarinda,VLSFO,371.67,USD
2021-01-25,Samarinda,MGO,520.7,USD
2021-01-25,Hampton Roads,IFO380,239.31,USD
2021-01-25,Hampton Roads,VLSFO,342.24,USD
2021-01-25,Hampton Roads,MGO,500.77,USD
2021-01-25,Baltimore,IFO380,255.74,USD
2021-01-25,Baltimore,VLSFO,350.14,USD
2021-01-25,Baltimore,MGO,515.42,USD
2021-01-25,New Orleans,IFO380,243.47,USD
2021-01-25,New Orleans,VLSFO,353.16,USD
2021-01-25,New Orleans,MGO,505.77,USD
2021-01-25,Beira,IFO380,297.79,USD
2021-01-25,Beira,VLSFO,422.76,USD
2021-01-25,Beira,MGO,607.68,USD
2021-01-25,Nacala,IFO380,305.12,USD
2021-01-25,Nacala,VLSFO,440.23,USD
2021-01-25,Nacala,MGO,621.51,USD
2021-01-25,Baltic,IFO380,283.58,USD
2021-01-25,Baltic,VLSFO,397.42,USD
2021-01-25,Baltic,MGO,568.65,USD
2021-01-25,Black Sea,IFO380,276.05,USD
2021-01-25,Black Sea,VLSFO,389.89,USD
2021-01-25,Black Sea,MGO,564.43,USD
2021-01-25,Far East,IFO380,259.92,USD
2021-01-25,Far East,VLSFO,374.4,USD
2021-01-25,Far East,MGO,553.3,USD
2021-02-24,Gladstone,IFO380,303.76,USD
2021-02-24,Gladstone,VLSFO,423.85,USD
2021-02-24,Gladstone,MGO,620.28,USD
2021-02-24,Newcastle,IFO380,298.25,USD
2021-02-24,Newcastle,VLSFO,425.5,USD
2021-02-24,Newcastle,MGO,624.56,USD
2021-02-24,Hay Point,IFO380,293.55,USD
2021-02-24,Hay Point,VLSFO,430.95,USD
2021-02-24,Hay Point,MGO,627.22,USD
2021-02-24,Dalrymple Bay,IFO380,280.77,USD
2021-02-24,Dalrymple Bay,VLSFO,410.73,USD
2021-02-24,Dalrymple Bay,MGO,599.98,USD
2021-02-24,Taboneo,IFO380,276.9,USD
2021-02-24,Taboneo,VLSFO,387.59,USD
2021-02-24,Taboneo,MGO,577.06,USD
2021-02-24,Muara Pantai,IFO380,283.6,USD
2021-02-24,Muara Pantai,VLSFO,400.01,USD
2021-02-24,Muara Pantai,MGO,579.49,USD
2021-02-24,Samarinda,IFO380,273.57,USD
2021-02-24,Samarinda,VLSFO,390.74,USD
2021-02-24,Samarinda,MGO,561.66,USD
2021-02-24,Hampton Roads,IFO380,262.25,USD
2021-02-24,Hampton Roads,VLSFO,374.85,USD
2021-02-24,Hampton Roads,MGO,542.94,USD
2021-02-24,Baltimore,IFO380,263.81,USD
2021-02-24,Baltimore,VLSFO,365.46,USD
2021-02-24,Baltimore,MGO,536.19,USD
2021-02-24,New Orleans,IFO380,262.23,USD
2021-02-24,New Orleans,VLSFO,369.52,USD
2021-02-24,New Orleans,MGO,542.64,USD
2021-02-24,Beira,IFO380,313.08,USD
2021-02-24,Beira,VLSFO,447.45,USD
2021-02-24,Beira,MGO,645.42,USD
2021-02-24,Nacala,IFO380,315.59,USD
2021-02-24,Nacala,VLSFO,452.83,USD
2021-02-24,Nacala,MGO,666.08,USD
2021-02-24,Baltic,IFO380,278.91,USD
2021-02-24,Baltic,VLSFO,398.92,USD
2021-02-24,Baltic,MGO,587.54,USD
2021-02-24,Black Sea,IFO380,290.98,USD
2021-02-24,Black Sea,VLSFO,415.42,USD
2021-02-24,Black Sea,MGO,612.11,USD
2021-02-24,Far East,IFO380,271.1,USD
2021-02-24,Far East,VLSFO,396.57,USD
2021-02-24,Far East,MGO,579.66,USD
2021-03-26,Gladstone,IFO380,302.27,USD
2021-03-26,Gladstone,VLSFO,409.62,USD
2021-03-26,Gladstone,MGO,598.33,USD
2021-03-26,Newcastle,IFO380,290.26,USD
2021-03-26,Newcastle,VLSFO,409.73,USD
2021-03-26,Newcastle,MGO,596.57,USD
2021-03-26,Hay Point,IFO380,301.88,USD
2021-03-26,Hay Point,VLSFO,429.53,USD
2021-03-26,Hay Point,MGO,619.47,USD
2021-03-26,Dalrymple Bay,IFO380,296.52,USD
2021-03-26,Dalrymple Bay,VLSFO,421.28,USD
2021-03-26,Dalrymple Bay,MGO,605.08,USD
2021-03-26,Taboneo,IFO380,270.82,USD
2021-03-26,Taboneo,VLSFO,380.92,USD
2021-03-26,Taboneo,MGO,553.32,USD
2021-03-26,Muara Pantai,IFO380,273.15,USD
2021-03-26,Muara Pantai,VLSFO,390.91,USD
2021-03-26,Muara Pantai,MGO,577.02,USD
2021-03-26,Samarinda,IFO380,260.21,USD
2021-03-26,Samarinda,VLSFO,380.81,USD
2021-03-26,Samarinda,MGO,556.3,USD
2021-03-26,Hampton Roads,IFO380,275.11,USD
2021-03-26,Hampton Roads,VLSFO,395.12,USD
2021-03-26,Hampton Roads,MGO,561.51,USD
2021-03-26,Baltimore,IFO380,262.97,USD
2021-03-26,Baltimore,VLSFO,393.57,USD
2021-03-26,Baltimore,MGO,568.96,USD
2021-03-26,New Orleans,IFO380,273.19,USD
2021-03-26,New Orleans,VLSFO,391.32,USD
2021-03-26,New Orleans,MGO,562.51,USD
2021-03-26,Beira,IFO380,314.74,USD
2021-03-26,Beira,VLSFO,452.48,USD
2021-03-26,Beira,MGO,642.62,USD
2021-03-26,Nacala,IFO380,332.28,USD
2021-03-26,Nacala,VLSFO,457.32,USD
2021-03-26,Nacala,MGO,660.22,USD
2021-03-26,Baltic,IFO380,275.73,USD
2021-03-26,Baltic,VLSFO,412.3,USD
2021-03-26,Baltic,MGO,590.33,USD
2021-03-26,Black Sea,IFO380,274.66,USD
2021-03-26,Black Sea,VLSFO,408.12,USD
2021-03-26,Black Sea,MGO,584.29,USD
2021-03-26,Far East,IFO380,281.3,USD
2021-03-26,Far East,VLSFO,407.23,USD
2021-03-26,Far East,MGO,577.09,USD
2021-04-25,Gladstone,IFO380,320.55,USD
2021-04-25,Gladstone,VLSFO,450.49,USD
2021-04-25,Gladstone,MGO,661.39,USD
2021-04-25,Newcastle,IFO380,297.06,USD
2021-04-25,Newcastle,VLSFO,427.73,USD
2021-04-25,Newcastle,MGO,621.84,USD
2021-04-25,Hay Point,IFO380,322.05,USD
2021-04-25,Hay Point,VLSFO,445.69,USD
2021-04-25,Hay Point,MGO,657.17,USD
2021-04-25,Dalrymple Bay,IFO380,310.82,USD
2021-04-25,Dalrymple Bay,VLSFO,441.67,USD
2021-04-25,Dalrymple Bay,MGO,644.72,USD
2021-04-25,Taboneo,IFO380,295.41,USD
2021-04-25,Taboneo,VLSFO,421.35,USD
2021-04-25,Taboneo,MGO,625.79,USD
2021-04-25,Muara Pantai,IFO380,289.37,USD
2021-04-25,Muara Pantai,VLSFO,415.95,USD
2021-04-25,Muara Pantai,MGO,590.03,USD
2021-04-25,Samarinda,IFO380,287.24,USD
2021-04-25,Samarinda,VLSFO,396.62,USD
2021-04-25,Samarinda,MGO,579.18,USD
2021-04-25,Hampton Roads,IFO380,289.72,USD
2021-04-25,Hampton Roads,VLSFO,407.04,USD
2021-04-25,Hampton Roads,MGO,588.73,USD
2021-04-25,Baltimore,IFO380,283.13,USD
2021-04-25,Baltimore,VLSFO,394.56,USD
2021-04-25,Baltimore,MGO,580.08,USD
2021-04-25,New Orleans,IFO380,278.84,USD
2021-04-25,New Orleans,VLSFO,395.07,USD
2021-04-25,New Orleans,MGO,562.77,USD
2021-04-25,Beira,IFO380,343.34,USD
2021-04-25,Beira,VLSFO,484.51,USD
2021-04-25,Beira,MGO,696.3,USD
2021-04-25,Nacala,IFO380,328.1,USD
2021-04-25,Nacala,VLSFO,472.8,USD
2021-04-25,Nacala,MGO,681.0,USD
2021-04-25,Baltic,IFO380,284.39,USD
2021-04-25,Baltic,VLSFO,417.98,USD
2021-04-25,Baltic,MGO,611.56,USD
2021-04-25,Black Sea,IFO380,316.66,USD
2021-04-25,Black Sea,VLSFO,441.17,USD
2021-04-25,Black Sea,MGO,639.55,USD
2021-04-25,Far East,IFO380,302.5,USD
2021-04-25,Far East,VLSFO,442.16,USD
2021-04-25,Far East,MGO,638.83,USD
2021-05-25,Gladstone,IFO380,319.85,USD
2021-05-25,Gladstone,VLSFO,453.97,USD
2021-05-25,Gladstone,MGO,656.96,USD
2021-05-25,Newcastle,IFO380,317.51,USD
2021-05-25,Newcastle,VLSFO,454.81,USD
2021-05-25,Newcastle,MGO,657.53,USD
2021-05-25,Hay Point,IFO380,316.65,USD
2021-05-25,Hay Point,VLSFO,463.07,USD
2021-05-25,Hay Point,MGO,668.16,USD
2021-05-25,Dalrymple Bay,IFO380,320.28,USD
2021-05-25,Dalrymple Bay,VLSFO,467.51,USD
2021-05-25,Dalrymple Bay,MGO,677.57,USD
2021-05-25,Taboneo,IFO380,310.06,USD
2021-05-25,Taboneo,VLSFO,435.84,USD
2021-05-25,Taboneo,MGO,642.47,USD
2021-05-25,Muara Pantai,IFO380,287.94,USD
2021-05-25,Muara Pantai,VLSFO,414.22,USD
2021-05-25,Muara Pantai,MGO,592.71,USD
2021-05-25,Samarinda,IFO380,289.84,USD
2021-05-25,Samarinda,VLSFO,406.51,USD
2021-05-25,Samarinda,MGO,590.79,USD
2021-05-25,Hampton Roads,IFO380,276.94,USD
2021-05-25,Hampton Roads,VLSFO,398.41,USD
2021-05-25,Hampton Roads,MGO,581.99,USD
2021-05-25,Baltimore,IFO380,294.39,USD
2021-05-25,Baltimore,VLSFO,422.55,USD
2021-05-25,Baltimore,MGO,615.63,USD
2021-05-25,New Orleans,IFO380,278.31,USD
2021-05-25,New Orleans,VLSFO,399.91,USD
2021-05-25,New Orleans,MGO,573.48,USD
2021-05-25,Beira,IFO380,356.02,USD
2021-05-25,Beira,VLSFO,492.31,USD
2021-05-25,Beira,MGO,719.69,USD
2021-05-25,Nacala,IFO380,340.07,USD
2021-05-25,Nacala,VLSFO,499.69,USD
2021-05-25,Nacala,MGO,717.41,USD
2021-05-25,Baltic,IFO380,316.05,USD
2021-05-25,Baltic,VLSFO,452.69,USD
2021-05-25,Baltic,MGO,654.97,USD
2021-05-25,Black Sea,IFO380,320.35,USD
2021-05-25,Black Sea,VLSFO,454.67,USD
2021-05-25,Black Sea,MGO,663.73,USD
2021-05-25,Far East,IFO380,306.81,USD
2021-05-25,Far East,VLSFO,434.06,USD
2021-05-25,Far East,MGO,629.2,USD
2021-06-24,Gladstone,IFO380,303.65,USD
2021-06-24,Gladstone,VLSFO,432.98,USD
2021-06-24,Gladstone,MGO,637.47,USD
2021-06-24,Newcastle,IFO380,321.49,USD
2021-06-24,Newcastle,VLSFO,443.4,USD
2021-06-24,Newcastle,MGO,646.0,USD
2021-06-24,Hay Point,IFO380,325.75,USD
2021-06-24,Hay Point,VLSFO,469.08,USD
2021-06-24,Hay Point,MGO,679.0,USD
2021-06-24,Dalrymple Bay,IFO380,310.28,USD
2021-06-24,Dalrymple Bay,VLSFO,451.89,USD
2021-06-24,Dalrymple Bay,MGO,650.43,USD
2021-06-24,Taboneo,IFO380,305.76,USD
2021-06-24,Taboneo,VLSFO,431.13,USD
2021-06-24,Taboneo,MGO,632.58,USD
2021-06-24,Muara Pantai,IFO380,290.73,USD
2021-06-24,Muara Pantai,VLSFO,418.68,USD
2021-06-24,Muara Pantai,MGO,613.68,USD
2021-06-24,Samarinda,IFO380,290.1,USD
2021-06-24,Samarinda,VLSFO,420.33,USD
2021-06-24,Samarinda,MGO,607.94,USD
2021-06-24,Hampton Roads,IFO380,282.04,USD
2021-06-24,Hampton Roads,VLSFO,404.63,USD
2021-06-24,Hampton Roads,MGO,586.6,USD
2021-06-24,Baltimore,IFO380,284.33,USD
2021-06-24,Baltimore,VLSFO,403.08,USD
2021-06-24,Baltimore,MGO,583.16,USD
2021-06-24,New Orleans,IFO380,265.32,USD
2021-06-24,New Orleans,VLSFO,385.51,USD
2021-06-24,New Orleans,MGO,555.68,USD
2021-06-24,Beira,IFO380,334.29,USD
2021-06-24,Beira,VLSFO,481.83,USD
2021-06-24,Beira,MGO,692.9,USD
2021-06-24,Nacala,IFO380,339.14,USD
2021-06-24,Nacala,VLSFO,496.28,USD
2021-06-24,Nacala,MGO,722.8,USD
2021-06-24,Baltic,IFO380,305.83,USD
2021-06-24,Baltic,VLSFO,429.42,USD
2021-06-24,Baltic,MGO,623.5,USD
2021-06-24,Black Sea,IFO380,304.83,USD
2021-06-24,Black Sea,VLSFO,439.12,USD
2021-06-24,Black Sea,MGO,631.3,USD
2021-06-24,Far East,IFO380,295.95,USD
2021-06-24,Far East,VLSFO,422.44,USD
2021-06-24,Far East,MGO,612.41,USD
2021-07-24,Gladstone,IFO380,324.77,USD
2021-07-24,Gladstone,VLSFO,459.46,USD
2021-07-24,Gladstone,MGO,661.06,USD
2021-07-24,Newcastle,IFO380,337.14,USD
2021-07-24,Newcastle,VLSFO,466.53,USD
2021-07-24,Newcastle,MGO,679.61,USD
2021-07-24,Hay Point,IFO380,337.7,USD
2021-07-24,Hay Point,VLSFO,489.87,USD
2021-07-24,Hay Point,MGO,700.4,USD
2021-07-24,Dalrymple Bay,IFO380,334.62,USD
2021-07-24,Dalrymple Bay,VLSFO,477.56,USD
2021-07-24,Dalrymple Bay,MGO,699.16,USD
2021-07-24,Taboneo,IFO380,302.17,USD
2021-07-24,Taboneo,VLSFO,440.33,USD
2021-07-24,Taboneo,MGO,634.07,USD
2021-07-24,Muara Pantai,IFO380,314.68,USD
2021-07-24,Muara Pantai,VLSFO,453.49,USD
2021-07-24,Muara Pantai,MGO,657.8,USD
2021-07-24,Samarinda,IFO380,305.34,USD
2021-07-24,Samarinda,VLSFO,435.6,USD
2021-07-24,Samarinda,MGO,626.17,USD
2021-07-24,Hampton Roads,IFO380,307.59,USD
2021-07-24,Hampton Roads,VLSFO,430.32,USD
2021-07-24,Hampton Roads,MGO,638.29,USD
2021-07-24,Baltimore,IFO380,289.18,USD
2021-07-24,Baltimore,VLSFO,408.35,USD
2021-07-24,Baltimore,MGO,587.42,USD
2021-07-24,New Orleans,IFO380,283.09,USD
2021-07-24,New Orleans,VLSFO,415.65,USD
2021-07-24,New Orleans,MGO,599.21,USD
2021-07-24,Beira,IFO380,342.33,USD
2021-07-24,Beira,VLSFO,497.75,USD
2021-07-24,Beira,MGO,735.33,USD
2021-07-24,Nacala,IFO380,365.13,USD
2021-07-24,Nacala,VLSFO,521.05,USD
2021-07-24,Nacala,MGO,750.63,USD
2021-07-24,Baltic,IFO380,331.67,USD
2021-07-24,Baltic,VLSFO,474.17,USD
2021-07-24,Baltic,MGO,687.3,USD
2021-07-24,Black Sea,IFO380,314.73,USD
2021-07-24,Black Sea,VLSFO,453.89,USD
2021-07-24,Black Sea,MGO,670.29,USD
2021-07-24,Far East,IFO380,315.72,USD
2021-07-24,Far East,VLSFO,458.67,USD
2021-07-24,Far East,MGO,668.72,USD
2021-08-23,Gladstone,IFO380,339.74,USD
2021-08-23,Gladstone,VLSFO,482.37,USD
2021-08-23,Gladstone,MGO,700.22,USD
2021-08-23,Newcastle,IFO380,326.46,USD
2021-08-23,Newcastle,VLSFO,461.38,USD
2021-08-23,Newcastle,MGO,670.57,USD
2021-08-23,Hay Point,IFO380,346.23,USD
2021-08-23,Hay Point,VLSFO,492.73,USD
2021-08-23,Hay Point,MGO,693.4,USD
2021-08-23,Dalrymple Bay,IFO380,338.52,USD
2021-08-23,Dalrymple Bay,VLSFO,495.16,USD
2021-08-23,Dalrymple Bay,MGO,731.77,USD
2021-08-23,Taboneo,IFO380,320.17,USD
2021-08-23,Taboneo,VLSFO,455.23,USD
2021-08-23,Taboneo,MGO,649.39,USD
2021-08-23,Muara Pantai,IFO380,315.61,USD
2021-08-23,Muara Pantai,VLSFO,451.53,USD
2021-08-23,Muara Pantai,MGO,656.05,USD
2021-08-23,Samarinda,IFO380,301.03,USD
2021-08-23,Samarinda,VLSFO,429.72,USD
2021-08-23,Samarinda,MGO,627.98,USD
2021-08-23,Hampton Roads,IFO380,291.47,USD
2021-08-23,Hampton Roads,VLSFO,427.16,USD
2021-08-23,Hampton Roads,MGO,616.15,USD
2021-08-23,Baltimore,IFO380,311.1,USD
2021-08-23,Baltimore,VLSFO,425.79,USD
2021-08-23,Baltimore,MGO,622.65,USD
2021-08-23,New Orleans,IFO380,301.7,USD
2021-08-23,New Orleans,VLSFO,424.59,USD
2021-08-23,New Orleans,MGO,638.66,USD
2021-08-23,Beira,IFO380,381.56,USD
2021-08-23,Beira,VLSFO,533.12,USD
2021-08-23,Beira,MGO,788.79,USD
2021-08-23,Nacala,IFO380,368.19,USD
2021-08-23,Nacala,VLSFO,519.3,USD
2021-08-23,Nacala,MGO,748.03,USD
2021-08-23,Baltic,IFO380,325.14,USD
2021-08-23,Baltic,VLSFO,469.1,USD
2021-08-23,Baltic,MGO,669.06,USD
2021-08-23,Black Sea,IFO380,319.17,USD
2021-08-23,Black Sea,VLSFO,459.56,USD
2021-08-23,Black Sea,MGO,665.91,USD
2021-08-23,Far East,IFO380,314.57,USD
2021-08-23,Far East,VLSFO,451.09,USD
2021-08-23,Far East,MGO,650.66,USD
2021-09-22,Gladstone,IFO380,339.47,USD
2021-09-22,Gladstone,VLSFO,484.53,USD
2021-09-22,Gladstone,MGO,701.19,USD
2021-09-22,Newcastle,IFO380,346.12,USD
2021-09-22,Newcastle,VLSFO,493.15,USD
2021-09-22,Newcastle,MGO,722.38,USD
2021-09-22,Hay Point,IFO380,350.12,USD
2021-09-22,Hay Point,VLSFO,495.53,USD
2021-09-22,Hay Point,MGO,715.23,USD
2021-09-22,Dalrymple Bay,IFO380,360.61,USD
2021-09-22,Dalrymple Bay,VLSFO,514.94,USD
2021-09-22,Dalrymple Bay,MGO,750.44,USD
2021-09-22,Taboneo,IFO380,328.88,USD
2021-09-22,Taboneo,VLSFO,465.01,USD
2021-09-22,Taboneo,MGO,686.9,USD
2021-09-22,Muara Pantai,IFO380,314.84,USD
2021-09-22,Muara Pantai,VLSFO,461.27,USD
2021-09-22,Muara Pantai,MGO,656.49,USD
2021-09-22,Samarinda,IFO380,324.09,USD
2021-09-22,Samarinda,VLSFO,457.46,USD
2021-09-22,Samarinda,MGO,658.91,USD
2021-09-22,Hampton Roads,IFO380,321.04,USD
2021-09-22,Hampton Roads,VLSFO,468.81,USD
2021-09-22,Hampton Roads,MGO,679.09,USD
2021-09-22,Baltimore,IFO380,322.23,USD
2021-09-22,Baltimore,VLSFO,467.97,USD
2021-09-22,Baltimore,MGO,676.25,USD
2021-09-22,New Orleans,IFO380,299.94,USD
2021-09-22,New Orleans,VLSFO,427.85,USD
2021-09-22,New Orleans,MGO,624.36,USD
2021-09-22,Beira,IFO380,373.42,USD
2021-09-22,Beira,VLSFO,540.66,USD
2021-09-22,Beira,MGO,788.2,USD
2021-09-22,Nacala,IFO380,387.79,USD
2021-09-22,Nacala,VLSFO,545.63,USD
2021-09-22,Nacala,MGO,794.43,USD
2021-09-22,Baltic,IFO380,355.41,USD
2021-09-22,Baltic,VLSFO,501.94,USD
2021-09-22,Baltic,MGO,734.74,USD
2021-09-22,Black Sea,IFO380,332.29,USD
2021-09-22,Black Sea,VLSFO,477.66,USD
2021-09-22,Black Sea,MGO,702.95,USD
2021-09-22,Far East,IFO380,332.31,USD
2021-09-22,Far East,VLSFO,476.54,USD
2021-09-22,Far East,MGO,691.25,USD
2021-10-22,Gladstone,IFO380,359.47,USD
2021-10-22,Gladstone,VLSFO,517.2,USD
2021-10-22,Gladstone,MGO,743.89,USD
2021-10-22,Newcastle,IFO380,373.03,USD
2021-10-22,Newcastle,VLSFO,512.85,USD
2021-10-22,Newcastle,MGO,748.2,USD
2021-10-22,Hay Point,IFO380,371.25,USD
2021-10-22,Hay Point,VLSFO,525.38,USD
2021-10-22,Hay Point,MGO,765.38,USD
2021-10-22,Dalrymple Bay,IFO380,374.37,USD
2021-10-22,Dalrymple Bay,VLSFO,530.37,USD
2021-10-22,Dalrymple Bay,MGO,773.88,USD
2021-10-22,Taboneo,IFO380,342.16,USD
2021-10-22,Taboneo,VLSFO,493.89,USD
2021-10-22,Taboneo,MGO,715.99,USD
2021-10-22,Muara Pantai,IFO380,342.36,USD
2021-10-22,Muara Pantai,VLSFO,477.06,USD
2021-10-22,Muara Pantai,MGO,694.98,USD
2021-10-22,Samarinda,IFO380,327.55,USD
2021-10-22,Samarinda,VLSFO,483.36,USD
2021-10-22,Samarinda,MGO,711.63,USD
2021-10-22,Hampton Roads,IFO380,334.77,USD
2021-10-22,Hampton Roads,VLSFO,474.05,USD
2021-10-22,Hampton Roads,MGO,693.82,USD
2021-10-22,Baltimore,IFO380,342.41,USD
2021-10-22,Baltimore,VLSFO,489.11,USD
2021-10-22,Baltimore,MGO,705.14,USD
2021-10-22,New Orleans,IFO380,322.34,USD
2021-10-22,New Orleans,VLSFO,466.68,USD
2021-10-22,New Orleans,MGO,669.81,USD
2021-10-22,Beira,IFO380,397.84,USD
2021-10-22,Beira,VLSFO,579.8,USD
2021-10-22,Beira,MGO,841.38,USD
2021-10-22,Nacala,IFO380,396.17,USD
2021-10-22,Nacala,VLSFO,572.24,USD
2021-10-22,Nacala,MGO,823.65,USD
2021-10-22,Baltic,IFO380,370.99,USD
2021-10-22,Baltic,VLSFO,524.37,USD
2021-10-22,Baltic,MGO,766.59,USD
2021-10-22,Black Sea,IFO380,379.34,USD
2021-10-22,Black Sea,VLSFO,531.26,USD
2021-10-22,Black Sea,MGO,764.16,USD
2021-10-22,Far East,IFO380,359.14,USD
2021-10-22,Far East,VLSFO,512.49,USD
2021-10-22,Far East,MGO,737.9,USD
2021-11-21,Gladstone,IFO380,381.51,USD
2021-11-21,Gladstone,VLSFO,547.02,USD
2021-11-21,Gladstone,MGO,793.74,USD
2021-11-21,Newcastle,IFO380,363.82,USD
2021-11-21,Newcastle,VLSFO,519.67,USD
2021-11-21,Newcastle,MGO,755.89,USD
2021-11-21,Hay Point,IFO380,374.25,USD
2021-11-21,Hay Point,VLSFO,531.29,USD
2021-11-21,Hay Point,MGO,767.2,USD
2021-11-21,Dalrymple Bay,IFO380,381.8,USD
2021-11-21,Dalrymple Bay,VLSFO,553.81,USD
2021-11-21,Dalrymple Bay,MGO,794.41,USD
2021-11-21,Taboneo,IFO380,342.32,USD
2021-11-21,Taboneo,VLSFO,491.15,USD
2021-11-21,Taboneo,MGO,713.67,USD
2021-11-21,Muara Pantai,IFO380,335.71,USD
2021-11-21,Muara Pantai,VLSFO,492.63,USD
2021-11-21,Muara Pantai,MGO,709.38,USD
2021-11-21,Samarinda,IFO380,328.73,USD
2021-11-21,Samarinda,VLSFO,475.12,USD
2021-11-21,Samarinda,MGO,695.16,USD
2021-11-21,Hampton Roads,IFO380,336.01,USD
2021-11-21,Hampton Roads,VLSFO,476.95,USD
2021-11-21,Hampton Roads,MGO,695.21,USD
2021-11-21,Baltimore,IFO380,340.73,USD
2021-11-21,Baltimore,VLSFO,487.96,USD
2021-11-21,Baltimore,MGO,706.6,USD
2021-11-21,New Orleans,IFO380,341.88,USD
2021-11-21,New Orleans,VLSFO,482.34,USD
2021-11-21,New Orleans,MGO,708.12,USD
2021-11-21,Beira,IFO380,393.64,USD
2021-11-21,Beira,VLSFO,557.02,USD
2021-11-21,Beira,MGO,796.94,USD
2021-11-21,Nacala,IFO380,393.32,USD
2021-11-21,Nacala,VLSFO,580.92,USD
2021-11-21,Nacala,MGO,837.24,USD
2021-11-21,Baltic,IFO380,363.78,USD
2021-11-21,Baltic,VLSFO,523.49,USD
2021-11-21,Baltic,MGO,759.61,USD
2021-11-21,Black Sea,IFO380,367.07,USD
2021-11-21,Black Sea,VLSFO,521.85,USD
2021-11-21,Black Sea,MGO,753.08,USD
2021-11-21,Far East,IFO380,340.29,USD
2021-11-21,Far East,VLSFO,491.82,USD
2021-11-21,Far East,MGO,732.09,USD
2021-12-21,Gladstone,IFO380,396.1,USD
2021-12-21,Gladstone,VLSFO,555.53,USD
2021-12-21,Gladstone,MGO,810.74,USD
2021-12-21,Newcastle,IFO380,384.01,USD
2021-12-21,Newcastle,VLSFO,541.12,USD
2021-12-21,Newcastle,MGO,790.87,USD
2021-12-21,Hay Point,IFO380,379.86,USD
2021-12-21,Hay Point,VLSFO,548.15,USD
2021-12-21,Hay Point,MGO,789.61,USD
2021-12-21,Dalrymple Bay,IFO380,389.32,USD
2021-12-21,Dalrymple Bay,VLSFO,564.23,USD
2021-12-21,Dalrymple Bay,MGO,813.3,USD
2021-12-21,Taboneo,IFO380,356.52,USD
2021-12-21,Taboneo,VLSFO,512.89,USD
2021-12-21,Taboneo,MGO,739.68,USD
2021-12-21,Muara Pantai,IFO380,351.86,USD
2021-12-21,Muara Pantai,VLSFO,510.8,USD
2021-12-21,Muara Pantai,MGO,737.2,USD
2021-12-21,Samarinda,IFO380,358.39,USD
2021-12-21,Samarinda,VLSFO,512.39,USD
2021-12-21,Samarinda,MGO,740.13,USD
2021-12-21,Hampton Roads,IFO380,361.83,USD
2021-12-21,Hampton Roads,VLSFO,501.61,USD
2021-12-21,Hampton Roads,MGO,723.85,USD
2021-12-21,Baltimore,IFO380,362.57,USD
2021-12-21,Baltimore,VLSFO,508.83,USD
2021-12-21,Baltimore,MGO,749.74,USD
2021-12-21,New Orleans,IFO380,350.56,USD
2021-12-21,New Orleans,VLSFO,509.95,USD
2021-12-21,New Orleans,MGO,730.53,USD
2021-12-21,Beira,IFO380,422.5,USD
2021-12-21,Beira,VLSFO,603.56,USD
2021-12-21,Beira,MGO,866.14,USD
2021-12-21,Nacala,IFO380,424.75,USD
2021-12-21,Nacala,VLSFO,599.94,USD
2021-12-21,Nacala,MGO,871.09,USD
2021-12-21,Baltic,IFO380,380.58,USD
2021-12-21,Baltic,VLSFO,556.72,USD
2021-12-21,Baltic,MGO,804.97,USD
2021-12-21,Black Sea,IFO380,366.72,USD
2021-12-21,Black Sea,VLSFO,525.7,USD
2021-12-21,Black Sea,MGO,768.3,USD
2021-12-21,Far East,IFO380,362.02,USD
2021-12-21,Far East,VLSFO,525.78,USD
2021-12-21,Far East,MGO,751.13,USD
2022-01-20,Gladstone,IFO380,418.71,USD
2022-01-20,Gladstone,VLSFO,602.08,USD
2022-01-20,Gladstone,MGO,871.35,USD
2022-01-20,Newcastle,IFO380,421.84,USD
2022-01-20,Newcastle,VLSFO,597.5,USD
2022-01-20,Newcastle,MGO,869.54,USD
2022-01-20,Hay Point,IFO380,425.48,USD
2022-01-20,Hay Point,VLSFO,605.59,USD
2022-01-20,Hay Point,MGO,864.97,USD
2022-01-20,Dalrymple Bay,IFO380,433.03,USD
2022-01-20,Dalrymple Bay,VLSFO,617.8,USD
2022-01-20,Dalrymple Bay,MGO,882.11,USD
2022-01-20,Taboneo,IFO380,389.69,USD
2022-01-20,Taboneo,VLSFO,551.13,USD
2022-01-20,Taboneo,MGO,800.14,USD
2022-01-20,Muara Pantai,IFO380,395.1,USD
2022-01-20,Muara Pantai,VLSFO,554.5,USD
2022-01-20,Muara Pantai,MGO,813.28,USD
2022-01-20,Samarinda,IFO380,379.46,USD
2022-01-20,Samarinda,VLSFO,549.19,USD
2022-01-20,Samarinda,MGO,795.52,USD
2022-01-20,Hampton Roads,IFO380,376.82,USD
2022-01-20,Hampton Roads,VLSFO,550.21,USD
2022-01-20,Hampton Roads,MGO,791.84,USD
2022-01-20,Baltimore,IFO380,387.92,USD
2022-01-20,Baltimore,VLSFO,553.78,USD
2022-01-20,Baltimore,MGO,796.96,USD
2022-01-20,New Orleans,IFO380,376.24,USD
2022-01-20,New Orleans,VLSFO,538.73,USD
2022-01-20,New Orleans,MGO,786.23,USD
2022-01-20,Beira,IFO380,453.6,USD
2022-01-20,Beira,VLSFO,649.28,USD
2022-01-20,Beira,MGO,947.9,USD
2022-01-20,Nacala,IFO380,452.62,USD
2022-01-20,Nacala,VLSFO,648.97,USD
2022-01-20,Nacala,MGO,948.59,USD
2022-01-20,Baltic,IFO380,405.22,USD
2022-01-20,Baltic,VLSFO,579.44,USD
2022-01-20,Baltic,MGO,843.79,USD
2022-01-20,Black Sea,IFO380,413.14,USD
2022-01-20,Black Sea,VLSFO,585.2,USD
2022-01-20,Black Sea,MGO,845.23,USD
2022-01-20,Far East,IFO380,409.82,USD
2022-01-20,Far East,VLSFO,579.04,USD
2022-01-20,Far East,MGO,838.85,USD
2022-02-19,Gladstone,IFO380,435.2,USD
2022-02-19,Gladstone,VLSFO,626.64,USD
2022-02-19,Gladstone,MGO,902.86,USD
2022-02-19,Newcastle,IFO380,431.57,USD
2022-02-19,Newcastle,VLSFO,622.41,USD
2022-02-19,Newcastle,MGO,899.15,USD
2022-02-19,Hay Point,IFO380,456.7,USD
2022-02-19,Hay Point,VLSFO,650.73,USD
2022-02-19,Hay Point,MGO,937.94,USD
2022-02-19,Dalrymple Bay,IFO380,453.49,USD
2022-02-19,Dalrymple Bay,VLSFO,645.63,USD
2022-02-19,Dalrymple Bay,MGO,945.39,USD
2022-02-19,Taboneo,IFO380,419.83,USD
2022-02-19,Taboneo,VLSFO,597.29,USD
2022-02-19,Taboneo,MGO,862.83,USD
2022-02-19,Muara Pantai,IFO380,405.6,USD
2022-02-19,Muara Pantai,VLSFO,580.84,USD
2022-02-19,Muara Pantai,MGO,848.4,USD
2022-02-19,Samarinda,IFO380,417.16,USD
2022-02-19,Samarinda,VLSFO,590.37,USD
2022-02-19,Samarinda,MGO,855.59,USD
2022-02-19,Hampton Roads,IFO380,395.78,USD
2022-02-19,Hampton Roads,VLSFO,564.34,USD
2022-02-19,Hampton Roads,MGO,822.96,USD
2022-02-19,Baltimore,IFO380,409.04,USD
2022-02-19,Baltimore,VLSFO,573.75,USD
2022-02-19,Baltimore,MGO,836.62,USD
2022-02-19,New Orleans,IFO380,392.86,USD
2022-02-19,New Orleans,VLSFO,575.8,USD
2022-02-19,New Orleans,MGO,830.77,USD
2022-02-19,Beira,IFO380,488.28,USD
2022-02-19,Beira,VLSFO,702.5,USD
2022-02-19,Beira,MGO,1022.03,USD
2022-02-19,Nacala,IFO380,480.06,USD
2022-02-19,Nacala,VLSFO,698.89,USD
2022-02-19,Nacala,MGO,1000.16,USD
2022-02-19,Baltic,IFO380,454.08,USD
2022-02-19,Baltic,VLSFO,648.73,USD
2022-02-19,Baltic,MGO,951.46,USD
2022-02-19,Black Sea,IFO380,434.72,USD
2022-02-19,Black Sea,VLSFO,627.66,USD
2022-02-19,Black Sea,MGO,896.43,USD
2022-02-19,Far East,IFO380,431.06,USD
2022-02-19,Far East,VLSFO,614.89,USD
2022-02-19,Far East,MGO,889.06,USD
2022-03-21,Gladstone,IFO380,570.07,USD
2022-03-21,Gladstone,VLSFO,801.18,USD
2022-03-21,Gladstone,MGO,1165.26,USD
2022-03-21,Newcastle,IFO380,554.54,USD
2022-03-21,Newcastle,VLSFO,800.73,USD
2022-03-21,Newcastle,MGO,1148.15,USD
2022-03-21,Hay Point,IFO380,561.61,USD
2022-03-21,Hay Point,VLSFO,800.59,USD
2022-03-21,Hay Point,MGO,1183.7,USD
2022-03-21,Dalrymple Bay,IFO380,565.31,USD
2022-03-21,Dalrymple Bay,VLSFO,806.7,USD
2022-03-21,Dalrymple Bay,MGO,1173.58,USD
2022-03-21,Taboneo,IFO380,532.62,USD
2022-03-21,Taboneo,VLSFO,757.4,USD
2022-03-21,Taboneo,MGO,1097.59,USD
2022-03-21,Muara Pantai,IFO380,516.71,USD
2022-03-21,Muara Pantai,VLSFO,749.33,USD
2022-03-21,Muara Pantai,MGO,1090.64,USD
2022-03-21,Samarinda,IFO380,506.6,USD
2022-03-21,Samarinda,VLSFO,719.18,USD
2022-03-21,Samarinda,MGO,1062.7,USD
2022-03-21,Hampton Roads,IFO380,501.76,USD
2022-03-21,Hampton Roads,VLSFO,721.31,USD
2022-03-21,Hampton Roads,MGO,1034.95,USD
2022-03-21,Baltimore,IFO380,514.74,USD
2022-03-21,Baltimore,VLSFO,735.65,USD
2022-03-21,Baltimore,MGO,1072.05,USD
2022-03-21,New Orleans,IFO380,504.56,USD
2022-03-21,New Orleans,VLSFO,710.28,USD
2022-03-21,New Orleans,MGO,1032.5,USD
2022-03-21,Beira,IFO380,597.46,USD
2022-03-21,Beira,VLSFO,879.62,USD
2022-03-21,Beira,MGO,1258.97,USD
2022-03-21,Nacala,IFO380,607.57,USD
2022-03-21,Nacala,VLSFO,870.04,USD
2022-03-21,Nacala,MGO,1269.44,USD
2022-03-21,Baltic,IFO380,505.53,USD
2022-03-21,Baltic,VLSFO,707.21,USD
2022-03-21,Baltic,MGO,1036.63,USD
2022-03-21,Black Sea,IFO380,505.86,USD
2022-03-21,Black Sea,VLSFO,722.48,USD
2022-03-21,Black Sea,MGO,1030.62,USD
2022-03-21,Far East,IFO380,476.86,USD
2022-03-21,Far East,VLSFO,674.25,USD
2022-03-21,Far East,MGO,971.82,USD
2022-04-20,Gladstone,IFO380,567.5,USD
2022-04-20,Gladstone,VLSFO,819.61,USD
2022-04-20,Gladstone,MGO,1190.22,USD
2022-04-20,Newcastle,IFO380,574.11,USD
2022-04-20,Newcastle,VLSFO,819.82,USD
2022-04-20,Newcastle,MGO,1184.02,USD
2022-04-20,Hay Point,IFO380,603.39,USD
2022-04-20,Hay Point,VLSFO,859.54,USD
2022-04-20,Hay Point,MGO,1251.37,USD
2022-04-20,Dalrymple Bay,IFO380,585.15,USD
2022-04-20,Dalrymple Bay,VLSFO,842.74,USD
2022-04-20,Dalrymple Bay,MGO,1222.22,USD
2022-04-20,Taboneo,IFO380,536.59,USD
2022-04-20,Taboneo,VLSFO,764.36,USD
2022-04-20,Taboneo,MGO,1120.4,USD
2022-04-20,Muara Pantai,IFO380,529.8,USD
2022-04-20,Muara Pantai,VLSFO,766.1,USD
2022-04-20,Muara Pantai,MGO,1098.01,USD
2022-04-20,Samarinda,IFO380,541.83,USD
2022-04-20,Samarinda,VLSFO,763.71,USD
2022-04-20,Samarinda,MGO,1096.7,USD
2022-04-20,Hampton Roads,IFO380,524.87,USD
2022-04-20,Hampton Roads,VLSFO,747.14,USD
2022-04-20,Hampton Roads,MGO,1081.5,USD
2022-04-20,Baltimore,IFO380,536.11,USD
2022-04-20,Baltimore,VLSFO,775.16,USD
2022-04-20,Baltimore,MGO,1115.39,USD
2022-04-20,New Orleans,IFO380,501.51,USD
2022-04-20,New Orleans,VLSFO,720.6,USD
2022-04-20,New Orleans,MGO,1047.47,USD
2022-04-20,Beira,IFO380,632.11,USD
2022-04-20,Beira,VLSFO,888.75,USD
2022-04-20,Beira,MGO,1300.18,USD
2022-04-20,Nacala,IFO380,621.28,USD
2022-04-20,Nacala,VLSFO,899.01,USD
2022-04-20,Nacala,MGO,1292.39,USD
2022-04-20,Baltic,IFO380,514.17,USD
2022-04-20,Baltic,VLSFO,747.41,USD
2022-04-20,Baltic,MGO,1078.04,USD
2022-04-20,Black Sea,IFO380,522.17,USD
2022-04-20,Black Sea,VLSFO,730.56,USD
2022-04-20,Black Sea,MGO,1063.7,USD
2022-04-20,Far East,IFO380,502.09,USD
2022-04-20,Far East,VLSFO,699.29,USD
2022-04-20,Far East,MGO,1015.66,USD
2022-05-20,Gladstone,IFO380,627.9,USD
2022-05-20,Gladstone,VLSFO,890.55,USD
2022-05-20,Gladstone,MGO,1291.85,USD
2022-05-20,Newcastle,IFO380,607.37,USD
2022-05-20,Newcastle,VLSFO,860.94,USD
2022-05-20,Newcastle,MGO,1245.75,USD
2022-05-20,Hay Point,IFO380,622.42,USD
2022-05-20,Hay Point,VLSFO,889.64,USD
2022-05-20,Hay Point,MGO,1280.14,USD
2022-05-20,Dalrymple Bay,IFO380,609.29,USD
2022-05-20,Dalrymple Bay,VLSFO,881.53,USD
2022-05-20,Dalrymple Bay,MGO,1272.53,USD
2022-05-20,Taboneo,IFO380,574.62,USD
2022-05-20,Taboneo,VLSFO,820.11,USD
2022-05-20,Taboneo,MGO,1196.3,USD
2022-05-20,Muara Pantai,IFO380,583.26,USD
2022-05-20,Muara Pantai,VLSFO,814.66,USD
2022-05-20,Muara Pantai,MGO,1178.59,USD
2022-05-20,Samarinda,IFO380,575.66,USD
2022-05-20,Samarinda,VLSFO,821.3,USD
2022-05-20,Samarinda,MGO,1193.31,USD
2022-05-20,Hampton Roads,IFO380,555.62,USD
2022-05-20,Hampton Roads,VLSFO,794.4,USD
2022-05-20,Hampton Roads,MGO,1148.85,USD
2022-05-20,Baltimore,IFO380,559.01,USD
2022-05-20,Baltimore,VLSFO,799.02,USD
2022-05-20,Baltimore,MGO,1159.0,USD
2022-05-20,New Orleans,IFO380,556.32,USD
2022-05-20,New Orleans,VLSFO,782.88,USD
2022-05-20,New Orleans,MGO,1141.5,USD
2022-05-20,Beira,IFO380,673.45,USD
2022-05-20,Beira,VLSFO,953.79,USD
2022-05-20,Beira,MGO,1392.72,USD
2022-05-20,Nacala,IFO380,659.87,USD
2022-05-20,Nacala,VLSFO,952.9,USD
2022-05-20,Nacala,MGO,1379.33,USD
2022-05-20,Baltic,IFO380,543.33,USD
2022-05-20,Baltic,VLSFO,783.54,USD
2022-05-20,Baltic,MGO,1138.79,USD
2022-05-20,Black Sea,IFO380,550.22,USD
2022-05-20,Black Sea,VLSFO,781.81,USD
2022-05-20,Black Sea,MGO,1133.28,USD
2022-05-20,Far East,IFO380,539.64,USD
2022-05-20,Far East,VLSFO,765.81,USD
2022-05-20,Far East,MGO,1121.84,USD
2022-06-19,Gladstone,IFO380,651.86,USD
2022-06-19,Gladstone,VLSFO,930.3,USD
2022-06-19,Gladstone,MGO,1336.36,USD
2022-06-19,Newcastle,IFO380,634.43,USD
2022-06-19,Newcastle,VLSFO,910.23,USD
2022-06-19,Newcastle,MGO,1328.51,USD
2022-06-19,Hay Point,IFO380,658.69,USD
2022-06-19,Hay Point,VLSFO,942.43,USD
2022-06-19,Hay Point,MGO,1364.84,USD
2022-06-19,Dalrymple Bay,IFO380,672.81,USD
2022-06-19,Dalrymple Bay,VLSFO,942.52,USD
2022-06-19,Dalrymple Bay,MGO,1374.2,USD
2022-06-19,Taboneo,IFO380,605.75,USD
2022-06-19,Taboneo,VLSFO,875.76,USD
2022-06-19,Taboneo,MGO,1278.06,USD
2022-06-19,Muara Pantai,IFO380,614.71,USD
2022-06-19,Muara Pantai,VLSFO,872.27,USD
2022-06-19,Muara Pantai,MGO,1269.9,USD
2022-06-19,Samarinda,IFO380,607.6,USD
2022-06-19,Samarinda,VLSFO,857.23,USD
2022-06-19,Samarinda,MGO,1242.28,USD
2022-06-19,Hampton Roads,IFO380,600.21,USD
2022-06-19,Hampton Roads,VLSFO,862.25,USD
2022-06-19,Hampton Roads,MGO,1239.05,USD
2022-06-19,Baltimore,IFO380,604.48,USD
2022-06-19,Baltimore,VLSFO,856.12,USD
2022-06-19,Baltimore,MGO,1255.85,USD
2022-06-19,New Orleans,IFO380,571.93,USD
2022-06-19,New Orleans,VLSFO,826.83,USD
2022-06-19,New Orleans,MGO,1201.71,USD
2022-06-19,Beira,IFO380,699.77,USD
2022-06-19,Beira,VLSFO,992.05,USD
2022-06-19,Beira,MGO,1443.82,USD
2022-06-19,Nacala,IFO380,721.46,USD
2022-06-19,Nacala,VLSFO,1023.86,USD
2022-06-19,Nacala,MGO,1489.25,USD
2022-06-19,Baltic,IFO380,580.67,USD
2022-06-19,Baltic,VLSFO,840.22,USD
2022-06-19,Baltic,MGO,1210.58,USD
2022-06-19,Black Sea,IFO380,575.42,USD
2022-06-19,Black Sea,VLSFO,816.42,USD
2022-06-19,Black Sea,MGO,1176.62,USD
2022-06-19,Far East,IFO380,550.01,USD
2022-06-19,Far East,VLSFO,789.5,USD
2022-06-19,Far East,MGO,1140.27,USD
2022-07-19,Gladstone,IFO380,633.07,USD
2022-07-19,Gladstone,VLSFO,895.53,USD
2022-07-19,Gladstone,MGO,1289.34,USD
2022-07-19,Newcastle,IFO380,604.63,USD
2022-07-19,Newcastle,VLSFO,873.88,USD
2022-07-19,Newcastle,MGO,1261.04,USD
2022-07-19,Hay Point,IFO380,633.12,USD
2022-07-19,Hay Point,VLSFO,909.98,USD
2022-07-19,Hay Point,MGO,1314.37,USD
2022-07-19,Dalrymple Bay,IFO380,630.61,USD
2022-07-19,Dalrymple Bay,VLSFO,893.3,USD
2022-07-19,Dalrymple Bay,MGO,1306.63,USD
2022-07-19,Taboneo,IFO380,574.94,USD
2022-07-19,Taboneo,VLSFO,813.83,USD
2022-07-19,Taboneo,MGO,1186.99,USD
2022-07-19,Muara Pantai,IFO380,566.75,USD
2022-07-19,Muara Pantai,VLSFO,826.97,USD
2022-07-19,Muara Pantai,MGO,1181.88,USD
2022-07-19,Samarinda,IFO380,572.03,USD
2022-07-19,Samarinda,VLSFO,828.47,USD
2022-07-19,Samarinda,MGO,1194.17,USD
2022-07-19,Hampton Roads,IFO380,571.48,USD
2022-07-19,Hampton Roads,VLSFO,812.47,USD
2022-07-19,Hampton Roads,MGO,1180.23,USD
2022-07-19,Baltimore,IFO380,561.98,USD
2022-07-19,Baltimore,VLSFO,802.34,USD
2022-07-19,Baltimore,MGO,1163.73,USD
2022-07-19,New Orleans,IFO380,568.92,USD
2022-07-19,New Orleans,VLSFO,790.86,USD
2022-07-19,New Orleans,MGO,1153.55,USD
2022-07-19,Beira,IFO380,676.67,USD
2022-07-19,Beira,VLSFO,959.16,USD
2022-07-19,Beira,MGO,1402.7,USD
2022-07-19,Nacala,IFO380,685.11,USD
2022-07-19,Nacala,VLSFO,979.87,USD
2022-07-19,Nacala,MGO,1416.67,USD
2022-07-19,Baltic,IFO380,551.48,USD
2022-07-19,Baltic,VLSFO,795.94,USD
2022-07-19,Baltic,MGO,1162.76,USD
2022-07-19,Black Sea,IFO380,548.3,USD
2022-07-19,Black Sea,VLSFO,792.03,USD
2022-07-19,Black Sea,MGO,1144.03,USD
2022-07-19,Far East,IFO380,523.23,USD
2022-07-19,Far East,VLSFO,754.17,USD
2022-07-19,Far East,MGO,1090.14,USD
2022-08-18,Gladstone,IFO380,581.92,USD
2022-08-18,Gladstone,VLSFO,818.07,USD
2022-08-18,Gladstone,MGO,1199.85,USD
2022-08-18,Newcastle,IFO380,558.25,USD
2022-08-18,Newcastle,VLSFO,806.19,USD
2022-08-18,Newcastle,MGO,1161.74,USD
2022-08-18,Hay Point,IFO380,581.88,USD
2022-08-18,Hay Point,VLSFO,818.79,USD
2022-08-18,Hay Point,MGO,1184.56,USD
2022-08-18,Dalrymple Bay,IFO380,590.96,USD
2022-08-18,Dalrymple Bay,VLSFO,836.39,USD
2022-08-18,Dalrymple Bay,MGO,1202.2,USD
2022-08-18,Taboneo,IFO380,530.19,USD
2022-08-18,Taboneo,VLSFO,749.26,USD
2022-08-18,Taboneo,MGO,1069.98,USD
2022-08-18,Muara Pantai,IFO380,522.33,USD
2022-08-18,Muara Pantai,VLSFO,741.93,USD
2022-08-18,Muara Pantai,MGO,1082.3,USD
2022-08-18,Samarinda,IFO380,530.35,USD
2022-08-18,Samarinda,VLSFO,754.61,USD
2022-08-18,Samarinda,MGO,1094.17,USD
2022-08-18,Hampton Roads,IFO380,527.85,USD
2022-08-18,Hampton Roads,VLSFO,742.8,USD
2022-08-18,Hampton Roads,MGO,1067.33,USD
2022-08-18,Baltimore,IFO380,530.19,USD
2022-08-18,Baltimore,VLSFO,754.35,USD
2022-08-18,Baltimore,MGO,1094.57,USD
2022-08-18,New Orleans,IFO380,519.36,USD
2022-08-18,New Orleans,VLSFO,735.12,USD
2022-08-18,New Orleans,MGO,1072.04,USD
2022-08-18,Beira,IFO380,610.58,USD
2022-08-18,Beira,VLSFO,884.26,USD
2022-08-18,Beira,MGO,1281.86,USD
2022-08-18,Nacala,IFO380,611.03,USD
2022-08-18,Nacala,VLSFO,882.52,USD
2022-08-18,Nacala,MGO,1288.85,USD
2022-08-18,Baltic,IFO380,509.59,USD
2022-08-18,Baltic,VLSFO,723.34,USD
2022-08-18,Baltic,MGO,1064.57,USD
2022-08-18,Black Sea,IFO380,507.44,USD
2022-08-18,Black Sea,VLSFO,722.23,USD
2022-08-18,Black Sea,MGO,1049.91,USD
2022-08-18,Far East,IFO380,489.73,USD
2022-08-18,Far East,VLSFO,701.65,USD
2022-08-18,Far East,MGO,1032.18,USD
2022-09-17,Gladstone,IFO380,543.09,USD
2022-09-17,Gladstone,VLSFO,771.97,USD
2022-09-17,Gladstone,MGO,1102.8,USD
2022-09-17,Newcastle,IFO380,553.16,USD
2022-09-17,Newcastle,VLSFO,777.55,USD
2022-09-17,Newcastle,MGO,1136.09,USD
2022-09-17,Hay Point,IFO380,549.29,USD
2022-09-17,Hay Point,VLSFO,796.4,USD
2022-09-17,Hay Point,MGO,1154.04,USD
2022-09-17,Dalrymple Bay,IFO380,546.76,USD
2022-09-17,Dalrymple Bay,VLSFO,781.0,USD
2022-09-17,Dalrymple Bay,MGO,1136.99,USD
2022-09-17,Taboneo,IFO380,515.97,USD
2022-09-17,Taboneo,VLSFO,734.93,USD
2022-09-17,Taboneo,MGO,1057.57,USD
2022-09-17,Muara Pantai,IFO380,497.91,USD
2022-09-17,Muara Pantai,VLSFO,702.65,USD
2022-09-17,Muara Pantai,MGO,1027.33,USD
2022-09-17,Samarinda,IFO380,505.29,USD
2022-09-17,Samarinda,VLSFO,716.85,USD
2022-09-17,Samarinda,MGO,1053.32,USD
2022-09-17,Hampton Roads,IFO380,488.57,USD
2022-09-17,Hampton Roads,VLSFO,706.07,USD
2022-09-17,Hampton Roads,MGO,1026.73,USD
2022-09-17,Baltimore,IFO380,508.23,USD
2022-09-17,Baltimore,VLSFO,722.69,USD
2022-09-17,Baltimore,MGO,1046.01,USD
2022-09-17,New Orleans,IFO380,486.05,USD
2022-09-17,New Orleans,VLSFO,677.42,USD
2022-09-17,New Orleans,MGO,982.18,USD
2022-09-17,Beira,IFO380,600.25,USD
2022-09-17,Beira,VLSFO,849.94,USD
2022-09-17,Beira,MGO,1235.49,USD
2022-09-17,Nacala,IFO380,595.27,USD
2022-09-17,Nacala,VLSFO,841.33,USD
2022-09-17,Nacala,MGO,1217.36,USD
2022-09-17,Baltic,IFO380,495.44,USD
2022-09-17,Baltic,VLSFO,709.43,USD
2022-09-17,Baltic,MGO,1017.49,USD
2022-09-17,Black Sea,IFO380,492.49,USD
2022-09-17,Black Sea,VLSFO,696.87,USD
2022-09-17,Black Sea,MGO,1001.42,USD
2022-09-17,Far East,IFO380,469.53,USD
2022-09-17,Far East,VLSFO,665.08,USD
2022-09-17,Far East,MGO,962.0,USD
2022-10-17,Gladstone,IFO380,536.24,USD
2022-10-17,Gladstone,VLSFO,767.64,USD
2022-10-17,Gladstone,MGO,1108.94,USD
2022-10-17,Newcastle,IFO380,515.63,USD
2022-10-17,Newcastle,VLSFO,734.42,USD
2022-10-17,Newcastle,MGO,1063.93,USD
2022-10-17,Hay Point,IFO380,537.35,USD
2022-10-17,Hay Point,VLSFO,761.82,USD
2022-10-17,Hay Point,MGO,1108.48,USD
2022-10-17,Dalrymple Bay,IFO380,510.26,USD
2022-10-17,Dalrymple Bay,VLSFO,733.68,USD
2022-10-17,Dalrymple Bay,MGO,1065.15,USD
2022-10-17,Taboneo,IFO380,492.17,USD
2022-10-17,Taboneo,VLSFO,691.48,USD
2022-10-17,Taboneo,MGO,998.01,USD
2022-10-17,Muara Pantai,IFO380,486.33,USD
2022-10-17,Muara Pantai,VLSFO,689.49,USD
2022-10-17,Muara Pantai,MGO,1009.68,USD
2022-10-17,Samarinda,IFO380,495.03,USD
2022-10-17,Samarinda,VLSFO,710.76,USD
2022-10-17,Samarinda,MGO,1023.61,USD
2022-10-17,Hampton Roads,IFO380,468.13,USD
2022-10-17,Hampton Roads,VLSFO,680.4,USD
2022-10-17,Hampton Roads,MGO,982.05,USD
2022-10-17,Baltimore,IFO380,477.48,USD
2022-10-17,Baltimore,VLSFO,685.26,USD
2022-10-17,Baltimore,MGO,984.74,USD
2022-10-17,New Orleans,IFO380,458.45,USD
2022-10-17,New Orleans,VLSFO,655.75,USD
2022-10-17,New Orleans,MGO,950.44,USD
2022-10-17,Beira,IFO380,546.56,USD
2022-10-17,Beira,VLSFO,785.97,USD
2022-10-17,Beira,MGO,1129.9,USD
2022-10-17,Nacala,IFO380,569.18,USD
2022-10-17,Nacala,VLSFO,807.15,USD
2022-10-17,Nacala,MGO,1162.22,USD
2022-10-17,Baltic,IFO380,479.8,USD
2022-10-17,Baltic,VLSFO,687.74,USD
2022-10-17,Baltic,MGO,986.87,USD
2022-10-17,Black Sea,IFO380,463.77,USD
2022-10-17,Black Sea,VLSFO,660.96,USD
2022-10-17,Black Sea,MGO,955.24,USD
2022-10-17,Far East,IFO380,440.24,USD
2022-10-17,Far East,VLSFO,634.37,USD
2022-10-17,Far East,MGO,933.48,USD
2022-11-16,Gladstone,IFO380,486.63,USD
2022-11-16,Gladstone,VLSFO,685.3,USD
2022-11-16,Gladstone,MGO,998.39,USD
2022-11-16,Newcastle,IFO380,478.91,USD
2022-11-16,Newcastle,VLSFO,691.9,USD
2022-11-16,Newcastle,MGO,998.73,USD
2022-11-16,Hay Point,IFO380,486.23,USD
2022-11-16,Hay Point,VLSFO,702.07,USD
2022-11-16,Hay Point,MGO,1010.24,USD
2022-11-16,Dalrymple Bay,IFO380,498.1,USD
2022-11-16,Dalrymple Bay,VLSFO,723.22,USD
2022-11-16,Dalrymple Bay,MGO,1017.14,USD
2022-11-16,Taboneo,IFO380,466.23,USD
2022-11-16,Taboneo,VLSFO,673.09,USD
2022-11-16,Taboneo,MGO,970.78,USD
2022-11-16,Muara Pantai,IFO380,456.29,USD
2022-11-16,Muara Pantai,VLSFO,633.4,USD
2022-11-16,Muara Pantai,MGO,934.94,USD
2022-11-16,Samarinda,IFO380,445.69,USD
2022-11-16,Samarinda,VLSFO,636.28,USD
2022-11-16,Samarinda,MGO,928.49,USD
2022-11-16,Hampton Roads,IFO380,446.42,USD
2022-11-16,Hampton Roads,VLSFO,630.34,USD
2022-11-16,Hampton Roads,MGO,924.17,USD
2022-11-16,Baltimore,IFO380,441.48,USD
2022-11-16,Baltimore,VLSFO,633.72,USD
2022-11-16,Baltimore,MGO,922.43,USD
2022-11-16,New Orleans,IFO380,436.79,USD
2022-11-16,New Orleans,VLSFO,622.03,USD
2022-11-16,New Orleans,MGO,905.04,USD
2022-11-16,Beira,IFO380,525.26,USD
2022-11-16,Beira,VLSFO,757.48,USD
2022-11-16,Beira,MGO,1100.74,USD
2022-11-16,Nacala,IFO380,543.92,USD
2022-11-16,Nacala,VLSFO,779.2,USD
2022-11-16,Nacala,MGO,1127.03,USD
2022-11-16,Baltic,IFO380,432.04,USD
2022-11-16,Baltic,VLSFO,621.28,USD
2022-11-16,Baltic,MGO,910.21,USD
2022-11-16,Black Sea,IFO380,423.47,USD
2022-11-16,Black Sea,VLSFO,618.81,USD
2022-11-16,Black Sea,MGO,894.55,USD
2022-11-16,Far East,IFO380,413.68,USD
2022-11-16,Far East,VLSFO,599.12,USD
2022-11-16,Far East,MGO,863.72,USD
2022-12-16,Gladstone,IFO380,457.66,USD
2022-12-16,Gladstone,VLSFO,650.21,USD
2022-12-16,Gladstone,MGO,930.71,USD
2022-12-16,Newcastle,IFO380,436.6,USD
2022-12-16,Newcastle,VLSFO,631.85,USD
2022-12-16,Newcastle,MGO,916.28,USD
2022-12-16,Hay Point,IFO380,457.75,USD
2022-12-16,Hay Point,VLSFO,649.88,USD
2022-12-16,Hay Point,MGO,947.79,USD
2022-12-16,Dalrymple Bay,IFO380,446.35,USD
2022-12-16,Dalrymple Bay,VLSFO,637.68,USD
2022-12-16,Dalrymple Bay,MGO,917.8,USD
2022-12-16,Taboneo,IFO380,407.42,USD
2022-12-16,Taboneo,VLSFO,599.74,USD
2022-12-16,Taboneo,MGO,860.22,USD
2022-12-16,Muara Pantai,IFO380,404.0,USD
2022-12-16,Muara Pantai,VLSFO,580.51,USD
2022-12-16,Muara Pantai,MGO,839.48,USD
2022-12-16,Samarinda,IFO380,388.91,USD
2022-12-16,Samarinda,VLSFO,559.69,USD
2022-12-16,Samarinda,MGO,819.31,USD
2022-12-16,Hampton Roads,IFO380,400.95,USD
2022-12-16,Hampton Roads,VLSFO,580.88,USD
2022-12-16,Hampton Roads,MGO,831.49,USD
2022-12-16,Baltimore,IFO380,405.42,USD
2022-12-16,Baltimore,VLSFO,586.88,USD
2022-12-16,Baltimore,MGO,845.23,USD
2022-12-16,New Orleans,IFO380,392.27,USD
2022-12-16,New Orleans,VLSFO,564.36,USD
2022-12-16,New Orleans,MGO,822.65,USD
2022-12-16,Beira,IFO380,468.24,USD
2022-12-16,Beira,VLSFO,684.32,USD
2022-12-16,Beira,MGO,984.73,USD
2022-12-16,Nacala,IFO380,472.76,USD
2022-12-16,Nacala,VLSFO,681.78,USD
2022-12-16,Nacala,MGO,983.99,USD
2022-12-16,Baltic,IFO380,401.75,USD
2022-12-16,Baltic,VLSFO,561.81,USD
2022-12-16,Baltic,MGO,813.02,USD
2022-12-16,Black Sea,IFO380,392.17,USD
2022-12-16,Black Sea,VLSFO,557.19,USD
2022-12-16,Black Sea,MGO,806.88,USD
2022-12-16,Far East,IFO380,366.45,USD
2022-12-16,Far East,VLSFO,541.79,USD
2022-12-16,Far East,MGO,780.33,USD
2023-01-15,Gladstone,IFO380,434.01,USD
2023-01-15,Gladstone,VLSFO,630.86,USD
2023-01-15,Gladstone,MGO,904.11,USD
2023-01-15,Newcastle,IFO380,426.54,USD
2023-01-15,Newcastle,VLSFO,615.66,USD
2023-01-15,Newcastle,MGO,900.89,USD
2023-01-15,Hay Point,IFO380,430.72,USD
2023-01-15,Hay Point,VLSFO,607.46,USD
2023-01-15,Hay Point,MGO,900.65,USD
2023-01-15,Dalrymple Bay,IFO380,433.45,USD
2023-01-15,Dalrymple Bay,VLSFO,628.35,USD
2023-01-15,Dalrymple Bay,MGO,913.48,USD
2023-01-15,Taboneo,IFO380,409.39,USD
2023-01-15,Taboneo,VLSFO,580.53,USD
2023-01-15,Taboneo,MGO,846.24,USD
2023-01-15,Muara Pantai,IFO380,404.92,USD
2023-01-15,Muara Pantai,VLSFO,568.59,USD
2023-01-15,Muara Pantai,MGO,833.63,USD
2023-01-15,Samarinda,IFO380,395.67,USD
2023-01-15,Samarinda,VLSFO,580.45,USD
2023-01-15,Samarinda,MGO,837.49,USD
2023-01-15,Hampton Roads,IFO380,392.19,USD
2023-01-15,Hampton Roads,VLSFO,556.39,USD
2023-01-15,Hampton Roads,MGO,804.61,USD
2023-01-15,Baltimore,IFO380,393.28,USD
2023-01-15,Baltimore,VLSFO,568.33,USD
2023-01-15,Baltimore,MGO,828.41,USD
2023-01-15,New Orleans,IFO380,367.24,USD
2023-01-15,New Orleans,VLSFO,536.8,USD
2023-01-15,New Orleans,MGO,768.09,USD
2023-01-15,Beira,IFO380,460.55,USD
2023-01-15,Beira,VLSFO,663.73,USD
2023-01-15,Beira,MGO,969.7,USD
2023-01-15,Nacala,IFO380,474.11,USD
2023-01-15,Nacala,VLSFO,671.5,USD
2023-01-15,Nacala,MGO,971.87,USD
2023-01-15,Baltic,IFO380,391.8,USD
2023-01-15,Baltic,VLSFO,557.94,USD
2023-01-15,Baltic,MGO,815.61,USD
2023-01-15,Black Sea,IFO380,374.33,USD
2023-01-15,Black Sea,VLSFO,544.76,USD
2023-01-15,Black Sea,MGO,783.43,USD
2023-01-15,Far East,IFO380,365.09,USD
2023-01-15,Far East,VLSFO,535.71,USD
2023-01-15,Far East,MGO,772.49,USD
2023-02-14,Gladstone,IFO380,420.96,USD
2023-02-14,Gladstone,VLSFO,598.8,USD
2023-02-14,Gladstone,MGO,863.01,USD
2023-02-14,Newcastle,IFO380,414.32,USD
2023-02-14,Newcastle,VLSFO,592.98,USD
2023-02-14,Newcastle,MGO,846.92,USD
2023-02-14,Hay Point,IFO380,424.6,USD
2023-02-14,Hay Point,VLSFO,612.6,USD
2023-02-14,Hay Point,MGO,900.86,USD
2023-02-14,Dalrymple Bay,IFO380,419.77,USD
2023-02-14,Dalrymple Bay,VLSFO,593.63,USD
2023-02-14,Dalrymple Bay,MGO,864.62,USD
2023-02-14,Taboneo,IFO380,388.62,USD
2023-02-14,Taboneo,VLSFO,550.62,USD
2023-02-14,Taboneo,MGO,809.34,USD
2023-02-14,Muara Pantai,IFO380,379.67,USD
2023-02-14,Muara Pantai,VLSFO,546.95,USD
2023-02-14,Muara Pantai,MGO,790.58,USD
2023-02-14,Samarinda,IFO380,375.29,USD
2023-02-14,Samarinda,VLSFO,536.15,USD
2023-02-14,Samarinda,MGO,779.06,USD
2023-02-14,Hampton Roads,IFO380,377.51,USD
2023-02-14,Hampton Roads,VLSFO,538.69,USD
2023-02-14,Hampton Roads,MGO,780.01,USD
2023-02-14,Baltimore,IFO380,377.32,USD
2023-02-14,Baltimore,VLSFO,548.06,USD
2023-02-14,Baltimore,MGO,785.48,USD
2023-02-14,New Orleans,IFO380,371.52,USD
2023-02-14,New Orleans,VLSFO,524.15,USD
2023-02-14,New Orleans,MGO,775.85,USD
2023-02-14,Beira,IFO380,442.09,USD
2023-02-14,Beira,VLSFO,639.32,USD
2023-02-14,Beira,MGO,921.64,USD
2023-02-14,Nacala,IFO380,464.72,USD
2023-02-14,Nacala,VLSFO,660.02,USD
2023-02-14,Nacala,MGO,953.32,USD
2023-02-14,Baltic,IFO380,376.35,USD
2023-02-14,Baltic,VLSFO,531.84,USD
2023-02-14,Baltic,MGO,767.52,USD
2023-02-14,Black Sea,IFO380,358.79,USD
2023-02-14,Black Sea,VLSFO,519.55,USD
2023-02-14,Black Sea,MGO,759.73,USD
2023-02-14,Far East,IFO380,364.26,USD
2023-02-14,Far East,VLSFO,499.78,USD
2023-02-14,Far East,MGO,733.69,USD
2023-03-16,Gladstone,IFO380,397.54,USD
2023-03-16,Gladstone,VLSFO,559.72,USD
2023-03-16,Gladstone,MGO,815.87,USD
2023-03-16,Newcastle,IFO380,391.61,USD
2023-03-16,Newcastle,VLSFO,570.43,USD
2023-03-16,Newcastle,MGO,830.78,USD
2023-03-16,Hay Point,IFO380,409.91,USD
2023-03-16,Hay Point,VLSFO,582.59,USD
2023-03-16,Hay Point,MGO,843.29,USD
2023-03-16,Dalrymple Bay,IFO380,407.93,USD
2023-03-16,Dalrymple Bay,VLSFO,579.62,USD
2023-03-16,Dalrymple Bay,MGO,834.76,USD
2023-03-16,Taboneo,IFO380,378.98,USD
2023-03-16,Taboneo,VLSFO,555.03,USD
2023-03-16,Taboneo,MGO,789.59,USD
2023-03-16,Muara Pantai,IFO380,355.1,USD
2023-03-16,Muara Pantai,VLSFO,514.19,USD
2023-03-16,Muara Pantai,MGO,747.19,USD
2023-03-16,Samarinda,IFO380,377.44,USD
2023-03-16,Samarinda,VLSFO,537.72,USD
2023-03-16,Samarinda,MGO,780.14,USD
2023-03-16,Hampton Roads,IFO380,370.69,USD
2023-03-16,Hampton Roads,VLSFO,522.81,USD
2023-03-16,Hampton Roads,MGO,748.08,USD
2023-03-16,Baltimore,IFO380,370.79,USD
2023-03-16,Baltimore,VLSFO,532.18,USD
2023-03-16,Baltimore,MGO,780.29,USD
2023-03-16,New Orleans,IFO380,362.15,USD
2023-03-16,New Orleans,VLSFO,518.69,USD
2023-03-16,New Orleans,MGO,756.64,USD
2023-03-16,Beira,IFO380,437.32,USD
2023-03-16,Beira,VLSFO,617.08,USD
2023-03-16,Beira,MGO,896.3,USD
2023-03-16,Nacala,IFO380,429.59,USD
2023-03-16,Nacala,VLSFO,625.67,USD
2023-03-16,Nacala,MGO,890.57,USD
2023-03-16,Baltic,IFO380,353.6,USD
2023-03-16,Baltic,VLSFO,512.6,USD
2023-03-16,Baltic,MGO,745.2,USD
2023-03-16,Black Sea,IFO380,345.55,USD
2023-03-16,Black Sea,VLSFO,505.77,USD
2023-03-16,Black Sea,MGO,723.52,USD
2023-03-16,Far East,IFO380,349.48,USD
2023-03-16,Far East,VLSFO,490.43,USD
2023-03-16,Far East,MGO,717.07,USD
2023-04-15,Gladstone,IFO380,419.15,USD
2023-04-15,Gladstone,VLSFO,593.99,USD
2023-04-15,Gladstone,MGO,857.22,USD
2023-04-15,Newcastle,IFO380,405.68,USD
2023-04-15,Newcastle,VLSFO,577.07,USD
2023-04-15,Newcastle,MGO,836.64,USD
2023-04-15,Hay Point,IFO380,411.97,USD
2023-04-15,Hay Point,VLSFO,599.52,USD
2023-04-15,Hay Point,MGO,863.15,USD
2023-04-15,Dalrymple Bay,IFO380,426.04,USD
2023-04-15,Dalrymple Bay,VLSFO,591.02,USD
2023-04-15,Dalrymple Bay,MGO,867.68,USD
2023-04-15,Taboneo,IFO380,380.51,USD
2023-04-15,Taboneo,VLSFO,560.82,USD
2023-04-15,Taboneo,MGO,799.38,USD
2023-04-15,Muara Pantai,IFO380,392.79,USD
2023-04-15,Muara Pantai,VLSFO,566.96,USD
2023-04-15,Muara Pantai,MGO,816.01,USD
2023-04-15,Samarinda,IFO380,391.51,USD
2023-04-15,Samarinda,VLSFO,563.66,USD
2023-04-15,Samarinda,MGO,805.66,USD
2023-04-15,Hampton Roads,IFO380,375.87,USD
2023-04-15,Hampton Roads,VLSFO,525.42,USD
2023-04-15,Hampton Roads,MGO,756.28,USD
2023-04-15,Baltimore,IFO380,383.43,USD
2023-04-15,Baltimore,VLSFO,540.11,USD
2023-04-15,Baltimore,MGO,781.43,USD
2023-04-15,New Orleans,IFO380,364.23,USD
2023-04-15,New Orleans,VLSFO,521.99,USD
2023-04-15,New Orleans,MGO,756.7,USD
2023-04-15,Beira,IFO380,445.99,USD
2023-04-15,Beira,VLSFO,635.22,USD
2023-04-15,Beira,MGO,921.86,USD
2023-04-15,Nacala,IFO380,446.95,USD
2023-04-15,Nacala,VLSFO,645.35,USD
2023-04-15,Nacala,MGO,932.01,USD
2023-04-15,Baltic,IFO380,366.69,USD
2023-04-15,Baltic,VLSFO,532.05,USD
2023-04-15,Baltic,MGO,762.53,USD
2023-04-15,Black Sea,IFO380,360.68,USD
2023-04-15,Black Sea,VLSFO,517.32,USD
2023-04-15,Black Sea,MGO,734.16,USD
2023-04-15,Far East,IFO380,361.39,USD
2023-04-15,Far East,VLSFO,508.83,USD
2023-04-15,Far East,MGO,739.4,USD
2023-05-15,Gladstone,IFO380,413.07,USD
2023-05-15,Gladstone,VLSFO,601.52,USD
2023-05-15,Gladstone,MGO,877.29,USD
2023-05-15,Newcastle,IFO380,411.25,USD
2023-05-15,Newcastle,VLSFO,589.17,USD
2023-05-15,Newcastle,MGO,849.65,USD
2023-05-15,Hay Point,IFO380,422.73,USD
2023-05-15,Hay Point,VLSFO,599.15,USD
2023-05-15,Hay Point,MGO,874.54,USD
2023-05-15,Dalrymple Bay,IFO380,415.97,USD
2023-05-15,Dalrymple Bay,VLSFO,599.85,USD
2023-05-15,Dalrymple Bay,MGO,868.98,USD
2023-05-15,Taboneo,IFO380,407.18,USD
2023-05-15,Taboneo,VLSFO,567.9,USD
2023-05-15,Taboneo,MGO,833.77,USD
2023-05-15,Muara Pantai,IFO380,382.18,USD
2023-05-15,Muara Pantai,VLSFO,551.33,USD
2023-05-15,Muara Pantai,MGO,803.36,USD
2023-05-15,Samarinda,IFO380,387.49,USD
2023-05-15,Samarinda,VLSFO,557.26,USD
2023-05-15,Samarinda,MGO,803.4,USD
2023-05-15,Hampton Roads,IFO380,377.99,USD
2023-05-15,Hampton Roads,VLSFO,541.84,USD
2023-05-15,Hampton Roads,MGO,787.55,USD
2023-05-15,Baltimore,IFO380,373.72,USD
2023-05-15,Baltimore,VLSFO,539.67,USD
2023-05-15,Baltimore,MGO,789.69,USD
2023-05-15,New Orleans,IFO380,369.48,USD
2023-05-15,New Orleans,VLSFO,540.61,USD
2023-05-15,New Orleans,MGO,774.5,USD
2023-05-15,Beira,IFO380,450.21,USD
2023-05-15,Beira,VLSFO,641.32,USD
2023-05-15,Beira,MGO,932.54,USD
2023-05-15,Nacala,IFO380,463.68,USD
2023-05-15,Nacala,VLSFO,673.4,USD
2023-05-15,Nacala,MGO,966.21,USD
2023-05-15,Baltic,IFO380,378.51,USD
2023-05-15,Baltic,VLSFO,539.91,USD
2023-05-15,Baltic,MGO,781.72,USD
2023-05-15,Black Sea,IFO380,375.15,USD
2023-05-15,Black Sea,VLSFO,535.24,USD
2023-05-15,Black Sea,MGO,769.2,USD
2023-05-15,Far East,IFO380,352.98,USD
2023-05-15,Far East,VLSFO,514.0,USD
2023-05-15,Far East,MGO,755.63,USD
2023-06-14,Gladstone,IFO380,423.82,USD
2023-06-14,Gladstone,VLSFO,607.84,USD
2023-06-14,Gladstone,MGO,879.25,USD
2023-06-14,Newcastle,IFO380,404.26,USD
2023-06-14,Newcastle,VLSFO,573.07,USD
2023-06-14,Newcastle,MGO,841.48,USD
2023-06-14,Hay Point,IFO380,420.07,USD
2023-06-14,Hay Point,VLSFO,606.23,USD
2023-06-14,Hay Point,MGO,869.36,USD
2023-06-14,Dalrymple Bay,IFO380,425.48,USD
2023-06-14,Dalrymple Bay,VLSFO,611.36,USD
2023-06-14,Dalrymple Bay,MGO,877.77,USD
2023-06-14,Taboneo,IFO380,405.14,USD
2023-06-14,Taboneo,VLSFO,563.08,USD
2023-06-14,Taboneo,MGO,815.44,USD
2023-06-14,Muara Pantai,IFO380,395.05,USD
2023-06-14,Muara Pantai,VLSFO,558.8,USD
2023-06-14,Muara Pantai,MGO,824.21,USD
2023-06-14,Samarinda,IFO380,393.6,USD
2023-06-14,Samarinda,VLSFO,567.47,USD
2023-06-14,Samarinda,MGO,822.72,USD
2023-06-14,Hampton Roads,IFO380,384.0,USD
2023-06-14,Hampton Roads,VLSFO,541.91,USD
2023-06-14,Hampton Roads,MGO,794.52,USD
2023-06-14,Baltimore,IFO380,375.75,USD
2023-06-14,Baltimore,VLSFO,536.41,USD
2023-06-14,Baltimore,MGO,768.56,USD
2023-06-14,New Orleans,IFO380,361.02,USD
2023-06-14,New Orleans,VLSFO,529.45,USD
2023-06-14,New Orleans,MGO,766.29,USD
2023-06-14,Beira,IFO380,456.21,USD
2023-06-14,Beira,VLSFO,646.77,USD
2023-06-14,Beira,MGO,935.18,USD
2023-06-14,Nacala,IFO380,454.69,USD
2023-06-14,Nacala,VLSFO,652.0,USD
2023-06-14,Nacala,MGO,941.41,USD
2023-06-14,Baltic,IFO380,389.74,USD
2023-06-14,Baltic,VLSFO,550.49,USD
2023-06-14,Baltic,MGO,812.43,USD
2023-06-14,Black Sea,IFO380,362.91,USD
2023-06-14,Black Sea,VLSFO,517.36,USD
2023-06-14,Black Sea,MGO,760.92,USD
2023-06-14,Far East,IFO380,362.03,USD
2023-06-14,Far East,VLSFO,524.12,USD
2023-06-14,Far East,MGO,757.6,USD
2023-07-14,Gladstone,IFO380,445.86,USD
2023-07-14,Gladstone,VLSFO,636.48,USD
2023-07-14,Gladstone,MGO,924.99,USD
2023-07-14,Newcastle,IFO380,439.26,USD
2023-07-14,Newcastle,VLSFO,622.88,USD
2023-07-14,Newcastle,MGO,894.34,USD
2023-07-14,Hay Point,IFO380,451.84,USD
2023-07-14,Hay Point,VLSFO,651.58,USD
2023-07-14,Hay Point,MGO,941.77,USD
2023-07-14,Dalrymple Bay,IFO380,455.83,USD
2023-07-14,Dalrymple Bay,VLSFO,646.18,USD
2023-07-14,Dalrymple Bay,MGO,941.74,USD
2023-07-14,Taboneo,IFO380,425.22,USD
2023-07-14,Taboneo,VLSFO,593.36,USD
2023-07-14,Taboneo,MGO,867.46,USD
2023-07-14,Muara Pantai,IFO380,433.09,USD
2023-07-14,Muara Pantai,VLSFO,601.42,USD
2023-07-14,Muara Pantai,MGO,872.16,USD
2023-07-14,Samarinda,IFO380,409.71,USD
2023-07-14,Samarinda,VLSFO,591.17,USD
2023-07-14,Samarinda,MGO,860.27,USD
2023-07-14,Hampton Roads,IFO380,401.1,USD
2023-07-14,Hampton Roads,VLSFO,583.38,USD
2023-07-14,Hampton Roads,MGO,843.3,USD
2023-07-14,Baltimore,IFO380,425.12,USD
2023-07-14,Baltimore,VLSFO,600.42,USD
2023-07-14,Baltimore,MGO,883.11,USD
2023-07-14,New Orleans,IFO380,386.76,USD
2023-07-14,New Orleans,VLSFO,561.28,USD
2023-07-14,New Orleans,MGO,810.8,USD
2023-07-14,Beira,IFO380,483.19,USD
2023-07-14,Beira,VLSFO,690.1,USD
2023-07-14,Beira,MGO,1013.39,USD
2023-07-14,Nacala,IFO380,489.73,USD
2023-07-14,Nacala,VLSFO,692.63,USD
2023-07-14,Nacala,MGO,1008.38,USD
2023-07-14,Baltic,IFO380,397.11,USD
2023-07-14,Baltic,VLSFO,575.17,USD
2023-07-14,Baltic,MGO,823.44,USD
2023-07-14,Black Sea,IFO380,411.06,USD
2023-07-14,Black Sea,VLSFO,574.41,USD
2023-07-14,Black Sea,MGO,833.02,USD
2023-07-14,Far East,IFO380,372.98,USD
2023-07-14,Far East,VLSFO,531.35,USD
2023-07-14,Far East,MGO,792.67,USD
2023-08-13,Gladstone,IFO380,440.66,USD
2023-08-13,Gladstone,VLSFO,624.66,USD
2023-08-13,Gladstone,MGO,898.48,USD
2023-08-13,Newcastle,IFO380,428.55,USD
2023-08-13,Newcastle,VLSFO,619.85,USD
2023-08-13,Newcastle,MGO,900.95,USD
2023-08-13,Hay Point,IFO380,460.2,USD
2023-08-13,Hay Point,VLSFO,647.5,USD
2023-08-13,Hay Point,MGO,940.5,USD
2023-08-13,Dalrymple Bay,IFO380,435.57,USD
2023-08-13,Dalrymple Bay,VLSFO,620.59,USD
2023-08-13,Dalrymple Bay,MGO,911.55,USD
2023-08-13,Taboneo,IFO380,394.47,USD
2023-08-13,Taboneo,VLSFO,566.02,USD
2023-08-13,Taboneo,MGO,818.63,USD
2023-08-13,Muara Pantai,IFO380,403.24,USD
2023-08-13,Muara Pantai,VLSFO,580.41,USD
2023-08-13,Muara Pantai,MGO,843.14,USD
2023-08-13,Samarinda,IFO380,410.13,USD
2023-08-13,Samarinda,VLSFO,564.55,USD
2023-08-13,Samarinda,MGO,824.82,USD
2023-08-13,Hampton Roads,IFO380,396.9,USD
2023-08-13,Hampton Roads,VLSFO,559.99,USD
2023-08-13,Hampton Roads,MGO,811.41,USD
2023-08-13,Baltimore,IFO380,393.66,USD
2023-08-13,Baltimore,VLSFO,582.94,USD
2023-08-13,Baltimore,MGO,835.13,USD
2023-08-13,New Orleans,IFO380,378.05,USD
2023-08-13,New Orleans,VLSFO,539.32,USD
2023-08-13,New Orleans,MGO,784.92,USD
2023-08-13,Beira,IFO380,479.41,USD
2023-08-13,Beira,VLSFO,671.13,USD
2023-08-13,Beira,MGO,989.06,USD
2023-08-13,Nacala,IFO380,467.71,USD
2023-08-13,Nacala,VLSFO,682.04,USD
2023-08-13,Nacala,MGO,985.01,USD
2023-08-13,Baltic,IFO380,388.1,USD
2023-08-13,Baltic,VLSFO,552.98,USD
2023-08-13,Baltic,MGO,786.09,USD
2023-08-13,Black Sea,IFO380,385.39,USD
2023-08-13,Black Sea,VLSFO,559.08,USD
2023-08-13,Black Sea,MGO,808.36,USD
2023-08-13,Far East,IFO380,383.96,USD
2023-08-13,Far East,VLSFO,536.52,USD
2023-08-13,Far East,MGO,776.65,USD
2023-09-12,Gladstone,IFO380,421.14,USD
2023-09-12,Gladstone,VLSFO,600.16,USD
2023-09-12,Gladstone,MGO,865.91,USD
2023-09-12,Newcastle,IFO380,409.41,USD
2023-09-12,Newcastle,VLSFO,578.25,USD
2023-09-12,Newcastle,MGO,834.07,USD
2023-09-12,Hay Point,IFO380,425.52,USD
2023-09-12,Hay Point,VLSFO,608.07,USD
2023-09-12,Hay Point,MGO,885.43,USD
2023-09-12,Dalrymple Bay,IFO380,430.58,USD
2023-09-12,Dalrymple Bay,VLSFO,618.53,USD
2023-09-12,Dalrymple Bay,MGO,904.82,USD
2023-09-12,Taboneo,IFO380,387.32,USD
2023-09-12,Taboneo,VLSFO,571.37,USD
2023-09-12,Taboneo,MGO,809.26,USD
2023-09-12,Muara Pantai,IFO380,375.48,USD
2023-09-12,Muara Pantai,VLSFO,547.91,USD
2023-09-12,Muara Pantai,MGO,804.89,USD
2023-09-12,Samarinda,IFO380,396.51,USD
2023-09-12,Samarinda,VLSFO,563.74,USD
2023-09-12,Samarinda,MGO,818.08,USD
2023-09-12,Hampton Roads,IFO380,392.78,USD
2023-09-12,Hampton Roads,VLSFO,547.71,USD
2023-09-12,Hampton Roads,MGO,788.35,USD
2023-09-12,Baltimore,IFO380,386.77,USD
2023-09-12,Baltimore,VLSFO,551.52,USD
2023-09-12,Baltimore,MGO,798.8,USD
2023-09-12,New Orleans,IFO380,376.77,USD
2023-09-12,New Orleans,VLSFO,541.11,USD
2023-09-12,New Orleans,MGO,789.78,USD
2023-09-12,Beira,IFO380,467.2,USD
2023-09-12,Beira,VLSFO,667.53,USD
2023-09-12,Beira,MGO,976.62,USD
2023-09-12,Nacala,IFO380,461.88,USD
2023-09-12,Nacala,VLSFO,655.09,USD
2023-09-12,Nacala,MGO,955.18,USD
2023-09-12,Baltic,IFO380,370.79,USD
2023-09-12,Baltic,VLSFO,537.21,USD
2023-09-12,Baltic,MGO,779.38,USD
2023-09-12,Black Sea,IFO380,378.07,USD
2023-09-12,Black Sea,VLSFO,547.26,USD
2023-09-12,Black Sea,MGO,777.75,USD
2023-09-12,Far East,IFO380,364.59,USD
2023-09-12,Far East,VLSFO,522.65,USD
2023-09-12,Far East,MGO,758.57,USD
2023-10-12,Gladstone,IFO380,417.89,USD
2023-10-12,Gladstone,VLSFO,605.74,USD
2023-10-12,Gladstone,MGO,870.36,USD
2023-10-12,Newcastle,IFO380,399.77,USD
2023-10-12,Newcastle,VLSFO,581.54,USD
2023-10-12,Newcastle,MGO,836.41,USD
2023-10-12,Hay Point,IFO380,430.6,USD
2023-10-12,Hay Point,VLSFO,620.03,USD
2023-10-12,Hay Point,MGO,891.88,USD
2023-10-12,Dalrymple Bay,IFO380,431.97,USD
2023-10-12,Dalrymple Bay,VLSFO,614.87,USD
2023-10-12,Dalrymple Bay,MGO,886.97,USD
2023-10-12,Taboneo,IFO380,389.82,USD
2023-10-12,Taboneo,VLSFO,558.45,USD
2023-10-12,Taboneo,MGO,807.45,USD
2023-10-12,Muara Pantai,IFO380,396.91,USD
2023-10-12,Muara Pantai,VLSFO,565.33,USD
2023-10-12,Muara Pantai,MGO,818.63,USD
2023-10-12,Samarinda,IFO380,400.56,USD
2023-10-12,Samarinda,VLSFO,566.21,USD
2023-10-12,Samarinda,MGO,814.74,USD
2023-10-12,Hampton Roads,IFO380,377.61,USD
2023-10-12,Hampton Roads,VLSFO,539.57,USD
2023-10-12,Hampton Roads,MGO,778.41,USD
2023-10-12,Baltimore,IFO380,390.77,USD
2023-10-12,Baltimore,VLSFO,553.89,USD
2023-10-12,Baltimore,MGO,800.52,USD
2023-10-12,New Orleans,IFO380,374.72,USD
2023-10-12,New Orleans,VLSFO,536.58,USD
2023-10-12,New Orleans,MGO,761.83,USD
2023-10-12,Beira,IFO380,445.97,USD
2023-10-12,Beira,VLSFO,648.62,USD
2023-10-12,Beira,MGO,936.14,USD
2023-10-12,Nacala,IFO380,461.22,USD
2023-10-12,Nacala,VLSFO,669.78,USD
2023-10-12,Nacala,MGO,983.82,USD
2023-10-12,Baltic,IFO380,371.37,USD
2023-10-12,Baltic,VLSFO,528.39,USD
2023-10-12,Baltic,MGO,759.76,USD
2023-10-12,Black Sea,IFO380,372.78,USD
2023-10-12,Black Sea,VLSFO,535.48,USD
2023-10-12,Black Sea,MGO,777.55,USD
2023-10-12,Far East,IFO380,368.62,USD
2023-10-12,Far East,VLSFO,515.8,USD
2023-10-12,Far East,MGO,751.19,USD
2023-11-11,Gladstone,IFO380,415.21,USD
2023-11-11,Gladstone,VLSFO,587.61,USD
2023-11-11,Gladstone,MGO,850.52,USD
2023-11-11,Newcastle,IFO380,406.9,USD
2023-11-11,Newcastle,VLSFO,577.47,USD
2023-11-11,Newcastle,MGO,826.49,USD
2023-11-11,Hay Point,IFO380,412.23,USD
2023-11-11,Hay Point,VLSFO,591.76,USD
2023-11-11,Hay Point,MGO,868.94,USD
2023-11-11,Dalrymple Bay,IFO380,421.34,USD
2023-11-11,Dalrymple Bay,VLSFO,601.41,USD
2023-11-11,Dalrymple Bay,MGO,870.87,USD
2023-11-11,Taboneo,IFO380,383.84,USD
2023-11-11,Taboneo,VLSFO,550.46,USD
2023-11-11,Taboneo,MGO,817.44,USD
2023-11-11,Muara Pantai,IFO380,392.59,USD
2023-11-11,Muara Pantai,VLSFO,560.78,USD
2023-11-11,Muara Pantai,MGO,799.09,USD
2023-11-11,Samarinda,IFO380,362.87,USD
2023-11-11,Samarinda,VLSFO,523.06,USD
2023-11-11,Samarinda,MGO,758.59,USD
2023-11-11,Hampton Roads,IFO380,375.54,USD
2023-11-11,Hampton Roads,VLSFO,538.8,USD
2023-11-11,Hampton Roads,MGO,787.06,USD
2023-11-11,Baltimore,IFO380,392.2,USD
2023-11-11,Baltimore,VLSFO,558.37,USD
2023-11-11,Baltimore,MGO,809.45,USD
2023-11-11,New Orleans,IFO380,358.01,USD
2023-11-11,New Orleans,VLSFO,505.48,USD
2023-11-11,New Orleans,MGO,732.26,USD
2023-11-11,Beira,IFO380,441.46,USD
2023-11-11,Beira,VLSFO,623.2,USD
2023-11-11,Beira,MGO,912.9,USD
2023-11-11,Nacala,IFO380,448.6,USD
2023-11-11,Nacala,VLSFO,641.05,USD
2023-11-11,Nacala,MGO,940.7,USD
2023-11-11,Baltic,IFO380,375.85,USD
2023-11-11,Baltic,VLSFO,535.62,USD
2023-11-11,Baltic,MGO,798.79,USD
2023-11-11,Black Sea,IFO380,376.94,USD
2023-11-11,Black Sea,VLSFO,531.41,USD
2023-11-11,Black Sea,MGO,749.93,USD
2023-11-11,Far East,IFO380,346.03,USD
2023-11-11,Far East,VLSFO,503.14,USD
2023-11-11,Far East,MGO,718.01,USD
2023-12-11,Gladstone,IFO380,414.76,USD
2023-12-11,Gladstone,VLSFO,585.24,USD
2023-12-11,Gladstone,MGO,862.21,USD
2023-12-11,Newcastle,IFO380,406.05,USD
2023-12-11,Newcastle,VLSFO,585.71,USD
2023-12-11,Newcastle,MGO,846.17,USD
2023-12-11,Hay Point,IFO380,414.92,USD
2023-12-11,Hay Point,VLSFO,594.11,USD
2023-12-11,Hay Point,MGO,862.99,USD
2023-12-11,Dalrymple Bay,IFO380,429.75,USD
2023-12-11,Dalrymple Bay,VLSFO,614.29,USD
2023-12-11,Dalrymple Bay,MGO,890.56,USD
2023-12-11,Taboneo,IFO380,391.88,USD
2023-12-11,Taboneo,VLSFO,567.62,USD
2023-12-11,Taboneo,MGO,809.93,USD
2023-12-11,Muara Pantai,IFO380,393.96,USD
2023-12-11,Muara Pantai,VLSFO,553.79,USD
2023-12-11,Muara Pantai,MGO,816.39,USD
2023-12-11,Samarinda,IFO380,381.57,USD
2023-12-11,Samarinda,VLSFO,545.25,USD
2023-12-11,Samarinda,MGO,788.58,USD
2023-12-11,Hampton Roads,IFO380,380.57,USD
2023-12-11,Hampton Roads,VLSFO,538.51,USD
2023-12-11,Hampton Roads,MGO,781.26,USD
2023-12-11,Baltimore,IFO380,374.23,USD
2023-12-11,Baltimore,VLSFO,544.59,USD
2023-12-11,Baltimore,MGO,787.5,USD
2023-12-11,New Orleans,IFO380,373.33,USD
2023-12-11,New Orleans,VLSFO,527.91,USD
2023-12-11,New Orleans,MGO,766.81,USD
2023-12-11,Beira,IFO380,457.0,USD
2023-12-11,Beira,VLSFO,643.54,USD
2023-12-11,Beira,MGO,939.9,USD
2023-12-11,Nacala,IFO380,458.15,USD
2023-12-11,Nacala,VLSFO,659.37,USD
2023-12-11,Nacala,MGO,949.14,USD
2023-12-11,Baltic,IFO380,371.98,USD
2023-12-11,Baltic,VLSFO,530.54,USD
2023-12-11,Baltic,MGO,765.38,USD
2023-12-11,Black Sea,IFO380,373.65,USD
2023-12-11,Black Sea,VLSFO,535.92,USD
2023-12-11,Black Sea,MGO,784.97,USD
2023-12-11,Far East,IFO380,349.12,USD
2023-12-11,Far East,VLSFO,508.11,USD
2023-12-11,Far East,MGO,733.91,USD
2024-01-10,Gladstone,IFO380,404.9,USD
2024-01-10,Gladstone,VLSFO,583.1,USD
2024-01-10,Gladstone,MGO,846.47,USD
2024-01-10,Newcastle,IFO380,405.1,USD
2024-01-10,Newcastle,VLSFO,575.93,USD
2024-01-10,Newcastle,MGO,848.17,USD
2024-01-10,Hay Point,IFO380,398.33,USD
2024-01-10,Hay Point,VLSFO,565.71,USD
2024-01-10,Hay Point,MGO,819.52,USD
2024-01-10,Dalrymple Bay,IFO380,405.88,USD
2024-01-10,Dalrymple Bay,VLSFO,577.02,USD
2024-01-10,Dalrymple Bay,MGO,848.71,USD
2024-01-10,Taboneo,IFO380,363.0,USD
2024-01-10,Taboneo,VLSFO,517.84,USD
2024-01-10,Taboneo,MGO,736.85,USD
2024-01-10,Muara Pantai,IFO380,369.23,USD
2024-01-10,Muara Pantai,VLSFO,523.76,USD
2024-01-10,Muara Pantai,MGO,759.92,USD
2024-01-10,Samarinda,IFO380,360.55,USD
2024-01-10,Samarinda,VLSFO,517.4,USD
2024-01-10,Samarinda,MGO,743.34,USD
2024-01-10,Hampton Roads,IFO380,357.83,USD
2024-01-10,Hampton Roads,VLSFO,514.87,USD
2024-01-10,Hampton Roads,MGO,752.11,USD
2024-01-10,Baltimore,IFO380,375.54,USD
2024-01-10,Baltimore,VLSFO,533.94,USD
2024-01-10,Baltimore,MGO,774.96,USD
2024-01-10,New Orleans,IFO380,355.86,USD
2024-01-10,New Orleans,VLSFO,510.34,USD
2024-01-10,New Orleans,MGO,738.69,USD
2024-01-10,Beira,IFO380,441.37,USD
2024-01-10,Beira,VLSFO,628.26,USD
2024-01-10,Beira,MGO,906.66,USD
2024-01-10,Nacala,IFO380,433.99,USD
2024-01-10,Nacala,VLSFO,624.47,USD
2024-01-10,Nacala,MGO,894.43,USD
2024-01-10,Baltic,IFO380,379.85,USD
2024-01-10,Baltic,VLSFO,536.1,USD
2024-01-10,Baltic,MGO,770.53,USD
2024-01-10,Black Sea,IFO380,340.67,USD
2024-01-10,Black Sea,VLSFO,498.57,USD
2024-01-10,Black Sea,MGO,722.37,USD
2024-01-10,Far East,IFO380,339.92,USD
2024-01-10,Far East,VLSFO,485.53,USD
2024-01-10,Far East,MGO,706.17,USD
2024-02-09,Gladstone,IFO380,402.69,USD
2024-02-09,Gladstone,VLSFO,586.13,USD
2024-02-09,Gladstone,MGO,852.38,USD
2024-02-09,Newcastle,IFO380,402.65,USD
2024-02-09,Newcastle,VLSFO,568.04,USD
2024-02-09,Newcastle,MGO,827.95,USD
2024-02-09,Hay Point,IFO380,420.5,USD
2024-02-09,Hay Point,VLSFO,575.88,USD
2024-02-09,Hay Point,MGO,854.89,USD
2024-02-09,Dalrymple Bay,IFO380,395.15,USD
2024-02-09,Dalrymple Bay,VLSFO,562.98,USD
2024-02-09,Dalrymple Bay,MGO,833.98,USD
2024-02-09,Taboneo,IFO380,373.85,USD
2024-02-09,Taboneo,VLSFO,535.33,USD
2024-02-09,Taboneo,MGO,771.98,USD
2024-02-09,Muara Pantai,IFO380,373.53,USD
2024-02-09,Muara Pantai,VLSFO,531.36,USD
2024-02-09,Muara Pantai,MGO,769.9,USD
2024-02-09,Samarinda,IFO380,368.07,USD
2024-02-09,Samarinda,VLSFO,524.08,USD
2024-02-09,Samarinda,MGO,763.12,USD
2024-02-09,Hampton Roads,IFO380,373.88,USD
2024-02-09,Hampton Roads,VLSFO,531.88,USD
2024-02-09,Hampton Roads,MGO,772.01,USD
2024-02-09,Baltimore,IFO380,339.62,USD
2024-02-09,Baltimore,VLSFO,504.23,USD
2024-02-09,Baltimore,MGO,710.28,USD
2024-02-09,New Orleans,IFO380,367.8,USD
2024-02-09,New Orleans,VLSFO,515.78,USD
2024-02-09,New Orleans,MGO,751.39,USD
2024-02-09,Beira,IFO380,423.63,USD
2024-02-09,Beira,VLSFO,610.59,USD
2024-02-09,Beira,MGO,889.54,USD
2024-02-09,Nacala,IFO380,455.69,USD
2024-02-09,Nacala,VLSFO,638.49,USD
2024-02-09,Nacala,MGO,928.78,USD
2024-02-09,Baltic,IFO380,370.61,USD
2024-02-09,Baltic,VLSFO,534.01,USD
2024-02-09,Baltic,MGO,772.16,USD
2024-02-09,Black Sea,IFO380,363.08,USD
2024-02-09,Black Sea,VLSFO,509.13,USD
2024-02-09,Black Sea,MGO,744.83,USD
2024-02-09,Far East,IFO380,325.27,USD
2024-02-09,Far East,VLSFO,478.73,USD
2024-02-09,Far East,MGO,684.86,USD
2024-03-10,Gladstone,IFO380,391.45,USD
2024-03-10,Gladstone,VLSFO,568.56,USD
2024-03-10,Gladstone,MGO,825.96,USD
2024-03-10,Newcastle,IFO380,390.05,USD
2024-03-10,Newcastle,VLSFO,572.02,USD
2024-03-10,Newcastle,MGO,824.12,USD
2024-03-10,Hay Point,IFO380,386.91,USD
2024-03-10,Hay Point,VLSFO,562.56,USD
2024-03-10,Hay Point,MGO,813.71,USD
2024-03-10,Dalrymple Bay,IFO380,403.02,USD
2024-03-10,Dalrymple Bay,VLSFO,573.86,USD
2024-03-10,Dalrymple Bay,MGO,831.93,USD
2024-03-10,Taboneo,IFO380,374.38,USD
2024-03-10,Taboneo,VLSFO,541.02,USD
2024-03-10,Taboneo,MGO,798.79,USD
2024-03-10,Muara Pantai,IFO380,378.83,USD
2024-03-10,Muara Pantai,VLSFO,534.29,USD
2024-03-10,Muara Pantai,MGO,763.06,USD
2024-03-10,Samarinda,IFO380,363.14,USD
2024-03-10,Samarinda,VLSFO,525.99,USD
2024-03-10,Samarinda,MGO,760.9,USD
2024-03-10,Hampton Roads,IFO380,351.44,USD
2024-03-10,Hampton Roads,VLSFO,503.75,USD
2024-03-10,Hampton Roads,MGO,727.1,USD
2024-03-10,Baltimore,IFO380,367.31,USD
2024-03-10,Baltimore,VLSFO,524.42,USD
2024-03-10,Baltimore,MGO,768.68,USD
2024-03-10,New Orleans,IFO380,361.78,USD
2024-03-10,New Orleans,VLSFO,521.89,USD
2024-03-10,New Orleans,MGO,747.06,USD
2024-03-10,Beira,IFO380,430.81,USD
2024-03-10,Beira,VLSFO,615.46,USD
2024-03-10,Beira,MGO,899.23,USD
2024-03-10,Nacala,IFO380,442.79,USD
2024-03-10,Nacala,VLSFO,639.24,USD
2024-03-10,Nacala,MGO,919.69,USD
2024-03-10,Baltic,IFO380,360.25,USD
2024-03-10,Baltic,VLSFO,526.2,USD
2024-03-10,Baltic,MGO,755.82,USD
2024-03-10,Black Sea,IFO380,355.14,USD
2024-03-10,Black Sea,VLSFO,518.68,USD
2024-03-10,Black Sea,MGO,746.43,USD
2024-03-10,Far East,IFO380,348.63,USD
2024-03-10,Far East,VLSFO,492.03,USD
2024-03-10,Far East,MGO,713.39,USD
2024-04-09,Gladstone,IFO380,400.48,USD
2024-04-09,Gladstone,VLSFO,567.53,USD
2024-04-09,Gladstone,MGO,821.02,USD
2024-04-09,Newcastle,IFO380,393.46,USD
2024-04-09,Newcastle,VLSFO,567.28,USD
2024-04-09,Newcastle,MGO,803.98,USD
2024-04-09,Hay Point,IFO380,415.51,USD
2024-04-09,Hay Point,VLSFO,582.62,USD
2024-04-09,Hay Point,MGO,846.32,USD
2024-04-09,Dalrymple Bay,IFO380,400.03,USD
2024-04-09,Dalrymple Bay,VLSFO,588.37,USD
2024-04-09,Dalrymple Bay,MGO,855.45,USD
2024-04-09,Taboneo,IFO380,385.2,USD
2024-04-09,Taboneo,VLSFO,537.93,USD
2024-04-09,Taboneo,MGO,776.89,USD
2024-04-09,Muara Pantai,IFO380,364.53,USD
2024-04-09,Muara Pantai,VLSFO,525.25,USD
2024-04-09,Muara Pantai,MGO,760.18,USD
2024-04-09,Samarinda,IFO380,378.82,USD
2024-04-09,Samarinda,VLSFO,538.85,USD
2024-04-09,Samarinda,MGO,785.73,USD
2024-04-09,Hampton Roads,IFO380,365.32,USD
2024-04-09,Hampton Roads,VLSFO,511.37,USD
2024-04-09,Hampton Roads,MGO,759.39,USD
2024-04-09,Baltimore,IFO380,384.34,USD
2024-04-09,Baltimore,VLSFO,538.46,USD
2024-04-09,Baltimore,MGO,792.43,USD
2024-04-09,New Orleans,IFO380,352.07,USD
2024-04-09,New Orleans,VLSFO,516.61,USD
2024-04-09,New Orleans,MGO,739.7,USD
2024-04-09,Beira,IFO380,430.74,USD
2024-04-09,Beira,VLSFO,619.43,USD
2024-04-09,Beira,MGO,907.72,USD
2024-04-09,Nacala,IFO380,449.05,USD
2024-04-09,Nacala,VLSFO,640.4,USD
2024-04-09,Nacala,MGO,927.38,USD
2024-04-09,Baltic,IFO380,359.92,USD
2024-04-09,Baltic,VLSFO,513.76,USD
2024-04-09,Baltic,MGO,745.15,USD
2024-04-09,Black Sea,IFO380,353.37,USD
2024-04-09,Black Sea,VLSFO,506.82,USD
2024-04-09,Black Sea,MGO,725.88,USD
2024-04-09,Far East,IFO380,349.35,USD
2024-04-09,Far East,VLSFO,487.16,USD
2024-04-09,Far East,MGO,712.91,USD
2024-05-09,Gladstone,IFO380,408.99,USD
2024-05-09,Gladstone,VLSFO,593.94,USD
2024-05-09,Gladstone,MGO,864.74,USD
2024-05-09,Newcastle,IFO380,397.65,USD
2024-05-09,Newcastle,VLSFO,564.52,USD
2024-05-09,Newcastle,MGO,824.02,USD
2024-05-09,Hay Point,IFO380,397.67,USD
2024-05-09,Hay Point,VLSFO,583.36,USD
2024-05-09,Hay Point,MGO,835.95,USD
2024-05-09,Dalrymple Bay,IFO380,420.03,USD
2024-05-09,Dalrymple Bay,VLSFO,598.33,USD
2024-05-09,Dalrymple Bay,MGO,860.7,USD
2024-05-09,Taboneo,IFO380,368.33,USD
2024-05-09,Taboneo,VLSFO,531.5,USD
2024-05-09,Taboneo,MGO,770.02,USD
2024-05-09,Muara Pantai,IFO380,380.61,USD
2024-05-09,Muara Pantai,VLSFO,533.43,USD
2024-05-09,Muara Pantai,MGO,782.76,USD
2024-05-09,Samarinda,IFO380,373.46,USD
2024-05-09,Samarinda,VLSFO,539.59,USD
2024-05-09,Samarinda,MGO,779.37,USD
2024-05-09,Hampton Roads,IFO380,376.38,USD
2024-05-09,Hampton Roads,VLSFO,537.35,USD
2024-05-09,Hampton Roads,MGO,785.12,USD
2024-05-09,Baltimore,IFO380,369.76,USD
2024-05-09,Baltimore,VLSFO,534.06,USD
2024-05-09,Baltimore,MGO,773.62,USD
2024-05-09,New Orleans,IFO380,365.67,USD
2024-05-09,New Orleans,VLSFO,512.48,USD
2024-05-09,New Orleans,MGO,755.55,USD
2024-05-09,Beira,IFO380,449.48,USD
2024-05-09,Beira,VLSFO,641.18,USD
2024-05-09,Beira,MGO,915.39,USD
2024-05-09,Nacala,IFO380,449.61,USD
2024-05-09,Nacala,VLSFO,641.78,USD
2024-05-09,Nacala,MGO,929.44,USD
2024-05-09,Baltic,IFO380,358.19,USD
2024-05-09,Baltic,VLSFO,506.85,USD
2024-05-09,Baltic,MGO,735.93,USD
2024-05-09,Black Sea,IFO380,360.39,USD
2024-05-09,Black Sea,VLSFO,509.89,USD
2024-05-09,Black Sea,MGO,741.74,USD
2024-05-09,Far East,IFO380,345.32,USD
2024-05-09,Far East,VLSFO,488.92,USD
2024-05-09,Far East,MGO,712.59,USD
2024-06-08,Gladstone,IFO380,399.48,USD
2024-06-08,Gladstone,VLSFO,559.53,USD
2024-06-08,Gladstone,MGO,805.99,USD
2024-06-08,Newcastle,IFO380,386.33,USD
2024-06-08,Newcastle,VLSFO,552.19,USD
2024-06-08,Newcastle,MGO,801.11,USD
2024-06-08,Hay Point,IFO380,403.99,USD
2024-06-08,Hay Point,VLSFO,561.08,USD
2024-06-08,Hay Point,MGO,837.3,USD
2024-06-08,Dalrymple Bay,IFO380,392.75,USD
2024-06-08,Dalrymple Bay,VLSFO,576.43,USD
2024-06-08,Dalrymple Bay,MGO,830.88,USD
2024-06-08,Taboneo,IFO380,375.85,USD
2024-06-08,Taboneo,VLSFO,531.32,USD
2024-06-08,Taboneo,MGO,764.0,USD
2024-06-08,Muara Pantai,IFO380,368.99,USD
2024-06-08,Muara Pantai,VLSFO,520.86,USD
2024-06-08,Muara Pantai,MGO,749.93,USD
2024-06-08,Samarinda,IFO380,355.21,USD
2024-06-08,Samarinda,VLSFO,518.83,USD
2024-06-08,Samarinda,MGO,756.44,USD
2024-06-08,Hampton Roads,IFO380,365.15,USD
2024-06-08,Hampton Roads,VLSFO,523.48,USD
2024-06-08,Hampton Roads,MGO,746.6,USD
2024-06-08,Baltimore,IFO380,352.61,USD
2024-06-08,Baltimore,VLSFO,518.49,USD
2024-06-08,Baltimore,MGO,746.48,USD
2024-06-08,New Orleans,IFO380,339.8,USD
2024-06-08,New Orleans,VLSFO,484.64,USD
2024-06-08,New Orleans,MGO,709.79,USD
2024-06-08,Beira,IFO380,420.51,USD
2024-06-08,Beira,VLSFO,615.44,USD
2024-06-08,Beira,MGO,896.73,USD
2024-06-08,Nacala,IFO380,430.66,USD
2024-06-08,Nacala,VLSFO,622.54,USD
2024-06-08,Nacala,MGO,900.24,USD
2024-06-08,Baltic,IFO380,345.96,USD
2024-06-08,Baltic,VLSFO,487.02,USD
2024-06-08,Baltic,MGO,708.44,USD
2024-06-08,Black Sea,IFO380,348.94,USD
2024-06-08,Black Sea,VLSFO,500.01,USD
2024-06-08,Black Sea,MGO,728.35,USD
2024-06-08,Far East,IFO380,333.69,USD
2024-06-08,Far East,VLSFO,480.61,USD
2024-06-08,Far East,MGO,685.1,USD
2024-07-08,Gladstone,IFO380,417.69,USD
2024-07-08,Gladstone,VLSFO,589.3,USD
2024-07-08,Gladstone,MGO,850.23,USD
2024-07-08,Newcastle,IFO380,404.24,USD
2024-07-08,Newcastle,VLSFO,581.12,USD
2024-07-08,Newcastle,MGO,838.53,USD
2024-07-08,Hay Point,IFO380,407.94,USD
2024-07-08,Hay Point,VLSFO,587.22,USD
2024-07-08,Hay Point,MGO,854.05,USD
2024-07-08,Dalrymple Bay,IFO380,411.35,USD
2024-07-08,Dalrymple Bay,VLSFO,598.85,USD
2024-07-08,Dalrymple Bay,MGO,870.09,USD
2024-07-08,Taboneo,IFO380,385.12,USD
2024-07-08,Taboneo,VLSFO,546.31,USD
2024-07-08,Taboneo,MGO,807.23,USD
2024-07-08,Muara Pantai,IFO380,384.77,USD
2024-07-08,Muara Pantai,VLSFO,541.88,USD
2024-07-08,Muara Pantai,MGO,776.7,USD
2024-07-08,Samarinda,IFO380,378.29,USD
2024-07-08,Samarinda,VLSFO,535.25,USD
2024-07-08,Samarinda,MGO,777.09,USD
2024-07-08,Hampton Roads,IFO380,368.62,USD
2024-07-08,Hampton Roads,VLSFO,522.17,USD
2024-07-08,Hampton Roads,MGO,757.95,USD
2024-07-08,Baltimore,IFO380,364.9,USD
2024-07-08,Baltimore,VLSFO,535.04,USD
2024-07-08,Baltimore,MGO,768.99,USD
2024-07-08,New Orleans,IFO380,371.5,USD
2024-07-08,New Orleans,VLSFO,525.82,USD
2024-07-08,New Orleans,MGO,761.77,USD
2024-07-08,Beira,IFO380,443.16,USD
2024-07-08,Beira,VLSFO,648.04,USD
2024-07-08,Beira,MGO,932.02,USD
2024-07-08,Nacala,IFO380,460.07,USD
2024-07-08,Nacala,VLSFO,640.93,USD
2024-07-08,Nacala,MGO,924.3,USD
2024-07-08,Baltic,IFO380,363.53,USD
2024-07-08,Baltic,VLSFO,511.84,USD
2024-07-08,Baltic,MGO,742.68,USD
2024-07-08,Black Sea,IFO380,364.68,USD
2024-07-08,Black Sea,VLSFO,510.92,USD
2024-07-08,Black Sea,MGO,746.3,USD
2024-07-08,Far East,IFO380,351.72,USD
2024-07-08,Far East,VLSFO,501.2,USD
2024-07-08,Far East,MGO,726.03,USD
2024-08-07,Gladstone,IFO380,393.03,USD
2024-08-07,Gladstone,VLSFO,561.89,USD
2024-08-07,Gladstone,MGO,819.37,USD
2024-08-07,Newcastle,IFO380,393.79,USD
2024-08-07,Newcastle,VLSFO,556.44,USD
2024-08-07,Newcastle,MGO,822.25,USD
2024-08-07,Hay Point,IFO380,404.66,USD
2024-08-07,Hay Point,VLSFO,577.91,USD
2024-08-07,Hay Point,MGO,841.7,USD
2024-08-07,Dalrymple Bay,IFO380,401.61,USD
2024-08-07,Dalrymple Bay,VLSFO,583.43,USD
2024-08-07,Dalrymple Bay,MGO,848.7,USD
2024-08-07,Taboneo,IFO380,357.93,USD
2024-08-07,Taboneo,VLSFO,508.07,USD
2024-08-07,Taboneo,MGO,728.74,USD
2024-08-07,Muara Pantai,IFO380,358.66,USD
2024-08-07,Muara Pantai,VLSFO,522.18,USD
2024-08-07,Muara Pantai,MGO,773.84,USD
2024-08-07,Samarinda,IFO380,363.29,USD
2024-08-07,Samarinda,VLSFO,526.35,USD
2024-08-07,Samarinda,MGO,756.78,USD
2024-08-07,Hampton Roads,IFO380,362.72,USD
2024-08-07,Hampton Roads,VLSFO,522.03,USD
2024-08-07,Hampton Roads,MGO,762.53,USD
2024-08-07,Baltimore,IFO380,361.17,USD
2024-08-07,Baltimore,VLSFO,524.31,USD
2024-08-07,Baltimore,MGO,765.52,USD
2024-08-07,New Orleans,IFO380,341.93,USD
2024-08-07,New Orleans,VLSFO,496.73,USD
2024-08-07,New Orleans,MGO,720.67,USD
2024-08-07,Beira,IFO380,411.31,USD
2024-08-07,Beira,VLSFO,604.11,USD
2024-08-07,Beira,MGO,873.34,USD
2024-08-07,Nacala,IFO380,434.57,USD
2024-08-07,Nacala,VLSFO,618.55,USD
2024-08-07,Nacala,MGO,909.03,USD
2024-08-07,Baltic,IFO380,349.53,USD
2024-08-07,Baltic,VLSFO,509.11,USD
2024-08-07,Baltic,MGO,727.7,USD
2024-08-07,Black Sea,IFO380,345.3,USD
2024-08-07,Black Sea,VLSFO,498.32,USD
2024-08-07,Black Sea,MGO,719.47,USD
2024-08-07,Far East,IFO380,347.14,USD
2024-08-07,Far East,VLSFO,480.36,USD
2024-08-07,Far East,MGO,700.98,USD
2024-09-06,Gladstone,IFO380,397.26,USD
2024-09-06,Gladstone,VLSFO,574.79,USD
2024-09-06,Gladstone,MGO,823.17,USD
2024-09-06,Newcastle,IFO380,393.12,USD
2024-09-06,Newcastle,VLSFO,568.55,USD
2024-09-06,Newcastle,MGO,829.03,USD
2024-09-06,Hay Point,IFO380,406.16,USD
2024-09-06,Hay Point,VLSFO,578.23,USD
2024-09-06,Hay Point,MGO,845.54,USD
2024-09-06,Dalrymple Bay,IFO380,384.83,USD
2024-09-06,Dalrymple Bay,VLSFO,561.85,USD
2024-09-06,Dalrymple Bay,MGO,814.31,USD
2024-09-06,Taboneo,IFO380,374.62,USD
2024-09-06,Taboneo,VLSFO,538.53,USD
2024-09-06,Taboneo,MGO,779.53,USD
2024-09-06,Muara Pantai,IFO380,363.21,USD
2024-09-06,Muara Pantai,VLSFO,527.71,USD
2024-09-06,Muara Pantai,MGO,776.26,USD
2024-09-06,Samarinda,IFO380,375.49,USD
2024-09-06,Samarinda,VLSFO,524.07,USD
2024-09-06,Samarinda,MGO,759.49,USD
2024-09-06,Hampton Roads,IFO380,355.17,USD
2024-09-06,Hampton Roads,VLSFO,514.2,USD
2024-09-06,Hampton Roads,MGO,737.6,USD
2024-09-06,Baltimore,IFO380,357.3,USD
2024-09-06,Baltimore,VLSFO,524.17,USD
2024-09-06,Baltimore,MGO,752.17,USD
2024-09-06,New Orleans,IFO380,351.11,USD
2024-09-06,New Orleans,VLSFO,493.93,USD
2024-09-06,New Orleans,MGO,706.87,USD
2024-09-06,Beira,IFO380,435.56,USD
2024-09-06,Beira,VLSFO,610.45,USD
2024-09-06,Beira,MGO,893.77,USD
2024-09-06,Nacala,IFO380,446.91,USD
2024-09-06,Nacala,VLSFO,639.1,USD
2024-09-06,Nacala,MGO,919.29,USD
2024-09-06,Baltic,IFO380,357.24,USD
2024-09-06,Baltic,VLSFO,516.3,USD
2024-09-06,Baltic,MGO,741.87,USD
2024-09-06,Black Sea,IFO380,346.78,USD
2024-09-06,Black Sea,VLSFO,496.93,USD
2024-09-06,Black Sea,MGO,724.39,USD
2024-09-06,Far East,IFO380,350.06,USD
2024-09-06,Far East,VLSFO,507.79,USD
2024-09-06,Far East,MGO,720.83,USD
2024-10-06,Gladstone,IFO380,383.06,USD
2024-10-06,Gladstone,VLSFO,549.07,USD
2024-10-06,Gladstone,MGO,802.68,USD
2024-10-06,Newcastle,IFO380,362.23,USD
2024-10-06,Newcastle,VLSFO,527.27,USD
2024-10-06,Newcastle,MGO,758.42,USD
2024-10-06,Hay Point,IFO380,372.97,USD
2024-10-06,Hay Point,VLSFO,537.72,USD
2024-10-06,Hay Point,MGO,782.21,USD
2024-10-06,Dalrymple Bay,IFO380,379.41,USD
2024-10-06,Dalrymple Bay,VLSFO,538.15,USD
2024-10-06,Dalrymple Bay,MGO,772.9,USD
2024-10-06,Taboneo,IFO380,347.68,USD
2024-10-06,Taboneo,VLSFO,497.27,USD
2024-10-06,Taboneo,MGO,730.11,USD
2024-10-06,Muara Pantai,IFO380,342.09,USD
2024-10-06,Muara Pantai,VLSFO,489.11,USD
2024-10-06,Muara Pantai,MGO,708.52,USD
2024-10-06,Samarinda,IFO380,364.17,USD
2024-10-06,Samarinda,VLSFO,504.63,USD
2024-10-06,Samarinda,MGO,728.83,USD
2024-10-06,Hampton Roads,IFO380,333.58,USD
2024-10-06,Hampton Roads,VLSFO,474.9,USD
2024-10-06,Hampton Roads,MGO,692.6,USD
2024-10-06,Baltimore,IFO380,341.19,USD
2024-10-06,Baltimore,VLSFO,487.78,USD
2024-10-06,Baltimore,MGO,717.58,USD
2024-10-06,New Orleans,IFO380,347.45,USD
2024-10-06,New Orleans,VLSFO,494.46,USD
2024-10-06,New Orleans,MGO,711.82,USD
2024-10-06,Beira,IFO380,416.15,USD
2024-10-06,Beira,VLSFO,591.23,USD
2024-10-06,Beira,MGO,863.52,USD
2024-10-06,Nacala,IFO380,410.28,USD
2024-10-06,Nacala,VLSFO,583.76,USD
2024-10-06,Nacala,MGO,851.28,USD
2024-10-06,Baltic,IFO380,358.39,USD
2024-10-06,Baltic,VLSFO,498.9,USD
2024-10-06,Baltic,MGO,727.23,USD
2024-10-06,Black Sea,IFO380,338.43,USD
2024-10-06,Black Sea,VLSFO,476.13,USD
2024-10-06,Black Sea,MGO,692.33,USD
2024-10-06,Far East,IFO380,330.17,USD
2024-10-06,Far East,VLSFO,481.83,USD
2024-10-06,Far East,MGO,691.11,USD
2024-11-05,Gladstone,IFO380,395.26,USD
2024-11-05,Gladstone,VLSFO,556.66,USD
2024-11-05,Gladstone,MGO,810.41,USD
2024-11-05,Newcastle,IFO380,365.7,USD
2024-11-05,Newcastle,VLSFO,527.4,USD
2024-11-05,Newcastle,MGO,760.34,USD
2024-11-05,Hay Point,IFO380,391.91,USD
2024-11-05,Hay Point,VLSFO,557.31,USD
2024-11-05,Hay Point,MGO,812.46,USD
2024-11-05,Dalrymple Bay,IFO380,396.59,USD
2024-11-05,Dalrymple Bay,VLSFO,566.71,USD
2024-11-05,Dalrymple Bay,MGO,822.81,USD
2024-11-05,Taboneo,IFO380,348.98,USD
2024-11-05,Taboneo,VLSFO,502.43,USD
2024-11-05,Taboneo,MGO,724.4,USD
2024-11-05,Muara Pantai,IFO380,359.9,USD
2024-11-05,Muara Pantai,VLSFO,513.45,USD
2024-11-05,Muara Pantai,MGO,730.48,USD
2024-11-05,Samarinda,IFO380,363.83,USD
2024-11-05,Samarinda,VLSFO,518.66,USD
2024-11-05,Samarinda,MGO,761.33,USD
2024-11-05,Hampton Roads,IFO380,347.5,USD
2024-11-05,Hampton Roads,VLSFO,493.73,USD
2024-11-05,Hampton Roads,MGO,712.21,USD
2024-11-05,Baltimore,IFO380,350.88,USD
2024-11-05,Baltimore,VLSFO,503.92,USD
2024-11-05,Baltimore,MGO,722.88,USD
2024-11-05,New Orleans,IFO380,344.1,USD
2024-11-05,New Orleans,VLSFO,486.73,USD
2024-11-05,New Orleans,MGO,710.84,USD
2024-11-05,Beira,IFO380,419.44,USD
2024-11-05,Beira,VLSFO,604.29,USD
2024-11-05,Beira,MGO,882.19,USD
2024-11-05,Nacala,IFO380,425.49,USD
2024-11-05,Nacala,VLSFO,592.58,USD
2024-11-05,Nacala,MGO,855.02,USD
2024-11-05,Baltic,IFO380,357.87,USD
2024-11-05,Baltic,VLSFO,502.74,USD
2024-11-05,Baltic,MGO,734.61,USD
2024-11-05,Black Sea,IFO380,335.99,USD
2024-11-05,Black Sea,VLSFO,483.8,USD
2024-11-05,Black Sea,MGO,715.85,USD
2024-11-05,Far East,IFO380,326.63,USD
2024-11-05,Far East,VLSFO,472.39,USD
2024-11-05,Far East,MGO,689.39,USD
2024-12-05,Gladstone,IFO380,366.92,USD
2024-12-05,Gladstone,VLSFO,535.77,USD
2024-12-05,Gladstone,MGO,765.42,USD
2024-12-05,Newcastle,IFO380,362.64,USD
2024-12-05,Newcastle,VLSFO,520.94,USD
2024-12-05,Newcastle,MGO,746.04,USD
2024-12-05,Hay Point,IFO380,371.89,USD
2024-12-05,Hay Point,VLSFO,531.52,USD
2024-12-05,Hay Point,MGO,772.22,USD
2024-12-05,Dalrymple Bay,IFO380,377.29,USD
2024-12-05,Dalrymple Bay,VLSFO,555.64,USD
2024-12-05,Dalrymple Bay,MGO,795.29,USD
2024-12-05,Taboneo,IFO380,355.03,USD
2024-12-05,Taboneo,VLSFO,509.2,USD
2024-12-05,Taboneo,MGO,733.26,USD
2024-12-05,Muara Pantai,IFO380,358.3,USD
2024-12-05,Muara Pantai,VLSFO,505.2,USD
2024-12-05,Muara Pantai,MGO,735.26,USD
2024-12-05,Samarinda,IFO380,345.52,USD
2024-12-05,Samarinda,VLSFO,488.83,USD
2024-12-05,Samarinda,MGO,715.83,USD
2024-12-05,Hampton Roads,IFO380,338.56,USD
2024-12-05,Hampton Roads,VLSFO,484.96,USD
2024-12-05,Hampton Roads,MGO,698.29,USD
2024-12-05,Baltimore,IFO380,343.31,USD
2024-12-05,Baltimore,VLSFO,495.4,USD
2024-12-05,Baltimore,MGO,726.42,USD
2024-12-05,New Orleans,IFO380,328.39,USD
2024-12-05,New Orleans,VLSFO,458.65,USD
2024-12-05,New Orleans,MGO,658.02,USD
2024-12-05,Beira,IFO380,390.8,USD
2024-12-05,Beira,VLSFO,565.93,USD
2024-12-05,Beira,MGO,810.4,USD
2024-12-05,Nacala,IFO380,409.45,USD
2024-12-05,Nacala,VLSFO,581.48,USD
2024-12-05,Nacala,MGO,836.14,USD
2024-12-05,Baltic,IFO380,330.08,USD
2024-12-05,Baltic,VLSFO,478.27,USD
2024-12-05,Baltic,MGO,692.66,USD
2024-12-05,Black Sea,IFO380,320.28,USD
2024-12-05,Black Sea,VLSFO,453.24,USD
2024-12-05,Black Sea,MGO,663.36,USD
2024-12-05,Far East,IFO380,311.63,USD
2024-12-05,Far East,VLSFO,449.46,USD
2024-12-05,Far East,MGO,652.32,USD
2025-01-04,Gladstone,IFO380,378.24,USD
2025-01-04,Gladstone,VLSFO,525.46,USD
2025-01-04,Gladstone,MGO,756.52,USD
2025-01-04,Newcastle,IFO380,356.41,USD
2025-01-04,Newcastle,VLSFO,531.51,USD
2025-01-04,Newcastle,MGO,762.71,USD
2025-01-04,Hay Point,IFO380,381.11,USD
2025-01-04,Hay Point,VLSFO,549.87,USD
2025-01-04,Hay Point,MGO,800.35,USD
2025-01-04,Dalrymple Bay,IFO380,369.25,USD
2025-01-04,Dalrymple Bay,VLSFO,541.46,USD
2025-01-04,Dalrymple Bay,MGO,770.86,USD
2025-01-04,Taboneo,IFO380,349.89,USD
2025-01-04,Taboneo,VLSFO,494.5,USD
2025-01-04,Taboneo,MGO,721.75,USD
2025-01-04,Muara Pantai,IFO380,333.6,USD
2025-01-04,Muara Pantai,VLSFO,479.42,USD
2025-01-04,Muara Pantai,MGO,688.36,USD
2025-01-04,Samarinda,IFO380,343.47,USD
2025-01-04,Samarinda,VLSFO,487.53,USD
2025-01-04,Samarinda,MGO,715.45,USD
2025-01-04,Hampton Roads,IFO380,339.73,USD
2025-01-04,Hampton Roads,VLSFO,489.42,USD
2025-01-04,Hampton Roads,MGO,705.71,USD
2025-01-04,Baltimore,IFO380,338.58,USD
2025-01-04,Baltimore,VLSFO,477.91,USD
2025-01-04,Baltimore,MGO,714.77,USD
2025-01-04,New Orleans,IFO380,321.29,USD
2025-01-04,New Orleans,VLSFO,457.6,USD
2025-01-04,New Orleans,MGO,659.9,USD
2025-01-04,Beira,IFO380,407.52,USD
2025-01-04,Beira,VLSFO,580.83,USD
2025-01-04,Beira,MGO,837.66,USD
2025-01-04,Nacala,IFO380,411.45,USD
2025-01-04,Nacala,VLSFO,594.99,USD
2025-01-04,Nacala,MGO,843.17,USD
2025-01-04,Baltic,IFO380,324.32,USD
2025-01-04,Baltic,VLSFO,468.18,USD
2025-01-04,Baltic,MGO,684.28,USD
2025-01-04,Black Sea,IFO380,311.88,USD
2025-01-04,Black Sea,VLSFO,447.79,USD
2025-01-04,Black Sea,MGO,650.92,USD
2025-01-04,Far East,IFO380,320.22,USD
2025-01-04,Far East,VLSFO,470.91,USD
2025-01-04,Far East,MGO,671.92,USD
2025-02-03,Gladstone,IFO380,360.39,USD
2025-02-03,Gladstone,VLSFO,527.07,USD
2025-02-03,Gladstone,MGO,755.94,USD
2025-02-03,Newcastle,IFO380,354.89,USD
2025-02-03,Newcastle,VLSFO,496.55,USD
2025-02-03,Newcastle,MGO,733.39,USD
2025-02-03,Hay Point,IFO380,369.78,USD
2025-02-03,Hay Point,VLSFO,523.73,USD
2025-02-03,Hay Point,MGO,761.05,USD
2025-02-03,Dalrymple Bay,IFO380,350.87,USD
2025-02-03,Dalrymple Bay,VLSFO,518.21,USD
2025-02-03,Dalrymple Bay,MGO,747.83,USD
2025-02-03,Taboneo,IFO380,329.67,USD
2025-02-03,Taboneo,VLSFO,471.71,USD
2025-02-03,Taboneo,MGO,679.45,USD
2025-02-03,Muara Pantai,IFO380,345.69,USD
2025-02-03,Muara Pantai,VLSFO,483.1,USD
2025-02-03,Muara Pantai,MGO,703.83,USD
2025-02-03,Samarinda,IFO380,321.57,USD
2025-02-03,Samarinda,VLSFO,470.31,USD
2025-02-03,Samarinda,MGO,674.56,USD
2025-02-03,Hampton Roads,IFO380,320.51,USD
2025-02-03,Hampton Roads,VLSFO,468.02,USD
2025-02-03,Hampton Roads,MGO,668.25,USD
2025-02-03,Baltimore,IFO380,329.0,USD
2025-02-03,Baltimore,VLSFO,465.2,USD
2025-02-03,Baltimore,MGO,692.02,USD
2025-02-03,New Orleans,IFO380,313.92,USD
2025-02-03,New Orleans,VLSFO,447.56,USD
2025-02-03,New Orleans,MGO,653.84,USD
2025-02-03,Beira,IFO380,379.3,USD
2025-02-03,Beira,VLSFO,547.43,USD
2025-02-03,Beira,MGO,795.56,USD
2025-02-03,Nacala,IFO380,394.73,USD
2025-02-03,Nacala,VLSFO,556.53,USD
2025-02-03,Nacala,MGO,801.29,USD
2025-02-03,Baltic,IFO380,307.82,USD
2025-02-03,Baltic,VLSFO,448.59,USD
2025-02-03,Baltic,MGO,649.04,USD
2025-02-03,Black Sea,IFO380,318.57,USD
2025-02-03,Black Sea,VLSFO,456.13,USD
2025-02-03,Black Sea,MGO,661.25,USD
2025-02-03,Far East,IFO380,304.19,USD
2025-02-03,Far East,VLSFO,432.29,USD
2025-02-03,Far East,MGO,634.74,USD
2025-03-05,Gladstone,IFO380,347.91,USD
2025-03-05,Gladstone,VLSFO,502.65,USD
2025-03-05,Gladstone,MGO,735.78,USD
2025-03-05,Newcastle,IFO380,351.78,USD
2025-03-05,Newcastle,VLSFO,493.0,USD
2025-03-05,Newcastle,MGO,728.73,USD
2025-03-05,Hay Point,IFO380,349.64,USD
2025-03-05,Hay Point,VLSFO,501.16,USD
2025-03-05,Hay Point,MGO,721.28,USD
2025-03-05,Dalrymple Bay,IFO380,374.17,USD
2025-03-05,Dalrymple Bay,VLSFO,534.19,USD
2025-03-05,Dalrymple Bay,MGO,769.95,USD
2025-03-05,Taboneo,IFO380,325.14,USD
2025-03-05,Taboneo,VLSFO,470.23,USD
2025-03-05,Taboneo,MGO,686.71,USD
2025-03-05,Muara Pantai,IFO380,328.32,USD
2025-03-05,Muara Pantai,VLSFO,477.35,USD
2025-03-05,Muara Pantai,MGO,697.27,USD
2025-03-05,Samarinda,IFO380,327.43,USD
2025-03-05,Samarinda,VLSFO,460.3,USD
2025-03-05,Samarinda,MGO,657.25,USD
2025-03-05,Hampton Roads,IFO380,312.27,USD
2025-03-05,Hampton Roads,VLSFO,455.7,USD
2025-03-05,Hampton Roads,MGO,646.1,USD
2025-03-05,Baltimore,IFO380,313.09,USD
2025-03-05,Baltimore,VLSFO,454.06,USD
2025-03-05,Baltimore,MGO,662.67,USD
2025-03-05,New Orleans,IFO380,305.08,USD
2025-03-05,New Orleans,VLSFO,439.89,USD
2025-03-05,New Orleans,MGO,628.95,USD
2025-03-05,Beira,IFO380,385.93,USD
2025-03-05,Beira,VLSFO,544.62,USD
2025-03-05,Beira,MGO,789.91,USD
2025-03-05,Nacala,IFO380,382.02,USD
2025-03-05,Nacala,VLSFO,555.34,USD
2025-03-05,Nacala,MGO,795.0,USD
2025-03-05,Baltic,IFO380,318.31,USD
2025-03-05,Baltic,VLSFO,462.93,USD
2025-03-05,Baltic,MGO,661.03,USD
2025-03-05,Black Sea,IFO380,333.04,USD
2025-03-05,Black Sea,VLSFO,472.73,USD
2025-03-05,Black Sea,MGO,690.3,USD
2025-03-05,Far East,IFO380,304.32,USD
2025-03-05,Far East,VLSFO,440.51,USD
2025-03-05,Far East,MGO,646.55,USD
2025-04-04,Gladstone,IFO380,355.0,USD
2025-04-04,Gladstone,VLSFO,501.71,USD
2025-04-04,Gladstone,MGO,729.11,USD
2025-04-04,Newcastle,IFO380,336.17,USD
2025-04-04,Newcastle,VLSFO,486.06,USD
2025-04-04,Newcastle,MGO,706.46,USD
2025-04-04,Hay Point,IFO380,354.63,USD
2025-04-04,Hay Point,VLSFO,508.69,USD
2025-04-04,Hay Point,MGO,733.33,USD
2025-04-04,Dalrymple Bay,IFO380,350.52,USD
2025-04-04,Dalrymple Bay,VLSFO,500.55,USD
2025-04-04,Dalrymple Bay,MGO,716.97,USD
2025-04-04,Taboneo,IFO380,327.24,USD
2025-04-04,Taboneo,VLSFO,455.68,USD
2025-04-04,Taboneo,MGO,672.89,USD
2025-04-04,Muara Pantai,IFO380,322.61,USD
2025-04-04,Muara Pantai,VLSFO,462.82,USD
2025-04-04,Muara Pantai,MGO,668.84,USD
2025-04-04,Samarinda,IFO380,317.31,USD
2025-04-04,Samarinda,VLSFO,460.78,USD
2025-04-04,Samarinda,MGO,662.63,USD
2025-04-04,Hampton Roads,IFO380,308.26,USD
2025-04-04,Hampton Roads,VLSFO,441.39,USD
2025-04-04,Hampton Roads,MGO,645.19,USD
2025-04-04,Baltimore,IFO380,310.13,USD
2025-04-04,Baltimore,VLSFO,443.5,USD
2025-04-04,Baltimore,MGO,641.69,USD
2025-04-04,New Orleans,IFO380,291.18,USD
2025-04-04,New Orleans,VLSFO,428.06,USD
2025-04-04,New Orleans,MGO,624.22,USD
2025-04-04,Beira,IFO380,378.18,USD
2025-04-04,Beira,VLSFO,528.93,USD
2025-04-04,Beira,MGO,778.14,USD
2025-04-04,Nacala,IFO380,390.31,USD
2025-04-04,Nacala,VLSFO,559.81,USD
2025-04-04,Nacala,MGO,796.9,USD
2025-04-04,Baltic,IFO380,311.7,USD
2025-04-04,Baltic,VLSFO,449.1,USD
2025-04-04,Baltic,MGO,651.96,USD
2025-04-04,Black Sea,IFO380,309.79,USD
2025-04-04,Black Sea,VLSFO,433.27,USD
2025-04-04,Black Sea,MGO,631.19,USD
2025-04-04,Far East,IFO380,290.43,USD
2025-04-04,Far East,VLSFO,426.27,USD
2025-04-04,Far East,MGO,623.48,USD
2025-05-04,Gladstone,IFO380,338.33,USD
2025-05-04,Gladstone,VLSFO,501.23,USD
2025-05-04,Gladstone,MGO,724.7,USD
2025-05-04,Newcastle,IFO380,359.86,USD
2025-05-04,Newcastle,VLSFO,512.68,USD
2025-05-04,Newcastle,MGO,748.53,USD
2025-05-04,Hay Point,IFO380,352.73,USD
2025-05-04,Hay Point,VLSFO,504.05,USD
2025-05-04,Hay Point,MGO,742.16,USD
2025-05-04,Dalrymple Bay,IFO380,372.59,USD
2025-05-04,Dalrymple Bay,VLSFO,527.11,USD
2025-05-04,Dalrymple Bay,MGO,758.37,USD
2025-05-04,Taboneo,IFO380,327.63,USD
2025-05-04,Taboneo,VLSFO,474.84,USD
2025-05-04,Taboneo,MGO,685.95,USD
2025-05-04,Muara Pantai,IFO380,332.96,USD
2025-05-04,Muara Pantai,VLSFO,473.38,USD
2025-05-04,Muara Pantai,MGO,690.26,USD
2025-05-04,Samarinda,IFO380,325.3,USD
2025-05-04,Samarinda,VLSFO,456.91,USD
2025-05-04,Samarinda,MGO,681.91,USD
2025-05-04,Hampton Roads,IFO380,325.51,USD
2025-05-04,Hampton Roads,VLSFO,466.55,USD
2025-05-04,Hampton Roads,MGO,668.36,USD
2025-05-04,Baltimore,IFO380,310.96,USD
2025-05-04,Baltimore,VLSFO,455.79,USD
2025-05-04,Baltimore,MGO,656.8,USD
2025-05-04,New Orleans,IFO380,315.94,USD
2025-05-04,New Orleans,VLSFO,452.73,USD
2025-05-04,New Orleans,MGO,643.63,USD
2025-05-04,Beira,IFO380,392.3,USD
2025-05-04,Beira,VLSFO,557.12,USD
2025-05-04,Beira,MGO,809.48,USD
2025-05-04,Nacala,IFO380,378.97,USD
2025-05-04,Nacala,VLSFO,553.14,USD
2025-05-04,Nacala,MGO,795.15,USD
2025-05-04,Baltic,IFO380,318.94,USD
2025-05-04,Baltic,VLSFO,465.63,USD
2025-05-04,Baltic,MGO,664.32,USD
2025-05-04,Black Sea,IFO380,315.75,USD
2025-05-04,Black Sea,VLSFO,442.02,USD
2025-05-04,Black Sea,MGO,647.5,USD
2025-05-04,Far East,IFO380,304.09,USD
2025-05-04,Far East,VLSFO,429.51,USD
2025-05-04,Far East,MGO,627.13,USD
2025-06-03,Gladstone,IFO380,342.38,USD
2025-06-03,Gladstone,VLSFO,493.95,USD
2025-06-03,Gladstone,MGO,709.98,USD
2025-06-03,Newcastle,IFO380,336.88,USD
2025-06-03,Newcastle,VLSFO,480.81,USD
2025-06-03,Newcastle,MGO,684.57,USD
2025-06-03,Hay Point,IFO380,342.39,USD
2025-06-03,Hay Point,VLSFO,500.57,USD
2025-06-03,Hay Point,MGO,725.82,USD
2025-06-03,Dalrymple Bay,IFO380,344.92,USD
2025-06-03,Dalrymple Bay,VLSFO,503.02,USD
2025-06-03,Dalrymple Bay,MGO,714.67,USD
2025-06-03,Taboneo,IFO380,326.6,USD
2025-06-03,Taboneo,VLSFO,477.36,USD
2025-06-03,Taboneo,MGO,685.89,USD
2025-06-03,Muara Pantai,IFO380,328.82,USD
2025-06-03,Muara Pantai,VLSFO,468.09,USD
2025-06-03,Muara Pantai,MGO,664.85,USD
2025-06-03,Samarinda,IFO380,315.96,USD
2025-06-03,Samarinda,VLSFO,458.92,USD
2025-06-03,Samarinda,MGO,669.29,USD
2025-06-03,Hampton Roads,IFO380,312.35,USD
2025-06-03,Hampton Roads,VLSFO,449.63,USD
2025-06-03,Hampton Roads,MGO,639.04,USD
2025-06-03,Baltimore,IFO380,311.2,USD
2025-06-03,Baltimore,VLSFO,450.98,USD
2025-06-03,Baltimore,MGO,652.41,USD
2025-06-03,New Orleans,IFO380,295.44,USD
2025-06-03,New Orleans,VLSFO,425.31,USD
2025-06-03,New Orleans,MGO,610.44,USD
2025-06-03,Beira,IFO380,373.67,USD
2025-06-03,Beira,VLSFO,528.0,USD
2025-06-03,Beira,MGO,773.58,USD
2025-06-03,Nacala,IFO380,378.46,USD
2025-06-03,Nacala,VLSFO,535.85,USD
2025-06-03,Nacala,MGO,801.02,USD
2025-06-03,Baltic,IFO380,284.89,USD
2025-06-03,Baltic,VLSFO,408.03,USD
2025-06-03,Baltic,MGO,598.56,USD
2025-06-03,Black Sea,IFO380,302.95,USD
2025-06-03,Black Sea,VLSFO,432.56,USD
2025-06-03,Black Sea,MGO,634.69,USD
2025-06-03,Far East,IFO380,279.13,USD
2025-06-03,Far East,VLSFO,395.21,USD
2025-06-03,Far East,MGO,581.05,USD
2025-07-03,Gladstone,IFO380,349.49,USD
2025-07-03,Gladstone,VLSFO,488.67,USD
2025-07-03,Gladstone,MGO,720.32,USD
2025-07-03,Newcastle,IFO380,334.31,USD
2025-07-03,Newcastle,VLSFO,476.41,USD
2025-07-03,Newcastle,MGO,687.76,USD
2025-07-03,Hay Point,IFO380,347.11,USD
2025-07-03,Hay Point,VLSFO,496.54,USD
2025-07-03,Hay Point,MGO,729.39,USD
2025-07-03,Dalrymple Bay,IFO380,337.07,USD
2025-07-03,Dalrymple Bay,VLSFO,488.55,USD
2025-07-03,Dalrymple Bay,MGO,684.96,USD
2025-07-03,Taboneo,IFO380,325.18,USD
2025-07-03,Taboneo,VLSFO,450.29,USD
2025-07-03,Taboneo,MGO,667.6,USD
2025-07-03,Muara Pantai,IFO380,313.39,USD
2025-07-03,Muara Pantai,VLSFO,448.44,USD
2025-07-03,Muara Pantai,MGO,653.27,USD
2025-07-03,Samarinda,IFO380,298.35,USD
2025-07-03,Samarinda,VLSFO,432.67,USD
2025-07-03,Samarinda,MGO,625.31,USD
2025-07-03,Hampton Roads,IFO380,303.35,USD
2025-07-03,Hampton Roads,VLSFO,432.68,USD
2025-07-03,Hampton Roads,MGO,619.74,USD
2025-07-03,Baltimore,IFO380,313.94,USD
2025-07-03,Baltimore,VLSFO,440.39,USD
2025-07-03,Baltimore,MGO,639.28,USD
2025-07-03,New Orleans,IFO380,299.25,USD
2025-07-03,New Orleans,VLSFO,436.09,USD
2025-07-03,New Orleans,MGO,621.6,USD
2025-07-03,Beira,IFO380,369.6,USD
2025-07-03,Beira,VLSFO,532.05,USD
2025-07-03,Beira,MGO,767.22,USD
2025-07-03,Nacala,IFO380,372.58,USD
2025-07-03,Nacala,VLSFO,526.98,USD
2025-07-03,Nacala,MGO,769.46,USD
2025-07-03,Baltic,IFO380,302.69,USD
2025-07-03,Baltic,VLSFO,418.77,USD
2025-07-03,Baltic,MGO,616.13,USD
2025-07-03,Black Sea,IFO380,299.55,USD
2025-07-03,Black Sea,VLSFO,426.67,USD
2025-07-03,Black Sea,MGO,622.47,USD
2025-07-03,Far East,IFO380,292.12,USD
2025-07-03,Far East,VLSFO,436.13,USD
2025-07-03,Far East,MGO,620.48,USD
2025-08-02,Gladstone,IFO380,350.63,USD
2025-08-02,Gladstone,VLSFO,514.39,USD
2025-08-02,Gladstone,MGO,739.82,USD
2025-08-02,Newcastle,IFO380,336.88,USD
2025-08-02,Newcastle,VLSFO,496.86,USD
2025-08-02,Newcastle,MGO,697.51,USD
2025-08-02,Hay Point,IFO380,351.74,USD
2025-08-02,Hay Point,VLSFO,500.15,USD
2025-08-02,Hay Point,MGO,728.37,USD
2025-08-02,Dalrymple Bay,IFO380,353.05,USD
2025-08-02,Dalrymple Bay,VLSFO,506.7,USD
2025-08-02,Dalrymple Bay,MGO,739.27,USD
2025-08-02,Taboneo,IFO380,325.6,USD
2025-08-02,Taboneo,VLSFO,456.0,USD
2025-08-02,Taboneo,MGO,665.25,USD
2025-08-02,Muara Pantai,IFO380,331.06,USD
2025-08-02,Muara Pantai,VLSFO,459.95,USD
2025-08-02,Muara Pantai,MGO,686.41,USD
2025-08-02,Samarinda,IFO380,326.78,USD
2025-08-02,Samarinda,VLSFO,477.46,USD
2025-08-02,Samarinda,MGO,687.08,USD
2025-08-02,Hampton Roads,IFO380,324.12,USD
2025-08-02,Hampton Roads,VLSFO,455.25,USD
2025-08-02,Hampton Roads,MGO,659.73,USD
2025-08-02,Baltimore,IFO380,320.56,USD
2025-08-02,Baltimore,VLSFO,451.08,USD
2025-08-02,Baltimore,MGO,658.33,USD
2025-08-02,New Orleans,IFO380,318.75,USD
2025-08-02,New Orleans,VLSFO,459.78,USD
2025-08-02,New Orleans,MGO,647.88,USD
2025-08-02,Beira,IFO380,378.52,USD
2025-08-02,Beira,VLSFO,547.43,USD
2025-08-02,Beira,MGO,781.82,USD
2025-08-02,Nacala,IFO380,376.92,USD
2025-08-02,Nacala,VLSFO,552.71,USD
2025-08-02,Nacala,MGO,798.58,USD
2025-08-02,Baltic,IFO380,317.73,USD
2025-08-02,Baltic,VLSFO,450.99,USD
2025-08-02,Baltic,MGO,653.67,USD
2025-08-02,Black Sea,IFO380,307.15,USD
2025-08-02,Black Sea,VLSFO,440.72,USD
2025-08-02,Black Sea,MGO,639.67,USD
2025-08-02,Far East,IFO380,303.62,USD
2025-08-02,Far East,VLSFO,422.85,USD
2025-08-02,Far East,MGO,618.21,USD
2025-09-01,Gladstone,IFO380,340.32,USD
2025-09-01,Gladstone,VLSFO,492.97,USD
2025-09-01,Gladstone,MGO,719.75,USD
2025-09-01,Newcastle,IFO380,344.9,USD
2025-09-01,Newcastle,VLSFO,495.84,USD
2025-09-01,Newcastle,MGO,717.9,USD
2025-09-01,Hay Point,IFO380,343.07,USD
2025-09-01,Hay Point,VLSFO,485.25,USD
2025-09-01,Hay Point,MGO,708.77,USD
2025-09-01,Dalrymple Bay,IFO380,339.85,USD
2025-09-01,Dalrymple Bay,VLSFO,492.88,USD
2025-09-01,Dalrymple Bay,MGO,712.79,USD
2025-09-01,Taboneo,IFO380,326.14,USD
2025-09-01,Taboneo,VLSFO,459.99,USD
2025-09-01,Taboneo,MGO,677.92,USD
2025-09-01,Muara Pantai,IFO380,320.58,USD
2025-09-01,Muara Pantai,VLSFO,468.26,USD
2025-09-01,Muara Pantai,MGO,663.74,USD
2025-09-01,Samarinda,IFO380,308.83,USD
2025-09-01,Samarinda,VLSFO,448.54,USD
2025-09-01,Samarinda,MGO,655.66,USD
2025-09-01,Hampton Roads,IFO380,308.85,USD
2025-09-01,Hampton Roads,VLSFO,439.42,USD
2025-09-01,Hampton Roads,MGO,637.44,USD
2025-09-01,Baltimore,IFO380,324.15,USD
2025-09-01,Baltimore,VLSFO,451.87,USD
2025-09-01,Baltimore,MGO,650.69,USD
2025-09-01,New Orleans,IFO380,316.16,USD
2025-09-01,New Orleans,VLSFO,444.04,USD
2025-09-01,New Orleans,MGO,651.03,USD
2025-09-01,Beira,IFO380,379.42,USD
2025-09-01,Beira,VLSFO,532.84,USD
2025-09-01,Beira,MGO,775.11,USD
2025-09-01,Nacala,IFO380,379.7,USD
2025-09-01,Nacala,VLSFO,543.01,USD
2025-09-01,Nacala,MGO,785.51,USD
2025-09-01,Baltic,IFO380,301.35,USD
2025-09-01,Baltic,VLSFO,433.05,USD
2025-09-01,Baltic,MGO,616.3,USD
2025-09-01,Black Sea,IFO380,308.5,USD
2025-09-01,Black Sea,VLSFO,436.92,USD
2025-09-01,Black Sea,MGO,632.8,USD
2025-09-01,Far East,IFO380,295.98,USD
2025-09-01,Far East,VLSFO,402.41,USD
2025-09-01,Far East,MGO,594.5,USD
2025-10-01,Gladstone,IFO380,347.59,USD
2025-10-01,Gladstone,VLSFO,493.84,USD
2025-10-01,Gladstone,MGO,710.73,USD
2025-10-01,Newcastle,IFO380,325.31,USD
2025-10-01,Newcastle,VLSFO,459.01,USD
2025-10-01,Newcastle,MGO,664.12,USD
2025-10-01,Hay Point,IFO380,345.66,USD
2025-10-01,Hay Point,VLSFO,492.4,USD
2025-10-01,Hay Point,MGO,716.5,USD
2025-10-01,Dalrymple Bay,IFO380,337.96,USD
2025-10-01,Dalrymple Bay,VLSFO,489.21,USD
2025-10-01,Dalrymple Bay,MGO,715.58,USD
2025-10-01,Taboneo,IFO380,315.87,USD
2025-10-01,Taboneo,VLSFO,443.06,USD
2025-10-01,Taboneo,MGO,653.17,USD
2025-10-01,Muara Pantai,IFO380,311.96,USD
2025-10-01,Muara Pantai,VLSFO,456.32,USD
2025-10-01,Muara Pantai,MGO,659.98,USD
2025-10-01,Samarinda,IFO380,300.97,USD
2025-10-01,Samarinda,VLSFO,433.53,USD
2025-10-01,Samarinda,MGO,626.33,USD
2025-10-01,Hampton Roads,IFO380,317.44,USD
2025-10-01,Hampton Roads,VLSFO,455.84,USD
2025-10-01,Hampton Roads,MGO,644.93,USD
2025-10-01,Baltimore,IFO380,306.56,USD
2025-10-01,Baltimore,VLSFO,433.4,USD
2025-10-01,Baltimore,MGO,641.12,USD
2025-10-01,New Orleans,IFO380,296.98,USD
2025-10-01,New Orleans,VLSFO,413.04,USD
2025-10-01,New Orleans,MGO,595.07,USD
2025-10-01,Beira,IFO380,364.64,USD
2025-10-01,Beira,VLSFO,519.05,USD
2025-10-01,Beira,MGO,747.03,USD
2025-10-01,Nacala,IFO380,375.26,USD
2025-10-01,Nacala,VLSFO,530.91,USD
2025-10-01,Nacala,MGO,776.76,USD
2025-10-01,Baltic,IFO380,302.25,USD
2025-10-01,Baltic,VLSFO,416.08,USD
2025-10-01,Baltic,MGO,621.28,USD
2025-10-01,Black Sea,IFO380,283.15,USD
2025-10-01,Black Sea,VLSFO,406.7,USD
2025-10-01,Black Sea,MGO,601.64,USD
2025-10-01,Far East,IFO380,284.07,USD
2025-10-01,Far East,VLSFO,414.58,USD
2025-10-01,Far East,MGO,597.01,USD
2025-10-31,Gladstone,IFO380,329.86,USD
2025-10-31,Gladstone,VLSFO,486.82,USD
2025-10-31,Gladstone,MGO,701.29,USD
2025-10-31,Newcastle,IFO380,338.49,USD
2025-10-31,Newcastle,VLSFO,480.77,USD
2025-10-31,Newcastle,MGO,693.58,USD
2025-10-31,Hay Point,IFO380,346.85,USD
2025-10-31,Hay Point,VLSFO,499.94,USD
2025-10-31,Hay Point,MGO,728.3,USD
2025-10-31,Dalrymple Bay,IFO380,340.88,USD
2025-10-31,Dalrymple Bay,VLSFO,471.36,USD
2025-10-31,Dalrymple Bay,MGO,699.53,USD
2025-10-31,Taboneo,IFO380,317.28,USD
2025-10-31,Taboneo,VLSFO,441.92,USD
2025-10-31,Taboneo,MGO,648.65,USD
2025-10-31,Muara Pantai,IFO380,319.55,USD
2025-10-31,Muara Pantai,VLSFO,461.22,USD
2025-10-31,Muara Pantai,MGO,660.04,USD
2025-10-31,Samarinda,IFO380,310.07,USD
2025-10-31,Samarinda,VLSFO,435.78,USD
2025-10-31,Samarinda,MGO,640.01,USD
2025-10-31,Hampton Roads,IFO380,305.67,USD
2025-10-31,Hampton Roads,VLSFO,435.13,USD
2025-10-31,Hampton Roads,MGO,635.78,USD
2025-10-31,Baltimore,IFO380,303.75,USD
2025-10-31,Baltimore,VLSFO,432.08,USD
2025-10-31,Baltimore,MGO,629.29,USD
2025-10-31,New Orleans,IFO380,304.01,USD
2025-10-31,New Orleans,VLSFO,430.82,USD
2025-10-31,New Orleans,MGO,629.34,USD
2025-10-31,Beira,IFO380,367.58,USD
2025-10-31,Beira,VLSFO,530.96,USD
2025-10-31,Beira,MGO,773.69,USD
2025-10-31,Nacala,IFO380,375.76,USD
2025-10-31,Nacala,VLSFO,522.54,USD
2025-10-31,Nacala,MGO,766.39,USD
2025-10-31,Baltic,IFO380,301.11,USD
2025-10-31,Baltic,VLSFO,427.59,USD
2025-10-31,Baltic,MGO,624.02,USD
2025-10-31,Black Sea,IFO380,285.3,USD
2025-10-31,Black Sea,VLSFO,402.51,USD
2025-10-31,Black Sea,MGO,582.63,USD
2025-10-31,Far East,IFO380,302.18,USD
2025-10-31,Far East,VLSFO,432.06,USD
2025-10-31,Far East,MGO,610.92,USD
