date,route_id,freight_usd_mt
2020-01-01,AUS_PAR_PAN,18.86
2020-01-01,AUS_PAR_CAP,16.53
2020-01-01,AUS_VIZ_PAN,15.26
2020-01-01,AUS_VIZ_CAP,14.33
2020-01-01,AUS_DHA_PAN,17.61
2020-01-01,AUS_DHA_CAP,16.66
2020-01-01,AUS_GAN_PAN,17.34
2020-01-01,AUS_GAN_CAP,16.54
2020-01-01,AUS_GOP_PAN,14.36
2020-01-01,AUS_GOP_CAP,15.19
2020-01-01,AUS_HAL_PAN,19.19
2020-01-01,AUS_HAL_CAP,18.99
2020-01-01,IND_PAR_PAN,10.99
2020-01-01,IND_PAR_CAP,12.56
2020-01-01,IND_VIZ_PAN,10.48
2020-01-01,IND_VIZ_CAP,11.74
2020-01-01,IND_DHA_PAN,9.95
2020-01-01,IND_DHA_CAP,10.31
2020-01-01,IND_GAN_PAN,11.58
2020-01-01,IND_GAN_CAP,12.47
2020-01-01,IND_GOP_PAN,10.47
2020-01-01,IND_GOP_CAP,9.11
2020-01-01,IND_HAL_PAN,11.69
2020-01-01,IND_HAL_CAP,11.05
2020-01-01,RUS_PAR_PAN,19.77
2020-01-01,RUS_PAR_CAP,22.07
2020-01-01,RUS_VIZ_PAN,20.72
2020-01-01,RUS_VIZ_CAP,21.09
2020-01-01,RUS_DHA_PAN,21.82
2020-01-01,RUS_DHA_CAP,21.34
2020-01-01,RUS_GAN_PAN,22.92
2020-01-01,RUS_GAN_CAP,23.43
2020-01-01,RUS_GOP_PAN,20.86
2020-01-01,RUS_GOP_CAP,24.3
2020-01-01,RUS_HAL_PAN,22.03
2020-01-01,RUS_HAL_CAP,19.77
2020-01-01,MOZ_PAR_PAN,19.48
2020-01-01,MOZ_PAR_CAP,19.55
2020-01-01,MOZ_VIZ_PAN,20.57
2020-01-01,MOZ_VIZ_CAP,18.9
2020-01-01,MOZ_DHA_PAN,21.05
2020-01-01,MOZ_DHA_CAP,20.54
2020-01-01,MOZ_GAN_PAN,22.14
2020-01-01,MOZ_GAN_CAP,20.01
2020-01-01,MOZ_GOP_PAN,21.53
2020-01-01,MOZ_GOP_CAP,21.92
2020-01-01,MOZ_HAL_PAN,21.81
2020-01-01,MOZ_HAL_CAP,19.82
2020-01-01,USA_PAR_PAN,29.61
2020-01-01,USA_PAR_CAP,30.73
2020-01-01,USA_VIZ_PAN,36.9
2020-01-01,USA_VIZ_CAP,33.34
2020-01-01,USA_DHA_PAN,36.84
2020-01-01,USA_DHA_CAP,34.62
2020-01-01,USA_GAN_PAN,32.19
2020-01-01,USA_GAN_CAP,30.41
2020-01-01,USA_GOP_PAN,29.28
2020-01-01,USA_GOP_CAP,30.48
2020-01-01,USA_HAL_PAN,36.86
2020-01-01,USA_HAL_CAP,31.57
2020-01-31,AUS_PAR_PAN,18.71
2020-01-31,AUS_PAR_CAP,16.79
2020-01-31,AUS_VIZ_PAN,16.49
2020-01-31,AUS_VIZ_CAP,18.21
2020-01-31,AUS_DHA_PAN,15.43
2020-01-31,AUS_DHA_CAP,16.24
2020-01-31,AUS_GAN_PAN,16.55
2020-01-31,AUS_GAN_CAP,14.4
2020-01-31,AUS_GOP_PAN,13.92
2020-01-31,AUS_GOP_CAP,17.42
2020-01-31,AUS_HAL_PAN,18.26
2020-01-31,AUS_HAL_CAP,14.07
2020-01-31,IND_PAR_PAN,8.63
2020-01-31,IND_PAR_CAP,10.29
2020-01-31,IND_VIZ_PAN,11.64
2020-01-31,IND_VIZ_CAP,10.32
2020-01-31,IND_DHA_PAN,10.16
2020-01-31,IND_DHA_CAP,10.83
2020-01-31,IND_GAN_PAN,11.05
2020-01-31,IND_GAN_CAP,11.55
2020-01-31,IND_GOP_PAN,10.1
2020-01-31,IND_GOP_CAP,8.5
2020-01-31,IND_HAL_PAN,11.29
2020-01-31,IND_HAL_CAP,9.94
2020-01-31,RUS_PAR_PAN,22.45
2020-01-31,RUS_PAR_CAP,25.5
2020-01-31,RUS_VIZ_PAN,23.7
2020-01-31,RUS_VIZ_CAP,25.09
2020-01-31,RUS_DHA_PAN,22.52
2020-01-31,RUS_DHA_CAP,23.68
2020-01-31,RUS_GAN_PAN,21.48
2020-01-31,RUS_GAN_CAP,20.57
2020-01-31,RUS_GOP_PAN,21.57
2020-01-31,RUS_GOP_CAP,19.34
2020-01-31,RUS_HAL_PAN,22.63
2020-01-31,RUS_HAL_CAP,22.92
2020-01-31,MOZ_PAR_PAN,23.79
2020-01-31,MOZ_PAR_CAP,19.69
2020-01-31,MOZ_VIZ_PAN,20.88
2020-01-31,MOZ_VIZ_CAP,19.54
2020-01-31,MOZ_DHA_PAN,18.37
2020-01-31,MOZ_DHA_CAP,18.76
2020-01-31,MOZ_GAN_PAN,22.34
2020-01-31,MOZ_GAN_CAP,21.82
2020-01-31,MOZ_GOP_PAN,21.17
2020-01-31,MOZ_GOP_CAP,21.98
2020-01-31,MOZ_HAL_PAN,19.39
2020-01-31,MOZ_HAL_CAP,20.2
2020-01-31,USA_PAR_PAN,32.6
2020-01-31,USA_PAR_CAP,30.07
2020-01-31,USA_VIZ_PAN,34.59
2020-01-31,USA_VIZ_CAP,31.38
2020-01-31,USA_DHA_PAN,35.84
2020-01-31,USA_DHA_CAP,29.91
2020-01-31,USA_GAN_PAN,29.46
2020-01-31,USA_GAN_CAP,36.68
2020-01-31,USA_GOP_PAN,33.22
2020-01-31,USA_GOP_CAP,32.59
2020-01-31,USA_HAL_PAN,31.7
2020-01-31,USA_HAL_CAP,33.37
2020-03-01,AUS_PAR_PAN,16.94
2020-03-01,AUS_PAR_CAP,16.91
2020-03-01,AUS_VIZ_PAN,16.11
2020-03-01,AUS_VIZ_CAP,14.83
2020-03-01,AUS_DHA_PAN,15.5
2020-03-01,AUS_DHA_CAP,14.18
2020-03-01,AUS_GAN_PAN,18.01
2020-03-01,AUS_GAN_CAP,15.12
2020-03-01,AUS_GOP_PAN,17.0
2020-03-01,AUS_GOP_CAP,17.34
2020-03-01,AUS_HAL_PAN,17.34
2020-03-01,AUS_HAL_CAP,17.91
2020-03-01,IND_PAR_PAN,12.07
2020-03-01,IND_PAR_CAP,12.04
2020-03-01,IND_VIZ_PAN,10.7
2020-03-01,IND_VIZ_CAP,10.68
2020-03-01,IND_DHA_PAN,11.89
2020-03-01,IND_DHA_CAP,10.49
2020-03-01,IND_GAN_PAN,9.78
2020-03-01,IND_GAN_CAP,11.08
2020-03-01,IND_GOP_PAN,11.21
2020-03-01,IND_GOP_CAP,9.13
2020-03-01,IND_HAL_PAN,8.74
2020-03-01,IND_HAL_CAP,12.37
2020-03-01,RUS_PAR_PAN,23.37
2020-03-01,RUS_PAR_CAP,22.85
2020-03-01,RUS_VIZ_PAN,20.18
2020-03-01,RUS_VIZ_CAP,23.87
2020-03-01,RUS_DHA_PAN,20.8
2020-03-01,RUS_DHA_CAP,25.28
2020-03-01,RUS_GAN_PAN,21.92
2020-03-01,RUS_GAN_CAP,24.0
2020-03-01,RUS_GOP_PAN,23.88
2020-03-01,RUS_GOP_CAP,23.21
2020-03-01,RUS_HAL_PAN,21.55
2020-03-01,RUS_HAL_CAP,21.25
2020-03-01,MOZ_PAR_PAN,20.69
2020-03-01,MOZ_PAR_CAP,21.8
2020-03-01,MOZ_VIZ_PAN,20.04
2020-03-01,MOZ_VIZ_CAP,19.01
2020-03-01,MOZ_DHA_PAN,22.14
2020-03-01,MOZ_DHA_CAP,18.52
2020-03-01,MOZ_GAN_PAN,19.48
2020-03-01,MOZ_GAN_CAP,18.73
2020-03-01,MOZ_GOP_PAN,20.04
2020-03-01,MOZ_GOP_CAP,21.33
2020-03-01,MOZ_HAL_PAN,23.07
2020-03-01,MOZ_HAL_CAP,20.45
2020-03-01,USA_PAR_PAN,28.82
2020-03-01,USA_PAR_CAP,33.78
2020-03-01,USA_VIZ_PAN,35.06
2020-03-01,USA_VIZ_CAP,34.84
2020-03-01,USA_DHA_PAN,37.42
2020-03-01,USA_DHA_CAP,31.6
2020-03-01,USA_GAN_PAN,32.92
2020-03-01,USA_GAN_CAP,36.18
2020-03-01,USA_GOP_PAN,33.5
2020-03-01,USA_GOP_CAP,35.59
2020-03-01,USA_HAL_PAN,35.81
2020-03-01,USA_HAL_CAP,29.04
2020-03-31,AUS_PAR_PAN,17.1
2020-03-31,AUS_PAR_CAP,17.28
2020-03-31,AUS_VIZ_PAN,16.37
2020-03-31,AUS_VIZ_CAP,15.04
2020-03-31,AUS_DHA_PAN,18.38
2020-03-31,AUS_DHA_CAP,15.9
2020-03-31,AUS_GAN_PAN,17.69
2020-03-31,AUS_GAN_CAP,14.93
2020-03-31,AUS_GOP_PAN,14.72
2020-03-31,AUS_GOP_CAP,19.58
2020-03-31,AUS_HAL_PAN,16.7
2020-03-31,AUS_HAL_CAP,16.49
2020-03-31,IND_PAR_PAN,12.19
2020-03-31,IND_PAR_CAP,9.88
2020-03-31,IND_VIZ_PAN,10.3
2020-03-31,IND_VIZ_CAP,9.86
2020-03-31,IND_DHA_PAN,11.44
2020-03-31,IND_DHA_CAP,12.51
2020-03-31,IND_GAN_PAN,11.37
2020-03-31,IND_GAN_CAP,9.83
2020-03-31,IND_GOP_PAN,9.71
2020-03-31,IND_GOP_CAP,9.75
2020-03-31,IND_HAL_PAN,10.54
2020-03-31,IND_HAL_CAP,8.38
2020-03-31,RUS_PAR_PAN,22.44
2020-03-31,RUS_PAR_CAP,21.81
2020-03-31,RUS_VIZ_PAN,21.29
2020-03-31,RUS_VIZ_CAP,20.43
2020-03-31,RUS_DHA_PAN,22.27
2020-03-31,RUS_DHA_CAP,25.26
2020-03-31,RUS_GAN_PAN,23.38
2020-03-31,RUS_GAN_CAP,21.52
2020-03-31,RUS_GOP_PAN,23.16
2020-03-31,RUS_GOP_CAP,18.19
2020-03-31,RUS_HAL_PAN,22.5
2020-03-31,RUS_HAL_CAP,24.0
2020-03-31,MOZ_PAR_PAN,21.11
2020-03-31,MOZ_PAR_CAP,19.56
2020-03-31,MOZ_VIZ_PAN,19.11
2020-03-31,MOZ_VIZ_CAP,20.97
2020-03-31,MOZ_DHA_PAN,20.14
2020-03-31,MOZ_DHA_CAP,19.69
2020-03-31,MOZ_GAN_PAN,20.73
2020-03-31,MOZ_GAN_CAP,20.47
2020-03-31,MOZ_GOP_PAN,19.45
2020-03-31,MOZ_GOP_CAP,20.1
2020-03-31,MOZ_HAL_PAN,19.59
2020-03-31,MOZ_HAL_CAP,18.24
2020-03-31,USA_PAR_PAN,31.26
2020-03-31,USA_PAR_CAP,37.66
2020-03-31,USA_VIZ_PAN,30.07
2020-03-31,USA_VIZ_CAP,29.83
2020-03-31,USA_DHA_PAN,31.45
2020-03-31,USA_DHA_CAP,34.51
2020-03-31,USA_GAN_PAN,33.67
2020-03-31,USA_GAN_CAP,31.66
2020-03-31,USA_GOP_PAN,30.79
2020-03-31,USA_GOP_CAP,33.77
2020-03-31,USA_HAL_PAN,33.77
2020-03-31,USA_HAL_CAP,35.57
2020-04-30,AUS_PAR_PAN,17.84
2020-04-30,AUS_PAR_CAP,15.65
2020-04-30,AUS_VIZ_PAN,15.3
2020-04-30,AUS_VIZ_CAP,15.29
2020-04-30,AUS_DHA_PAN,18.74
2020-04-30,AUS_DHA_CAP,16.78
2020-04-30,AUS_GAN_PAN,16.16
2020-04-30,AUS_GAN_CAP,16.29
2020-04-30,AUS_GOP_PAN,16.65
2020-04-30,AUS_GOP_CAP,14.78
2020-04-30,AUS_HAL_PAN,16.42
2020-04-30,AUS_HAL_CAP,16.6
2020-04-30,IND_PAR_PAN,9.96
2020-04-30,IND_PAR_CAP,11.31
2020-04-30,IND_VIZ_PAN,11.82
2020-04-30,IND_VIZ_CAP,8.88
2020-04-30,IND_DHA_PAN,8.96
2020-04-30,IND_DHA_CAP,10.11
2020-04-30,IND_GAN_PAN,9.94
2020-04-30,IND_GAN_CAP,11.75
2020-04-30,IND_GOP_PAN,10.89
2020-04-30,IND_GOP_CAP,10.51
2020-04-30,IND_HAL_PAN,9.55
2020-04-30,IND_HAL_CAP,12.42
2020-04-30,RUS_PAR_PAN,23.05
2020-04-30,RUS_PAR_CAP,20.83
2020-04-30,RUS_VIZ_PAN,24.61
2020-04-30,RUS_VIZ_CAP,20.14
2020-04-30,RUS_DHA_PAN,22.01
2020-04-30,RUS_DHA_CAP,19.37
2020-04-30,RUS_GAN_PAN,24.09
2020-04-30,RUS_GAN_CAP,20.4
2020-04-30,RUS_GOP_PAN,27.17
2020-04-30,RUS_GOP_CAP,22.84
2020-04-30,RUS_HAL_PAN,22.55
2020-04-30,RUS_HAL_CAP,20.81
2020-04-30,MOZ_PAR_PAN,23.56
2020-04-30,MOZ_PAR_CAP,19.3
2020-04-30,MOZ_VIZ_PAN,23.51
2020-04-30,MOZ_VIZ_CAP,18.46
2020-04-30,MOZ_DHA_PAN,21.46
2020-04-30,MOZ_DHA_CAP,23.99
2020-04-30,MOZ_GAN_PAN,18.31
2020-04-30,MOZ_GAN_CAP,19.4
2020-04-30,MOZ_GOP_PAN,22.4
2020-04-30,MOZ_GOP_CAP,19.22
2020-04-30,MOZ_HAL_PAN,17.78
2020-04-30,MOZ_HAL_CAP,20.86
2020-04-30,USA_PAR_PAN,31.12
2020-04-30,USA_PAR_CAP,35.32
2020-04-30,USA_VIZ_PAN,30.12
2020-04-30,USA_VIZ_CAP,32.67
2020-04-30,USA_DHA_PAN,34.29
2020-04-30,USA_DHA_CAP,30.26
2020-04-30,USA_GAN_PAN,33.48
2020-04-30,USA_GAN_CAP,29.29
2020-04-30,USA_GOP_PAN,32.18
2020-04-30,USA_GOP_CAP,32.76
2020-04-30,USA_HAL_PAN,33.95
2020-04-30,USA_HAL_CAP,29.14
2020-05-30,AUS_PAR_PAN,16.81
2020-05-30,AUS_PAR_CAP,16.92
2020-05-30,AUS_VIZ_PAN,16.43
2020-05-30,AUS_VIZ_CAP,18.93
2020-05-30,AUS_DHA_PAN,15.3
2020-05-30,AUS_DHA_CAP,17.54
2020-05-30,AUS_GAN_PAN,16.52
2020-05-30,AUS_GAN_CAP,17.94
2020-05-30,AUS_GOP_PAN,17.46
2020-05-30,AUS_GOP_CAP,14.79
2020-05-30,AUS_HAL_PAN,16.59
2020-05-30,AUS_HAL_CAP,14.6
2020-05-30,IND_PAR_PAN,11.9
2020-05-30,IND_PAR_CAP,11.66
2020-05-30,IND_VIZ_PAN,10.4
2020-05-30,IND_VIZ_CAP,9.14
2020-05-30,IND_DHA_PAN,10.22
2020-05-30,IND_DHA_CAP,9.5
2020-05-30,IND_GAN_PAN,8.31
2020-05-30,IND_GAN_CAP,8.54
2020-05-30,IND_GOP_PAN,11.5
2020-05-30,IND_GOP_CAP,11.9
2020-05-30,IND_HAL_PAN,8.58
2020-05-30,IND_HAL_CAP,9.91
2020-05-30,RUS_PAR_PAN,19.09
2020-05-30,RUS_PAR_CAP,21.72
2020-05-30,RUS_VIZ_PAN,25.48
2020-05-30,RUS_VIZ_CAP,19.56
2020-05-30,RUS_DHA_PAN,26.31
2020-05-30,RUS_DHA_CAP,22.93
2020-05-30,RUS_GAN_PAN,22.35
2020-05-30,RUS_GAN_CAP,21.54
2020-05-30,RUS_GOP_PAN,20.24
2020-05-30,RUS_GOP_CAP,20.43
2020-05-30,RUS_HAL_PAN,18.44
2020-05-30,RUS_HAL_CAP,19.76
2020-05-30,MOZ_PAR_PAN,20.04
2020-05-30,MOZ_PAR_CAP,20.45
2020-05-30,MOZ_VIZ_PAN,22.02
2020-05-30,MOZ_VIZ_CAP,20.4
2020-05-30,MOZ_DHA_PAN,20.29
2020-05-30,MOZ_DHA_CAP,21.6
2020-05-30,MOZ_GAN_PAN,22.87
2020-05-30,MOZ_GAN_CAP,21.46
2020-05-30,MOZ_GOP_PAN,21.12
2020-05-30,MOZ_GOP_CAP,20.65
2020-05-30,MOZ_HAL_PAN,22.45
2020-05-30,MOZ_HAL_CAP,20.69
2020-05-30,USA_PAR_PAN,32.66
2020-05-30,USA_PAR_CAP,30.01
2020-05-30,USA_VIZ_PAN,32.82
2020-05-30,USA_VIZ_CAP,33.5
2020-05-30,USA_DHA_PAN,34.83
2020-05-30,USA_DHA_CAP,28.67
2020-05-30,USA_GAN_PAN,35.67
2020-05-30,USA_GAN_CAP,31.28
2020-05-30,USA_GOP_PAN,30.51
2020-05-30,USA_GOP_CAP,36.16
2020-05-30,USA_HAL_PAN,37.2
2020-05-30,USA_HAL_CAP,36.09
2020-06-29,AUS_PAR_PAN,14.92
2020-06-29,AUS_PAR_CAP,15.96
2020-06-29,AUS_VIZ_PAN,17.07
2020-06-29,AUS_VIZ_CAP,18.93
2020-06-29,AUS_DHA_PAN,16.28
2020-06-29,AUS_DHA_CAP,15.84
2020-06-29,AUS_GAN_PAN,17.34
2020-06-29,AUS_GAN_CAP,14.96
2020-06-29,AUS_GOP_PAN,15.24
2020-06-29,AUS_GOP_CAP,17.35
2020-06-29,AUS_HAL_PAN,14.19
2020-06-29,AUS_HAL_CAP,14.23
2020-06-29,IND_PAR_PAN,8.57
2020-06-29,IND_PAR_CAP,11.21
2020-06-29,IND_VIZ_PAN,10.29
2020-06-29,IND_VIZ_CAP,10.63
2020-06-29,IND_DHA_PAN,10.92
2020-06-29,IND_DHA_CAP,10.76
2020-06-29,IND_GAN_PAN,10.33
2020-06-29,IND_GAN_CAP,9.3
2020-06-29,IND_GOP_PAN,11.56
2020-06-29,IND_GOP_CAP,11.12
2020-06-29,IND_HAL_PAN,8.75
2020-06-29,IND_HAL_CAP,10.02
2020-06-29,RUS_PAR_PAN,23.09
2020-06-29,RUS_PAR_CAP,21.15
2020-06-29,RUS_VIZ_PAN,22.4
2020-06-29,RUS_VIZ_CAP,22.58
2020-06-29,RUS_DHA_PAN,21.53
2020-06-29,RUS_DHA_CAP,19.61
2020-06-29,RUS_GAN_PAN,19.65
2020-06-29,RUS_GAN_CAP,23.3
2020-06-29,RUS_GOP_PAN,23.57
2020-06-29,RUS_GOP_CAP,19.1
2020-06-29,RUS_HAL_PAN,26.78
2020-06-29,RUS_HAL_CAP,22.31
2020-06-29,MOZ_PAR_PAN,21.64
2020-06-29,MOZ_PAR_CAP,21.82
2020-06-29,MOZ_VIZ_PAN,22.48
2020-06-29,MOZ_VIZ_CAP,18.94
2020-06-29,MOZ_DHA_PAN,19.96
2020-06-29,MOZ_DHA_CAP,18.95
2020-06-29,MOZ_GAN_PAN,23.18
2020-06-29,MOZ_GAN_CAP,24.32
2020-06-29,MOZ_GOP_PAN,20.55
2020-06-29,MOZ_GOP_CAP,20.33
2020-06-29,MOZ_HAL_PAN,21.75
2020-06-29,MOZ_HAL_CAP,19.97
2020-06-29,USA_PAR_PAN,32.52
2020-06-29,USA_PAR_CAP,31.57
2020-06-29,USA_VIZ_PAN,33.08
2020-06-29,USA_VIZ_CAP,35.2
2020-06-29,USA_DHA_PAN,31.28
2020-06-29,USA_DHA_CAP,33.77
2020-06-29,USA_GAN_PAN,32.44
2020-06-29,USA_GAN_CAP,29.08
2020-06-29,USA_GOP_PAN,30.73
2020-06-29,USA_GOP_CAP,31.85
2020-06-29,USA_HAL_PAN,28.69
2020-06-29,USA_HAL_CAP,31.94
2020-07-29,AUS_PAR_PAN,18.1
2020-07-29,AUS_PAR_CAP,18.03
2020-07-29,AUS_VIZ_PAN,15.14
2020-07-29,AUS_VIZ_CAP,16.56
2020-07-29,AUS_DHA_PAN,16.89
2020-07-29,AUS_DHA_CAP,18.47
2020-07-29,AUS_GAN_PAN,17.38
2020-07-29,AUS_GAN_CAP,15.76
2020-07-29,AUS_GOP_PAN,14.97
2020-07-29,AUS_GOP_CAP,16.1
2020-07-29,AUS_HAL_PAN,17.72
2020-07-29,AUS_HAL_CAP,15.86
2020-07-29,IND_PAR_PAN,9.44
2020-07-29,IND_PAR_CAP,12.51
2020-07-29,IND_VIZ_PAN,11.6
2020-07-29,IND_VIZ_CAP,11.69
2020-07-29,IND_DHA_PAN,12.17
2020-07-29,IND_DHA_CAP,10.25
2020-07-29,IND_GAN_PAN,11.76
2020-07-29,IND_GAN_CAP,10.38
2020-07-29,IND_GOP_PAN,10.54
2020-07-29,IND_GOP_CAP,9.54
2020-07-29,IND_HAL_PAN,10.58
2020-07-29,IND_HAL_CAP,11.93
2020-07-29,RUS_PAR_PAN,23.55
2020-07-29,RUS_PAR_CAP,24.3
2020-07-29,RUS_VIZ_PAN,21.9
2020-07-29,RUS_VIZ_CAP,24.68
2020-07-29,RUS_DHA_PAN,21.65
2020-07-29,RUS_DHA_CAP,22.89
2020-07-29,RUS_GAN_PAN,19.86
2020-07-29,RUS_GAN_CAP,21.46
2020-07-29,RUS_GOP_PAN,22.86
2020-07-29,RUS_GOP_CAP,21.34
2020-07-29,RUS_HAL_PAN,22.83
2020-07-29,RUS_HAL_CAP,24.33
2020-07-29,MOZ_PAR_PAN,17.57
2020-07-29,MOZ_PAR_CAP,22.81
2020-07-29,MOZ_VIZ_PAN,19.87
2020-07-29,MOZ_VIZ_CAP,22.3
2020-07-29,MOZ_DHA_PAN,21.11
2020-07-29,MOZ_DHA_CAP,21.3
2020-07-29,MOZ_GAN_PAN,18.12
2020-07-29,MOZ_GAN_CAP,23.37
2020-07-29,MOZ_GOP_PAN,21.89
2020-07-29,MOZ_GOP_CAP,23.24
2020-07-29,MOZ_HAL_PAN,20.43
2020-07-29,MOZ_HAL_CAP,18.34
2020-07-29,USA_PAR_PAN,33.15
2020-07-29,USA_PAR_CAP,29.69
2020-07-29,USA_VIZ_PAN,33.02
2020-07-29,USA_VIZ_CAP,34.38
2020-07-29,USA_DHA_PAN,29.86
2020-07-29,USA_DHA_CAP,35.45
2020-07-29,USA_GAN_PAN,34.6
2020-07-29,USA_GAN_CAP,32.36
2020-07-29,USA_GOP_PAN,35.84
2020-07-29,USA_GOP_CAP,30.26
2020-07-29,USA_HAL_PAN,36.75
2020-07-29,USA_HAL_CAP,28.93
2020-08-28,AUS_PAR_PAN,17.14
2020-08-28,AUS_PAR_CAP,16.85
2020-08-28,AUS_VIZ_PAN,16.52
2020-08-28,AUS_VIZ_CAP,16.05
2020-08-28,AUS_DHA_PAN,16.46
2020-08-28,AUS_DHA_CAP,15.54
2020-08-28,AUS_GAN_PAN,17.55
2020-08-28,AUS_GAN_CAP,17.53
2020-08-28,AUS_GOP_PAN,14.17
2020-08-28,AUS_GOP_CAP,16.04
2020-08-28,AUS_HAL_PAN,16.94
2020-08-28,AUS_HAL_CAP,18.53
2020-08-28,IND_PAR_PAN,9.51
2020-08-28,IND_PAR_CAP,11.33
2020-08-28,IND_VIZ_PAN,9.99
2020-08-28,IND_VIZ_CAP,10.2
2020-08-28,IND_DHA_PAN,9.29
2020-08-28,IND_DHA_CAP,9.09
2020-08-28,IND_GAN_PAN,8.93
2020-08-28,IND_GAN_CAP,9.51
2020-08-28,IND_GOP_PAN,12.98
2020-08-28,IND_GOP_CAP,10.24
2020-08-28,IND_HAL_PAN,10.44
2020-08-28,IND_HAL_CAP,9.44
2020-08-28,RUS_PAR_PAN,22.44
2020-08-28,RUS_PAR_CAP,21.4
2020-08-28,RUS_VIZ_PAN,20.81
2020-08-28,RUS_VIZ_CAP,25.48
2020-08-28,RUS_DHA_PAN,18.92
2020-08-28,RUS_DHA_CAP,20.46
2020-08-28,RUS_GAN_PAN,22.66
2020-08-28,RUS_GAN_CAP,25.64
2020-08-28,RUS_GOP_PAN,23.89
2020-08-28,RUS_GOP_CAP,21.99
2020-08-28,RUS_HAL_PAN,23.49
2020-08-28,RUS_HAL_CAP,22.35
2020-08-28,MOZ_PAR_PAN,20.04
2020-08-28,MOZ_PAR_CAP,21.4
2020-08-28,MOZ_VIZ_PAN,20.01
2020-08-28,MOZ_VIZ_CAP,19.61
2020-08-28,MOZ_DHA_PAN,22.26
2020-08-28,MOZ_DHA_CAP,20.65
2020-08-28,MOZ_GAN_PAN,19.42
2020-08-28,MOZ_GAN_CAP,20.49
2020-08-28,MOZ_GOP_PAN,19.81
2020-08-28,MOZ_GOP_CAP,22.36
2020-08-28,MOZ_HAL_PAN,18.57
2020-08-28,MOZ_HAL_CAP,21.65
2020-08-28,USA_PAR_PAN,36.5
2020-08-28,USA_PAR_CAP,28.46
2020-08-28,USA_VIZ_PAN,29.14
2020-08-28,USA_VIZ_CAP,31.91
2020-08-28,USA_DHA_PAN,34.95
2020-08-28,USA_DHA_CAP,34.47
2020-08-28,USA_GAN_PAN,30.8
2020-08-28,USA_GAN_CAP,33.51
2020-08-28,USA_GOP_PAN,28.99
2020-08-28,USA_GOP_CAP,31.38
2020-08-28,USA_HAL_PAN,31.64
2020-08-28,USA_HAL_CAP,35.25
2020-09-27,AUS_PAR_PAN,15.82
2020-09-27,AUS_PAR_CAP,18.4
2020-09-27,AUS_VIZ_PAN,16.43
2020-09-27,AUS_VIZ_CAP,16.35
2020-09-27,AUS_DHA_PAN,17.12
2020-09-27,AUS_DHA_CAP,15.42
2020-09-27,AUS_GAN_PAN,16.2
2020-09-27,AUS_GAN_CAP,16.81
2020-09-27,AUS_GOP_PAN,16.79
2020-09-27,AUS_GOP_CAP,18.22
2020-09-27,AUS_HAL_PAN,18.65
2020-09-27,AUS_HAL_CAP,16.04
2020-09-27,IND_PAR_PAN,10.57
2020-09-27,IND_PAR_CAP,9.53
2020-09-27,IND_VIZ_PAN,9.72
2020-09-27,IND_VIZ_CAP,10.01
2020-09-27,IND_DHA_PAN,10.75
2020-09-27,IND_DHA_CAP,11.71
2020-09-27,IND_GAN_PAN,9.89
2020-09-27,IND_GAN_CAP,9.99
2020-09-27,IND_GOP_PAN,9.77
2020-09-27,IND_GOP_CAP,9.75
2020-09-27,IND_HAL_PAN,10.91
2020-09-27,IND_HAL_CAP,9.87
2020-09-27,RUS_PAR_PAN,26.77
2020-09-27,RUS_PAR_CAP,22.15
2020-09-27,RUS_VIZ_PAN,19.99
2020-09-27,RUS_VIZ_CAP,22.09
2020-09-27,RUS_DHA_PAN,23.14
2020-09-27,RUS_DHA_CAP,23.83
2020-09-27,RUS_GAN_PAN,21.6
2020-09-27,RUS_GAN_CAP,25.14
2020-09-27,RUS_GOP_PAN,21.12
2020-09-27,RUS_GOP_CAP,25.43
2020-09-27,RUS_HAL_PAN,21.52
2020-09-27,RUS_HAL_CAP,21.78
2020-09-27,MOZ_PAR_PAN,20.23
2020-09-27,MOZ_PAR_CAP,23.23
2020-09-27,MOZ_VIZ_PAN,21.01
2020-09-27,MOZ_VIZ_CAP,19.32
2020-09-27,MOZ_DHA_PAN,22.85
2020-09-27,MOZ_DHA_CAP,22.39
2020-09-27,MOZ_GAN_PAN,22.12
2020-09-27,MOZ_GAN_CAP,22.4
2020-09-27,MOZ_GOP_PAN,19.5
2020-09-27,MOZ_GOP_CAP,19.38
2020-09-27,MOZ_HAL_PAN,23.6
2020-09-27,MOZ_HAL_CAP,20.73
2020-09-27,USA_PAR_PAN,28.93
2020-09-27,USA_PAR_CAP,31.1
2020-09-27,USA_VIZ_PAN,37.17
2020-09-27,USA_VIZ_CAP,33.27
2020-09-27,USA_DHA_PAN,30.04
2020-09-27,USA_DHA_CAP,32.52
2020-09-27,USA_GAN_PAN,36.62
2020-09-27,USA_GAN_CAP,31.34
2020-09-27,USA_GOP_PAN,32.93
2020-09-27,USA_GOP_CAP,33.34
2020-09-27,USA_HAL_PAN,35.16
2020-09-27,USA_HAL_CAP,35.3
2020-10-27,AUS_PAR_PAN,16.55
2020-10-27,AUS_PAR_CAP,17.6
2020-10-27,AUS_VIZ_PAN,17.67
2020-10-27,AUS_VIZ_CAP,14.31
2020-10-27,AUS_DHA_PAN,16.88
2020-10-27,AUS_DHA_CAP,15.06
2020-10-27,AUS_GAN_PAN,16.17
2020-10-27,AUS_GAN_CAP,15.54
2020-10-27,AUS_GOP_PAN,18.04
2020-10-27,AUS_GOP_CAP,16.97
2020-10-27,AUS_HAL_PAN,14.51
2020-10-27,AUS_HAL_CAP,16.59
2020-10-27,IND_PAR_PAN,12.01
2020-10-27,IND_PAR_CAP,10.2
2020-10-27,IND_VIZ_PAN,9.46
2020-10-27,IND_VIZ_CAP,8.46
2020-10-27,IND_DHA_PAN,9.73
2020-10-27,IND_DHA_CAP,10.66
2020-10-27,IND_GAN_PAN,10.2
2020-10-27,IND_GAN_CAP,11.11
2020-10-27,IND_GOP_PAN,9.37
2020-10-27,IND_GOP_CAP,10.25
2020-10-27,IND_HAL_PAN,9.4
2020-10-27,IND_HAL_CAP,10.8
2020-10-27,RUS_PAR_PAN,23.97
2020-10-27,RUS_PAR_CAP,21.74
2020-10-27,RUS_VIZ_PAN,26.63
2020-10-27,RUS_VIZ_CAP,21.5
2020-10-27,RUS_DHA_PAN,18.97
2020-10-27,RUS_DHA_CAP,23.99
2020-10-27,RUS_GAN_PAN,23.39
2020-10-27,RUS_GAN_CAP,24.65
2020-10-27,RUS_GOP_PAN,21.68
2020-10-27,RUS_GOP_CAP,25.73
2020-10-27,RUS_HAL_PAN,21.05
2020-10-27,RUS_HAL_CAP,20.3
2020-10-27,MOZ_PAR_PAN,21.98
2020-10-27,MOZ_PAR_CAP,20.12
2020-10-27,MOZ_VIZ_PAN,18.91
2020-10-27,MOZ_VIZ_CAP,20.99
2020-10-27,MOZ_DHA_PAN,23.01
2020-10-27,MOZ_DHA_CAP,21.99
2020-10-27,MOZ_GAN_PAN,22.9
2020-10-27,MOZ_GAN_CAP,21.82
2020-10-27,MOZ_GOP_PAN,19.19
2020-10-27,MOZ_GOP_CAP,19.91
2020-10-27,MOZ_HAL_PAN,18.24
2020-10-27,MOZ_HAL_CAP,21.67
2020-10-27,USA_PAR_PAN,29.59
2020-10-27,USA_PAR_CAP,35.37
2020-10-27,USA_VIZ_PAN,34.06
2020-10-27,USA_VIZ_CAP,31.61
2020-10-27,USA_DHA_PAN,33.04
2020-10-27,USA_DHA_CAP,31.26
2020-10-27,USA_GAN_PAN,29.88
2020-10-27,USA_GAN_CAP,34.9
2020-10-27,USA_GOP_PAN,35.55
2020-10-27,USA_GOP_CAP,31.06
2020-10-27,USA_HAL_PAN,30.01
2020-10-27,USA_HAL_CAP,33.12
2020-11-26,AUS_PAR_PAN,17.44
2020-11-26,AUS_PAR_CAP,15.44
2020-11-26,AUS_VIZ_PAN,18.61
2020-11-26,AUS_VIZ_CAP,16.03
2020-11-26,AUS_DHA_PAN,18.01
2020-11-26,AUS_DHA_CAP,17.15
2020-11-26,AUS_GAN_PAN,17.97
2020-11-26,AUS_GAN_CAP,15.04
2020-11-26,AUS_GOP_PAN,17.11
2020-11-26,AUS_GOP_CAP,17.47
2020-11-26,AUS_HAL_PAN,18.82
2020-11-26,AUS_HAL_CAP,18.19
2020-11-26,IND_PAR_PAN,10.87
2020-11-26,IND_PAR_CAP,9.94
2020-11-26,IND_VIZ_PAN,10.54
2020-11-26,IND_VIZ_CAP,11.21
2020-11-26,IND_DHA_PAN,9.97
2020-11-26,IND_DHA_CAP,11.69
2020-11-26,IND_GAN_PAN,10.01
2020-11-26,IND_GAN_CAP,11.09
2020-11-26,IND_GOP_PAN,10.89
2020-11-26,IND_GOP_CAP,8.6
2020-11-26,IND_HAL_PAN,12.04
2020-11-26,IND_HAL_CAP,12.23
2020-11-26,RUS_PAR_PAN,19.21
2020-11-26,RUS_PAR_CAP,20.53
2020-11-26,RUS_VIZ_PAN,22.44
2020-11-26,RUS_VIZ_CAP,18.59
2020-11-26,RUS_DHA_PAN,23.22
2020-11-26,RUS_DHA_CAP,25.54
2020-11-26,RUS_GAN_PAN,23.63
2020-11-26,RUS_GAN_CAP,22.85
2020-11-26,RUS_GOP_PAN,24.85
2020-11-26,RUS_GOP_CAP,19.83
2020-11-26,RUS_HAL_PAN,23.44
2020-11-26,RUS_HAL_CAP,20.21
2020-11-26,MOZ_PAR_PAN,22.27
2020-11-26,MOZ_PAR_CAP,19.67
2020-11-26,MOZ_VIZ_PAN,18.93
2020-11-26,MOZ_VIZ_CAP,20.39
2020-11-26,MOZ_DHA_PAN,19.15
2020-11-26,MOZ_DHA_CAP,18.95
2020-11-26,MOZ_GAN_PAN,19.9
2020-11-26,MOZ_GAN_CAP,24.1
2020-11-26,MOZ_GOP_PAN,20.51
2020-11-26,MOZ_GOP_CAP,23.59
2020-11-26,MOZ_HAL_PAN,22.11
2020-11-26,MOZ_HAL_CAP,19.16
2020-11-26,USA_PAR_PAN,34.44
2020-11-26,USA_PAR_CAP,31.56
2020-11-26,USA_VIZ_PAN,32.44
2020-11-26,USA_VIZ_CAP,33.14
2020-11-26,USA_DHA_PAN,30.55
2020-11-26,USA_DHA_CAP,35.19
2020-11-26,USA_GAN_PAN,34.09
2020-11-26,USA_GAN_CAP,33.94
2020-11-26,USA_GOP_PAN,30.49
2020-11-26,USA_GOP_CAP,30.94
2020-11-26,USA_HAL_PAN,37.33
2020-11-26,USA_HAL_CAP,32.23
2020-12-26,AUS_PAR_PAN,17.7
2020-12-26,AUS_PAR_CAP,16.66
2020-12-26,AUS_VIZ_PAN,14.65
2020-12-26,AUS_VIZ_CAP,17.87
2020-12-26,AUS_DHA_PAN,15.64
2020-12-26,AUS_DHA_CAP,16.55
2020-12-26,AUS_GAN_PAN,15.39
2020-12-26,AUS_GAN_CAP,17.22
2020-12-26,AUS_GOP_PAN,17.3
2020-12-26,AUS_GOP_CAP,16.18
2020-12-26,AUS_HAL_PAN,14.5
2020-12-26,AUS_HAL_CAP,17.17
2020-12-26,IND_PAR_PAN,11.38
2020-12-26,IND_PAR_CAP,10.52
2020-12-26,IND_VIZ_PAN,12.17
2020-12-26,IND_VIZ_CAP,11.92
2020-12-26,IND_DHA_PAN,10.33
2020-12-26,IND_DHA_CAP,10.93
2020-12-26,IND_GAN_PAN,11.44
2020-12-26,IND_GAN_CAP,11.23
2020-12-26,IND_GOP_PAN,11.75
2020-12-26,IND_GOP_CAP,10.21
2020-12-26,IND_HAL_PAN,9.37
2020-12-26,IND_HAL_CAP,9.76
2020-12-26,RUS_PAR_PAN,25.18
2020-12-26,RUS_PAR_CAP,26.34
2020-12-26,RUS_VIZ_PAN,24.12
2020-12-26,RUS_VIZ_CAP,22.59
2020-12-26,RUS_DHA_PAN,22.02
2020-12-26,RUS_DHA_CAP,24.66
2020-12-26,RUS_GAN_PAN,22.8
2020-12-26,RUS_GAN_CAP,21.98
2020-12-26,RUS_GOP_PAN,20.06
2020-12-26,RUS_GOP_CAP,21.45
2020-12-26,RUS_HAL_PAN,20.27
2020-12-26,RUS_HAL_CAP,21.07
2020-12-26,MOZ_PAR_PAN,23.24
2020-12-26,MOZ_PAR_CAP,18.74
2020-12-26,MOZ_VIZ_PAN,20.22
2020-12-26,MOZ_VIZ_CAP,18.25
2020-12-26,MOZ_DHA_PAN,20.73
2020-12-26,MOZ_DHA_CAP,21.4
2020-12-26,MOZ_GAN_PAN,21.38
2020-12-26,MOZ_GAN_CAP,21.89
2020-12-26,MOZ_GOP_PAN,23.44
2020-12-26,MOZ_GOP_CAP,23.15
2020-12-26,MOZ_HAL_PAN,21.65
2020-12-26,MOZ_HAL_CAP,21.83
2020-12-26,USA_PAR_PAN,29.4
2020-12-26,USA_PAR_CAP,37.89
2020-12-26,USA_VIZ_PAN,33.91
2020-12-26,USA_VIZ_CAP,31.35
2020-12-26,USA_DHA_PAN,34.68
2020-12-26,USA_DHA_CAP,32.83
2020-12-26,USA_GAN_PAN,29.99
2020-12-26,USA_GAN_CAP,35.34
2020-12-26,USA_GOP_PAN,30.67
2020-12-26,USA_GOP_CAP,36.1
2020-12-26,USA_HAL_PAN,29.89
2020-12-26,USA_HAL_CAP,32.18
2021-01-25,AUS_PAR_PAN,17.18
2021-01-25,AUS_PAR_CAP,18.1
2021-01-25,AUS_VIZ_PAN,15.77
2021-01-25,AUS_VIZ_CAP,18.71
2021-01-25,AUS_DHA_PAN,16.12
2021-01-25,AUS_DHA_CAP,18.11
2021-01-25,AUS_GAN_PAN,17.57
2021-01-25,AUS_GAN_CAP,17.17
2021-01-25,AUS_GOP_PAN,16.06
2021-01-25,AUS_GOP_CAP,15.84
2021-01-25,AUS_HAL_PAN,16.44
2021-01-25,AUS_HAL_CAP,18.99
2021-01-25,IND_PAR_PAN,8.97
2021-01-25,IND_PAR_CAP,11.28
2021-01-25,IND_VIZ_PAN,11.1
2021-01-25,IND_VIZ_CAP,10.35
2021-01-25,IND_DHA_PAN,12.71
2021-01-25,IND_DHA_CAP,8.6
2021-01-25,IND_GAN_PAN,10.61
2021-01-25,IND_GAN_CAP,11.12
2021-01-25,IND_GOP_PAN,10.55
2021-01-25,IND_GOP_CAP,10.7
2021-01-25,IND_HAL_PAN,9.06
2021-01-25,IND_HAL_CAP,10.21
2021-01-25,RUS_PAR_PAN,23.59
2021-01-25,RUS_PAR_CAP,21.38
2021-01-25,RUS_VIZ_PAN,23.0
2021-01-25,RUS_VIZ_CAP,22.59
2021-01-25,RUS_DHA_PAN,25.18
2021-01-25,RUS_DHA_CAP,21.31
2021-01-25,RUS_GAN_PAN,22.83
2021-01-25,RUS_GAN_CAP,19.68
2021-01-25,RUS_GOP_PAN,20.19
2021-01-25,RUS_GOP_CAP,21.11
2021-01-25,RUS_HAL_PAN,25.84
2021-01-25,RUS_HAL_CAP,25.15
2021-01-25,MOZ_PAR_PAN,21.11
2021-01-25,MOZ_PAR_CAP,20.62
2021-01-25,MOZ_VIZ_PAN,22.47
2021-01-25,MOZ_VIZ_CAP,22.69
2021-01-25,MOZ_DHA_PAN,21.43
2021-01-25,MOZ_DHA_CAP,19.28
2021-01-25,MOZ_GAN_PAN,22.69
2021-01-25,MOZ_GAN_CAP,21.14
2021-01-25,MOZ_GOP_PAN,21.78
2021-01-25,MOZ_GOP_CAP,18.86
2021-01-25,MOZ_HAL_PAN,23.12
2021-01-25,MOZ_HAL_CAP,20.37
2021-01-25,USA_PAR_PAN,33.12
2021-01-25,USA_PAR_CAP,30.51
2021-01-25,USA_VIZ_PAN,34.28
2021-01-25,USA_VIZ_CAP,35.79
2021-01-25,USA_DHA_PAN,33.48
2021-01-25,USA_DHA_CAP,36.52
2021-01-25,USA_GAN_PAN,32.59
2021-01-25,USA_GAN_CAP,28.6
2021-01-25,USA_GOP_PAN,32.56
2021-01-25,USA_GOP_CAP,32.89
2021-01-25,USA_HAL_PAN,33.34
2021-01-25,USA_HAL_CAP,35.56
2021-02-24,AUS_PAR_PAN,15.15
2021-02-24,AUS_PAR_CAP,16.3
2021-02-24,AUS_VIZ_PAN,17.89
2021-02-24,AUS_VIZ_CAP,15.93
2021-02-24,AUS_DHA_PAN,15.06
2021-02-24,AUS_DHA_CAP,15.79
2021-02-24,AUS_GAN_PAN,16.6
2021-02-24,AUS_GAN_CAP,14.35
2021-02-24,AUS_GOP_PAN,15.89
2021-02-24,AUS_GOP_CAP,14.99
2021-02-24,AUS_HAL_PAN,16.29
2021-02-24,AUS_HAL_CAP,15.24
2021-02-24,IND_PAR_PAN,12.43
2021-02-24,IND_PAR_CAP,11.06
2021-02-24,IND_VIZ_PAN,10.65
2021-02-24,IND_VIZ_CAP,9.87
2021-02-24,IND_DHA_PAN,11.7
2021-02-24,IND_DHA_CAP,10.28
2021-02-24,IND_GAN_PAN,9.0
2021-02-24,IND_GAN_CAP,10.08
2021-02-24,IND_GOP_PAN,10.47
2021-02-24,IND_GOP_CAP,11.58
2021-02-24,IND_HAL_PAN,11.84
2021-02-24,IND_HAL_CAP,10.62
2021-02-24,RUS_PAR_PAN,23.09
2021-02-24,RUS_PAR_CAP,21.91
2021-02-24,RUS_VIZ_PAN,22.28
2021-02-24,RUS_VIZ_CAP,23.02
2021-02-24,RUS_DHA_PAN,26.19
2021-02-24,RUS_DHA_CAP,23.19
2021-02-24,RUS_GAN_PAN,22.81
2021-02-24,RUS_GAN_CAP,20.87
2021-02-24,RUS_GOP_PAN,20.18
2021-02-24,RUS_GOP_CAP,22.69
2021-02-24,RUS_HAL_PAN,24.92
2021-02-24,RUS_HAL_CAP,22.71
2021-02-24,MOZ_PAR_PAN,24.94
2021-02-24,MOZ_PAR_CAP,19.67
2021-02-24,MOZ_VIZ_PAN,20.66
2021-02-24,MOZ_VIZ_CAP,20.67
2021-02-24,MOZ_DHA_PAN,21.63
2021-02-24,MOZ_DHA_CAP,20.8
2021-02-24,MOZ_GAN_PAN,19.52
2021-02-24,MOZ_GAN_CAP,21.66
2021-02-24,MOZ_GOP_PAN,20.77
2021-02-24,MOZ_GOP_CAP,18.68
2021-02-24,MOZ_HAL_PAN,18.97
2021-02-24,MOZ_HAL_CAP,22.0
2021-02-24,USA_PAR_PAN,32.08
2021-02-24,USA_PAR_CAP,31.63
2021-02-24,USA_VIZ_PAN,32.48
2021-02-24,USA_VIZ_CAP,36.79
2021-02-24,USA_DHA_PAN,35.62
2021-02-24,USA_DHA_CAP,33.98
2021-02-24,USA_GAN_PAN,33.72
2021-02-24,USA_GAN_CAP,33.11
2021-02-24,USA_GOP_PAN,32.87
2021-02-24,USA_GOP_CAP,31.91
2021-02-24,USA_HAL_PAN,32.88
2021-02-24,USA_HAL_CAP,34.1
2021-03-26,AUS_PAR_PAN,15.6
2021-03-26,AUS_PAR_CAP,17.84
2021-03-26,AUS_VIZ_PAN,16.78
2021-03-26,AUS_VIZ_CAP,14.3
2021-03-26,AUS_DHA_PAN,14.68
2021-03-26,AUS_DHA_CAP,17.76
2021-03-26,AUS_GAN_PAN,15.45
2021-03-26,AUS_GAN_CAP,17.41
2021-03-26,AUS_GOP_PAN,17.46
2021-03-26,AUS_GOP_CAP,16.04
2021-03-26,AUS_HAL_PAN,14.25
2021-03-26,AUS_HAL_CAP,16.55
2021-03-26,IND_PAR_PAN,10.95
2021-03-26,IND_PAR_CAP,10.06
2021-03-26,IND_VIZ_PAN,9.69
2021-03-26,IND_VIZ_CAP,11.58
2021-03-26,IND_DHA_PAN,11.6
2021-03-26,IND_DHA_CAP,10.49
2021-03-26,IND_GAN_PAN,10.77
2021-03-26,IND_GAN_CAP,9.15
2021-03-26,IND_GOP_PAN,10.85
2021-03-26,IND_GOP_CAP,9.69
2021-03-26,IND_HAL_PAN,8.68
2021-03-26,IND_HAL_CAP,12.13
2021-03-26,RUS_PAR_PAN,24.55
2021-03-26,RUS_PAR_CAP,23.49
2021-03-26,RUS_VIZ_PAN,23.42
2021-03-26,RUS_VIZ_CAP,19.46
2021-03-26,RUS_DHA_PAN,21.36
2021-03-26,RUS_DHA_CAP,21.47
2021-03-26,RUS_GAN_PAN,24.79
2021-03-26,RUS_GAN_CAP,25.93
2021-03-26,RUS_GOP_PAN,25.91
2021-03-26,RUS_GOP_CAP,24.05
2021-03-26,RUS_HAL_PAN,26.98
2021-03-26,RUS_HAL_CAP,18.99
2021-03-26,MOZ_PAR_PAN,22.29
2021-03-26,MOZ_PAR_CAP,21.17
2021-03-26,MOZ_VIZ_PAN,22.07
2021-03-26,MOZ_VIZ_CAP,19.95
2021-03-26,MOZ_DHA_PAN,20.08
2021-03-26,MOZ_DHA_CAP,17.94
2021-03-26,MOZ_GAN_PAN,21.83
2021-03-26,MOZ_GAN_CAP,22.38
2021-03-26,MOZ_GOP_PAN,22.22
2021-03-26,MOZ_GOP_CAP,23.24
2021-03-26,MOZ_HAL_PAN,21.25
2021-03-26,MOZ_HAL_CAP,20.37
2021-03-26,USA_PAR_PAN,29.89
2021-03-26,USA_PAR_CAP,32.59
2021-03-26,USA_VIZ_PAN,33.09
2021-03-26,USA_VIZ_CAP,36.66
2021-03-26,USA_DHA_PAN,31.21
2021-03-26,USA_DHA_CAP,34.02
2021-03-26,USA_GAN_PAN,36.07
2021-03-26,USA_GAN_CAP,32.87
2021-03-26,USA_GOP_PAN,29.89
2021-03-26,USA_GOP_CAP,31.31
2021-03-26,USA_HAL_PAN,35.05
2021-03-26,USA_HAL_CAP,29.65
2021-04-25,AUS_PAR_PAN,15.22
2021-04-25,AUS_PAR_CAP,14.89
2021-04-25,AUS_VIZ_PAN,15.55
2021-04-25,AUS_VIZ_CAP,17.94
2021-04-25,AUS_DHA_PAN,15.07
2021-04-25,AUS_DHA_CAP,15.77
2021-04-25,AUS_GAN_PAN,14.09
2021-04-25,AUS_GAN_CAP,15.66
2021-04-25,AUS_GOP_PAN,16.67
2021-04-25,AUS_GOP_CAP,16.77
2021-04-25,AUS_HAL_PAN,16.35
2021-04-25,AUS_HAL_CAP,19.33
2021-04-25,IND_PAR_PAN,9.5
2021-04-25,IND_PAR_CAP,12.58
2021-04-25,IND_VIZ_PAN,10.31
2021-04-25,IND_VIZ_CAP,9.91
2021-04-25,IND_DHA_PAN,9.44
2021-04-25,IND_DHA_CAP,11.06
2021-04-25,IND_GAN_PAN,9.76
2021-04-25,IND_GAN_CAP,12.16
2021-04-25,IND_GOP_PAN,11.05
2021-04-25,IND_GOP_CAP,9.88
2021-04-25,IND_HAL_PAN,9.67
2021-04-25,IND_HAL_CAP,9.91
2021-04-25,RUS_PAR_PAN,22.59
2021-04-25,RUS_PAR_CAP,20.08
2021-04-25,RUS_VIZ_PAN,23.6
2021-04-25,RUS_VIZ_CAP,20.55
2021-04-25,RUS_DHA_PAN,24.85
2021-04-25,RUS_DHA_CAP,22.11
2021-04-25,RUS_GAN_PAN,21.23
2021-04-25,RUS_GAN_CAP,26.18
2021-04-25,RUS_GOP_PAN,21.38
2021-04-25,RUS_GOP_CAP,24.01
2021-04-25,RUS_HAL_PAN,19.68
2021-04-25,RUS_HAL_CAP,20.97
2021-04-25,MOZ_PAR_PAN,19.42
2021-04-25,MOZ_PAR_CAP,22.23
2021-04-25,MOZ_VIZ_PAN,21.17
2021-04-25,MOZ_VIZ_CAP,21.02
2021-04-25,MOZ_DHA_PAN,20.78
2021-04-25,MOZ_DHA_CAP,21.54
2021-04-25,MOZ_GAN_PAN,24.47
2021-04-25,MOZ_GAN_CAP,19.92
2021-04-25,MOZ_GOP_PAN,22.9
2021-04-25,MOZ_GOP_CAP,17.7
2021-04-25,MOZ_HAL_PAN,20.96
2021-04-25,MOZ_HAL_CAP,19.56
2021-04-25,USA_PAR_PAN,31.72
2021-04-25,USA_PAR_CAP,34.14
2021-04-25,USA_VIZ_PAN,32.04
2021-04-25,USA_VIZ_CAP,30.84
2021-04-25,USA_DHA_PAN,34.72
2021-04-25,USA_DHA_CAP,31.41
2021-04-25,USA_GAN_PAN,36.58
2021-04-25,USA_GAN_CAP,37.5
2021-04-25,USA_GOP_PAN,34.05
2021-04-25,USA_GOP_CAP,30.42
2021-04-25,USA_HAL_PAN,32.28
2021-04-25,USA_HAL_CAP,31.38
2021-05-25,AUS_PAR_PAN,16.86
2021-05-25,AUS_PAR_CAP,16.53
2021-05-25,AUS_VIZ_PAN,16.01
2021-05-25,AUS_VIZ_CAP,17.71
2021-05-25,AUS_DHA_PAN,16.41
2021-05-25,AUS_DHA_CAP,16.17
2021-05-25,AUS_GAN_PAN,18.77
2021-05-25,AUS_GAN_CAP,15.19
2021-05-25,AUS_GOP_PAN,13.96
2021-05-25,AUS_GOP_CAP,18.47
2021-05-25,AUS_HAL_PAN,16.38
2021-05-25,AUS_HAL_CAP,16.77
2021-05-25,IND_PAR_PAN,12.43
2021-05-25,IND_PAR_CAP,9.41
2021-05-25,IND_VIZ_PAN,10.66
2021-05-25,IND_VIZ_CAP,9.37
2021-05-25,IND_DHA_PAN,9.27
2021-05-25,IND_DHA_CAP,9.27
2021-05-25,IND_GAN_PAN,13.0
2021-05-25,IND_GAN_CAP,10.69
2021-05-25,IND_GOP_PAN,11.01
2021-05-25,IND_GOP_CAP,9.27
2021-05-25,IND_HAL_PAN,10.23
2021-05-25,IND_HAL_CAP,10.5
2021-05-25,RUS_PAR_PAN,23.71
2021-05-25,RUS_PAR_CAP,22.25
2021-05-25,RUS_VIZ_PAN,20.9
2021-05-25,RUS_VIZ_CAP,19.43
2021-05-25,RUS_DHA_PAN,21.35
2021-05-25,RUS_DHA_CAP,23.47
2021-05-25,RUS_GAN_PAN,25.36
2021-05-25,RUS_GAN_CAP,18.82
2021-05-25,RUS_GOP_PAN,23.36
2021-05-25,RUS_GOP_CAP,22.06
2021-05-25,RUS_HAL_PAN,21.6
2021-05-25,RUS_HAL_CAP,21.75
2021-05-25,MOZ_PAR_PAN,20.01
2021-05-25,MOZ_PAR_CAP,22.42
2021-05-25,MOZ_VIZ_PAN,21.89
2021-05-25,MOZ_VIZ_CAP,19.13
2021-05-25,MOZ_DHA_PAN,21.53
2021-05-25,MOZ_DHA_CAP,18.18
2021-05-25,MOZ_GAN_PAN,20.56
2021-05-25,MOZ_GAN_CAP,20.86
2021-05-25,MOZ_GOP_PAN,22.42
2021-05-25,MOZ_GOP_CAP,23.87
2021-05-25,MOZ_HAL_PAN,19.17
2021-05-25,MOZ_HAL_CAP,20.86
2021-05-25,USA_PAR_PAN,33.03
2021-05-25,USA_PAR_CAP,30.63
2021-05-25,USA_VIZ_PAN,33.57
2021-05-25,USA_VIZ_CAP,31.04
2021-05-25,USA_DHA_PAN,30.93
2021-05-25,USA_DHA_CAP,29.89
2021-05-25,USA_GAN_PAN,36.46
2021-05-25,USA_GAN_CAP,33.18
2021-05-25,USA_GOP_PAN,30.99
2021-05-25,USA_GOP_CAP,28.21
2021-05-25,USA_HAL_PAN,31.72
2021-05-25,USA_HAL_CAP,28.95
2021-06-24,AUS_PAR_PAN,16.54
2021-06-24,AUS_PAR_CAP,17.8
2021-06-24,AUS_VIZ_PAN,17.87
2021-06-24,AUS_VIZ_CAP,15.08
2021-06-24,AUS_DHA_PAN,16.02
2021-06-24,AUS_DHA_CAP,16.53
2021-06-24,AUS_GAN_PAN,15.26
2021-06-24,AUS_GAN_CAP,18.15
2021-06-24,AUS_GOP_PAN,18.79
2021-06-24,AUS_GOP_CAP,17.57
2021-06-24,AUS_HAL_PAN,14.23
2021-06-24,AUS_HAL_CAP,14.31
2021-06-24,IND_PAR_PAN,9.76
2021-06-24,IND_PAR_CAP,12.29
2021-06-24,IND_VIZ_PAN,9.29
2021-06-24,IND_VIZ_CAP,10.34
2021-06-24,IND_DHA_PAN,10.4
2021-06-24,IND_DHA_CAP,10.51
2021-06-24,IND_GAN_PAN,10.8
2021-06-24,IND_GAN_CAP,9.82
2021-06-24,IND_GOP_PAN,11.38
2021-06-24,IND_GOP_CAP,10.81
2021-06-24,IND_HAL_PAN,11.37
2021-06-24,IND_HAL_CAP,12.51
2021-06-24,RUS_PAR_PAN,22.52
2021-06-24,RUS_PAR_CAP,23.48
2021-06-24,RUS_VIZ_PAN,24.54
2021-06-24,RUS_VIZ_CAP,23.3
2021-06-24,RUS_DHA_PAN,26.09
2021-06-24,RUS_DHA_CAP,19.61
2021-06-24,RUS_GAN_PAN,18.81
2021-06-24,RUS_GAN_CAP,22.5
2021-06-24,RUS_GOP_PAN,24.58
2021-06-24,RUS_GOP_CAP,25.92
2021-06-24,RUS_HAL_PAN,21.94
2021-06-24,RUS_HAL_CAP,22.35
2021-06-24,MOZ_PAR_PAN,22.31
2021-06-24,MOZ_PAR_CAP,18.44
2021-06-24,MOZ_VIZ_PAN,21.06
2021-06-24,MOZ_VIZ_CAP,22.2
2021-06-24,MOZ_DHA_PAN,20.82
2021-06-24,MOZ_DHA_CAP,18.99
2021-06-24,MOZ_GAN_PAN,21.07
2021-06-24,MOZ_GAN_CAP,23.98
2021-06-24,MOZ_GOP_PAN,19.25
2021-06-24,MOZ_GOP_CAP,20.18
2021-06-24,MOZ_HAL_PAN,21.7
2021-06-24,MOZ_HAL_CAP,21.31
2021-06-24,USA_PAR_PAN,32.11
2021-06-24,USA_PAR_CAP,35.37
2021-06-24,USA_VIZ_PAN,34.64
2021-06-24,USA_VIZ_CAP,30.09
2021-06-24,USA_DHA_PAN,34.99
2021-06-24,USA_DHA_CAP,31.78
2021-06-24,USA_GAN_PAN,30.12
2021-06-24,USA_GAN_CAP,35.23
2021-06-24,USA_GOP_PAN,30.75
2021-06-24,USA_GOP_CAP,30.13
2021-06-24,USA_HAL_PAN,29.33
2021-06-24,USA_HAL_CAP,31.75
2021-07-24,AUS_PAR_PAN,15.59
2021-07-24,AUS_PAR_CAP,15.67
2021-07-24,AUS_VIZ_PAN,18.34
2021-07-24,AUS_VIZ_CAP,14.54
2021-07-24,AUS_DHA_PAN,14.87
2021-07-24,AUS_DHA_CAP,15.36
2021-07-24,AUS_GAN_PAN,14.87
2021-07-24,AUS_GAN_CAP,17.21
2021-07-24,AUS_GOP_PAN,17.12
2021-07-24,AUS_GOP_CAP,16.58
2021-07-24,AUS_HAL_PAN,14.52
2021-07-24,AUS_HAL_CAP,16.19
2021-07-24,IND_PAR_PAN,11.88
2021-07-24,IND_PAR_CAP,11.32
2021-07-24,IND_VIZ_PAN,9.19
2021-07-24,IND_VIZ_CAP,11.31
2021-07-24,IND_DHA_PAN,10.16
2021-07-24,IND_DHA_CAP,10.99
2021-07-24,IND_GAN_PAN,10.43
2021-07-24,IND_GAN_CAP,11.03
2021-07-24,IND_GOP_PAN,8.44
2021-07-24,IND_GOP_CAP,9.75
2021-07-24,IND_HAL_PAN,10.46
2021-07-24,IND_HAL_CAP,10.9
2021-07-24,RUS_PAR_PAN,22.49
2021-07-24,RUS_PAR_CAP,19.94
2021-07-24,RUS_VIZ_PAN,20.32
2021-07-24,RUS_VIZ_CAP,22.12
2021-07-24,RUS_DHA_PAN,22.31
2021-07-24,RUS_DHA_CAP,20.37
2021-07-24,RUS_GAN_PAN,23.3
2021-07-24,RUS_GAN_CAP,20.97
2021-07-24,RUS_GOP_PAN,23.71
2021-07-24,RUS_GOP_CAP,21.55
2021-07-24,RUS_HAL_PAN,21.7
2021-07-24,RUS_HAL_CAP,23.06
2021-07-24,MOZ_PAR_PAN,21.67
2021-07-24,MOZ_PAR_CAP,21.64
2021-07-24,MOZ_VIZ_PAN,21.11
2021-07-24,MOZ_VIZ_CAP,23.2
2021-07-24,MOZ_DHA_PAN,18.54
2021-07-24,MOZ_DHA_CAP,20.72
2021-07-24,MOZ_GAN_PAN,21.9
2021-07-24,MOZ_GAN_CAP,19.56
2021-07-24,MOZ_GOP_PAN,17.79
2021-07-24,MOZ_GOP_CAP,20.66
2021-07-24,MOZ_HAL_PAN,18.53
2021-07-24,MOZ_HAL_CAP,20.3
2021-07-24,USA_PAR_PAN,33.33
2021-07-24,USA_PAR_CAP,30.79
2021-07-24,USA_VIZ_PAN,36.63
2021-07-24,USA_VIZ_CAP,31.5
2021-07-24,USA_DHA_PAN,33.42
2021-07-24,USA_DHA_CAP,33.18
2021-07-24,USA_GAN_PAN,34.12
2021-07-24,USA_GAN_CAP,34.85
2021-07-24,USA_GOP_PAN,35.18
2021-07-24,USA_GOP_CAP,28.84
2021-07-24,USA_HAL_PAN,34.35
2021-07-24,USA_HAL_CAP,33.1
2021-08-23,AUS_PAR_PAN,18.59
2021-08-23,AUS_PAR_CAP,15.15
2021-08-23,AUS_VIZ_PAN,14.03
2021-08-23,AUS_VIZ_CAP,15.94
2021-08-23,AUS_DHA_PAN,18.37
2021-08-23,AUS_DHA_CAP,13.84
2021-08-23,AUS_GAN_PAN,17.3
2021-08-23,AUS_GAN_CAP,16.3
2021-08-23,AUS_GOP_PAN,15.56
2021-08-23,AUS_GOP_CAP,17.17
2021-08-23,AUS_HAL_PAN,16.02
2021-08-23,AUS_HAL_CAP,18.28
2021-08-23,IND_PAR_PAN,10.95
2021-08-23,IND_PAR_CAP,11.25
2021-08-23,IND_VIZ_PAN,10.12
2021-08-23,IND_VIZ_CAP,9.33
2021-08-23,IND_DHA_PAN,12.61
2021-08-23,IND_DHA_CAP,10.48
2021-08-23,IND_GAN_PAN,10.0
2021-08-23,IND_GAN_CAP,9.75
2021-08-23,IND_GOP_PAN,9.84
2021-08-23,IND_GOP_CAP,11.83
2021-08-23,IND_HAL_PAN,9.47
2021-08-23,IND_HAL_CAP,9.65
2021-08-23,RUS_PAR_PAN,23.73
2021-08-23,RUS_PAR_CAP,21.83
2021-08-23,RUS_VIZ_PAN,20.1
2021-08-23,RUS_VIZ_CAP,24.87
2021-08-23,RUS_DHA_PAN,26.5
2021-08-23,RUS_DHA_CAP,19.83
2021-08-23,RUS_GAN_PAN,22.47
2021-08-23,RUS_GAN_CAP,23.48
2021-08-23,RUS_GOP_PAN,20.73
2021-08-23,RUS_GOP_CAP,20.86
2021-08-23,RUS_HAL_PAN,24.87
2021-08-23,RUS_HAL_CAP,21.61
2021-08-23,MOZ_PAR_PAN,21.26
2021-08-23,MOZ_PAR_CAP,21.99
2021-08-23,MOZ_VIZ_PAN,19.74
2021-08-23,MOZ_VIZ_CAP,20.1
2021-08-23,MOZ_DHA_PAN,22.68
2021-08-23,MOZ_DHA_CAP,22.44
2021-08-23,MOZ_GAN_PAN,20.13
2021-08-23,MOZ_GAN_CAP,21.61
2021-08-23,MOZ_GOP_PAN,21.34
2021-08-23,MOZ_GOP_CAP,23.07
2021-08-23,MOZ_HAL_PAN,23.05
2021-08-23,MOZ_HAL_CAP,19.92
2021-08-23,USA_PAR_PAN,36.02
2021-08-23,USA_PAR_CAP,27.56
2021-08-23,USA_VIZ_PAN,31.49
2021-08-23,USA_VIZ_CAP,33.74
2021-08-23,USA_DHA_PAN,35.77
2021-08-23,USA_DHA_CAP,29.79
2021-08-23,USA_GAN_PAN,33.16
2021-08-23,USA_GAN_CAP,31.81
2021-08-23,USA_GOP_PAN,37.17
2021-08-23,USA_GOP_CAP,28.33
2021-08-23,USA_HAL_PAN,27.58
2021-08-23,USA_HAL_CAP,31.73
2021-09-22,AUS_PAR_PAN,15.7
2021-09-22,AUS_PAR_CAP,14.26
2021-09-22,AUS_VIZ_PAN,17.14
2021-09-22,AUS_VIZ_CAP,14.8
2021-09-22,AUS_DHA_PAN,17.05
2021-09-22,AUS_DHA_CAP,15.56
2021-09-22,AUS_GAN_PAN,17.27
2021-09-22,AUS_GAN_CAP,18.42
2021-09-22,AUS_GOP_PAN,15.09
2021-09-22,AUS_GOP_CAP,16.06
2021-09-22,AUS_HAL_PAN,16.91
2021-09-22,AUS_HAL_CAP,17.3
2021-09-22,IND_PAR_PAN,11.92
2021-09-22,IND_PAR_CAP,11.59
2021-09-22,IND_VIZ_PAN,10.94
2021-09-22,IND_VIZ_CAP,11.09
2021-09-22,IND_DHA_PAN,11.63
2021-09-22,IND_DHA_CAP,11.9
2021-09-22,IND_GAN_PAN,11.24
2021-09-22,IND_GAN_CAP,9.88
2021-09-22,IND_GOP_PAN,12.03
2021-09-22,IND_GOP_CAP,9.53
2021-09-22,IND_HAL_PAN,10.19
2021-09-22,IND_HAL_CAP,9.75
2021-09-22,RUS_PAR_PAN,22.24
2021-09-22,RUS_PAR_CAP,21.0
2021-09-22,RUS_VIZ_PAN,21.7
2021-09-22,RUS_VIZ_CAP,23.09
2021-09-22,RUS_DHA_PAN,22.05
2021-09-22,RUS_DHA_CAP,25.96
2021-09-22,RUS_GAN_PAN,23.04
2021-09-22,RUS_GAN_CAP,24.28
2021-09-22,RUS_GOP_PAN,25.96
2021-09-22,RUS_GOP_CAP,20.89
2021-09-22,RUS_HAL_PAN,22.0
2021-09-22,RUS_HAL_CAP,23.61
2021-09-22,MOZ_PAR_PAN,24.55
2021-09-22,MOZ_PAR_CAP,19.58
2021-09-22,MOZ_VIZ_PAN,21.73
2021-09-22,MOZ_VIZ_CAP,22.03
2021-09-22,MOZ_DHA_PAN,19.97
2021-09-22,MOZ_DHA_CAP,21.79
2021-09-22,MOZ_GAN_PAN,20.13
2021-09-22,MOZ_GAN_CAP,22.8
2021-09-22,MOZ_GOP_PAN,22.81
2021-09-22,MOZ_GOP_CAP,22.27
2021-09-22,MOZ_HAL_PAN,19.13
2021-09-22,MOZ_HAL_CAP,21.93
2021-09-22,USA_PAR_PAN,29.41
2021-09-22,USA_PAR_CAP,34.53
2021-09-22,USA_VIZ_PAN,32.65
2021-09-22,USA_VIZ_CAP,30.2
2021-09-22,USA_DHA_PAN,33.85
2021-09-22,USA_DHA_CAP,32.79
2021-09-22,USA_GAN_PAN,35.74
2021-09-22,USA_GAN_CAP,32.62
2021-09-22,USA_GOP_PAN,30.43
2021-09-22,USA_GOP_CAP,29.41
2021-09-22,USA_HAL_PAN,37.45
2021-09-22,USA_HAL_CAP,31.0
2021-10-22,AUS_PAR_PAN,16.09
2021-10-22,AUS_PAR_CAP,19.36
2021-10-22,AUS_VIZ_PAN,15.19
2021-10-22,AUS_VIZ_CAP,17.9
2021-10-22,AUS_DHA_PAN,17.33
2021-10-22,AUS_DHA_CAP,14.61
2021-10-22,AUS_GAN_PAN,16.58
2021-10-22,AUS_GAN_CAP,15.74
2021-10-22,AUS_GOP_PAN,17.88
2021-10-22,AUS_GOP_CAP,15.98
2021-10-22,AUS_HAL_PAN,16.28
2021-10-22,AUS_HAL_CAP,14.71
2021-10-22,IND_PAR_PAN,11.19
2021-10-22,IND_PAR_CAP,10.44
2021-10-22,IND_VIZ_PAN,9.31
2021-10-22,IND_VIZ_CAP,12.54
2021-10-22,IND_DHA_PAN,9.24
2021-10-22,IND_DHA_CAP,8.61
2021-10-22,IND_GAN_PAN,9.34
2021-10-22,IND_GAN_CAP,9.18
2021-10-22,IND_GOP_PAN,11.46
2021-10-22,IND_GOP_CAP,8.88
2021-10-22,IND_HAL_PAN,10.51
2021-10-22,IND_HAL_CAP,10.99
2021-10-22,RUS_PAR_PAN,23.46
2021-10-22,RUS_PAR_CAP,24.47
2021-10-22,RUS_VIZ_PAN,21.7
2021-10-22,RUS_VIZ_CAP,19.13
2021-10-22,RUS_DHA_PAN,21.92
2021-10-22,RUS_DHA_CAP,24.6
2021-10-22,RUS_GAN_PAN,24.05
2021-10-22,RUS_GAN_CAP,24.48
2021-10-22,RUS_GOP_PAN,23.21
2021-10-22,RUS_GOP_CAP,24.02
2021-10-22,RUS_HAL_PAN,19.66
2021-10-22,RUS_HAL_CAP,23.26
2021-10-22,MOZ_PAR_PAN,20.61
2021-10-22,MOZ_PAR_CAP,23.07
2021-10-22,MOZ_VIZ_PAN,23.61
2021-10-22,MOZ_VIZ_CAP,20.26
2021-10-22,MOZ_DHA_PAN,18.42
2021-10-22,MOZ_DHA_CAP,20.84
2021-10-22,MOZ_GAN_PAN,20.87
2021-10-22,MOZ_GAN_CAP,23.44
2021-10-22,MOZ_GOP_PAN,21.84
2021-10-22,MOZ_GOP_CAP,20.48
2021-10-22,MOZ_HAL_PAN,22.97
2021-10-22,MOZ_HAL_CAP,22.28
2021-10-22,USA_PAR_PAN,29.21
2021-10-22,USA_PAR_CAP,29.16
2021-10-22,USA_VIZ_PAN,32.19
2021-10-22,USA_VIZ_CAP,30.45
2021-10-22,USA_DHA_PAN,34.22
2021-10-22,USA_DHA_CAP,32.84
2021-10-22,USA_GAN_PAN,29.47
2021-10-22,USA_GAN_CAP,31.87
2021-10-22,USA_GOP_PAN,33.33
2021-10-22,USA_GOP_CAP,30.97
2021-10-22,USA_HAL_PAN,30.35
2021-10-22,USA_HAL_CAP,31.46
2021-11-21,AUS_PAR_PAN,16.97
2021-11-21,AUS_PAR_CAP,15.29
2021-11-21,AUS_VIZ_PAN,14.69
2021-11-21,AUS_VIZ_CAP,18.49
2021-11-21,AUS_DHA_PAN,15.83
2021-11-21,AUS_DHA_CAP,17.11
2021-11-21,AUS_GAN_PAN,16.96
2021-11-21,AUS_GAN_CAP,15.92
2021-11-21,AUS_GOP_PAN,15.69
2021-11-21,AUS_GOP_CAP,17.05
2021-11-21,AUS_HAL_PAN,16.46
2021-11-21,AUS_HAL_CAP,16.79
2021-11-21,IND_PAR_PAN,9.26
2021-11-21,IND_PAR_CAP,10.8
2021-11-21,IND_VIZ_PAN,10.77
2021-11-21,IND_VIZ_CAP,9.6
2021-11-21,IND_DHA_PAN,9.67
2021-11-21,IND_DHA_CAP,10.43
2021-11-21,IND_GAN_PAN,12.27
2021-11-21,IND_GAN_CAP,10.65
2021-11-21,IND_GOP_PAN,8.86
2021-11-21,IND_GOP_CAP,10.71
2021-11-21,IND_HAL_PAN,8.97
2021-11-21,IND_HAL_CAP,11.78
2021-11-21,RUS_PAR_PAN,26.79
2021-11-21,RUS_PAR_CAP,24.12
2021-11-21,RUS_VIZ_PAN,22.25
2021-11-21,RUS_VIZ_CAP,21.88
2021-11-21,RUS_DHA_PAN,23.59
2021-11-21,RUS_DHA_CAP,21.39
2021-11-21,RUS_GAN_PAN,23.69
2021-11-21,RUS_GAN_CAP,27.28
2021-11-21,RUS_GOP_PAN,21.88
2021-11-21,RUS_GOP_CAP,23.95
2021-11-21,RUS_HAL_PAN,25.69
2021-11-21,RUS_HAL_CAP,24.52
2021-11-21,MOZ_PAR_PAN,24.43
2021-11-21,MOZ_PAR_CAP,20.24
2021-11-21,MOZ_VIZ_PAN,21.34
2021-11-21,MOZ_VIZ_CAP,21.11
2021-11-21,MOZ_DHA_PAN,19.92
2021-11-21,MOZ_DHA_CAP,18.93
2021-11-21,MOZ_GAN_PAN,20.2
2021-11-21,MOZ_GAN_CAP,21.21
2021-11-21,MOZ_GOP_PAN,22.05
2021-11-21,MOZ_GOP_CAP,21.83
2021-11-21,MOZ_HAL_PAN,17.44
2021-11-21,MOZ_HAL_CAP,22.07
2021-11-21,USA_PAR_PAN,35.04
2021-11-21,USA_PAR_CAP,35.5
2021-11-21,USA_VIZ_PAN,32.84
2021-11-21,USA_VIZ_CAP,31.4
2021-11-21,USA_DHA_PAN,34.54
2021-11-21,USA_DHA_CAP,31.62
2021-11-21,USA_GAN_PAN,33.98
2021-11-21,USA_GAN_CAP,29.92
2021-11-21,USA_GOP_PAN,29.85
2021-11-21,USA_GOP_CAP,31.41
2021-11-21,USA_HAL_PAN,37.7
2021-11-21,USA_HAL_CAP,34.28
2021-12-21,AUS_PAR_PAN,16.83
2021-12-21,AUS_PAR_CAP,16.88
2021-12-21,AUS_VIZ_PAN,18.01
2021-12-21,AUS_VIZ_CAP,18.44
2021-12-21,AUS_DHA_PAN,16.87
2021-12-21,AUS_DHA_CAP,17.19
2021-12-21,AUS_GAN_PAN,16.62
2021-12-21,AUS_GAN_CAP,18.87
2021-12-21,AUS_GOP_PAN,18.1
2021-12-21,AUS_GOP_CAP,16.62
2021-12-21,AUS_HAL_PAN,16.74
2021-12-21,AUS_HAL_CAP,14.53
2021-12-21,IND_PAR_PAN,9.34
2021-12-21,IND_PAR_CAP,9.78
2021-12-21,IND_VIZ_PAN,11.48
2021-12-21,IND_VIZ_CAP,10.74
2021-12-21,IND_DHA_PAN,10.33
2021-12-21,IND_DHA_CAP,10.79
2021-12-21,IND_GAN_PAN,12.9
2021-12-21,IND_GAN_CAP,8.75
2021-12-21,IND_GOP_PAN,10.45
2021-12-21,IND_GOP_CAP,12.45
2021-12-21,IND_HAL_PAN,8.84
2021-12-21,IND_HAL_CAP,11.54
2021-12-21,RUS_PAR_PAN,23.22
2021-12-21,RUS_PAR_CAP,21.72
2021-12-21,RUS_VIZ_PAN,24.67
2021-12-21,RUS_VIZ_CAP,21.03
2021-12-21,RUS_DHA_PAN,21.47
2021-12-21,RUS_DHA_CAP,20.9
2021-12-21,RUS_GAN_PAN,21.05
2021-12-21,RUS_GAN_CAP,22.89
2021-12-21,RUS_GOP_PAN,19.86
2021-12-21,RUS_GOP_CAP,24.3
2021-12-21,RUS_HAL_PAN,20.64
2021-12-21,RUS_HAL_CAP,22.8
2021-12-21,MOZ_PAR_PAN,20.61
2021-12-21,MOZ_PAR_CAP,17.32
2021-12-21,MOZ_VIZ_PAN,19.71
2021-12-21,MOZ_VIZ_CAP,22.06
2021-12-21,MOZ_DHA_PAN,19.17
2021-12-21,MOZ_DHA_CAP,20.66
2021-12-21,MOZ_GAN_PAN,18.31
2021-12-21,MOZ_GAN_CAP,20.98
2021-12-21,MOZ_GOP_PAN,20.68
2021-12-21,MOZ_GOP_CAP,23.94
2021-12-21,MOZ_HAL_PAN,20.92
2021-12-21,MOZ_HAL_CAP,20.25
2021-12-21,USA_PAR_PAN,32.48
2021-12-21,USA_PAR_CAP,34.24
2021-12-21,USA_VIZ_PAN,31.88
2021-12-21,USA_VIZ_CAP,32.22
2021-12-21,USA_DHA_PAN,36.01
2021-12-21,USA_DHA_CAP,29.07
2021-12-21,USA_GAN_PAN,28.87
2021-12-21,USA_GAN_CAP,27.7
2021-12-21,USA_GOP_PAN,30.25
2021-12-21,USA_GOP_CAP,30.42
2021-12-21,USA_HAL_PAN,34.46
2021-12-21,USA_HAL_CAP,29.47
2022-01-20,AUS_PAR_PAN,14.36
2022-01-20,AUS_PAR_CAP,15.18
2022-01-20,AUS_VIZ_PAN,16.24
2022-01-20,AUS_VIZ_CAP,14.72
2022-01-20,AUS_DHA_PAN,17.13
2022-01-20,AUS_DHA_CAP,16.6
2022-01-20,AUS_GAN_PAN,17.21
2022-01-20,AUS_GAN_CAP,14.14
2022-01-20,AUS_GOP_PAN,16.58
2022-01-20,AUS_GOP_CAP,15.83
2022-01-20,AUS_HAL_PAN,18.04
2022-01-20,AUS_HAL_CAP,17.48
2022-01-20,IND_PAR_PAN,8.93
2022-01-20,IND_PAR_CAP,9.95
2022-01-20,IND_VIZ_PAN,8.53
2022-01-20,IND_VIZ_CAP,10.56
2022-01-20,IND_DHA_PAN,12.72
2022-01-20,IND_DHA_CAP,11.17
2022-01-20,IND_GAN_PAN,9.5
2022-01-20,IND_GAN_CAP,8.58
2022-01-20,IND_GOP_PAN,9.95
2022-01-20,IND_GOP_CAP,9.83
2022-01-20,IND_HAL_PAN,9.41
2022-01-20,IND_HAL_CAP,9.08
2022-01-20,RUS_PAR_PAN,22.84
2022-01-20,RUS_PAR_CAP,24.65
2022-01-20,RUS_VIZ_PAN,22.09
2022-01-20,RUS_VIZ_CAP,25.47
2022-01-20,RUS_DHA_PAN,21.03
2022-01-20,RUS_DHA_CAP,23.97
2022-01-20,RUS_GAN_PAN,22.21
2022-01-20,RUS_GAN_CAP,22.43
2022-01-20,RUS_GOP_PAN,21.35
2022-01-20,RUS_GOP_CAP,19.54
2022-01-20,RUS_HAL_PAN,23.81
2022-01-20,RUS_HAL_CAP,24.26
2022-01-20,MOZ_PAR_PAN,23.16
2022-01-20,MOZ_PAR_CAP,20.63
2022-01-20,MOZ_VIZ_PAN,20.74
2022-01-20,MOZ_VIZ_CAP,18.32
2022-01-20,MOZ_DHA_PAN,20.11
2022-01-20,MOZ_DHA_CAP,19.21
2022-01-20,MOZ_GAN_PAN,19.38
2022-01-20,MOZ_GAN_CAP,23.1
2022-01-20,MOZ_GOP_PAN,21.22
2022-01-20,MOZ_GOP_CAP,20.41
2022-01-20,MOZ_HAL_PAN,18.59
2022-01-20,MOZ_HAL_CAP,21.58
2022-01-20,USA_PAR_PAN,36.62
2022-01-20,USA_PAR_CAP,30.95
2022-01-20,USA_VIZ_PAN,32.81
2022-01-20,USA_VIZ_CAP,38.43
2022-01-20,USA_DHA_PAN,33.72
2022-01-20,USA_DHA_CAP,28.9
2022-01-20,USA_GAN_PAN,33.49
2022-01-20,USA_GAN_CAP,33.71
2022-01-20,USA_GOP_PAN,28.74
2022-01-20,USA_GOP_CAP,31.99
2022-01-20,USA_HAL_PAN,34.1
2022-01-20,USA_HAL_CAP,32.26
2022-02-19,AUS_PAR_PAN,15.92
2022-02-19,AUS_PAR_CAP,17.44
2022-02-19,AUS_VIZ_PAN,18.34
2022-02-19,AUS_VIZ_CAP,15.02
2022-02-19,AUS_DHA_PAN,15.29
2022-02-19,AUS_DHA_CAP,15.93
2022-02-19,AUS_GAN_PAN,15.31
2022-02-19,AUS_GAN_CAP,14.4
2022-02-19,AUS_GOP_PAN,16.75
2022-02-19,AUS_GOP_CAP,17.86
2022-02-19,AUS_HAL_PAN,15.82
2022-02-19,AUS_HAL_CAP,14.83
2022-02-19,IND_PAR_PAN,11.28
2022-02-19,IND_PAR_CAP,10.0
2022-02-19,IND_VIZ_PAN,9.3
2022-02-19,IND_VIZ_CAP,9.43
2022-02-19,IND_DHA_PAN,8.76
2022-02-19,IND_DHA_CAP,9.43
2022-02-19,IND_GAN_PAN,10.97
2022-02-19,IND_GAN_CAP,10.85
2022-02-19,IND_GOP_PAN,12.13
2022-02-19,IND_GOP_CAP,10.85
2022-02-19,IND_HAL_PAN,11.5
2022-02-19,IND_HAL_CAP,9.88
2022-02-19,RUS_PAR_PAN,23.7
2022-02-19,RUS_PAR_CAP,22.1
2022-02-19,RUS_VIZ_PAN,20.42
2022-02-19,RUS_VIZ_CAP,20.45
2022-02-19,RUS_DHA_PAN,21.19
2022-02-19,RUS_DHA_CAP,23.14
2022-02-19,RUS_GAN_PAN,25.24
2022-02-19,RUS_GAN_CAP,19.09
2022-02-19,RUS_GOP_PAN,19.9
2022-02-19,RUS_GOP_CAP,25.85
2022-02-19,RUS_HAL_PAN,21.87
2022-02-19,RUS_HAL_CAP,20.76
2022-02-19,MOZ_PAR_PAN,21.59
2022-02-19,MOZ_PAR_CAP,18.26
2022-02-19,MOZ_VIZ_PAN,18.5
2022-02-19,MOZ_VIZ_CAP,22.49
2022-02-19,MOZ_DHA_PAN,19.19
2022-02-19,MOZ_DHA_CAP,21.01
2022-02-19,MOZ_GAN_PAN,20.97
2022-02-19,MOZ_GAN_CAP,22.14
2022-02-19,MOZ_GOP_PAN,19.8
2022-02-19,MOZ_GOP_CAP,23.26
2022-02-19,MOZ_HAL_PAN,23.6
2022-02-19,MOZ_HAL_CAP,19.7
2022-02-19,USA_PAR_PAN,31.34
2022-02-19,USA_PAR_CAP,31.31
2022-02-19,USA_VIZ_PAN,31.51
2022-02-19,USA_VIZ_CAP,33.84
2022-02-19,USA_DHA_PAN,32.79
2022-02-19,USA_DHA_CAP,31.75
2022-02-19,USA_GAN_PAN,30.3
2022-02-19,USA_GAN_CAP,34.66
2022-02-19,USA_GOP_PAN,32.92
2022-02-19,USA_GOP_CAP,35.32
2022-02-19,USA_HAL_PAN,31.56
2022-02-19,USA_HAL_CAP,33.01
2022-03-21,AUS_PAR_PAN,16.25
2022-03-21,AUS_PAR_CAP,17.14
2022-03-21,AUS_VIZ_PAN,16.51
2022-03-21,AUS_VIZ_CAP,14.48
2022-03-21,AUS_DHA_PAN,18.25
2022-03-21,AUS_DHA_CAP,17.3
2022-03-21,AUS_GAN_PAN,17.38
2022-03-21,AUS_GAN_CAP,15.16
2022-03-21,AUS_GOP_PAN,18.69
2022-03-21,AUS_GOP_CAP,16.95
2022-03-21,AUS_HAL_PAN,15.07
2022-03-21,AUS_HAL_CAP,16.29
2022-03-21,IND_PAR_PAN,9.5
2022-03-21,IND_PAR_CAP,12.35
2022-03-21,IND_VIZ_PAN,11.83
2022-03-21,IND_VIZ_CAP,11.0
2022-03-21,IND_DHA_PAN,10.51
2022-03-21,IND_DHA_CAP,10.33
2022-03-21,IND_GAN_PAN,11.2
2022-03-21,IND_GAN_CAP,10.08
2022-03-21,IND_GOP_PAN,10.43
2022-03-21,IND_GOP_CAP,11.48
2022-03-21,IND_HAL_PAN,10.62
2022-03-21,IND_HAL_CAP,9.47
2022-03-21,RUS_PAR_PAN,24.09
2022-03-21,RUS_PAR_CAP,20.69
2022-03-21,RUS_VIZ_PAN,21.41
2022-03-21,RUS_VIZ_CAP,24.23
2022-03-21,RUS_DHA_PAN,20.29
2022-03-21,RUS_DHA_CAP,20.95
2022-03-21,RUS_GAN_PAN,21.94
2022-03-21,RUS_GAN_CAP,20.8
2022-03-21,RUS_GOP_PAN,24.49
2022-03-21,RUS_GOP_CAP,20.9
2022-03-21,RUS_HAL_PAN,25.52
2022-03-21,RUS_HAL_CAP,21.78
2022-03-21,MOZ_PAR_PAN,19.66
2022-03-21,MOZ_PAR_CAP,18.12
2022-03-21,MOZ_VIZ_PAN,19.71
2022-03-21,MOZ_VIZ_CAP,19.54
2022-03-21,MOZ_DHA_PAN,19.92
2022-03-21,MOZ_DHA_CAP,17.95
2022-03-21,MOZ_GAN_PAN,22.03
2022-03-21,MOZ_GAN_CAP,21.29
2022-03-21,MOZ_GOP_PAN,22.68
2022-03-21,MOZ_GOP_CAP,22.21
2022-03-21,MOZ_HAL_PAN,20.84
2022-03-21,MOZ_HAL_CAP,18.83
2022-03-21,USA_PAR_PAN,29.72
2022-03-21,USA_PAR_CAP,29.01
2022-03-21,USA_VIZ_PAN,33.05
2022-03-21,USA_VIZ_CAP,28.59
2022-03-21,USA_DHA_PAN,31.25
2022-03-21,USA_DHA_CAP,34.23
2022-03-21,USA_GAN_PAN,32.78
2022-03-21,USA_GAN_CAP,31.67
2022-03-21,USA_GOP_PAN,34.29
2022-03-21,USA_GOP_CAP,33.31
2022-03-21,USA_HAL_PAN,31.39
2022-03-21,USA_HAL_CAP,35.44
2022-04-20,AUS_PAR_PAN,16.61
2022-04-20,AUS_PAR_CAP,15.98
2022-04-20,AUS_VIZ_PAN,19.25
2022-04-20,AUS_VIZ_CAP,16.76
2022-04-20,AUS_DHA_PAN,16.25
2022-04-20,AUS_DHA_CAP,14.23
2022-04-20,AUS_GAN_PAN,17.51
2022-04-20,AUS_GAN_CAP,16.08
2022-04-20,AUS_GOP_PAN,14.86
2022-04-20,AUS_GOP_CAP,15.82
2022-04-20,AUS_HAL_PAN,15.28
2022-04-20,AUS_HAL_CAP,15.54
2022-04-20,IND_PAR_PAN,8.76
2022-04-20,IND_PAR_CAP,9.08
2022-04-20,IND_VIZ_PAN,8.97
2022-04-20,IND_VIZ_CAP,10.49
2022-04-20,IND_DHA_PAN,12.0
2022-04-20,IND_DHA_CAP,11.63
2022-04-20,IND_GAN_PAN,12.38
2022-04-20,IND_GAN_CAP,12.29
2022-04-20,IND_GOP_PAN,11.97
2022-04-20,IND_GOP_CAP,11.22
2022-04-20,IND_HAL_PAN,10.22
2022-04-20,IND_HAL_CAP,8.69
2022-04-20,RUS_PAR_PAN,24.38
2022-04-20,RUS_PAR_CAP,21.17
2022-04-20,RUS_VIZ_PAN,18.45
2022-04-20,RUS_VIZ_CAP,20.5
2022-04-20,RUS_DHA_PAN,18.85
2022-04-20,RUS_DHA_CAP,22.8
2022-04-20,RUS_GAN_PAN,22.77
2022-04-20,RUS_GAN_CAP,23.43
2022-04-20,RUS_GOP_PAN,21.65
2022-04-20,RUS_GOP_CAP,23.4
2022-04-20,RUS_HAL_PAN,25.82
2022-04-20,RUS_HAL_CAP,20.4
2022-04-20,MOZ_PAR_PAN,18.63
2022-04-20,MOZ_PAR_CAP,18.05
2022-04-20,MOZ_VIZ_PAN,18.78
2022-04-20,MOZ_VIZ_CAP,18.17
2022-04-20,MOZ_DHA_PAN,19.82
2022-04-20,MOZ_DHA_CAP,20.76
2022-04-20,MOZ_GAN_PAN,21.57
2022-04-20,MOZ_GAN_CAP,18.3
2022-04-20,MOZ_GOP_PAN,20.45
2022-04-20,MOZ_GOP_CAP,18.26
2022-04-20,MOZ_HAL_PAN,19.14
2022-04-20,MOZ_HAL_CAP,20.92
2022-04-20,USA_PAR_PAN,30.45
2022-04-20,USA_PAR_CAP,32.25
2022-04-20,USA_VIZ_PAN,32.84
2022-04-20,USA_VIZ_CAP,28.22
2022-04-20,USA_DHA_PAN,34.48
2022-04-20,USA_DHA_CAP,37.29
2022-04-20,USA_GAN_PAN,27.25
2022-04-20,USA_GAN_CAP,33.4
2022-04-20,USA_GOP_PAN,35.54
2022-04-20,USA_GOP_CAP,34.1
2022-04-20,USA_HAL_PAN,34.44
2022-04-20,USA_HAL_CAP,30.94
2022-05-20,AUS_PAR_PAN,15.48
2022-05-20,AUS_PAR_CAP,18.46
2022-05-20,AUS_VIZ_PAN,18.56
2022-05-20,AUS_VIZ_CAP,14.4
2022-05-20,AUS_DHA_PAN,17.5
2022-05-20,AUS_DHA_CAP,15.32
2022-05-20,AUS_GAN_PAN,16.11
2022-05-20,AUS_GAN_CAP,16.81
2022-05-20,AUS_GOP_PAN,15.69
2022-05-20,AUS_GOP_CAP,18.32
2022-05-20,AUS_HAL_PAN,18.16
2022-05-20,AUS_HAL_CAP,16.35
2022-05-20,IND_PAR_PAN,11.74
2022-05-20,IND_PAR_CAP,9.32
2022-05-20,IND_VIZ_PAN,9.81
2022-05-20,IND_VIZ_CAP,9.01
2022-05-20,IND_DHA_PAN,9.92
2022-05-20,IND_DHA_CAP,9.01
2022-05-20,IND_GAN_PAN,9.07
2022-05-20,IND_GAN_CAP,9.32
2022-05-20,IND_GOP_PAN,12.75
2022-05-20,IND_GOP_CAP,9.88
2022-05-20,IND_HAL_PAN,11.17
2022-05-20,IND_HAL_CAP,9.11
2022-05-20,RUS_PAR_PAN,22.46
2022-05-20,RUS_PAR_CAP,22.79
2022-05-20,RUS_VIZ_PAN,25.05
2022-05-20,RUS_VIZ_CAP,26.37
2022-05-20,RUS_DHA_PAN,25.71
2022-05-20,RUS_DHA_CAP,22.14
2022-05-20,RUS_GAN_PAN,23.49
2022-05-20,RUS_GAN_CAP,23.43
2022-05-20,RUS_GOP_PAN,23.81
2022-05-20,RUS_GOP_CAP,20.29
2022-05-20,RUS_HAL_PAN,21.49
2022-05-20,RUS_HAL_CAP,22.11
2022-05-20,MOZ_PAR_PAN,22.14
2022-05-20,MOZ_PAR_CAP,22.91
2022-05-20,MOZ_VIZ_PAN,21.53
2022-05-20,MOZ_VIZ_CAP,21.82
2022-05-20,MOZ_DHA_PAN,18.45
2022-05-20,MOZ_DHA_CAP,22.29
2022-05-20,MOZ_GAN_PAN,19.01
2022-05-20,MOZ_GAN_CAP,21.06
2022-05-20,MOZ_GOP_PAN,19.3
2022-05-20,MOZ_GOP_CAP,20.26
2022-05-20,MOZ_HAL_PAN,19.06
2022-05-20,MOZ_HAL_CAP,20.32
2022-05-20,USA_PAR_PAN,29.75
2022-05-20,USA_PAR_CAP,31.21
2022-05-20,USA_VIZ_PAN,34.96
2022-05-20,USA_VIZ_CAP,32.79
2022-05-20,USA_DHA_PAN,34.23
2022-05-20,USA_DHA_CAP,34.59
2022-05-20,USA_GAN_PAN,37.12
2022-05-20,USA_GAN_CAP,29.87
2022-05-20,USA_GOP_PAN,37.52
2022-05-20,USA_GOP_CAP,32.87
2022-05-20,USA_HAL_PAN,33.22
2022-05-20,USA_HAL_CAP,35.53
2022-06-19,AUS_PAR_PAN,16.72
2022-06-19,AUS_PAR_CAP,15.71
2022-06-19,AUS_VIZ_PAN,15.73
2022-06-19,AUS_VIZ_CAP,14.52
2022-06-19,AUS_DHA_PAN,14.45
2022-06-19,AUS_DHA_CAP,15.73
2022-06-19,AUS_GAN_PAN,17.25
2022-06-19,AUS_GAN_CAP,18.22
2022-06-19,AUS_GOP_PAN,15.54
2022-06-19,AUS_GOP_CAP,15.81
2022-06-19,AUS_HAL_PAN,16.02
2022-06-19,AUS_HAL_CAP,16.07
2022-06-19,IND_PAR_PAN,9.77
2022-06-19,IND_PAR_CAP,11.94
2022-06-19,IND_VIZ_PAN,10.1
2022-06-19,IND_VIZ_CAP,8.9
2022-06-19,IND_DHA_PAN,12.09
2022-06-19,IND_DHA_CAP,9.64
2022-06-19,IND_GAN_PAN,8.34
2022-06-19,IND_GAN_CAP,10.28
2022-06-19,IND_GOP_PAN,12.53
2022-06-19,IND_GOP_CAP,10.48
2022-06-19,IND_HAL_PAN,9.74
2022-06-19,IND_HAL_CAP,9.6
2022-06-19,RUS_PAR_PAN,24.68
2022-06-19,RUS_PAR_CAP,22.96
2022-06-19,RUS_VIZ_PAN,19.7
2022-06-19,RUS_VIZ_CAP,24.9
2022-06-19,RUS_DHA_PAN,20.58
2022-06-19,RUS_DHA_CAP,22.09
2022-06-19,RUS_GAN_PAN,21.38
2022-06-19,RUS_GAN_CAP,22.73
2022-06-19,RUS_GOP_PAN,19.53
2022-06-19,RUS_GOP_CAP,21.36
2022-06-19,RUS_HAL_PAN,20.98
2022-06-19,RUS_HAL_CAP,19.26
2022-06-19,MOZ_PAR_PAN,22.93
2022-06-19,MOZ_PAR_CAP,23.2
2022-06-19,MOZ_VIZ_PAN,20.73
2022-06-19,MOZ_VIZ_CAP,18.05
2022-06-19,MOZ_DHA_PAN,22.08
2022-06-19,MOZ_DHA_CAP,18.05
2022-06-19,MOZ_GAN_PAN,17.85
2022-06-19,MOZ_GAN_CAP,23.36
2022-06-19,MOZ_GOP_PAN,19.83
2022-06-19,MOZ_GOP_CAP,21.08
2022-06-19,MOZ_HAL_PAN,20.99
2022-06-19,MOZ_HAL_CAP,19.9
2022-06-19,USA_PAR_PAN,33.19
2022-06-19,USA_PAR_CAP,29.51
2022-06-19,USA_VIZ_PAN,35.52
2022-06-19,USA_VIZ_CAP,32.88
2022-06-19,USA_DHA_PAN,32.38
2022-06-19,USA_DHA_CAP,30.49
2022-06-19,USA_GAN_PAN,33.1
2022-06-19,USA_GAN_CAP,31.34
2022-06-19,USA_GOP_PAN,30.35
2022-06-19,USA_GOP_CAP,33.3
2022-06-19,USA_HAL_PAN,30.49
2022-06-19,USA_HAL_CAP,32.22
2022-07-19,AUS_PAR_PAN,18.65
2022-07-19,AUS_PAR_CAP,16.53
2022-07-19,AUS_VIZ_PAN,17.93
2022-07-19,AUS_VIZ_CAP,18.22
2022-07-19,AUS_DHA_PAN,16.57
2022-07-19,AUS_DHA_CAP,16.06
2022-07-19,AUS_GAN_PAN,15.38
2022-07-19,AUS_GAN_CAP,15.37
2022-07-19,AUS_GOP_PAN,15.91
2022-07-19,AUS_GOP_CAP,14.13
2022-07-19,AUS_HAL_PAN,14.79
2022-07-19,AUS_HAL_CAP,18.81
2022-07-19,IND_PAR_PAN,10.0
2022-07-19,IND_PAR_CAP,11.92
2022-07-19,IND_VIZ_PAN,11.42
2022-07-19,IND_VIZ_CAP,11.13
2022-07-19,IND_DHA_PAN,9.44
2022-07-19,IND_DHA_CAP,11.12
2022-07-19,IND_GAN_PAN,10.96
2022-07-19,IND_GAN_CAP,11.31
2022-07-19,IND_GOP_PAN,10.29
2022-07-19,IND_GOP_CAP,9.91
2022-07-19,IND_HAL_PAN,8.15
2022-07-19,IND_HAL_CAP,9.87
2022-07-19,RUS_PAR_PAN,23.25
2022-07-19,RUS_PAR_CAP,25.39
2022-07-19,RUS_VIZ_PAN,20.43
2022-07-19,RUS_VIZ_CAP,24.37
2022-07-19,RUS_DHA_PAN,22.71
2022-07-19,RUS_DHA_CAP,19.38
2022-07-19,RUS_GAN_PAN,24.17
2022-07-19,RUS_GAN_CAP,24.86
2022-07-19,RUS_GOP_PAN,25.23
2022-07-19,RUS_GOP_CAP,21.2
2022-07-19,RUS_HAL_PAN,22.05
2022-07-19,RUS_HAL_CAP,23.48
2022-07-19,MOZ_PAR_PAN,20.1
2022-07-19,MOZ_PAR_CAP,20.04
2022-07-19,MOZ_VIZ_PAN,22.15
2022-07-19,MOZ_VIZ_CAP,19.63
2022-07-19,MOZ_DHA_PAN,23.08
2022-07-19,MOZ_DHA_CAP,24.24
2022-07-19,MOZ_GAN_PAN,21.47
2022-07-19,MOZ_GAN_CAP,18.95
2022-07-19,MOZ_GOP_PAN,22.88
2022-07-19,MOZ_GOP_CAP,17.93
2022-07-19,MOZ_HAL_PAN,21.07
2022-07-19,MOZ_HAL_CAP,23.73
2022-07-19,USA_PAR_PAN,28.06
2022-07-19,USA_PAR_CAP,29.4
2022-07-19,USA_VIZ_PAN,32.75
2022-07-19,USA_VIZ_CAP,28.44
2022-07-19,USA_DHA_PAN,31.13
2022-07-19,USA_DHA_CAP,30.1
2022-07-19,USA_GAN_PAN,32.02
2022-07-19,USA_GAN_CAP,31.95
2022-07-19,USA_GOP_PAN,35.86
2022-07-19,USA_GOP_CAP,30.44
2022-07-19,USA_HAL_PAN,29.81
2022-07-19,USA_HAL_CAP,30.85
2022-08-18,AUS_PAR_PAN,16.12
2022-08-18,AUS_PAR_CAP,16.9
2022-08-18,AUS_VIZ_PAN,16.73
2022-08-18,AUS_VIZ_CAP,13.77
2022-08-18,AUS_DHA_PAN,14.49
2022-08-18,AUS_DHA_CAP,15.13
2022-08-18,AUS_GAN_PAN,17.81
2022-08-18,AUS_GAN_CAP,16.36
2022-08-18,AUS_GOP_PAN,15.39
2022-08-18,AUS_GOP_CAP,16.24
2022-08-18,AUS_HAL_PAN,15.71
2022-08-18,AUS_HAL_CAP,16.99
2022-08-18,IND_PAR_PAN,10.32
2022-08-18,IND_PAR_CAP,8.46
2022-08-18,IND_VIZ_PAN,12.27
2022-08-18,IND_VIZ_CAP,8.79
2022-08-18,IND_DHA_PAN,9.06
2022-08-18,IND_DHA_CAP,9.21
2022-08-18,IND_GAN_PAN,10.56
2022-08-18,IND_GAN_CAP,10.02
2022-08-18,IND_GOP_PAN,9.09
2022-08-18,IND_GOP_CAP,9.88
2022-08-18,IND_HAL_PAN,9.97
2022-08-18,IND_HAL_CAP,9.41
2022-08-18,RUS_PAR_PAN,22.95
2022-08-18,RUS_PAR_CAP,21.26
2022-08-18,RUS_VIZ_PAN,20.25
2022-08-18,RUS_VIZ_CAP,21.97
2022-08-18,RUS_DHA_PAN,25.51
2022-08-18,RUS_DHA_CAP,25.13
2022-08-18,RUS_GAN_PAN,23.2
2022-08-18,RUS_GAN_CAP,24.23
2022-08-18,RUS_GOP_PAN,21.96
2022-08-18,RUS_GOP_CAP,19.32
2022-08-18,RUS_HAL_PAN,21.28
2022-08-18,RUS_HAL_CAP,22.7
2022-08-18,MOZ_PAR_PAN,20.97
2022-08-18,MOZ_PAR_CAP,21.22
2022-08-18,MOZ_VIZ_PAN,22.14
2022-08-18,MOZ_VIZ_CAP,21.41
2022-08-18,MOZ_DHA_PAN,21.78
2022-08-18,MOZ_DHA_CAP,20.38
2022-08-18,MOZ_GAN_PAN,21.4
2022-08-18,MOZ_GAN_CAP,23.38
2022-08-18,MOZ_GOP_PAN,20.34
2022-08-18,MOZ_GOP_CAP,21.59
2022-08-18,MOZ_HAL_PAN,18.12
2022-08-18,MOZ_HAL_CAP,21.6
2022-08-18,USA_PAR_PAN,31.08
2022-08-18,USA_PAR_CAP,32.41
2022-08-18,USA_VIZ_PAN,33.45
2022-08-18,USA_VIZ_CAP,33.07
2022-08-18,USA_DHA_PAN,33.2
2022-08-18,USA_DHA_CAP,33.53
2022-08-18,USA_GAN_PAN,30.63
2022-08-18,USA_GAN_CAP,28.98
2022-08-18,USA_GOP_PAN,37.79
2022-08-18,USA_GOP_CAP,34.78
2022-08-18,USA_HAL_PAN,31.33
2022-08-18,USA_HAL_CAP,35.45
2022-09-17,AUS_PAR_PAN,16.29
2022-09-17,AUS_PAR_CAP,13.77
2022-09-17,AUS_VIZ_PAN,18.26
2022-09-17,AUS_VIZ_CAP,15.89
2022-09-17,AUS_DHA_PAN,17.42
2022-09-17,AUS_DHA_CAP,14.68
2022-09-17,AUS_GAN_PAN,16.62
2022-09-17,AUS_GAN_CAP,15.42
2022-09-17,AUS_GOP_PAN,16.27
2022-09-17,AUS_GOP_CAP,16.79
2022-09-17,AUS_HAL_PAN,17.28
2022-09-17,AUS_HAL_CAP,16.86
2022-09-17,IND_PAR_PAN,11.68
2022-09-17,IND_PAR_CAP,12.0
2022-09-17,IND_VIZ_PAN,11.24
2022-09-17,IND_VIZ_CAP,8.45
2022-09-17,IND_DHA_PAN,9.63
2022-09-17,IND_DHA_CAP,10.54
2022-09-17,IND_GAN_PAN,10.34
2022-09-17,IND_GAN_CAP,8.61
2022-09-17,IND_GOP_PAN,10.56
2022-09-17,IND_GOP_CAP,10.85
2022-09-17,IND_HAL_PAN,11.74
2022-09-17,IND_HAL_CAP,11.33
2022-09-17,RUS_PAR_PAN,19.67
2022-09-17,RUS_PAR_CAP,21.39
2022-09-17,RUS_VIZ_PAN,20.11
2022-09-17,RUS_VIZ_CAP,23.93
2022-09-17,RUS_DHA_PAN,21.25
2022-09-17,RUS_DHA_CAP,19.02
2022-09-17,RUS_GAN_PAN,24.72
2022-09-17,RUS_GAN_CAP,23.29
2022-09-17,RUS_GOP_PAN,23.7
2022-09-17,RUS_GOP_CAP,21.77
2022-09-17,RUS_HAL_PAN,22.48
2022-09-17,RUS_HAL_CAP,23.43
2022-09-17,MOZ_PAR_PAN,20.03
2022-09-17,MOZ_PAR_CAP,21.92
2022-09-17,MOZ_VIZ_PAN,21.19
2022-09-17,MOZ_VIZ_CAP,20.85
2022-09-17,MOZ_DHA_PAN,18.55
2022-09-17,MOZ_DHA_CAP,20.43
2022-09-17,MOZ_GAN_PAN,20.01
2022-09-17,MOZ_GAN_CAP,18.72
2022-09-17,MOZ_GOP_PAN,19.38
2022-09-17,MOZ_GOP_CAP,22.24
2022-09-17,MOZ_HAL_PAN,22.56
2022-09-17,MOZ_HAL_CAP,20.92
2022-09-17,USA_PAR_PAN,30.57
2022-09-17,USA_PAR_CAP,33.15
2022-09-17,USA_VIZ_PAN,35.82
2022-09-17,USA_VIZ_CAP,32.85
2022-09-17,USA_DHA_PAN,32.34
2022-09-17,USA_DHA_CAP,32.03
2022-09-17,USA_GAN_PAN,31.92
2022-09-17,USA_GAN_CAP,28.43
2022-09-17,USA_GOP_PAN,30.69
2022-09-17,USA_GOP_CAP,35.18
2022-09-17,USA_HAL_PAN,31.72
2022-09-17,USA_HAL_CAP,30.29
2022-10-17,AUS_PAR_PAN,14.64
2022-10-17,AUS_PAR_CAP,17.76
2022-10-17,AUS_VIZ_PAN,18.0
2022-10-17,AUS_VIZ_CAP,19.29
2022-10-17,AUS_DHA_PAN,16.91
2022-10-17,AUS_DHA_CAP,16.66
2022-10-17,AUS_GAN_PAN,17.29
2022-10-17,AUS_GAN_CAP,16.2
2022-10-17,AUS_GOP_PAN,14.82
2022-10-17,AUS_GOP_CAP,16.62
2022-10-17,AUS_HAL_PAN,19.64
2022-10-17,AUS_HAL_CAP,17.24
2022-10-17,IND_PAR_PAN,9.76
2022-10-17,IND_PAR_CAP,12.12
2022-10-17,IND_VIZ_PAN,11.99
2022-10-17,IND_VIZ_CAP,10.34
2022-10-17,IND_DHA_PAN,8.76
2022-10-17,IND_DHA_CAP,10.59
2022-10-17,IND_GAN_PAN,10.07
2022-10-17,IND_GAN_CAP,11.26
2022-10-17,IND_GOP_PAN,9.47
2022-10-17,IND_GOP_CAP,9.99
2022-10-17,IND_HAL_PAN,12.69
2022-10-17,IND_HAL_CAP,8.86
2022-10-17,RUS_PAR_PAN,20.2
2022-10-17,RUS_PAR_CAP,20.96
2022-10-17,RUS_VIZ_PAN,26.79
2022-10-17,RUS_VIZ_CAP,21.16
2022-10-17,RUS_DHA_PAN,21.43
2022-10-17,RUS_DHA_CAP,22.14
2022-10-17,RUS_GAN_PAN,22.35
2022-10-17,RUS_GAN_CAP,25.18
2022-10-17,RUS_GOP_PAN,24.41
2022-10-17,RUS_GOP_CAP,21.73
2022-10-17,RUS_HAL_PAN,23.36
2022-10-17,RUS_HAL_CAP,21.64
2022-10-17,MOZ_PAR_PAN,21.63
2022-10-17,MOZ_PAR_CAP,21.54
2022-10-17,MOZ_VIZ_PAN,22.47
2022-10-17,MOZ_VIZ_CAP,22.95
2022-10-17,MOZ_DHA_PAN,22.86
2022-10-17,MOZ_DHA_CAP,22.22
2022-10-17,MOZ_GAN_PAN,20.82
2022-10-17,MOZ_GAN_CAP,22.28
2022-10-17,MOZ_GOP_PAN,20.09
2022-10-17,MOZ_GOP_CAP,22.85
2022-10-17,MOZ_HAL_PAN,20.93
2022-10-17,MOZ_HAL_CAP,21.27
2022-10-17,USA_PAR_PAN,30.94
2022-10-17,USA_PAR_CAP,28.15
2022-10-17,USA_VIZ_PAN,32.3
2022-10-17,USA_VIZ_CAP,31.7
2022-10-17,USA_DHA_PAN,33.16
2022-10-17,USA_DHA_CAP,31.27
2022-10-17,USA_GAN_PAN,33.41
2022-10-17,USA_GAN_CAP,28.55
2022-10-17,USA_GOP_PAN,34.98
2022-10-17,USA_GOP_CAP,32.21
2022-10-17,USA_HAL_PAN,29.57
2022-10-17,USA_HAL_CAP,30.22
2022-11-16,AUS_PAR_PAN,17.13
2022-11-16,AUS_PAR_CAP,15.54
2022-11-16,AUS_VIZ_PAN,15.72
2022-11-16,AUS_VIZ_CAP,15.84
2022-11-16,AUS_DHA_PAN,16.85
2022-11-16,AUS_DHA_CAP,15.39
2022-11-16,AUS_GAN_PAN,14.65
2022-11-16,AUS_GAN_CAP,15.71
2022-11-16,AUS_GOP_PAN,19.1
2022-11-16,AUS_GOP_CAP,17.48
2022-11-16,AUS_HAL_PAN,15.75
2022-11-16,AUS_HAL_CAP,19.16
2022-11-16,IND_PAR_PAN,10.47
2022-11-16,IND_PAR_CAP,9.43
2022-11-16,IND_VIZ_PAN,9.74
2022-11-16,IND_VIZ_CAP,9.26
2022-11-16,IND_DHA_PAN,10.0
2022-11-16,IND_DHA_CAP,10.47
2022-11-16,IND_GAN_PAN,10.64
2022-11-16,IND_GAN_CAP,11.34
2022-11-16,IND_GOP_PAN,10.95
2022-11-16,IND_GOP_CAP,8.64
2022-11-16,IND_HAL_PAN,12.55
2022-11-16,IND_HAL_CAP,8.7
2022-11-16,RUS_PAR_PAN,24.52
2022-11-16,RUS_PAR_CAP,21.64
2022-11-16,RUS_VIZ_PAN,22.15
2022-11-16,RUS_VIZ_CAP,20.83
2022-11-16,RUS_DHA_PAN,21.57
2022-11-16,RUS_DHA_CAP,19.83
2022-11-16,RUS_GAN_PAN,21.1
2022-11-16,RUS_GAN_CAP,20.74
2022-11-16,RUS_GOP_PAN,21.65
2022-11-16,RUS_GOP_CAP,22.84
2022-11-16,RUS_HAL_PAN,24.5
2022-11-16,RUS_HAL_CAP,21.12
2022-11-16,MOZ_PAR_PAN,20.73
2022-11-16,MOZ_PAR_CAP,21.42
2022-11-16,MOZ_VIZ_PAN,21.66
2022-11-16,MOZ_VIZ_CAP,18.81
2022-11-16,MOZ_DHA_PAN,22.17
2022-11-16,MOZ_DHA_CAP,22.75
2022-11-16,MOZ_GAN_PAN,20.84
2022-11-16,MOZ_GAN_CAP,21.81
2022-11-16,MOZ_GOP_PAN,19.89
2022-11-16,MOZ_GOP_CAP,21.25
2022-11-16,MOZ_HAL_PAN,20.65
2022-11-16,MOZ_HAL_CAP,21.58
2022-11-16,USA_PAR_PAN,33.98
2022-11-16,USA_PAR_CAP,37.69
2022-11-16,USA_VIZ_PAN,28.52
2022-11-16,USA_VIZ_CAP,35.11
2022-11-16,USA_DHA_PAN,30.81
2022-11-16,USA_DHA_CAP,34.24
2022-11-16,USA_GAN_PAN,30.56
2022-11-16,USA_GAN_CAP,35.93
2022-11-16,USA_GOP_PAN,33.04
2022-11-16,USA_GOP_CAP,29.01
2022-11-16,USA_HAL_PAN,32.91
2022-11-16,USA_HAL_CAP,35.68
2022-12-16,AUS_PAR_PAN,14.25
2022-12-16,AUS_PAR_CAP,14.89
2022-12-16,AUS_VIZ_PAN,16.27
2022-12-16,AUS_VIZ_CAP,18.27
2022-12-16,AUS_DHA_PAN,15.97
2022-12-16,AUS_DHA_CAP,16.87
2022-12-16,AUS_GAN_PAN,15.4
2022-12-16,AUS_GAN_CAP,18.32
2022-12-16,AUS_GOP_PAN,14.86
2022-12-16,AUS_GOP_CAP,17.01
2022-12-16,AUS_HAL_PAN,17.99
2022-12-16,AUS_HAL_CAP,15.55
2022-12-16,IND_PAR_PAN,9.27
2022-12-16,IND_PAR_CAP,12.09
2022-12-16,IND_VIZ_PAN,9.69
2022-12-16,IND_VIZ_CAP,10.95
2022-12-16,IND_DHA_PAN,9.45
2022-12-16,IND_DHA_CAP,10.92
2022-12-16,IND_GAN_PAN,10.93
2022-12-16,IND_GAN_CAP,10.01
2022-12-16,IND_GOP_PAN,11.26
2022-12-16,IND_GOP_CAP,10.16
2022-12-16,IND_HAL_PAN,10.22
2022-12-16,IND_HAL_CAP,8.7
2022-12-16,RUS_PAR_PAN,23.98
2022-12-16,RUS_PAR_CAP,24.63
2022-12-16,RUS_VIZ_PAN,25.35
2022-12-16,RUS_VIZ_CAP,22.58
2022-12-16,RUS_DHA_PAN,22.21
2022-12-16,RUS_DHA_CAP,19.01
2022-12-16,RUS_GAN_PAN,21.7
2022-12-16,RUS_GAN_CAP,22.16
2022-12-16,RUS_GOP_PAN,19.79
2022-12-16,RUS_GOP_CAP,20.32
2022-12-16,RUS_HAL_PAN,21.19
2022-12-16,RUS_HAL_CAP,21.79
2022-12-16,MOZ_PAR_PAN,23.5
2022-12-16,MOZ_PAR_CAP,20.32
2022-12-16,MOZ_VIZ_PAN,22.25
2022-12-16,MOZ_VIZ_CAP,17.29
2022-12-16,MOZ_DHA_PAN,19.89
2022-12-16,MOZ_DHA_CAP,18.7
2022-12-16,MOZ_GAN_PAN,21.01
2022-12-16,MOZ_GAN_CAP,21.19
2022-12-16,MOZ_GOP_PAN,19.8
2022-12-16,MOZ_GOP_CAP,19.19
2022-12-16,MOZ_HAL_PAN,22.46
2022-12-16,MOZ_HAL_CAP,19.33
2022-12-16,USA_PAR_PAN,29.08
2022-12-16,USA_PAR_CAP,35.73
2022-12-16,USA_VIZ_PAN,30.28
2022-12-16,USA_VIZ_CAP,29.99
2022-12-16,USA_DHA_PAN,29.24
2022-12-16,USA_DHA_CAP,35.82
2022-12-16,USA_GAN_PAN,30.53
2022-12-16,USA_GAN_CAP,28.14
2022-12-16,USA_GOP_PAN,35.91
2022-12-16,USA_GOP_CAP,31.04
2022-12-16,USA_HAL_PAN,34.89
2022-12-16,USA_HAL_CAP,34.79
2023-01-15,AUS_PAR_PAN,16.2
2023-01-15,AUS_PAR_CAP,18.64
2023-01-15,AUS_VIZ_PAN,17.07
2023-01-15,AUS_VIZ_CAP,15.72
2023-01-15,AUS_DHA_PAN,15.32
2023-01-15,AUS_DHA_CAP,15.43
2023-01-15,AUS_GAN_PAN,17.66
2023-01-15,AUS_GAN_CAP,16.22
2023-01-15,AUS_GOP_PAN,18.06
2023-01-15,AUS_GOP_CAP,13.92
2023-01-15,AUS_HAL_PAN,15.49
2023-01-15,AUS_HAL_CAP,15.75
2023-01-15,IND_PAR_PAN,10.02
2023-01-15,IND_PAR_CAP,11.79
2023-01-15,IND_VIZ_PAN,11.48
2023-01-15,IND_VIZ_CAP,11.01
2023-01-15,IND_DHA_PAN,9.91
2023-01-15,IND_DHA_CAP,12.09
2023-01-15,IND_GAN_PAN,11.03
2023-01-15,IND_GAN_CAP,9.92
2023-01-15,IND_GOP_PAN,11.9
2023-01-15,IND_GOP_CAP,11.07
2023-01-15,IND_HAL_PAN,10.84
2023-01-15,IND_HAL_CAP,11.07
2023-01-15,RUS_PAR_PAN,22.96
2023-01-15,RUS_PAR_CAP,22.1
2023-01-15,RUS_VIZ_PAN,22.47
2023-01-15,RUS_VIZ_CAP,22.96
2023-01-15,RUS_DHA_PAN,22.36
2023-01-15,RUS_DHA_CAP,22.1
2023-01-15,RUS_GAN_PAN,21.55
2023-01-15,RUS_GAN_CAP,19.8
2023-01-15,RUS_GOP_PAN,24.47
2023-01-15,RUS_GOP_CAP,21.19
2023-01-15,RUS_HAL_PAN,21.51
2023-01-15,RUS_HAL_CAP,23.35
2023-01-15,MOZ_PAR_PAN,23.15
2023-01-15,MOZ_PAR_CAP,21.13
2023-01-15,MOZ_VIZ_PAN,20.37
2023-01-15,MOZ_VIZ_CAP,19.92
2023-01-15,MOZ_DHA_PAN,19.64
2023-01-15,MOZ_DHA_CAP,24.31
2023-01-15,MOZ_GAN_PAN,23.45
2023-01-15,MOZ_GAN_CAP,21.02
2023-01-15,MOZ_GOP_PAN,19.38
2023-01-15,MOZ_GOP_CAP,18.36
2023-01-15,MOZ_HAL_PAN,20.54
2023-01-15,MOZ_HAL_CAP,17.34
2023-01-15,USA_PAR_PAN,32.64
2023-01-15,USA_PAR_CAP,32.59
2023-01-15,USA_VIZ_PAN,33.67
2023-01-15,USA_VIZ_CAP,33.15
2023-01-15,USA_DHA_PAN,32.6
2023-01-15,USA_DHA_CAP,31.81
2023-01-15,USA_GAN_PAN,37.85
2023-01-15,USA_GAN_CAP,30.06
2023-01-15,USA_GOP_PAN,35.1
2023-01-15,USA_GOP_CAP,32.78
2023-01-15,USA_HAL_PAN,35.18
2023-01-15,USA_HAL_CAP,31.87
2023-02-14,AUS_PAR_PAN,14.55
2023-02-14,AUS_PAR_CAP,15.73
2023-02-14,AUS_VIZ_PAN,15.12
2023-02-14,AUS_VIZ_CAP,16.77
2023-02-14,AUS_DHA_PAN,16.09
2023-02-14,AUS_DHA_CAP,14.7
2023-02-14,AUS_GAN_PAN,16.6
2023-02-14,AUS_GAN_CAP,17.33
2023-02-14,AUS_GOP_PAN,15.61
2023-02-14,AUS_GOP_CAP,18.57
2023-02-14,AUS_HAL_PAN,18.77
2023-02-14,AUS_HAL_CAP,16.02
2023-02-14,IND_PAR_PAN,12.96
2023-02-14,IND_PAR_CAP,8.39
2023-02-14,IND_VIZ_PAN,12.35
2023-02-14,IND_VIZ_CAP,10.36
2023-02-14,IND_DHA_PAN,10.42
2023-02-14,IND_DHA_CAP,11.04
2023-02-14,IND_GAN_PAN,9.21
2023-02-14,IND_GAN_CAP,8.53
2023-02-14,IND_GOP_PAN,9.85
2023-02-14,IND_GOP_CAP,9.76
2023-02-14,IND_HAL_PAN,9.95
2023-02-14,IND_HAL_CAP,9.47
2023-02-14,RUS_PAR_PAN,22.52
2023-02-14,RUS_PAR_CAP,24.28
2023-02-14,RUS_VIZ_PAN,25.9
2023-02-14,RUS_VIZ_CAP,23.74
2023-02-14,RUS_DHA_PAN,18.65
2023-02-14,RUS_DHA_CAP,23.22
2023-02-14,RUS_GAN_PAN,21.57
2023-02-14,RUS_GAN_CAP,21.48
2023-02-14,RUS_GOP_PAN,20.69
2023-02-14,RUS_GOP_CAP,25.67
2023-02-14,RUS_HAL_PAN,21.01
2023-02-14,RUS_HAL_CAP,22.63
2023-02-14,MOZ_PAR_PAN,21.6
2023-02-14,MOZ_PAR_CAP,23.18
2023-02-14,MOZ_VIZ_PAN,20.85
2023-02-14,MOZ_VIZ_CAP,18.72
2023-02-14,MOZ_DHA_PAN,22.85
2023-02-14,MOZ_DHA_CAP,22.1
2023-02-14,MOZ_GAN_PAN,21.59
2023-02-14,MOZ_GAN_CAP,20.72
2023-02-14,MOZ_GOP_PAN,23.1
2023-02-14,MOZ_GOP_CAP,20.21
2023-02-14,MOZ_HAL_PAN,22.04
2023-02-14,MOZ_HAL_CAP,20.97
2023-02-14,USA_PAR_PAN,34.0
2023-02-14,USA_PAR_CAP,36.45
2023-02-14,USA_VIZ_PAN,31.63
2023-02-14,USA_VIZ_CAP,31.48
2023-02-14,USA_DHA_PAN,32.82
2023-02-14,USA_DHA_CAP,30.97
2023-02-14,USA_GAN_PAN,31.34
2023-02-14,USA_GAN_CAP,34.13
2023-02-14,USA_GOP_PAN,29.09
2023-02-14,USA_GOP_CAP,35.95
2023-02-14,USA_HAL_PAN,36.91
2023-02-14,USA_HAL_CAP,36.05
2023-03-16,AUS_PAR_PAN,17.57
2023-03-16,AUS_PAR_CAP,16.68
2023-03-16,AUS_VIZ_PAN,18.94
2023-03-16,AUS_VIZ_CAP,16.53
2023-03-16,AUS_DHA_PAN,16.81
2023-03-16,AUS_DHA_CAP,16.85
2023-03-16,AUS_GAN_PAN,15.96
2023-03-16,AUS_GAN_CAP,15.35
2023-03-16,AUS_GOP_PAN,15.76
2023-03-16,AUS_GOP_CAP,15.24
2023-03-16,AUS_HAL_PAN,18.8
2023-03-16,AUS_HAL_CAP,16.1
2023-03-16,IND_PAR_PAN,8.63
2023-03-16,IND_PAR_CAP,9.2
2023-03-16,IND_VIZ_PAN,11.47
2023-03-16,IND_VIZ_CAP,10.55
2023-03-16,IND_DHA_PAN,11.21
2023-03-16,IND_DHA_CAP,11.03
2023-03-16,IND_GAN_PAN,11.89
2023-03-16,IND_GAN_CAP,10.35
2023-03-16,IND_GOP_PAN,11.63
2023-03-16,IND_GOP_CAP,10.1
2023-03-16,IND_HAL_PAN,9.68
2023-03-16,IND_HAL_CAP,10.36
2023-03-16,RUS_PAR_PAN,25.47
2023-03-16,RUS_PAR_CAP,22.18
2023-03-16,RUS_VIZ_PAN,21.85
2023-03-16,RUS_VIZ_CAP,24.08
2023-03-16,RUS_DHA_PAN,19.55
2023-03-16,RUS_DHA_CAP,21.07
2023-03-16,RUS_GAN_PAN,22.52
2023-03-16,RUS_GAN_CAP,20.83
2023-03-16,RUS_GOP_PAN,25.38
2023-03-16,RUS_GOP_CAP,21.37
2023-03-16,RUS_HAL_PAN,23.65
2023-03-16,RUS_HAL_CAP,20.36
2023-03-16,MOZ_PAR_PAN,22.43
2023-03-16,MOZ_PAR_CAP,20.77
2023-03-16,MOZ_VIZ_PAN,22.83
2023-03-16,MOZ_VIZ_CAP,22.36
2023-03-16,MOZ_DHA_PAN,19.89
2023-03-16,MOZ_DHA_CAP,19.96
2023-03-16,MOZ_GAN_PAN,23.98
2023-03-16,MOZ_GAN_CAP,21.6
2023-03-16,MOZ_GOP_PAN,20.71
2023-03-16,MOZ_GOP_CAP,21.8
2023-03-16,MOZ_HAL_PAN,21.68
2023-03-16,MOZ_HAL_CAP,22.02
2023-03-16,USA_PAR_PAN,35.47
2023-03-16,USA_PAR_CAP,32.76
2023-03-16,USA_VIZ_PAN,31.44
2023-03-16,USA_VIZ_CAP,28.14
2023-03-16,USA_DHA_PAN,27.95
2023-03-16,USA_DHA_CAP,30.18
2023-03-16,USA_GAN_PAN,32.65
2023-03-16,USA_GAN_CAP,35.98
2023-03-16,USA_GOP_PAN,31.52
2023-03-16,USA_GOP_CAP,32.72
2023-03-16,USA_HAL_PAN,32.61
2023-03-16,USA_HAL_CAP,27.86
2023-04-15,AUS_PAR_PAN,18.7
2023-04-15,AUS_PAR_CAP,14.55
2023-04-15,AUS_VIZ_PAN,13.93
2023-04-15,AUS_VIZ_CAP,15.68
2023-04-15,AUS_DHA_PAN,15.03
2023-04-15,AUS_DHA_CAP,18.26
2023-04-15,AUS_GAN_PAN,15.44
2023-04-15,AUS_GAN_CAP,18.36
2023-04-15,AUS_GOP_PAN,17.61
2023-04-15,AUS_GOP_CAP,17.53
2023-04-15,AUS_HAL_PAN,18.11
2023-04-15,AUS_HAL_CAP,13.9
2023-04-15,IND_PAR_PAN,10.9
2023-04-15,IND_PAR_CAP,10.45
2023-04-15,IND_VIZ_PAN,10.79
2023-04-15,IND_VIZ_CAP,10.63
2023-04-15,IND_DHA_PAN,12.26
2023-04-15,IND_DHA_CAP,9.52
2023-04-15,IND_GAN_PAN,9.76
2023-04-15,IND_GAN_CAP,11.18
2023-04-15,IND_GOP_PAN,12.32
2023-04-15,IND_GOP_CAP,9.94
2023-04-15,IND_HAL_PAN,11.34
2023-04-15,IND_HAL_CAP,10.72
2023-04-15,RUS_PAR_PAN,24.22
2023-04-15,RUS_PAR_CAP,21.26
2023-04-15,RUS_VIZ_PAN,25.06
2023-04-15,RUS_VIZ_CAP,21.14
2023-04-15,RUS_DHA_PAN,22.46
2023-04-15,RUS_DHA_CAP,21.41
2023-04-15,RUS_GAN_PAN,19.52
2023-04-15,RUS_GAN_CAP,23.42
2023-04-15,RUS_GOP_PAN,20.33
2023-04-15,RUS_GOP_CAP,22.67
2023-04-15,RUS_HAL_PAN,20.91
2023-04-15,RUS_HAL_CAP,25.97
2023-04-15,MOZ_PAR_PAN,18.01
2023-04-15,MOZ_PAR_CAP,20.62
2023-04-15,MOZ_VIZ_PAN,19.03
2023-04-15,MOZ_VIZ_CAP,22.0
2023-04-15,MOZ_DHA_PAN,20.93
2023-04-15,MOZ_DHA_CAP,21.19
2023-04-15,MOZ_GAN_PAN,18.36
2023-04-15,MOZ_GAN_CAP,22.51
2023-04-15,MOZ_GOP_PAN,19.01
2023-04-15,MOZ_GOP_CAP,21.3
2023-04-15,MOZ_HAL_PAN,22.93
2023-04-15,MOZ_HAL_CAP,21.3
2023-04-15,USA_PAR_PAN,33.98
2023-04-15,USA_PAR_CAP,31.25
2023-04-15,USA_VIZ_PAN,33.3
2023-04-15,USA_VIZ_CAP,29.56
2023-04-15,USA_DHA_PAN,34.82
2023-04-15,USA_DHA_CAP,34.56
2023-04-15,USA_GAN_PAN,37.13
2023-04-15,USA_GAN_CAP,30.87
2023-04-15,USA_GOP_PAN,33.64
2023-04-15,USA_GOP_CAP,29.18
2023-04-15,USA_HAL_PAN,36.42
2023-04-15,USA_HAL_CAP,35.28
2023-05-15,AUS_PAR_PAN,17.62
2023-05-15,AUS_PAR_CAP,17.97
2023-05-15,AUS_VIZ_PAN,15.81
2023-05-15,AUS_VIZ_CAP,16.3
2023-05-15,AUS_DHA_PAN,17.98
2023-05-15,AUS_DHA_CAP,16.92
2023-05-15,AUS_GAN_PAN,15.86
2023-05-15,AUS_GAN_CAP,16.41
2023-05-15,AUS_GOP_PAN,16.88
2023-05-15,AUS_GOP_CAP,16.86
2023-05-15,AUS_HAL_PAN,18.42
2023-05-15,AUS_HAL_CAP,15.21
2023-05-15,IND_PAR_PAN,11.27
2023-05-15,IND_PAR_CAP,10.05
2023-05-15,IND_VIZ_PAN,10.62
2023-05-15,IND_VIZ_CAP,8.54
2023-05-15,IND_DHA_PAN,10.91
2023-05-15,IND_DHA_CAP,9.53
2023-05-15,IND_GAN_PAN,9.76
2023-05-15,IND_GAN_CAP,10.19
2023-05-15,IND_GOP_PAN,10.39
2023-05-15,IND_GOP_CAP,9.85
2023-05-15,IND_HAL_PAN,11.47
2023-05-15,IND_HAL_CAP,9.8
2023-05-15,RUS_PAR_PAN,20.04
2023-05-15,RUS_PAR_CAP,24.22
2023-05-15,RUS_VIZ_PAN,20.5
2023-05-15,RUS_VIZ_CAP,19.44
2023-05-15,RUS_DHA_PAN,21.38
2023-05-15,RUS_DHA_CAP,24.94
2023-05-15,RUS_GAN_PAN,22.69
2023-05-15,RUS_GAN_CAP,23.01
2023-05-15,RUS_GOP_PAN,22.64
2023-05-15,RUS_GOP_CAP,22.63
2023-05-15,RUS_HAL_PAN,23.28
2023-05-15,RUS_HAL_CAP,22.86
2023-05-15,MOZ_PAR_PAN,20.23
2023-05-15,MOZ_PAR_CAP,23.62
2023-05-15,MOZ_VIZ_PAN,21.27
2023-05-15,MOZ_VIZ_CAP,18.74
2023-05-15,MOZ_DHA_PAN,20.56
2023-05-15,MOZ_DHA_CAP,20.86
2023-05-15,MOZ_GAN_PAN,18.92
2023-05-15,MOZ_GAN_CAP,20.32
2023-05-15,MOZ_GOP_PAN,23.17
2023-05-15,MOZ_GOP_CAP,20.56
2023-05-15,MOZ_HAL_PAN,20.05
2023-05-15,MOZ_HAL_CAP,19.49
2023-05-15,USA_PAR_PAN,30.02
2023-05-15,USA_PAR_CAP,33.58
2023-05-15,USA_VIZ_PAN,30.38
2023-05-15,USA_VIZ_CAP,29.53
2023-05-15,USA_DHA_PAN,33.25
2023-05-15,USA_DHA_CAP,34.3
2023-05-15,USA_GAN_PAN,37.13
2023-05-15,USA_GAN_CAP,30.74
2023-05-15,USA_GOP_PAN,32.25
2023-05-15,USA_GOP_CAP,31.77
2023-05-15,USA_HAL_PAN,37.85
2023-05-15,USA_HAL_CAP,32.45
2023-06-14,AUS_PAR_PAN,16.96
2023-06-14,AUS_PAR_CAP,14.49
2023-06-14,AUS_VIZ_PAN,16.16
2023-06-14,AUS_VIZ_CAP,18.45
2023-06-14,AUS_DHA_PAN,14.78
2023-06-14,AUS_DHA_CAP,17.06
2023-06-14,AUS_GAN_PAN,19.47
2023-06-14,AUS_GAN_CAP,17.14
2023-06-14,AUS_GOP_PAN,15.61
2023-06-14,AUS_GOP_CAP,16.72
2023-06-14,AUS_HAL_PAN,15.45
2023-06-14,AUS_HAL_CAP,16.83
2023-06-14,IND_PAR_PAN,9.49
2023-06-14,IND_PAR_CAP,10.48
2023-06-14,IND_VIZ_PAN,10.85
2023-06-14,IND_VIZ_CAP,11.17
2023-06-14,IND_DHA_PAN,9.59
2023-06-14,IND_DHA_CAP,9.61
2023-06-14,IND_GAN_PAN,9.85
2023-06-14,IND_GAN_CAP,9.31
2023-06-14,IND_GOP_PAN,9.19
2023-06-14,IND_GOP_CAP,10.5
2023-06-14,IND_HAL_PAN,9.52
2023-06-14,IND_HAL_CAP,10.37
2023-06-14,RUS_PAR_PAN,19.95
2023-06-14,RUS_PAR_CAP,22.53
2023-06-14,RUS_VIZ_PAN,22.66
2023-06-14,RUS_VIZ_CAP,21.12
2023-06-14,RUS_DHA_PAN,18.56
2023-06-14,RUS_DHA_CAP,23.07
2023-06-14,RUS_GAN_PAN,22.1
2023-06-14,RUS_GAN_CAP,21.73
2023-06-14,RUS_GOP_PAN,22.41
2023-06-14,RUS_GOP_CAP,23.05
2023-06-14,RUS_HAL_PAN,26.28
2023-06-14,RUS_HAL_CAP,20.5
2023-06-14,MOZ_PAR_PAN,24.56
2023-06-14,MOZ_PAR_CAP,19.39
2023-06-14,MOZ_VIZ_PAN,19.3
2023-06-14,MOZ_VIZ_CAP,20.39
2023-06-14,MOZ_DHA_PAN,20.89
2023-06-14,MOZ_DHA_CAP,22.9
2023-06-14,MOZ_GAN_PAN,20.84
2023-06-14,MOZ_GAN_CAP,22.32
2023-06-14,MOZ_GOP_PAN,24.13
2023-06-14,MOZ_GOP_CAP,21.45
2023-06-14,MOZ_HAL_PAN,20.92
2023-06-14,MOZ_HAL_CAP,19.98
2023-06-14,USA_PAR_PAN,30.71
2023-06-14,USA_PAR_CAP,34.97
2023-06-14,USA_VIZ_PAN,31.12
2023-06-14,USA_VIZ_CAP,30.46
2023-06-14,USA_DHA_PAN,31.72
2023-06-14,USA_DHA_CAP,33.88
2023-06-14,USA_GAN_PAN,34.92
2023-06-14,USA_GAN_CAP,32.6
2023-06-14,USA_GOP_PAN,32.09
2023-06-14,USA_GOP_CAP,32.41
2023-06-14,USA_HAL_PAN,34.5
2023-06-14,USA_HAL_CAP,29.47
2023-07-14,AUS_PAR_PAN,15.98
2023-07-14,AUS_PAR_CAP,16.45
2023-07-14,AUS_VIZ_PAN,14.27
2023-07-14,AUS_VIZ_CAP,15.76
2023-07-14,AUS_DHA_PAN,17.89
2023-07-14,AUS_DHA_CAP,17.5
2023-07-14,AUS_GAN_PAN,14.58
2023-07-14,AUS_GAN_CAP,18.27
2023-07-14,AUS_GOP_PAN,15.4
2023-07-14,AUS_GOP_CAP,18.23
2023-07-14,AUS_HAL_PAN,16.55
2023-07-14,AUS_HAL_CAP,18.63
2023-07-14,IND_PAR_PAN,9.53
2023-07-14,IND_PAR_CAP,10.64
2023-07-14,IND_VIZ_PAN,11.84
2023-07-14,IND_VIZ_CAP,10.63
2023-07-14,IND_DHA_PAN,10.36
2023-07-14,IND_DHA_CAP,12.35
2023-07-14,IND_GAN_PAN,9.76
2023-07-14,IND_GAN_CAP,11.3
2023-07-14,IND_GOP_PAN,9.52
2023-07-14,IND_GOP_CAP,9.77
2023-07-14,IND_HAL_PAN,10.06
2023-07-14,IND_HAL_CAP,9.89
2023-07-14,RUS_PAR_PAN,23.64
2023-07-14,RUS_PAR_CAP,24.57
2023-07-14,RUS_VIZ_PAN,23.45
2023-07-14,RUS_VIZ_CAP,24.25
2023-07-14,RUS_DHA_PAN,23.13
2023-07-14,RUS_DHA_CAP,20.98
2023-07-14,RUS_GAN_PAN,25.35
2023-07-14,RUS_GAN_CAP,19.6
2023-07-14,RUS_GOP_PAN,24.49
2023-07-14,RUS_GOP_CAP,21.78
2023-07-14,RUS_HAL_PAN,21.92
2023-07-14,RUS_HAL_CAP,22.45
2023-07-14,MOZ_PAR_PAN,20.2
2023-07-14,MOZ_PAR_CAP,24.44
2023-07-14,MOZ_VIZ_PAN,20.24
2023-07-14,MOZ_VIZ_CAP,20.54
2023-07-14,MOZ_DHA_PAN,19.42
2023-07-14,MOZ_DHA_CAP,21.02
2023-07-14,MOZ_GAN_PAN,20.98
2023-07-14,MOZ_GAN_CAP,22.5
2023-07-14,MOZ_GOP_PAN,20.14
2023-07-14,MOZ_GOP_CAP,19.22
2023-07-14,MOZ_HAL_PAN,23.24
2023-07-14,MOZ_HAL_CAP,18.27
2023-07-14,USA_PAR_PAN,29.86
2023-07-14,USA_PAR_CAP,29.09
2023-07-14,USA_VIZ_PAN,31.46
2023-07-14,USA_VIZ_CAP,28.15
2023-07-14,USA_DHA_PAN,27.16
2023-07-14,USA_DHA_CAP,35.71
2023-07-14,USA_GAN_PAN,28.16
2023-07-14,USA_GAN_CAP,34.53
2023-07-14,USA_GOP_PAN,32.49
2023-07-14,USA_GOP_CAP,29.81
2023-07-14,USA_HAL_PAN,34.82
2023-07-14,USA_HAL_CAP,32.12
2023-08-13,AUS_PAR_PAN,17.39
2023-08-13,AUS_PAR_CAP,17.4
2023-08-13,AUS_VIZ_PAN,15.68
2023-08-13,AUS_VIZ_CAP,16.73
2023-08-13,AUS_DHA_PAN,16.53
2023-08-13,AUS_DHA_CAP,18.06
2023-08-13,AUS_GAN_PAN,17.63
2023-08-13,AUS_GAN_CAP,16.4
2023-08-13,AUS_GOP_PAN,14.89
2023-08-13,AUS_GOP_CAP,16.17
2023-08-13,AUS_HAL_PAN,16.9
2023-08-13,AUS_HAL_CAP,16.5
2023-08-13,IND_PAR_PAN,11.62
2023-08-13,IND_PAR_CAP,9.86
2023-08-13,IND_VIZ_PAN,9.91
2023-08-13,IND_VIZ_CAP,10.12
2023-08-13,IND_DHA_PAN,12.84
2023-08-13,IND_DHA_CAP,9.92
2023-08-13,IND_GAN_PAN,10.79
2023-08-13,IND_GAN_CAP,10.35
2023-08-13,IND_GOP_PAN,10.31
2023-08-13,IND_GOP_CAP,9.42
2023-08-13,IND_HAL_PAN,10.98
2023-08-13,IND_HAL_CAP,10.71
2023-08-13,RUS_PAR_PAN,20.02
2023-08-13,RUS_PAR_CAP,21.61
2023-08-13,RUS_VIZ_PAN,24.96
2023-08-13,RUS_VIZ_CAP,24.76
2023-08-13,RUS_DHA_PAN,22.14
2023-08-13,RUS_DHA_CAP,19.12
2023-08-13,RUS_GAN_PAN,23.25
2023-08-13,RUS_GAN_CAP,22.27
2023-08-13,RUS_GOP_PAN,23.24
2023-08-13,RUS_GOP_CAP,20.94
2023-08-13,RUS_HAL_PAN,23.25
2023-08-13,RUS_HAL_CAP,22.28
2023-08-13,MOZ_PAR_PAN,22.73
2023-08-13,MOZ_PAR_CAP,20.14
2023-08-13,MOZ_VIZ_PAN,24.16
2023-08-13,MOZ_VIZ_CAP,19.11
2023-08-13,MOZ_DHA_PAN,20.53
2023-08-13,MOZ_DHA_CAP,22.3
2023-08-13,MOZ_GAN_PAN,18.16
2023-08-13,MOZ_GAN_CAP,21.5
2023-08-13,MOZ_GOP_PAN,22.51
2023-08-13,MOZ_GOP_CAP,22.99
2023-08-13,MOZ_HAL_PAN,19.02
2023-08-13,MOZ_HAL_CAP,23.92
2023-08-13,USA_PAR_PAN,35.55
2023-08-13,USA_PAR_CAP,29.97
2023-08-13,USA_VIZ_PAN,29.24
2023-08-13,USA_VIZ_CAP,33.53
2023-08-13,USA_DHA_PAN,34.6
2023-08-13,USA_DHA_CAP,28.47
2023-08-13,USA_GAN_PAN,29.84
2023-08-13,USA_GAN_CAP,32.04
2023-08-13,USA_GOP_PAN,27.5
2023-08-13,USA_GOP_CAP,32.11
2023-08-13,USA_HAL_PAN,28.5
2023-08-13,USA_HAL_CAP,33.02
2023-09-12,AUS_PAR_PAN,18.57
2023-09-12,AUS_PAR_CAP,15.69
2023-09-12,AUS_VIZ_PAN,18.0
2023-09-12,AUS_VIZ_CAP,16.09
2023-09-12,AUS_DHA_PAN,15.41
2023-09-12,AUS_DHA_CAP,15.42
2023-09-12,AUS_GAN_PAN,18.26
2023-09-12,AUS_GAN_CAP,17.31
2023-09-12,AUS_GOP_PAN,15.22
2023-09-12,AUS_GOP_CAP,14.28
2023-09-12,AUS_HAL_PAN,17.81
2023-09-12,AUS_HAL_CAP,16.89
2023-09-12,IND_PAR_PAN,10.93
2023-09-12,IND_PAR_CAP,11.09
2023-09-12,IND_VIZ_PAN,11.87
2023-09-12,IND_VIZ_CAP,10.61
2023-09-12,IND_DHA_PAN,11.78
2023-09-12,IND_DHA_CAP,8.61
2023-09-12,IND_GAN_PAN,10.9
2023-09-12,IND_GAN_CAP,11.39
2023-09-12,IND_GOP_PAN,8.9
2023-09-12,IND_GOP_CAP,9.71
2023-09-12,IND_HAL_PAN,11.58
2023-09-12,IND_HAL_CAP,13.04
2023-09-12,RUS_PAR_PAN,24.76
2023-09-12,RUS_PAR_CAP,25.56
2023-09-12,RUS_VIZ_PAN,22.25
2023-09-12,RUS_VIZ_CAP,23.27
2023-09-12,RUS_DHA_PAN,22.49
2023-09-12,RUS_DHA_CAP,24.78
2023-09-12,RUS_GAN_PAN,24.87
2023-09-12,RUS_GAN_CAP,22.08
2023-09-12,RUS_GOP_PAN,23.44
2023-09-12,RUS_GOP_CAP,22.42
2023-09-12,RUS_HAL_PAN,22.33
2023-09-12,RUS_HAL_CAP,25.46
2023-09-12,MOZ_PAR_PAN,20.32
2023-09-12,MOZ_PAR_CAP,17.83
2023-09-12,MOZ_VIZ_PAN,19.24
2023-09-12,MOZ_VIZ_CAP,19.49
2023-09-12,MOZ_DHA_PAN,21.15
2023-09-12,MOZ_DHA_CAP,21.28
2023-09-12,MOZ_GAN_PAN,22.42
2023-09-12,MOZ_GAN_CAP,21.43
2023-09-12,MOZ_GOP_PAN,21.7
2023-09-12,MOZ_GOP_CAP,20.81
2023-09-12,MOZ_HAL_PAN,23.51
2023-09-12,MOZ_HAL_CAP,19.55
2023-09-12,USA_PAR_PAN,30.18
2023-09-12,USA_PAR_CAP,34.33
2023-09-12,USA_VIZ_PAN,30.76
2023-09-12,USA_VIZ_CAP,29.45
2023-09-12,USA_DHA_PAN,30.53
2023-09-12,USA_DHA_CAP,29.98
2023-09-12,USA_GAN_PAN,34.25
2023-09-12,USA_GAN_CAP,29.12
2023-09-12,USA_GOP_PAN,29.25
2023-09-12,USA_GOP_CAP,28.22
2023-09-12,USA_HAL_PAN,32.64
2023-09-12,USA_HAL_CAP,31.06
2023-10-12,AUS_PAR_PAN,15.62
2023-10-12,AUS_PAR_CAP,16.85
2023-10-12,AUS_VIZ_PAN,16.82
2023-10-12,AUS_VIZ_CAP,14.64
2023-10-12,AUS_DHA_PAN,17.0
2023-10-12,AUS_DHA_CAP,17.21
2023-10-12,AUS_GAN_PAN,13.95
2023-10-12,AUS_GAN_CAP,15.36
2023-10-12,AUS_GOP_PAN,17.27
2023-10-12,AUS_GOP_CAP,15.33
2023-10-12,AUS_HAL_PAN,13.84
2023-10-12,AUS_HAL_CAP,15.69
2023-10-12,IND_PAR_PAN,10.5
2023-10-12,IND_PAR_CAP,12.22
2023-10-12,IND_VIZ_PAN,10.67
2023-10-12,IND_VIZ_CAP,11.53
2023-10-12,IND_DHA_PAN,9.94
2023-10-12,IND_DHA_CAP,12.0
2023-10-12,IND_GAN_PAN,9.76
2023-10-12,IND_GAN_CAP,10.16
2023-10-12,IND_GOP_PAN,11.33
2023-10-12,IND_GOP_CAP,12.35
2023-10-12,IND_HAL_PAN,11.22
2023-10-12,IND_HAL_CAP,10.6
2023-10-12,RUS_PAR_PAN,24.37
2023-10-12,RUS_PAR_CAP,23.19
2023-10-12,RUS_VIZ_PAN,22.05
2023-10-12,RUS_VIZ_CAP,20.98
2023-10-12,RUS_DHA_PAN,19.53
2023-10-12,RUS_DHA_CAP,22.2
2023-10-12,RUS_GAN_PAN,22.5
2023-10-12,RUS_GAN_CAP,25.34
2023-10-12,RUS_GOP_PAN,25.42
2023-10-12,RUS_GOP_CAP,19.7
2023-10-12,RUS_HAL_PAN,21.27
2023-10-12,RUS_HAL_CAP,21.32
2023-10-12,MOZ_PAR_PAN,20.55
2023-10-12,MOZ_PAR_CAP,19.87
2023-10-12,MOZ_VIZ_PAN,22.19
2023-10-12,MOZ_VIZ_CAP,20.08
2023-10-12,MOZ_DHA_PAN,20.66
2023-10-12,MOZ_DHA_CAP,22.04
2023-10-12,MOZ_GAN_PAN,24.42
2023-10-12,MOZ_GAN_CAP,23.23
2023-10-12,MOZ_GOP_PAN,23.98
2023-10-12,MOZ_GOP_CAP,20.33
2023-10-12,MOZ_HAL_PAN,22.36
2023-10-12,MOZ_HAL_CAP,20.07
2023-10-12,USA_PAR_PAN,32.02
2023-10-12,USA_PAR_CAP,30.34
2023-10-12,USA_VIZ_PAN,34.07
2023-10-12,USA_VIZ_CAP,34.01
2023-10-12,USA_DHA_PAN,32.34
2023-10-12,USA_DHA_CAP,33.99
2023-10-12,USA_GAN_PAN,35.62
2023-10-12,USA_GAN_CAP,31.39
2023-10-12,USA_GOP_PAN,32.98
2023-10-12,USA_GOP_CAP,31.52
2023-10-12,USA_HAL_PAN,33.3
2023-10-12,USA_HAL_CAP,28.31
2023-11-11,AUS_PAR_PAN,16.01
2023-11-11,AUS_PAR_CAP,14.47
2023-11-11,AUS_VIZ_PAN,14.85
2023-11-11,AUS_VIZ_CAP,15.63
2023-11-11,AUS_DHA_PAN,15.39
2023-11-11,AUS_DHA_CAP,15.9
2023-11-11,AUS_GAN_PAN,16.52
2023-11-11,AUS_GAN_CAP,16.99
2023-11-11,AUS_GOP_PAN,15.8
2023-11-11,AUS_GOP_CAP,17.24
2023-11-11,AUS_HAL_PAN,18.97
2023-11-11,AUS_HAL_CAP,16.58
2023-11-11,IND_PAR_PAN,10.56
2023-11-11,IND_PAR_CAP,11.56
2023-11-11,IND_VIZ_PAN,10.64
2023-11-11,IND_VIZ_CAP,9.01
2023-11-11,IND_DHA_PAN,10.23
2023-11-11,IND_DHA_CAP,11.54
2023-11-11,IND_GAN_PAN,11.12
2023-11-11,IND_GAN_CAP,8.93
2023-11-11,IND_GOP_PAN,10.65
2023-11-11,IND_GOP_CAP,10.44
2023-11-11,IND_HAL_PAN,12.47
2023-11-11,IND_HAL_CAP,11.38
2023-11-11,RUS_PAR_PAN,23.74
2023-11-11,RUS_PAR_CAP,23.59
2023-11-11,RUS_VIZ_PAN,20.95
2023-11-11,RUS_VIZ_CAP,24.07
2023-11-11,RUS_DHA_PAN,24.19
2023-11-11,RUS_DHA_CAP,24.29
2023-11-11,RUS_GAN_PAN,20.56
2023-11-11,RUS_GAN_CAP,22.82
2023-11-11,RUS_GOP_PAN,23.09
2023-11-11,RUS_GOP_CAP,26.14
2023-11-11,RUS_HAL_PAN,21.39
2023-11-11,RUS_HAL_CAP,20.78
2023-11-11,MOZ_PAR_PAN,23.61
2023-11-11,MOZ_PAR_CAP,20.2
2023-11-11,MOZ_VIZ_PAN,19.5
2023-11-11,MOZ_VIZ_CAP,18.85
2023-11-11,MOZ_DHA_PAN,21.94
2023-11-11,MOZ_DHA_CAP,19.92
2023-11-11,MOZ_GAN_PAN,23.26
2023-11-11,MOZ_GAN_CAP,20.41
2023-11-11,MOZ_GOP_PAN,22.64
2023-11-11,MOZ_GOP_CAP,20.91
2023-11-11,MOZ_HAL_PAN,19.91
2023-11-11,MOZ_HAL_CAP,20.16
2023-11-11,USA_PAR_PAN,27.56
2023-11-11,USA_PAR_CAP,27.9
2023-11-11,USA_VIZ_PAN,32.06
2023-11-11,USA_VIZ_CAP,30.02
2023-11-11,USA_DHA_PAN,33.66
2023-11-11,USA_DHA_CAP,30.49
2023-11-11,USA_GAN_PAN,27.29
2023-11-11,USA_GAN_CAP,31.7
2023-11-11,USA_GOP_PAN,35.88
2023-11-11,USA_GOP_CAP,32.3
2023-11-11,USA_HAL_PAN,36.55
2023-11-11,USA_HAL_CAP,33.88
2023-12-11,AUS_PAR_PAN,14.87
2023-12-11,AUS_PAR_CAP,17.59
2023-12-11,AUS_VIZ_PAN,15.3
2023-12-11,AUS_VIZ_CAP,14.31
2023-12-11,AUS_DHA_PAN,15.5
2023-12-11,AUS_DHA_CAP,15.56
2023-12-11,AUS_GAN_PAN,15.43
2023-12-11,AUS_GAN_CAP,17.38
2023-12-11,AUS_GOP_PAN,17.23
2023-12-11,AUS_GOP_CAP,16.09
2023-12-11,AUS_HAL_PAN,17.16
2023-12-11,AUS_HAL_CAP,14.45
2023-12-11,IND_PAR_PAN,11.22
2023-12-11,IND_PAR_CAP,9.96
2023-12-11,IND_VIZ_PAN,9.29
2023-12-11,IND_VIZ_CAP,9.81
2023-12-11,IND_DHA_PAN,10.79
2023-12-11,IND_DHA_CAP,8.6
2023-12-11,IND_GAN_PAN,9.75
2023-12-11,IND_GAN_CAP,12.26
2023-12-11,IND_GOP_PAN,10.55
2023-12-11,IND_GOP_CAP,10.85
2023-12-11,IND_HAL_PAN,12.01
2023-12-11,IND_HAL_CAP,9.68
2023-12-11,RUS_PAR_PAN,18.6
2023-12-11,RUS_PAR_CAP,21.75
2023-12-11,RUS_VIZ_PAN,21.97
2023-12-11,RUS_VIZ_CAP,24.47
2023-12-11,RUS_DHA_PAN,22.78
2023-12-11,RUS_DHA_CAP,19.12
2023-12-11,RUS_GAN_PAN,19.95
2023-12-11,RUS_GAN_CAP,20.94
2023-12-11,RUS_GOP_PAN,23.48
2023-12-11,RUS_GOP_CAP,24.81
2023-12-11,RUS_HAL_PAN,25.99
2023-12-11,RUS_HAL_CAP,22.28
2023-12-11,MOZ_PAR_PAN,23.43
2023-12-11,MOZ_PAR_CAP,24.79
2023-12-11,MOZ_VIZ_PAN,21.55
2023-12-11,MOZ_VIZ_CAP,20.84
2023-12-11,MOZ_DHA_PAN,20.89
2023-12-11,MOZ_DHA_CAP,20.83
2023-12-11,MOZ_GAN_PAN,17.81
2023-12-11,MOZ_GAN_CAP,20.42
2023-12-11,MOZ_GOP_PAN,20.5
2023-12-11,MOZ_GOP_CAP,20.46
2023-12-11,MOZ_HAL_PAN,18.02
2023-12-11,MOZ_HAL_CAP,18.7
2023-12-11,USA_PAR_PAN,29.58
2023-12-11,USA_PAR_CAP,31.15
2023-12-11,USA_VIZ_PAN,35.68
2023-12-11,USA_VIZ_CAP,30.59
2023-12-11,USA_DHA_PAN,35.86
2023-12-11,USA_DHA_CAP,32.9
2023-12-11,USA_GAN_PAN,35.49
2023-12-11,USA_GAN_CAP,33.41
2023-12-11,USA_GOP_PAN,31.18
2023-12-11,USA_GOP_CAP,30.85
2023-12-11,USA_HAL_PAN,32.94
2023-12-11,USA_HAL_CAP,34.45
2024-01-10,AUS_PAR_PAN,15.87
2024-01-10,AUS_PAR_CAP,16.66
2024-01-10,AUS_VIZ_PAN,15.64
2024-01-10,AUS_VIZ_CAP,13.91
2024-01-10,AUS_DHA_PAN,15.83
2024-01-10,AUS_DHA_CAP,15.99
2024-01-10,AUS_GAN_PAN,18.08
2024-01-10,AUS_GAN_CAP,18.34
2024-01-10,AUS_GOP_PAN,14.68
2024-01-10,AUS_GOP_CAP,17.84
2024-01-10,AUS_HAL_PAN,15.42
2024-01-10,AUS_HAL_CAP,14.98
2024-01-10,IND_PAR_PAN,10.05
2024-01-10,IND_PAR_CAP,10.34
2024-01-10,IND_VIZ_PAN,9.35
2024-01-10,IND_VIZ_CAP,9.87
2024-01-10,IND_DHA_PAN,9.68
2024-01-10,IND_DHA_CAP,12.15
2024-01-10,IND_GAN_PAN,9.55
2024-01-10,IND_GAN_CAP,10.24
2024-01-10,IND_GOP_PAN,9.65
2024-01-10,IND_GOP_CAP,8.82
2024-01-10,IND_HAL_PAN,9.41
2024-01-10,IND_HAL_CAP,12.72
2024-01-10,RUS_PAR_PAN,21.48
2024-01-10,RUS_PAR_CAP,22.02
2024-01-10,RUS_VIZ_PAN,22.57
2024-01-10,RUS_VIZ_CAP,22.29
2024-01-10,RUS_DHA_PAN,22.63
2024-01-10,RUS_DHA_CAP,21.95
2024-01-10,RUS_GAN_PAN,21.79
2024-01-10,RUS_GAN_CAP,20.06
2024-01-10,RUS_GOP_PAN,23.49
2024-01-10,RUS_GOP_CAP,22.23
2024-01-10,RUS_HAL_PAN,22.32
2024-01-10,RUS_HAL_CAP,21.02
2024-01-10,MOZ_PAR_PAN,23.23
2024-01-10,MOZ_PAR_CAP,20.92
2024-01-10,MOZ_VIZ_PAN,21.1
2024-01-10,MOZ_VIZ_CAP,21.12
2024-01-10,MOZ_DHA_PAN,19.68
2024-01-10,MOZ_DHA_CAP,19.59
2024-01-10,MOZ_GAN_PAN,21.12
2024-01-10,MOZ_GAN_CAP,21.93
2024-01-10,MOZ_GOP_PAN,21.54
2024-01-10,MOZ_GOP_CAP,25.17
2024-01-10,MOZ_HAL_PAN,21.98
2024-01-10,MOZ_HAL_CAP,18.73
2024-01-10,USA_PAR_PAN,32.77
2024-01-10,USA_PAR_CAP,32.89
2024-01-10,USA_VIZ_PAN,34.41
2024-01-10,USA_VIZ_CAP,35.54
2024-01-10,USA_DHA_PAN,30.35
2024-01-10,USA_DHA_CAP,32.51
2024-01-10,USA_GAN_PAN,33.14
2024-01-10,USA_GAN_CAP,33.04
2024-01-10,USA_GOP_PAN,30.56
2024-01-10,USA_GOP_CAP,29.0
2024-01-10,USA_HAL_PAN,32.66
2024-01-10,USA_HAL_CAP,32.44
2024-02-09,AUS_PAR_PAN,17.51
2024-02-09,AUS_PAR_CAP,17.1
2024-02-09,AUS_VIZ_PAN,15.38
2024-02-09,AUS_VIZ_CAP,17.92
2024-02-09,AUS_DHA_PAN,17.79
2024-02-09,AUS_DHA_CAP,16.37
2024-02-09,AUS_GAN_PAN,15.59
2024-02-09,AUS_GAN_CAP,15.76
2024-02-09,AUS_GOP_PAN,16.01
2024-02-09,AUS_GOP_CAP,14.35
2024-02-09,AUS_HAL_PAN,16.56
2024-02-09,AUS_HAL_CAP,16.27
2024-02-09,IND_PAR_PAN,13.07
2024-02-09,IND_PAR_CAP,10.38
2024-02-09,IND_VIZ_PAN,11.87
2024-02-09,IND_VIZ_CAP,9.76
2024-02-09,IND_DHA_PAN,8.83
2024-02-09,IND_DHA_CAP,10.85
2024-02-09,IND_GAN_PAN,9.5
2024-02-09,IND_GAN_CAP,12.66
2024-02-09,IND_GOP_PAN,10.38
2024-02-09,IND_GOP_CAP,10.36
2024-02-09,IND_HAL_PAN,11.45
2024-02-09,IND_HAL_CAP,10.84
2024-02-09,RUS_PAR_PAN,21.65
2024-02-09,RUS_PAR_CAP,26.78
2024-02-09,RUS_VIZ_PAN,23.57
2024-02-09,RUS_VIZ_CAP,19.37
2024-02-09,RUS_DHA_PAN,21.44
2024-02-09,RUS_DHA_CAP,21.31
2024-02-09,RUS_GAN_PAN,24.62
2024-02-09,RUS_GAN_CAP,22.08
2024-02-09,RUS_GOP_PAN,25.71
2024-02-09,RUS_GOP_CAP,21.11
2024-02-09,RUS_HAL_PAN,22.21
2024-02-09,RUS_HAL_CAP,21.79
2024-02-09,MOZ_PAR_PAN,20.14
2024-02-09,MOZ_PAR_CAP,20.03
2024-02-09,MOZ_VIZ_PAN,23.61
2024-02-09,MOZ_VIZ_CAP,21.28
2024-02-09,MOZ_DHA_PAN,21.95
2024-02-09,MOZ_DHA_CAP,21.03
2024-02-09,MOZ_GAN_PAN,17.98
2024-02-09,MOZ_GAN_CAP,19.41
2024-02-09,MOZ_GOP_PAN,20.92
2024-02-09,MOZ_GOP_CAP,24.01
2024-02-09,MOZ_HAL_PAN,20.84
2024-02-09,MOZ_HAL_CAP,21.42
2024-02-09,USA_PAR_PAN,32.21
2024-02-09,USA_PAR_CAP,32.71
2024-02-09,USA_VIZ_PAN,31.72
2024-02-09,USA_VIZ_CAP,33.74
2024-02-09,USA_DHA_PAN,31.33
2024-02-09,USA_DHA_CAP,31.3
2024-02-09,USA_GAN_PAN,35.33
2024-02-09,USA_GAN_CAP,32.01
2024-02-09,USA_GOP_PAN,30.75
2024-02-09,USA_GOP_CAP,36.98
2024-02-09,USA_HAL_PAN,35.24
2024-02-09,USA_HAL_CAP,28.74
2024-03-10,AUS_PAR_PAN,15.74
2024-03-10,AUS_PAR_CAP,18.07
2024-03-10,AUS_VIZ_PAN,16.25
2024-03-10,AUS_VIZ_CAP,16.38
2024-03-10,AUS_DHA_PAN,14.35
2024-03-10,AUS_DHA_CAP,17.96
2024-03-10,AUS_GAN_PAN,16.95
2024-03-10,AUS_GAN_CAP,15.56
2024-03-10,AUS_GOP_PAN,18.6
2024-03-10,AUS_GOP_CAP,14.77
2024-03-10,AUS_HAL_PAN,18.09
2024-03-10,AUS_HAL_CAP,16.26
2024-03-10,IND_PAR_PAN,12.67
2024-03-10,IND_PAR_CAP,10.34
2024-03-10,IND_VIZ_PAN,10.32
2024-03-10,IND_VIZ_CAP,10.73
2024-03-10,IND_DHA_PAN,10.15
2024-03-10,IND_DHA_CAP,10.6
2024-03-10,IND_GAN_PAN,8.25
2024-03-10,IND_GAN_CAP,9.78
2024-03-10,IND_GOP_PAN,10.21
2024-03-10,IND_GOP_CAP,11.73
2024-03-10,IND_HAL_PAN,10.01
2024-03-10,IND_HAL_CAP,8.98
2024-03-10,RUS_PAR_PAN,23.57
2024-03-10,RUS_PAR_CAP,24.02
2024-03-10,RUS_VIZ_PAN,20.11
2024-03-10,RUS_VIZ_CAP,23.34
2024-03-10,RUS_DHA_PAN,22.76
2024-03-10,RUS_DHA_CAP,22.08
2024-03-10,RUS_GAN_PAN,27.07
2024-03-10,RUS_GAN_CAP,18.87
2024-03-10,RUS_GOP_PAN,21.22
2024-03-10,RUS_GOP_CAP,22.81
2024-03-10,RUS_HAL_PAN,23.25
2024-03-10,RUS_HAL_CAP,19.26
2024-03-10,MOZ_PAR_PAN,21.61
2024-03-10,MOZ_PAR_CAP,19.84
2024-03-10,MOZ_VIZ_PAN,19.54
2024-03-10,MOZ_VIZ_CAP,22.61
2024-03-10,MOZ_DHA_PAN,19.62
2024-03-10,MOZ_DHA_CAP,22.91
2024-03-10,MOZ_GAN_PAN,20.84
2024-03-10,MOZ_GAN_CAP,21.75
2024-03-10,MOZ_GOP_PAN,20.85
2024-03-10,MOZ_GOP_CAP,21.51
2024-03-10,MOZ_HAL_PAN,20.21
2024-03-10,MOZ_HAL_CAP,22.25
2024-03-10,USA_PAR_PAN,32.45
2024-03-10,USA_PAR_CAP,34.99
2024-03-10,USA_VIZ_PAN,28.87
2024-03-10,USA_VIZ_CAP,30.31
2024-03-10,USA_DHA_PAN,33.24
2024-03-10,USA_DHA_CAP,36.94
2024-03-10,USA_GAN_PAN,31.26
2024-03-10,USA_GAN_CAP,31.38
2024-03-10,USA_GOP_PAN,32.52
2024-03-10,USA_GOP_CAP,34.65
2024-03-10,USA_HAL_PAN,34.82
2024-03-10,USA_HAL_CAP,31.99
2024-04-09,AUS_PAR_PAN,17.87
2024-04-09,AUS_PAR_CAP,16.29
2024-04-09,AUS_VIZ_PAN,16.14
2024-04-09,AUS_VIZ_CAP,17.58
2024-04-09,AUS_DHA_PAN,14.54
2024-04-09,AUS_DHA_CAP,17.38
2024-04-09,AUS_GAN_PAN,16.22
2024-04-09,AUS_GAN_CAP,16.45
2024-04-09,AUS_GOP_PAN,16.55
2024-04-09,AUS_GOP_CAP,18.46
2024-04-09,AUS_HAL_PAN,16.34
2024-04-09,AUS_HAL_CAP,15.51
2024-04-09,IND_PAR_PAN,11.0
2024-04-09,IND_PAR_CAP,10.62
2024-04-09,IND_VIZ_PAN,12.23
2024-04-09,IND_VIZ_CAP,11.52
2024-04-09,IND_DHA_PAN,12.55
2024-04-09,IND_DHA_CAP,10.45
2024-04-09,IND_GAN_PAN,10.15
2024-04-09,IND_GAN_CAP,8.55
2024-04-09,IND_GOP_PAN,10.09
2024-04-09,IND_GOP_CAP,10.43
2024-04-09,IND_HAL_PAN,10.35
2024-04-09,IND_HAL_CAP,11.2
2024-04-09,RUS_PAR_PAN,22.37
2024-04-09,RUS_PAR_CAP,23.11
2024-04-09,RUS_VIZ_PAN,19.2
2024-04-09,RUS_VIZ_CAP,22.57
2024-04-09,RUS_DHA_PAN,22.2
2024-04-09,RUS_DHA_CAP,20.4
2024-04-09,RUS_GAN_PAN,23.67
2024-04-09,RUS_GAN_CAP,23.34
2024-04-09,RUS_GOP_PAN,19.6
2024-04-09,RUS_GOP_CAP,18.73
2024-04-09,RUS_HAL_PAN,21.99
2024-04-09,RUS_HAL_CAP,21.02
2024-04-09,MOZ_PAR_PAN,22.19
2024-04-09,MOZ_PAR_CAP,20.77
2024-04-09,MOZ_VIZ_PAN,22.67
2024-04-09,MOZ_VIZ_CAP,21.42
2024-04-09,MOZ_DHA_PAN,21.49
2024-04-09,MOZ_DHA_CAP,20.53
2024-04-09,MOZ_GAN_PAN,19.61
2024-04-09,MOZ_GAN_CAP,20.8
2024-04-09,MOZ_GOP_PAN,20.01
2024-04-09,MOZ_GOP_CAP,21.43
2024-04-09,MOZ_HAL_PAN,23.15
2024-04-09,MOZ_HAL_CAP,19.08
2024-04-09,USA_PAR_PAN,29.72
2024-04-09,USA_PAR_CAP,32.36
2024-04-09,USA_VIZ_PAN,34.34
2024-04-09,USA_VIZ_CAP,31.93
2024-04-09,USA_DHA_PAN,31.77
2024-04-09,USA_DHA_CAP,33.7
2024-04-09,USA_GAN_PAN,32.04
2024-04-09,USA_GAN_CAP,29.77
2024-04-09,USA_GOP_PAN,29.4
2024-04-09,USA_GOP_CAP,34.69
2024-04-09,USA_HAL_PAN,30.47
2024-04-09,USA_HAL_CAP,31.58
2024-05-09,AUS_PAR_PAN,17.54
2024-05-09,AUS_PAR_CAP,16.46
2024-05-09,AUS_VIZ_PAN,17.62
2024-05-09,AUS_VIZ_CAP,16.59
2024-05-09,AUS_DHA_PAN,15.29
2024-05-09,AUS_DHA_CAP,16.13
2024-05-09,AUS_GAN_PAN,16.43
2024-05-09,AUS_GAN_CAP,18.51
2024-05-09,AUS_GOP_PAN,18.32
2024-05-09,AUS_GOP_CAP,18.01
2024-05-09,AUS_HAL_PAN,17.34
2024-05-09,AUS_HAL_CAP,15.82
2024-05-09,IND_PAR_PAN,9.41
2024-05-09,IND_PAR_CAP,8.87
2024-05-09,IND_VIZ_PAN,10.76
2024-05-09,IND_VIZ_CAP,10.43
2024-05-09,IND_DHA_PAN,10.34
2024-05-09,IND_DHA_CAP,11.76
2024-05-09,IND_GAN_PAN,10.79
2024-05-09,IND_GAN_CAP,10.73
2024-05-09,IND_GOP_PAN,9.77
2024-05-09,IND_GOP_CAP,12.28
2024-05-09,IND_HAL_PAN,10.25
2024-05-09,IND_HAL_CAP,10.58
2024-05-09,RUS_PAR_PAN,24.0
2024-05-09,RUS_PAR_CAP,26.13
2024-05-09,RUS_VIZ_PAN,22.69
2024-05-09,RUS_VIZ_CAP,24.31
2024-05-09,RUS_DHA_PAN,21.05
2024-05-09,RUS_DHA_CAP,23.93
2024-05-09,RUS_GAN_PAN,20.56
2024-05-09,RUS_GAN_CAP,22.7
2024-05-09,RUS_GOP_PAN,25.8
2024-05-09,RUS_GOP_CAP,22.3
2024-05-09,RUS_HAL_PAN,25.36
2024-05-09,RUS_HAL_CAP,26.73
2024-05-09,MOZ_PAR_PAN,23.99
2024-05-09,MOZ_PAR_CAP,17.61
2024-05-09,MOZ_VIZ_PAN,21.55
2024-05-09,MOZ_VIZ_CAP,18.92
2024-05-09,MOZ_DHA_PAN,23.06
2024-05-09,MOZ_DHA_CAP,18.91
2024-05-09,MOZ_GAN_PAN,20.42
2024-05-09,MOZ_GAN_CAP,21.56
2024-05-09,MOZ_GOP_PAN,21.22
2024-05-09,MOZ_GOP_CAP,19.71
2024-05-09,MOZ_HAL_PAN,18.64
2024-05-09,MOZ_HAL_CAP,18.81
2024-05-09,USA_PAR_PAN,31.81
2024-05-09,USA_PAR_CAP,35.77
2024-05-09,USA_VIZ_PAN,29.52
2024-05-09,USA_VIZ_CAP,30.99
2024-05-09,USA_DHA_PAN,29.95
2024-05-09,USA_DHA_CAP,30.6
2024-05-09,USA_GAN_PAN,30.35
2024-05-09,USA_GAN_CAP,37.8
2024-05-09,USA_GOP_PAN,33.65
2024-05-09,USA_GOP_CAP,28.84
2024-05-09,USA_HAL_PAN,32.84
2024-05-09,USA_HAL_CAP,34.64
2024-06-08,AUS_PAR_PAN,16.04
2024-06-08,AUS_PAR_CAP,15.75
2024-06-08,AUS_VIZ_PAN,16.88
2024-06-08,AUS_VIZ_CAP,14.77
2024-06-08,AUS_DHA_PAN,14.33
2024-06-08,AUS_DHA_CAP,16.45
2024-06-08,AUS_GAN_PAN,16.26
2024-06-08,AUS_GAN_CAP,17.7
2024-06-08,AUS_GOP_PAN,16.54
2024-06-08,AUS_GOP_CAP,15.4
2024-06-08,AUS_HAL_PAN,16.22
2024-06-08,AUS_HAL_CAP,16.14
2024-06-08,IND_PAR_PAN,9.36
2024-06-08,IND_PAR_CAP,11.61
2024-06-08,IND_VIZ_PAN,9.11
2024-06-08,IND_VIZ_CAP,11.47
2024-06-08,IND_DHA_PAN,8.2
2024-06-08,IND_DHA_CAP,9.71
2024-06-08,IND_GAN_PAN,10.42
2024-06-08,IND_GAN_CAP,10.9
2024-06-08,IND_GOP_PAN,11.6
2024-06-08,IND_GOP_CAP,9.49
2024-06-08,IND_HAL_PAN,9.26
2024-06-08,IND_HAL_CAP,10.85
2024-06-08,RUS_PAR_PAN,21.37
2024-06-08,RUS_PAR_CAP,23.06
2024-06-08,RUS_VIZ_PAN,20.36
2024-06-08,RUS_VIZ_CAP,27.1
2024-06-08,RUS_DHA_PAN,21.88
2024-06-08,RUS_DHA_CAP,23.44
2024-06-08,RUS_GAN_PAN,21.43
2024-06-08,RUS_GAN_CAP,21.86
2024-06-08,RUS_GOP_PAN,22.94
2024-06-08,RUS_GOP_CAP,22.29
2024-06-08,RUS_HAL_PAN,22.21
2024-06-08,RUS_HAL_CAP,21.13
2024-06-08,MOZ_PAR_PAN,20.55
2024-06-08,MOZ_PAR_CAP,22.44
2024-06-08,MOZ_VIZ_PAN,21.59
2024-06-08,MOZ_VIZ_CAP,22.19
2024-06-08,MOZ_DHA_PAN,21.48
2024-06-08,MOZ_DHA_CAP,23.11
2024-06-08,MOZ_GAN_PAN,19.4
2024-06-08,MOZ_GAN_CAP,18.46
2024-06-08,MOZ_GOP_PAN,19.21
2024-06-08,MOZ_GOP_CAP,21.45
2024-06-08,MOZ_HAL_PAN,19.41
2024-06-08,MOZ_HAL_CAP,20.17
2024-06-08,USA_PAR_PAN,36.44
2024-06-08,USA_PAR_CAP,33.8
2024-06-08,USA_VIZ_PAN,32.44
2024-06-08,USA_VIZ_CAP,32.0
2024-06-08,USA_DHA_PAN,31.95
2024-06-08,USA_DHA_CAP,31.71
2024-06-08,USA_GAN_PAN,33.81
2024-06-08,USA_GAN_CAP,29.05
2024-06-08,USA_GOP_PAN,34.65
2024-06-08,USA_GOP_CAP,33.97
2024-06-08,USA_HAL_PAN,29.99
2024-06-08,USA_HAL_CAP,29.07
2024-07-08,AUS_PAR_PAN,19.29
2024-07-08,AUS_PAR_CAP,14.48
2024-07-08,AUS_VIZ_PAN,15.41
2024-07-08,AUS_VIZ_CAP,16.16
2024-07-08,AUS_DHA_PAN,16.77
2024-07-08,AUS_DHA_CAP,14.79
2024-07-08,AUS_GAN_PAN,17.84
2024-07-08,AUS_GAN_CAP,18.19
2024-07-08,AUS_GOP_PAN,16.85
2024-07-08,AUS_GOP_CAP,15.99
2024-07-08,AUS_HAL_PAN,15.43
2024-07-08,AUS_HAL_CAP,19.08
2024-07-08,IND_PAR_PAN,12.2
2024-07-08,IND_PAR_CAP,12.13
2024-07-08,IND_VIZ_PAN,10.21
2024-07-08,IND_VIZ_CAP,9.95
2024-07-08,IND_DHA_PAN,12.58
2024-07-08,IND_DHA_CAP,9.1
2024-07-08,IND_GAN_PAN,9.02
2024-07-08,IND_GAN_CAP,8.96
2024-07-08,IND_GOP_PAN,10.38
2024-07-08,IND_GOP_CAP,10.15
2024-07-08,IND_HAL_PAN,12.24
2024-07-08,IND_HAL_CAP,10.66
2024-07-08,RUS_PAR_PAN,19.77
2024-07-08,RUS_PAR_CAP,22.66
2024-07-08,RUS_VIZ_PAN,24.1
2024-07-08,RUS_VIZ_CAP,24.83
2024-07-08,RUS_DHA_PAN,20.13
2024-07-08,RUS_DHA_CAP,24.71
2024-07-08,RUS_GAN_PAN,25.1
2024-07-08,RUS_GAN_CAP,24.88
2024-07-08,RUS_GOP_PAN,24.16
2024-07-08,RUS_GOP_CAP,26.2
2024-07-08,RUS_HAL_PAN,22.01
2024-07-08,RUS_HAL_CAP,18.35
2024-07-08,MOZ_PAR_PAN,19.99
2024-07-08,MOZ_PAR_CAP,22.36
2024-07-08,MOZ_VIZ_PAN,24.3
2024-07-08,MOZ_VIZ_CAP,22.68
2024-07-08,MOZ_DHA_PAN,18.08
2024-07-08,MOZ_DHA_CAP,20.22
2024-07-08,MOZ_GAN_PAN,20.49
2024-07-08,MOZ_GAN_CAP,20.76
2024-07-08,MOZ_GOP_PAN,20.77
2024-07-08,MOZ_GOP_CAP,23.59
2024-07-08,MOZ_HAL_PAN,20.58
2024-07-08,MOZ_HAL_CAP,24.53
2024-07-08,USA_PAR_PAN,31.31
2024-07-08,USA_PAR_CAP,28.9
2024-07-08,USA_VIZ_PAN,33.28
2024-07-08,USA_VIZ_CAP,33.66
2024-07-08,USA_DHA_PAN,31.85
2024-07-08,USA_DHA_CAP,28.55
2024-07-08,USA_GAN_PAN,31.38
2024-07-08,USA_GAN_CAP,36.41
2024-07-08,USA_GOP_PAN,33.98
2024-07-08,USA_GOP_CAP,31.43
2024-07-08,USA_HAL_PAN,31.36
2024-07-08,USA_HAL_CAP,30.12
2024-08-07,AUS_PAR_PAN,15.69
2024-08-07,AUS_PAR_CAP,17.65
2024-08-07,AUS_VIZ_PAN,17.89
2024-08-07,AUS_VIZ_CAP,15.1
2024-08-07,AUS_DHA_PAN,15.25
2024-08-07,AUS_DHA_CAP,15.69
2024-08-07,AUS_GAN_PAN,15.05
2024-08-07,AUS_GAN_CAP,17.48
2024-08-07,AUS_GOP_PAN,15.06
2024-08-07,AUS_GOP_CAP,17.97
2024-08-07,AUS_HAL_PAN,16.94
2024-08-07,AUS_HAL_CAP,15.43
2024-08-07,IND_PAR_PAN,11.15
2024-08-07,IND_PAR_CAP,9.49
2024-08-07,IND_VIZ_PAN,9.23
2024-08-07,IND_VIZ_CAP,11.06
2024-08-07,IND_DHA_PAN,11.13
2024-08-07,IND_DHA_CAP,11.56
2024-08-07,IND_GAN_PAN,10.24
2024-08-07,IND_GAN_CAP,10.96
2024-08-07,IND_GOP_PAN,9.75
2024-08-07,IND_GOP_CAP,8.55
2024-08-07,IND_HAL_PAN,9.7
2024-08-07,IND_HAL_CAP,10.18
2024-08-07,RUS_PAR_PAN,22.02
2024-08-07,RUS_PAR_CAP,24.22
2024-08-07,RUS_VIZ_PAN,20.2
2024-08-07,RUS_VIZ_CAP,20.25
2024-08-07,RUS_DHA_PAN,23.47
2024-08-07,RUS_DHA_CAP,25.91
2024-08-07,RUS_GAN_PAN,23.13
2024-08-07,RUS_GAN_CAP,20.94
2024-08-07,RUS_GOP_PAN,23.33
2024-08-07,RUS_GOP_CAP,24.08
2024-08-07,RUS_HAL_PAN,22.31
2024-08-07,RUS_HAL_CAP,20.49
2024-08-07,MOZ_PAR_PAN,22.36
2024-08-07,MOZ_PAR_CAP,19.95
2024-08-07,MOZ_VIZ_PAN,21.54
2024-08-07,MOZ_VIZ_CAP,22.85
2024-08-07,MOZ_DHA_PAN,23.36
2024-08-07,MOZ_DHA_CAP,19.55
2024-08-07,MOZ_GAN_PAN,23.28
2024-08-07,MOZ_GAN_CAP,22.6
2024-08-07,MOZ_GOP_PAN,22.84
2024-08-07,MOZ_GOP_CAP,21.3
2024-08-07,MOZ_HAL_PAN,22.14
2024-08-07,MOZ_HAL_CAP,18.5
2024-08-07,USA_PAR_PAN,28.89
2024-08-07,USA_PAR_CAP,30.59
2024-08-07,USA_VIZ_PAN,36.27
2024-08-07,USA_VIZ_CAP,37.36
2024-08-07,USA_DHA_PAN,35.88
2024-08-07,USA_DHA_CAP,32.63
2024-08-07,USA_GAN_PAN,30.82
2024-08-07,USA_GAN_CAP,32.5
2024-08-07,USA_GOP_PAN,33.38
2024-08-07,USA_GOP_CAP,33.33
2024-08-07,USA_HAL_PAN,31.24
2024-08-07,USA_HAL_CAP,35.66
2024-09-06,AUS_PAR_PAN,15.71
2024-09-06,AUS_PAR_CAP,14.83
2024-09-06,AUS_VIZ_PAN,15.76
2024-09-06,AUS_VIZ_CAP,14.98
2024-09-06,AUS_DHA_PAN,16.07
2024-09-06,AUS_DHA_CAP,15.01
2024-09-06,AUS_GAN_PAN,16.33
2024-09-06,AUS_GAN_CAP,16.29
2024-09-06,AUS_GOP_PAN,16.38
2024-09-06,AUS_GOP_CAP,15.81
2024-09-06,AUS_HAL_PAN,19.28
2024-09-06,AUS_HAL_CAP,15.71
2024-09-06,IND_PAR_PAN,10.85
2024-09-06,IND_PAR_CAP,12.12
2024-09-06,IND_VIZ_PAN,10.57
2024-09-06,IND_VIZ_CAP,10.85
2024-09-06,IND_DHA_PAN,9.75
2024-09-06,IND_DHA_CAP,12.01
2024-09-06,IND_GAN_PAN,10.49
2024-09-06,IND_GAN_CAP,10.47
2024-09-06,IND_GOP_PAN,9.48
2024-09-06,IND_GOP_CAP,9.25
2024-09-06,IND_HAL_PAN,12.94
2024-09-06,IND_HAL_CAP,9.69
2024-09-06,RUS_PAR_PAN,20.91
2024-09-06,RUS_PAR_CAP,20.06
2024-09-06,RUS_VIZ_PAN,19.93
2024-09-06,RUS_VIZ_CAP,18.79
2024-09-06,RUS_DHA_PAN,21.47
2024-09-06,RUS_DHA_CAP,21.6
2024-09-06,RUS_GAN_PAN,20.75
2024-09-06,RUS_GAN_CAP,22.42
2024-09-06,RUS_GOP_PAN,26.6
2024-09-06,RUS_GOP_CAP,22.38
2024-09-06,RUS_HAL_PAN,24.39
2024-09-06,RUS_HAL_CAP,20.53
2024-09-06,MOZ_PAR_PAN,19.51
2024-09-06,MOZ_PAR_CAP,23.41
2024-09-06,MOZ_VIZ_PAN,20.62
2024-09-06,MOZ_VIZ_CAP,22.5
2024-09-06,MOZ_DHA_PAN,20.51
2024-09-06,MOZ_DHA_CAP,22.88
2024-09-06,MOZ_GAN_PAN,21.39
2024-09-06,MOZ_GAN_CAP,21.72
2024-09-06,MOZ_GOP_PAN,20.72
2024-09-06,MOZ_GOP_CAP,23.38
2024-09-06,MOZ_HAL_PAN,21.18
2024-09-06,MOZ_HAL_CAP,20.49
2024-09-06,USA_PAR_PAN,33.09
2024-09-06,USA_PAR_CAP,30.01
2024-09-06,USA_VIZ_PAN,36.45
2024-09-06,USA_VIZ_CAP,28.71
2024-09-06,USA_DHA_PAN,35.0
2024-09-06,USA_DHA_CAP,34.56
2024-09-06,USA_GAN_PAN,32.68
2024-09-06,USA_GAN_CAP,34.86
2024-09-06,USA_GOP_PAN,32.64
2024-09-06,USA_GOP_CAP,32.19
2024-09-06,USA_HAL_PAN,33.86
2024-09-06,USA_HAL_CAP,32.78
2024-10-06,AUS_PAR_PAN,17.18
2024-10-06,AUS_PAR_CAP,15.31
2024-10-06,AUS_VIZ_PAN,18.57
2024-10-06,AUS_VIZ_CAP,16.72
2024-10-06,AUS_DHA_PAN,14.34
2024-10-06,AUS_DHA_CAP,15.87
2024-10-06,AUS_GAN_PAN,16.25
2024-10-06,AUS_GAN_CAP,17.58
2024-10-06,AUS_GOP_PAN,17.58
2024-10-06,AUS_GOP_CAP,14.69
2024-10-06,AUS_HAL_PAN,19.3
2024-10-06,AUS_HAL_CAP,16.19
2024-10-06,IND_PAR_PAN,9.68
2024-10-06,IND_PAR_CAP,11.24
2024-10-06,IND_VIZ_PAN,9.89
2024-10-06,IND_VIZ_CAP,10.94
2024-10-06,IND_DHA_PAN,10.46
2024-10-06,IND_DHA_CAP,11.71
2024-10-06,IND_GAN_PAN,11.43
2024-10-06,IND_GAN_CAP,12.27
2024-10-06,IND_GOP_PAN,11.51
2024-10-06,IND_GOP_CAP,9.53
2024-10-06,IND_HAL_PAN,10.89
2024-10-06,IND_HAL_CAP,10.75
2024-10-06,RUS_PAR_PAN,23.13
2024-10-06,RUS_PAR_CAP,22.66
2024-10-06,RUS_VIZ_PAN,20.08
2024-10-06,RUS_VIZ_CAP,26.38
2024-10-06,RUS_DHA_PAN,22.87
2024-10-06,RUS_DHA_CAP,22.42
2024-10-06,RUS_GAN_PAN,24.14
2024-10-06,RUS_GAN_CAP,23.43
2024-10-06,RUS_GOP_PAN,21.58
2024-10-06,RUS_GOP_CAP,20.99
2024-10-06,RUS_HAL_PAN,21.01
2024-10-06,RUS_HAL_CAP,25.25
2024-10-06,MOZ_PAR_PAN,19.16
2024-10-06,MOZ_PAR_CAP,18.82
2024-10-06,MOZ_VIZ_PAN,21.88
2024-10-06,MOZ_VIZ_CAP,21.44
2024-10-06,MOZ_DHA_PAN,21.09
2024-10-06,MOZ_DHA_CAP,17.79
2024-10-06,MOZ_GAN_PAN,20.93
2024-10-06,MOZ_GAN_CAP,21.01
2024-10-06,MOZ_GOP_PAN,18.48
2024-10-06,MOZ_GOP_CAP,22.94
2024-10-06,MOZ_HAL_PAN,18.38
2024-10-06,MOZ_HAL_CAP,22.0
2024-10-06,USA_PAR_PAN,34.64
2024-10-06,USA_PAR_CAP,34.72
2024-10-06,USA_VIZ_PAN,31.92
2024-10-06,USA_VIZ_CAP,35.75
2024-10-06,USA_DHA_PAN,28.74
2024-10-06,USA_DHA_CAP,31.12
2024-10-06,USA_GAN_PAN,32.1
2024-10-06,USA_GAN_CAP,31.77
2024-10-06,USA_GOP_PAN,35.52
2024-10-06,USA_GOP_CAP,32.53
2024-10-06,USA_HAL_PAN,30.53
2024-10-06,USA_HAL_CAP,28.47
2024-11-05,AUS_PAR_PAN,19.2
2024-11-05,AUS_PAR_CAP,15.85
2024-11-05,AUS_VIZ_PAN,16.14
2024-11-05,AUS_VIZ_CAP,17.11
2024-11-05,AUS_DHA_PAN,18.47
2024-11-05,AUS_DHA_CAP,16.4
2024-11-05,AUS_GAN_PAN,15.21
2024-11-05,AUS_GAN_CAP,15.73
2024-11-05,AUS_GOP_PAN,16.33
2024-11-05,AUS_GOP_CAP,17.3
2024-11-05,AUS_HAL_PAN,17.66
2024-11-05,AUS_HAL_CAP,18.68
2024-11-05,IND_PAR_PAN,9.77
2024-11-05,IND_PAR_CAP,10.14
2024-11-05,IND_VIZ_PAN,12.07
2024-11-05,IND_VIZ_CAP,11.19
2024-11-05,IND_DHA_PAN,12.79
2024-11-05,IND_DHA_CAP,9.48
2024-11-05,IND_GAN_PAN,10.45
2024-11-05,IND_GAN_CAP,11.37
2024-11-05,IND_GOP_PAN,11.88
2024-11-05,IND_GOP_CAP,8.69
2024-11-05,IND_HAL_PAN,11.08
2024-11-05,IND_HAL_CAP,11.02
2024-11-05,RUS_PAR_PAN,20.8
2024-11-05,RUS_PAR_CAP,22.36
2024-11-05,RUS_VIZ_PAN,24.19
2024-11-05,RUS_VIZ_CAP,20.52
2024-11-05,RUS_DHA_PAN,24.61
2024-11-05,RUS_DHA_CAP,20.67
2024-11-05,RUS_GAN_PAN,24.2
2024-11-05,RUS_GAN_CAP,22.95
2024-11-05,RUS_GOP_PAN,19.79
2024-11-05,RUS_GOP_CAP,21.76
2024-11-05,RUS_HAL_PAN,22.12
2024-11-05,RUS_HAL_CAP,23.67
2024-11-05,MOZ_PAR_PAN,22.79
2024-11-05,MOZ_PAR_CAP,20.79
2024-11-05,MOZ_VIZ_PAN,20.78
2024-11-05,MOZ_VIZ_CAP,22.76
2024-11-05,MOZ_DHA_PAN,22.59
2024-11-05,MOZ_DHA_CAP,21.43
2024-11-05,MOZ_GAN_PAN,23.2
2024-11-05,MOZ_GAN_CAP,22.24
2024-11-05,MOZ_GOP_PAN,22.26
2024-11-05,MOZ_GOP_CAP,21.78
2024-11-05,MOZ_HAL_PAN,21.26
2024-11-05,MOZ_HAL_CAP,22.65
2024-11-05,USA_PAR_PAN,32.34
2024-11-05,USA_PAR_CAP,33.1
2024-11-05,USA_VIZ_PAN,31.47
2024-11-05,USA_VIZ_CAP,33.3
2024-11-05,USA_DHA_PAN,31.07
2024-11-05,USA_DHA_CAP,29.14
2024-11-05,USA_GAN_PAN,32.57
2024-11-05,USA_GAN_CAP,31.37
2024-11-05,USA_GOP_PAN,33.49
2024-11-05,USA_GOP_CAP,29.13
2024-11-05,USA_HAL_PAN,35.53
2024-11-05,USA_HAL_CAP,29.61
2024-12-05,AUS_PAR_PAN,16.65
2024-12-05,AUS_PAR_CAP,16.85
2024-12-05,AUS_VIZ_PAN,18.16
2024-12-05,AUS_VIZ_CAP,14.86
2024-12-05,AUS_DHA_PAN,16.64
2024-12-05,AUS_DHA_CAP,15.22
2024-12-05,AUS_GAN_PAN,15.35
2024-12-05,AUS_GAN_CAP,17.62
2024-12-05,AUS_GOP_PAN,16.67
2024-12-05,AUS_GOP_CAP,16.52
2024-12-05,AUS_HAL_PAN,17.49
2024-12-05,AUS_HAL_CAP,15.98
2024-12-05,IND_PAR_PAN,11.05
2024-12-05,IND_PAR_CAP,9.05
2024-12-05,IND_VIZ_PAN,9.83
2024-12-05,IND_VIZ_CAP,11.36
2024-12-05,IND_DHA_PAN,10.53
2024-12-05,IND_DHA_CAP,9.01
2024-12-05,IND_GAN_PAN,8.87
2024-12-05,IND_GAN_CAP,11.76
2024-12-05,IND_GOP_PAN,12.84
2024-12-05,IND_GOP_CAP,8.89
2024-12-05,IND_HAL_PAN,8.28
2024-12-05,IND_HAL_CAP,11.24
2024-12-05,RUS_PAR_PAN,23.21
2024-12-05,RUS_PAR_CAP,20.84
2024-12-05,RUS_VIZ_PAN,23.31
2024-12-05,RUS_VIZ_CAP,24.65
2024-12-05,RUS_DHA_PAN,24.37
2024-12-05,RUS_DHA_CAP,26.05
2024-12-05,RUS_GAN_PAN,23.92
2024-12-05,RUS_GAN_CAP,26.19
2024-12-05,RUS_GOP_PAN,21.8
2024-12-05,RUS_GOP_CAP,21.63
2024-12-05,RUS_HAL_PAN,27.28
2024-12-05,RUS_HAL_CAP,20.27
2024-12-05,MOZ_PAR_PAN,21.85
2024-12-05,MOZ_PAR_CAP,20.98
2024-12-05,MOZ_VIZ_PAN,23.54
2024-12-05,MOZ_VIZ_CAP,20.79
2024-12-05,MOZ_DHA_PAN,21.06
2024-12-05,MOZ_DHA_CAP,20.89
2024-12-05,MOZ_GAN_PAN,20.02
2024-12-05,MOZ_GAN_CAP,21.25
2024-12-05,MOZ_GOP_PAN,19.79
2024-12-05,MOZ_GOP_CAP,18.66
2024-12-05,MOZ_HAL_PAN,22.29
2024-12-05,MOZ_HAL_CAP,22.32
2024-12-05,USA_PAR_PAN,31.95
2024-12-05,USA_PAR_CAP,33.49
2024-12-05,USA_VIZ_PAN,33.81
2024-12-05,USA_VIZ_CAP,30.44
2024-12-05,USA_DHA_PAN,30.95
2024-12-05,USA_DHA_CAP,34.36
2024-12-05,USA_GAN_PAN,32.69
2024-12-05,USA_GAN_CAP,29.8
2024-12-05,USA_GOP_PAN,31.03
2024-12-05,USA_GOP_CAP,31.65
2024-12-05,USA_HAL_PAN,33.85
2024-12-05,USA_HAL_CAP,29.2
2025-01-04,AUS_PAR_PAN,14.4
2025-01-04,AUS_PAR_CAP,15.35
2025-01-04,AUS_VIZ_PAN,16.6
2025-01-04,AUS_VIZ_CAP,16.35
2025-01-04,AUS_DHA_PAN,15.27
2025-01-04,AUS_DHA_CAP,15.43
2025-01-04,AUS_GAN_PAN,16.31
2025-01-04,AUS_GAN_CAP,15.94
2025-01-04,AUS_GOP_PAN,17.58
2025-01-04,AUS_GOP_CAP,16.08
2025-01-04,AUS_HAL_PAN,17.24
2025-01-04,AUS_HAL_CAP,17.96
2025-01-04,IND_PAR_PAN,9.07
2025-01-04,IND_PAR_CAP,11.04
2025-01-04,IND_VIZ_PAN,10.13
2025-01-04,IND_VIZ_CAP,11.85
2025-01-04,IND_DHA_PAN,9.31
2025-01-04,IND_DHA_CAP,9.9
2025-01-04,IND_GAN_PAN,10.61
2025-01-04,IND_GAN_CAP,11.92
2025-01-04,IND_GOP_PAN,12.88
2025-01-04,IND_GOP_CAP,11.37
2025-01-04,IND_HAL_PAN,9.62
2025-01-04,IND_HAL_CAP,8.86
2025-01-04,RUS_PAR_PAN,19.83
2025-01-04,RUS_PAR_CAP,23.11
2025-01-04,RUS_VIZ_PAN,21.05
2025-01-04,RUS_VIZ_CAP,20.94
2025-01-04,RUS_DHA_PAN,20.52
2025-01-04,RUS_DHA_CAP,22.51
2025-01-04,RUS_GAN_PAN,18.65
2025-01-04,RUS_GAN_CAP,23.22
2025-01-04,RUS_GOP_PAN,22.22
2025-01-04,RUS_GOP_CAP,24.58
2025-01-04,RUS_HAL_PAN,22.65
2025-01-04,RUS_HAL_CAP,24.71
2025-01-04,MOZ_PAR_PAN,22.15
2025-01-04,MOZ_PAR_CAP,21.24
2025-01-04,MOZ_VIZ_PAN,20.02
2025-01-04,MOZ_VIZ_CAP,23.67
2025-01-04,MOZ_DHA_PAN,22.39
2025-01-04,MOZ_DHA_CAP,18.79
2025-01-04,MOZ_GAN_PAN,22.39
2025-01-04,MOZ_GAN_CAP,21.99
2025-01-04,MOZ_GOP_PAN,18.99
2025-01-04,MOZ_GOP_CAP,24.27
2025-01-04,MOZ_HAL_PAN,18.84
2025-01-04,MOZ_HAL_CAP,23.51
2025-01-04,USA_PAR_PAN,31.35
2025-01-04,USA_PAR_CAP,31.52
2025-01-04,USA_VIZ_PAN,35.69
2025-01-04,USA_VIZ_CAP,31.54
2025-01-04,USA_DHA_PAN,31.92
2025-01-04,USA_DHA_CAP,30.59
2025-01-04,USA_GAN_PAN,30.34
2025-01-04,USA_GAN_CAP,35.37
2025-01-04,USA_GOP_PAN,28.37
2025-01-04,USA_GOP_CAP,31.8
2025-01-04,USA_HAL_PAN,33.07
2025-01-04,USA_HAL_CAP,33.86
2025-02-03,AUS_PAR_PAN,15.04
2025-02-03,AUS_PAR_CAP,16.13
2025-02-03,AUS_VIZ_PAN,15.83
2025-02-03,AUS_VIZ_CAP,14.8
2025-02-03,AUS_DHA_PAN,17.81
2025-02-03,AUS_DHA_CAP,17.53
2025-02-03,AUS_GAN_PAN,15.61
2025-02-03,AUS_GAN_CAP,18.51
2025-02-03,AUS_GOP_PAN,14.42
2025-02-03,AUS_GOP_CAP,18.35
2025-02-03,AUS_HAL_PAN,15.77
2025-02-03,AUS_HAL_CAP,16.78
2025-02-03,IND_PAR_PAN,11.06
2025-02-03,IND_PAR_CAP,8.83
2025-02-03,IND_VIZ_PAN,11.83
2025-02-03,IND_VIZ_CAP,10.81
2025-02-03,IND_DHA_PAN,10.55
2025-02-03,IND_DHA_CAP,10.8
2025-02-03,IND_GAN_PAN,10.75
2025-02-03,IND_GAN_CAP,9.6
2025-02-03,IND_GOP_PAN,10.21
2025-02-03,IND_GOP_CAP,12.03
2025-02-03,IND_HAL_PAN,11.57
2025-02-03,IND_HAL_CAP,11.73
2025-02-03,RUS_PAR_PAN,22.81
2025-02-03,RUS_PAR_CAP,22.93
2025-02-03,RUS_VIZ_PAN,24.52
2025-02-03,RUS_VIZ_CAP,21.65
2025-02-03,RUS_DHA_PAN,23.96
2025-02-03,RUS_DHA_CAP,22.12
2025-02-03,RUS_GAN_PAN,22.84
2025-02-03,RUS_GAN_CAP,23.87
2025-02-03,RUS_GOP_PAN,22.97
2025-02-03,RUS_GOP_CAP,22.57
2025-02-03,RUS_HAL_PAN,20.44
2025-02-03,RUS_HAL_CAP,23.74
2025-02-03,MOZ_PAR_PAN,21.67
2025-02-03,MOZ_PAR_CAP,20.11
2025-02-03,MOZ_VIZ_PAN,21.68
2025-02-03,MOZ_VIZ_CAP,19.99
2025-02-03,MOZ_DHA_PAN,18.58
2025-02-03,MOZ_DHA_CAP,21.56
2025-02-03,MOZ_GAN_PAN,21.93
2025-02-03,MOZ_GAN_CAP,19.84
2025-02-03,MOZ_GOP_PAN,24.0
2025-02-03,MOZ_GOP_CAP,21.24
2025-02-03,MOZ_HAL_PAN,20.6
2025-02-03,MOZ_HAL_CAP,23.75
2025-02-03,USA_PAR_PAN,35.72
2025-02-03,USA_PAR_CAP,36.58
2025-02-03,USA_VIZ_PAN,31.0
2025-02-03,USA_VIZ_CAP,31.63
2025-02-03,USA_DHA_PAN,34.55
2025-02-03,USA_DHA_CAP,33.36
2025-02-03,USA_GAN_PAN,31.33
2025-02-03,USA_GAN_CAP,35.47
2025-02-03,USA_GOP_PAN,33.68
2025-02-03,USA_GOP_CAP,31.82
2025-02-03,USA_HAL_PAN,35.32
2025-02-03,USA_HAL_CAP,34.14
2025-03-05,AUS_PAR_PAN,17.28
2025-03-05,AUS_PAR_CAP,16.24
2025-03-05,AUS_VIZ_PAN,18.18
2025-03-05,AUS_VIZ_CAP,15.83
2025-03-05,AUS_DHA_PAN,16.55
2025-03-05,AUS_DHA_CAP,18.38
2025-03-05,AUS_GAN_PAN,16.82
2025-03-05,AUS_GAN_CAP,18.44
2025-03-05,AUS_GOP_PAN,18.08
2025-03-05,AUS_GOP_CAP,16.73
2025-03-05,AUS_HAL_PAN,16.42
2025-03-05,AUS_HAL_CAP,17.98
2025-03-05,IND_PAR_PAN,9.73
2025-03-05,IND_PAR_CAP,9.7
2025-03-05,IND_VIZ_PAN,10.65
2025-03-05,IND_VIZ_CAP,10.87
2025-03-05,IND_DHA_PAN,12.01
2025-03-05,IND_DHA_CAP,9.41
2025-03-05,IND_GAN_PAN,9.04
2025-03-05,IND_GAN_CAP,11.26
2025-03-05,IND_GOP_PAN,9.89
2025-03-05,IND_GOP_CAP,10.55
2025-03-05,IND_HAL_PAN,8.47
2025-03-05,IND_HAL_CAP,9.69
2025-03-05,RUS_PAR_PAN,23.5
2025-03-05,RUS_PAR_CAP,22.04
2025-03-05,RUS_VIZ_PAN,22.61
2025-03-05,RUS_VIZ_CAP,19.81
2025-03-05,RUS_DHA_PAN,24.65
2025-03-05,RUS_DHA_CAP,19.9
2025-03-05,RUS_GAN_PAN,25.13
2025-03-05,RUS_GAN_CAP,20.79
2025-03-05,RUS_GOP_PAN,22.9
2025-03-05,RUS_GOP_CAP,21.11
2025-03-05,RUS_HAL_PAN,21.71
2025-03-05,RUS_HAL_CAP,25.93
2025-03-05,MOZ_PAR_PAN,21.11
2025-03-05,MOZ_PAR_CAP,20.03
2025-03-05,MOZ_VIZ_PAN,19.51
2025-03-05,MOZ_VIZ_CAP,17.62
2025-03-05,MOZ_DHA_PAN,21.81
2025-03-05,MOZ_DHA_CAP,20.34
2025-03-05,MOZ_GAN_PAN,17.89
2025-03-05,MOZ_GAN_CAP,20.17
2025-03-05,MOZ_GOP_PAN,18.69
2025-03-05,MOZ_GOP_CAP,20.98
2025-03-05,MOZ_HAL_PAN,20.11
2025-03-05,MOZ_HAL_CAP,20.42
2025-03-05,USA_PAR_PAN,30.37
2025-03-05,USA_PAR_CAP,29.84
2025-03-05,USA_VIZ_PAN,29.8
2025-03-05,USA_VIZ_CAP,33.25
2025-03-05,USA_DHA_PAN,36.5
2025-03-05,USA_DHA_CAP,31.33
2025-03-05,USA_GAN_PAN,32.34
2025-03-05,USA_GAN_CAP,29.68
2025-03-05,USA_GOP_PAN,33.73
2025-03-05,USA_GOP_CAP,30.11
2025-03-05,USA_HAL_PAN,30.47
2025-03-05,USA_HAL_CAP,32.22
2025-04-04,AUS_PAR_PAN,16.7
2025-04-04,AUS_PAR_CAP,15.7
2025-04-04,AUS_VIZ_PAN,16.45
2025-04-04,AUS_VIZ_CAP,16.99
2025-04-04,AUS_DHA_PAN,19.21
2025-04-04,AUS_DHA_CAP,16.23
2025-04-04,AUS_GAN_PAN,18.29
2025-04-04,AUS_GAN_CAP,16.26
2025-04-04,AUS_GOP_PAN,18.0
2025-04-04,AUS_GOP_CAP,16.66
2025-04-04,AUS_HAL_PAN,19.27
2025-04-04,AUS_HAL_CAP,16.24
2025-04-04,IND_PAR_PAN,12.17
2025-04-04,IND_PAR_CAP,9.66
2025-04-04,IND_VIZ_PAN,10.17
2025-04-04,IND_VIZ_CAP,8.63
2025-04-04,IND_DHA_PAN,10.25
2025-04-04,IND_DHA_CAP,9.78
2025-04-04,IND_GAN_PAN,11.61
2025-04-04,IND_GAN_CAP,9.46
2025-04-04,IND_GOP_PAN,10.68
2025-04-04,IND_GOP_CAP,9.71
2025-04-04,IND_HAL_PAN,9.45
2025-04-04,IND_HAL_CAP,9.92
2025-04-04,RUS_PAR_PAN,19.21
2025-04-04,RUS_PAR_CAP,21.72
2025-04-04,RUS_VIZ_PAN,20.89
2025-04-04,RUS_VIZ_CAP,24.35
2025-04-04,RUS_DHA_PAN,21.39
2025-04-04,RUS_DHA_CAP,20.7
2025-04-04,RUS_GAN_PAN,22.43
2025-04-04,RUS_GAN_CAP,24.63
2025-04-04,RUS_GOP_PAN,23.02
2025-04-04,RUS_GOP_CAP,19.37
2025-04-04,RUS_HAL_PAN,21.07
2025-04-04,RUS_HAL_CAP,21.94
2025-04-04,MOZ_PAR_PAN,20.93
2025-04-04,MOZ_PAR_CAP,21.15
2025-04-04,MOZ_VIZ_PAN,22.83
2025-04-04,MOZ_VIZ_CAP,22.96
2025-04-04,MOZ_DHA_PAN,22.25
2025-04-04,MOZ_DHA_CAP,20.65
2025-04-04,MOZ_GAN_PAN,17.7
2025-04-04,MOZ_GAN_CAP,21.62
2025-04-04,MOZ_GOP_PAN,20.95
2025-04-04,MOZ_GOP_CAP,18.09
2025-04-04,MOZ_HAL_PAN,23.4
2025-04-04,MOZ_HAL_CAP,20.91
2025-04-04,USA_PAR_PAN,30.07
2025-04-04,USA_PAR_CAP,32.13
2025-04-04,USA_VIZ_PAN,33.35
2025-04-04,USA_VIZ_CAP,32.49
2025-04-04,USA_DHA_PAN,30.49
2025-04-04,USA_DHA_CAP,30.83
2025-04-04,USA_GAN_PAN,36.73
2025-04-04,USA_GAN_CAP,29.79
2025-04-04,USA_GOP_PAN,31.24
2025-04-04,USA_GOP_CAP,31.59
2025-04-04,USA_HAL_PAN,30.01
2025-04-04,USA_HAL_CAP,33.9
2025-05-04,AUS_PAR_PAN,17.51
2025-05-04,AUS_PAR_CAP,15.27
2025-05-04,AUS_VIZ_PAN,16.6
2025-05-04,AUS_VIZ_CAP,19.16
2025-05-04,AUS_DHA_PAN,17.29
2025-05-04,AUS_DHA_CAP,17.28
2025-05-04,AUS_GAN_PAN,14.35
2025-05-04,AUS_GAN_CAP,17.34
2025-05-04,AUS_GOP_PAN,14.96
2025-05-04,AUS_GOP_CAP,16.49
2025-05-04,AUS_HAL_PAN,17.95
2025-05-04,AUS_HAL_CAP,17.15
2025-05-04,IND_PAR_PAN,10.8
2025-05-04,IND_PAR_CAP,11.73
2025-05-04,IND_VIZ_PAN,10.51
2025-05-04,IND_VIZ_CAP,10.8
2025-05-04,IND_DHA_PAN,9.43
2025-05-04,IND_DHA_CAP,8.47
2025-05-04,IND_GAN_PAN,8.53
2025-05-04,IND_GAN_CAP,9.67
2025-05-04,IND_GOP_PAN,9.95
2025-05-04,IND_GOP_CAP,11.44
2025-05-04,IND_HAL_PAN,10.78
2025-05-04,IND_HAL_CAP,8.44
2025-05-04,RUS_PAR_PAN,25.79
2025-05-04,RUS_PAR_CAP,25.15
2025-05-04,RUS_VIZ_PAN,19.74
2025-05-04,RUS_VIZ_CAP,24.7
2025-05-04,RUS_DHA_PAN,19.85
2025-05-04,RUS_DHA_CAP,22.13
2025-05-04,RUS_GAN_PAN,19.76
2025-05-04,RUS_GAN_CAP,19.45
2025-05-04,RUS_GOP_PAN,20.16
2025-05-04,RUS_GOP_CAP,23.58
2025-05-04,RUS_HAL_PAN,25.17
2025-05-04,RUS_HAL_CAP,20.55
2025-05-04,MOZ_PAR_PAN,19.01
2025-05-04,MOZ_PAR_CAP,23.46
2025-05-04,MOZ_VIZ_PAN,22.2
2025-05-04,MOZ_VIZ_CAP,21.51
2025-05-04,MOZ_DHA_PAN,20.79
2025-05-04,MOZ_DHA_CAP,20.38
2025-05-04,MOZ_GAN_PAN,21.36
2025-05-04,MOZ_GAN_CAP,20.69
2025-05-04,MOZ_GOP_PAN,19.81
2025-05-04,MOZ_GOP_CAP,20.88
2025-05-04,MOZ_HAL_PAN,24.32
2025-05-04,MOZ_HAL_CAP,20.66
2025-05-04,USA_PAR_PAN,31.62
2025-05-04,USA_PAR_CAP,32.35
2025-05-04,USA_VIZ_PAN,30.73
2025-05-04,USA_VIZ_CAP,29.35
2025-05-04,USA_DHA_PAN,30.11
2025-05-04,USA_DHA_CAP,36.65
2025-05-04,USA_GAN_PAN,34.93
2025-05-04,USA_GAN_CAP,29.75
2025-05-04,USA_GOP_PAN,32.44
2025-05-04,USA_GOP_CAP,30.67
2025-05-04,USA_HAL_PAN,33.71
2025-05-04,USA_HAL_CAP,32.39
2025-06-03,AUS_PAR_PAN,17.49
2025-06-03,AUS_PAR_CAP,14.69
2025-06-03,AUS_VIZ_PAN,15.55
2025-06-03,AUS_VIZ_CAP,15.29
2025-06-03,AUS_DHA_PAN,19.0
2025-06-03,AUS_DHA_CAP,17.44
2025-06-03,AUS_GAN_PAN,14.8
2025-06-03,AUS_GAN_CAP,14.39
2025-06-03,AUS_GOP_PAN,17.66
2025-06-03,AUS_GOP_CAP,17.74
2025-06-03,AUS_HAL_PAN,16.84
2025-06-03,AUS_HAL_CAP,15.35
2025-06-03,IND_PAR_PAN,10.26
2025-06-03,IND_PAR_CAP,8.2
2025-06-03,IND_VIZ_PAN,9.55
2025-06-03,IND_VIZ_CAP,10.53
2025-06-03,IND_DHA_PAN,9.49
2025-06-03,IND_DHA_CAP,11.68
2025-06-03,IND_GAN_PAN,10.46
2025-06-03,IND_GAN_CAP,9.59
2025-06-03,IND_GOP_PAN,8.94
2025-06-03,IND_GOP_CAP,12.61
2025-06-03,IND_HAL_PAN,11.01
2025-06-03,IND_HAL_CAP,11.42
2025-06-03,RUS_PAR_PAN,24.01
2025-06-03,RUS_PAR_CAP,21.95
2025-06-03,RUS_VIZ_PAN,22.01
2025-06-03,RUS_VIZ_CAP,20.47
2025-06-03,RUS_DHA_PAN,24.72
2025-06-03,RUS_DHA_CAP,21.13
2025-06-03,RUS_GAN_PAN,22.69
2025-06-03,RUS_GAN_CAP,23.27
2025-06-03,RUS_GOP_PAN,20.65
2025-06-03,RUS_GOP_CAP,23.32
2025-06-03,RUS_HAL_PAN,19.51
2025-06-03,RUS_HAL_CAP,20.33
2025-06-03,MOZ_PAR_PAN,19.67
2025-06-03,MOZ_PAR_CAP,20.92
2025-06-03,MOZ_VIZ_PAN,21.41
2025-06-03,MOZ_VIZ_CAP,21.53
2025-06-03,MOZ_DHA_PAN,22.56
2025-06-03,MOZ_DHA_CAP,21.75
2025-06-03,MOZ_GAN_PAN,21.57
2025-06-03,MOZ_GAN_CAP,21.56
2025-06-03,MOZ_GOP_PAN,21.78
2025-06-03,MOZ_GOP_CAP,24.36
2025-06-03,MOZ_HAL_PAN,19.21
2025-06-03,MOZ_HAL_CAP,18.52
2025-06-03,USA_PAR_PAN,34.88
2025-06-03,USA_PAR_CAP,30.25
2025-06-03,USA_VIZ_PAN,34.2
2025-06-03,USA_VIZ_CAP,33.83
2025-06-03,USA_DHA_PAN,33.49
2025-06-03,USA_DHA_CAP,30.17
2025-06-03,USA_GAN_PAN,33.77
2025-06-03,USA_GAN_CAP,33.72
2025-06-03,USA_GOP_PAN,35.7
2025-06-03,USA_GOP_CAP,35.8
2025-06-03,USA_HAL_PAN,36.71
2025-06-03,USA_HAL_CAP,35.12
2025-07-03,AUS_PAR_PAN,16.07
2025-07-03,AUS_PAR_CAP,16.22
2025-07-03,AUS_VIZ_PAN,15.97
2025-07-03,AUS_VIZ_CAP,15.65
2025-07-03,AUS_DHA_PAN,18.94
2025-07-03,AUS_DHA_CAP,16.0
2025-07-03,AUS_GAN_PAN,16.05
2025-07-03,AUS_GAN_CAP,15.47
2025-07-03,AUS_GOP_PAN,15.8
2025-07-03,AUS_GOP_CAP,16.08
2025-07-03,AUS_HAL_PAN,15.67
2025-07-03,AUS_HAL_CAP,16.65
2025-07-03,IND_PAR_PAN,9.6
2025-07-03,IND_PAR_CAP,9.86
2025-07-03,IND_VIZ_PAN,10.44
2025-07-03,IND_VIZ_CAP,9.96
2025-07-03,IND_DHA_PAN,12.55
2025-07-03,IND_DHA_CAP,9.47
2025-07-03,IND_GAN_PAN,12.07
2025-07-03,IND_GAN_CAP,9.84
2025-07-03,IND_GOP_PAN,10.25
2025-07-03,IND_GOP_CAP,9.01
2025-07-03,IND_HAL_PAN,8.78
2025-07-03,IND_HAL_CAP,10.7
2025-07-03,RUS_PAR_PAN,22.99
2025-07-03,RUS_PAR_CAP,20.85
2025-07-03,RUS_VIZ_PAN,25.28
2025-07-03,RUS_VIZ_CAP,24.48
2025-07-03,RUS_DHA_PAN,23.96
2025-07-03,RUS_DHA_CAP,23.1
2025-07-03,RUS_GAN_PAN,25.55
2025-07-03,RUS_GAN_CAP,20.4
2025-07-03,RUS_GOP_PAN,23.93
2025-07-03,RUS_GOP_CAP,21.16
2025-07-03,RUS_HAL_PAN,24.24
2025-07-03,RUS_HAL_CAP,22.13
2025-07-03,MOZ_PAR_PAN,23.3
2025-07-03,MOZ_PAR_CAP,19.74
2025-07-03,MOZ_VIZ_PAN,21.62
2025-07-03,MOZ_VIZ_CAP,21.59
2025-07-03,MOZ_DHA_PAN,21.69
2025-07-03,MOZ_DHA_CAP,21.09
2025-07-03,MOZ_GAN_PAN,18.13
2025-07-03,MOZ_GAN_CAP,22.75
2025-07-03,MOZ_GOP_PAN,20.78
2025-07-03,MOZ_GOP_CAP,22.35
2025-07-03,MOZ_HAL_PAN,21.76
2025-07-03,MOZ_HAL_CAP,17.61
2025-07-03,USA_PAR_PAN,33.42
2025-07-03,USA_PAR_CAP,29.19
2025-07-03,USA_VIZ_PAN,32.45
2025-07-03,USA_VIZ_CAP,33.71
2025-07-03,USA_DHA_PAN,28.96
2025-07-03,USA_DHA_CAP,31.5
2025-07-03,USA_GAN_PAN,30.29
2025-07-03,USA_GAN_CAP,30.77
2025-07-03,USA_GOP_PAN,28.87
2025-07-03,USA_GOP_CAP,31.3
2025-07-03,USA_HAL_PAN,34.21
2025-07-03,USA_HAL_CAP,36.26
2025-08-02,AUS_PAR_PAN,19.53
2025-08-02,AUS_PAR_CAP,18.09
2025-08-02,AUS_VIZ_PAN,17.98
2025-08-02,AUS_VIZ_CAP,15.36
2025-08-02,AUS_DHA_PAN,18.15
2025-08-02,AUS_DHA_CAP,18.31
2025-08-02,AUS_GAN_PAN,14.56
2025-08-02,AUS_GAN_CAP,14.39
2025-08-02,AUS_GOP_PAN,15.8
2025-08-02,AUS_GOP_CAP,15.23
2025-08-02,AUS_HAL_PAN,19.03
2025-08-02,AUS_HAL_CAP,15.41
2025-08-02,IND_PAR_PAN,11.58
2025-08-02,IND_PAR_CAP,10.31
2025-08-02,IND_VIZ_PAN,11.25
2025-08-02,IND_VIZ_CAP,11.66
2025-08-02,IND_DHA_PAN,11.55
2025-08-02,IND_DHA_CAP,9.65
2025-08-02,IND_GAN_PAN,13.01
2025-08-02,IND_GAN_CAP,10.6
2025-08-02,IND_GOP_PAN,12.33
2025-08-02,IND_GOP_CAP,10.41
2025-08-02,IND_HAL_PAN,10.64
2025-08-02,IND_HAL_CAP,9.48
2025-08-02,RUS_PAR_PAN,22.13
2025-08-02,RUS_PAR_CAP,24.17
2025-08-02,RUS_VIZ_PAN,23.1
2025-08-02,RUS_VIZ_CAP,22.54
2025-08-02,RUS_DHA_PAN,24.15
2025-08-02,RUS_DHA_CAP,22.7
2025-08-02,RUS_GAN_PAN,18.08
2025-08-02,RUS_GAN_CAP,21.97
2025-08-02,RUS_GOP_PAN,21.77
2025-08-02,RUS_GOP_CAP,19.22
2025-08-02,RUS_HAL_PAN,21.3
2025-08-02,RUS_HAL_CAP,20.94
2025-08-02,MOZ_PAR_PAN,21.72
2025-08-02,MOZ_PAR_CAP,21.36
2025-08-02,MOZ_VIZ_PAN,22.0
2025-08-02,MOZ_VIZ_CAP,19.42
2025-08-02,MOZ_DHA_PAN,18.34
2025-08-02,MOZ_DHA_CAP,23.46
2025-08-02,MOZ_GAN_PAN,23.14
2025-08-02,MOZ_GAN_CAP,20.73
2025-08-02,MOZ_GOP_PAN,19.46
2025-08-02,MOZ_GOP_CAP,20.33
2025-08-02,MOZ_HAL_PAN,19.06
2025-08-02,MOZ_HAL_CAP,20.22
2025-08-02,USA_PAR_PAN,28.33
2025-08-02,USA_PAR_CAP,34.74
2025-08-02,USA_VIZ_PAN,35.73
2025-08-02,USA_VIZ_CAP,30.48
2025-08-02,USA_DHA_PAN,30.23
2025-08-02,USA_DHA_CAP,30.55
2025-08-02,USA_GAN_PAN,30.83
2025-08-02,USA_GAN_CAP,31.1
2025-08-02,USA_GOP_PAN,30.86
2025-08-02,USA_GOP_CAP,28.32
2025-08-02,USA_HAL_PAN,27.73
2025-08-02,USA_HAL_CAP,31.25
2025-09-01,AUS_PAR_PAN,15.05
2025-09-01,AUS_PAR_CAP,16.15
2025-09-01,AUS_VIZ_PAN,15.08
2025-09-01,AUS_VIZ_CAP,16.0
2025-09-01,AUS_DHA_PAN,16.36
2025-09-01,AUS_DHA_CAP,14.46
2025-09-01,AUS_GAN_PAN,15.27
2025-09-01,AUS_GAN_CAP,15.4
2025-09-01,AUS_GOP_PAN,15.72
2025-09-01,AUS_GOP_CAP,15.94
2025-09-01,AUS_HAL_PAN,17.25
2025-09-01,AUS_HAL_CAP,16.12
2025-09-01,IND_PAR_PAN,11.79
2025-09-01,IND_PAR_CAP,10.21
2025-09-01,IND_VIZ_PAN,10.19
2025-09-01,IND_VIZ_CAP,9.17
2025-09-01,IND_DHA_PAN,10.93
2025-09-01,IND_DHA_CAP,11.05
2025-09-01,IND_GAN_PAN,11.53
2025-09-01,IND_GAN_CAP,12.68
2025-09-01,IND_GOP_PAN,10.86
2025-09-01,IND_GOP_CAP,9.31
2025-09-01,IND_HAL_PAN,11.6
2025-09-01,IND_HAL_CAP,10.73
2025-09-01,RUS_PAR_PAN,22.24
2025-09-01,RUS_PAR_CAP,21.9
2025-09-01,RUS_VIZ_PAN,23.73
2025-09-01,RUS_VIZ_CAP,22.73
2025-09-01,RUS_DHA_PAN,23.35
2025-09-01,RUS_DHA_CAP,23.63
2025-09-01,RUS_GAN_PAN,22.5
2025-09-01,RUS_GAN_CAP,25.83
2025-09-01,RUS_GOP_PAN,22.25
2025-09-01,RUS_GOP_CAP,20.6
2025-09-01,RUS_HAL_PAN,18.83
2025-09-01,RUS_HAL_CAP,23.45
2025-09-01,MOZ_PAR_PAN,22.65
2025-09-01,MOZ_PAR_CAP,23.61
2025-09-01,MOZ_VIZ_PAN,22.05
2025-09-01,MOZ_VIZ_CAP,20.78
2025-09-01,MOZ_DHA_PAN,18.7
2025-09-01,MOZ_DHA_CAP,23.76
2025-09-01,MOZ_GAN_PAN,18.75
2025-09-01,MOZ_GAN_CAP,18.39
2025-09-01,MOZ_GOP_PAN,23.27
2025-09-01,MOZ_GOP_CAP,22.33
2025-09-01,MOZ_HAL_PAN,21.57
2025-09-01,MOZ_HAL_CAP,23.58
2025-09-01,USA_PAR_PAN,35.19
2025-09-01,USA_PAR_CAP,35.77
2025-09-01,USA_VIZ_PAN,29.17
2025-09-01,USA_VIZ_CAP,31.74
2025-09-01,USA_DHA_PAN,35.01
2025-09-01,USA_DHA_CAP,36.15
2025-09-01,USA_GAN_PAN,29.09
2025-09-01,USA_GAN_CAP,30.73
2025-09-01,USA_GOP_PAN,31.5
2025-09-01,USA_GOP_CAP,31.06
2025-09-01,USA_HAL_PAN,29.77
2025-09-01,USA_HAL_CAP,33.9
2025-10-01,AUS_PAR_PAN,16.08
2025-10-01,AUS_PAR_CAP,13.88
2025-10-01,AUS_VIZ_PAN,19.44
2025-10-01,AUS_VIZ_CAP,15.28
2025-10-01,AUS_DHA_PAN,17.65
2025-10-01,AUS_DHA_CAP,15.79
2025-10-01,AUS_GAN_PAN,19.24
2025-10-01,AUS_GAN_CAP,18.04
2025-10-01,AUS_GOP_PAN,16.11
2025-10-01,AUS_GOP_CAP,16.57
2025-10-01,AUS_HAL_PAN,17.87
2025-10-01,AUS_HAL_CAP,17.28
2025-10-01,IND_PAR_PAN,9.52
2025-10-01,IND_PAR_CAP,10.44
2025-10-01,IND_VIZ_PAN,9.96
2025-10-01,IND_VIZ_CAP,9.82
2025-10-01,IND_DHA_PAN,8.42
2025-10-01,IND_DHA_CAP,12.53
2025-10-01,IND_GAN_PAN,9.7
2025-10-01,IND_GAN_CAP,9.19
2025-10-01,IND_GOP_PAN,10.57
2025-10-01,IND_GOP_CAP,9.53
2025-10-01,IND_HAL_PAN,11.25
2025-10-01,IND_HAL_CAP,9.64
2025-10-01,RUS_PAR_PAN,22.8
2025-10-01,RUS_PAR_CAP,22.52
2025-10-01,RUS_VIZ_PAN,24.82
2025-10-01,RUS_VIZ_CAP,21.0
2025-10-01,RUS_DHA_PAN,22.35
2025-10-01,RUS_DHA_CAP,22.72
2025-10-01,RUS_GAN_PAN,21.63
2025-10-01,RUS_GAN_CAP,22.59
2025-10-01,RUS_GOP_PAN,23.68
2025-10-01,RUS_GOP_CAP,20.19
2025-10-01,RUS_HAL_PAN,21.45
2025-10-01,RUS_HAL_CAP,25.2
2025-10-01,MOZ_PAR_PAN,21.12
2025-10-01,MOZ_PAR_CAP,17.84
2025-10-01,MOZ_VIZ_PAN,22.29
2025-10-01,MOZ_VIZ_CAP,24.06
2025-10-01,MOZ_DHA_PAN,20.62
2025-10-01,MOZ_DHA_CAP,21.64
2025-10-01,MOZ_GAN_PAN,23.23
2025-10-01,MOZ_GAN_CAP,22.93
2025-10-01,MOZ_GOP_PAN,21.19
2025-10-01,MOZ_GOP_CAP,23.11
2025-10-01,MOZ_HAL_PAN,18.11
2025-10-01,MOZ_HAL_CAP,20.6
2025-10-01,USA_PAR_PAN,34.16
2025-10-01,USA_PAR_CAP,32.61
2025-10-01,USA_VIZ_PAN,32.35
2025-10-01,USA_VIZ_CAP,35.83
2025-10-01,USA_DHA_PAN,29.72
2025-10-01,USA_DHA_CAP,36.48
2025-10-01,USA_GAN_PAN,33.43
2025-10-01,USA_GAN_CAP,34.13
2025-10-01,USA_GOP_PAN,31.05
2025-10-01,USA_GOP_CAP,34.26
2025-10-01,USA_HAL_PAN,30.88
2025-10-01,USA_HAL_CAP,31.56
2025-10-31,AUS_PAR_PAN,15.62
2025-10-31,AUS_PAR_CAP,17.43
2025-10-31,AUS_VIZ_PAN,17.46
2025-10-31,AUS_VIZ_CAP,16.4
2025-10-31,AUS_DHA_PAN,16.47
2025-10-31,AUS_DHA_CAP,18.33
2025-10-31,AUS_GAN_PAN,15.2
2025-10-31,AUS_GAN_CAP,14.79
2025-10-31,AUS_GOP_PAN,18.06
2025-10-31,AUS_GOP_CAP,15.42
2025-10-31,AUS_HAL_PAN,18.39
2025-10-31,AUS_HAL_CAP,19.43
2025-10-31,IND_PAR_PAN,12.35
2025-10-31,IND_PAR_CAP,8.6
2025-10-31,IND_VIZ_PAN,9.64
2025-10-31,IND_VIZ_CAP,12.68
2025-10-31,IND_DHA_PAN,10.35
2025-10-31,IND_DHA_CAP,11.07
2025-10-31,IND_GAN_PAN,9.94
2025-10-31,IND_GAN_CAP,11.99
2025-10-31,IND_GOP_PAN,11.37
2025-10-31,IND_GOP_CAP,10.04
2025-10-31,IND_HAL_PAN,11.16
2025-10-31,IND_HAL_CAP,9.62
2025-10-31,RUS_PAR_PAN,22.09
2025-10-31,RUS_PAR_CAP,23.23
2025-10-31,RUS_VIZ_PAN,21.59
2025-10-31,RUS_VIZ_CAP,21.68
2025-10-31,RUS_DHA_PAN,21.46
2025-10-31,RUS_DHA_CAP,21.62
2025-10-31,RUS_GAN_PAN,20.85
2025-10-31,RUS_GAN_CAP,21.63
2025-10-31,RUS_GOP_PAN,24.99
2025-10-31,RUS_GOP_CAP,23.69
2025-10-31,RUS_HAL_PAN,24.95
2025-10-31,RUS_HAL_CAP,23.39
2025-10-31,MOZ_PAR_PAN,21.24
2025-10-31,MOZ_PAR_CAP,21.9
2025-10-31,MOZ_VIZ_PAN,20.23
2025-10-31,MOZ_VIZ_CAP,18.04
2025-10-31,MOZ_DHA_PAN,21.75
2025-10-31,MOZ_DHA_CAP,24.05
2025-10-31,MOZ_GAN_PAN,22.41
2025-10-31,MOZ_GAN_CAP,23.59
2025-10-31,MOZ_GOP_PAN,19.74
2025-10-31,MOZ_GOP_CAP,23.85
2025-10-31,MOZ_HAL_PAN,20.39
2025-10-31,MOZ_HAL_CAP,18.35
2025-10-31,USA_PAR_PAN,32.07
2025-10-31,USA_PAR_CAP,35.39
2025-10-31,USA_VIZ_PAN,33.59
2025-10-31,USA_VIZ_CAP,35.09
2025-10-31,USA_DHA_PAN,30.06
2025-10-31,USA_DHA_CAP,37.81
2025-10-31,USA_GAN_PAN,28.09
2025-10-31,USA_GAN_CAP,31.94
2025-10-31,USA_GOP_PAN,31.71
2025-10-31,USA_GOP_CAP,35.03
2025-10-31,USA_HAL_PAN,30.44
2025-10-31,USA_HAL_CAP,28.23
