timestamp,port_id,latitude,longitude,wind_speed,wave_height,wave_period,precipitation,pressure,storm_flag,cyclone_flag
2020-01-01,DHA,20.7833,86.9167,24.3,1.93,5.9,7.2,1005.3,0,0
2020-01-08,DHA,20.7833,86.9167,14.8,1.75,9.3,16.6,1011.7,0,0
2020-01-15,DHA,20.7833,86.9167,12.9,1.66,9.3,1.3,1015.1,0,0
2020-01-22,DHA,20.7833,86.9167,15.2,1.31,6.4,5.9,1008.0,0,0
2020-01-29,DHA,20.7833,86.9167,18.7,1.49,8.0,7.9,1010.4,0,0
2020-02-05,DHA,20.7833,86.9167,13.1,1.58,10.0,18.9,1018.8,0,0
2020-02-12,DHA,20.7833,86.9167,14.3,1.61,7.8,10.3,1010.6,0,0
2020-02-19,DHA,20.7833,86.9167,12.8,1.52,5.8,6.0,1009.1,0,0
2020-02-26,DHA,20.7833,86.9167,14.5,1.29,9.9,11.6,1011.1,0,0
2020-03-04,DHA,20.7833,86.9167,14.9,1.08,6.6,13.4,1015.1,0,0
2020-03-11,DHA,20.7833,86.9167,11.4,1.44,8.3,11.0,1015.0,0,0
2020-03-18,DHA,20.7833,86.9167,13.6,1.44,6.7,18.7,1012.1,0,0
2020-03-25,DHA,20.7833,86.9167,13.4,1.73,9.2,0.1,1010.8,0,0
2020-04-01,DHA,20.7833,86.9167,15.4,1.14,7.0,0,1011.1,0,0
2020-04-08,DHA,20.7833,86.9167,14.3,1.18,10.6,8.1,1018.0,0,0
2020-04-15,DHA,20.7833,86.9167,14.6,0.99,8.9,25.4,1013.7,0,0
2020-04-22,DHA,20.7833,86.9167,13.5,1.23,7.9,4.1,1009.8,0,0
2020-04-29,DHA,20.7833,86.9167,18.7,2.17,6.2,0,1012.4,0,0
2020-05-06,DHA,20.7833,86.9167,17.6,0.97,10.7,9.8,1017.0,0,0
2020-05-13,DHA,20.7833,86.9167,15.4,1.82,7.6,0,1018.0,0,0
2020-05-20,DHA,20.7833,86.9167,22.3,1.63,7.6,17.9,1014.1,0,0
2020-05-27,DHA,20.7833,86.9167,11.8,0.79,6.6,11.1,1009.8,0,0
2020-06-03,DHA,20.7833,86.9167,31.1,2.3,7.5,56.2,998.7,0,0
2020-06-10,DHA,20.7833,86.9167,29.3,2.48,9.1,85.5,1005.4,0,0
2020-06-17,DHA,20.7833,86.9167,25.3,2.0,5.8,28.9,1002.6,0,0
2020-06-24,DHA,20.7833,86.9167,13.7,2.18,8.9,51.3,1004.6,0,0
2020-07-01,DHA,20.7833,86.9167,36.2,2.45,8.1,29.6,1001.4,0,0
2020-07-08,DHA,20.7833,86.9167,28.7,1.74,5.4,103.1,1000.9,0,0
2020-07-15,DHA,20.7833,86.9167,33.4,2.79,9.7,59.7,1006.6,0,0
2020-07-22,DHA,20.7833,86.9167,30.7,2.49,9.8,42.1,1007.2,0,0
2020-07-29,DHA,20.7833,86.9167,27.1,2.39,8.4,92.3,993.8,0,0
2020-08-05,DHA,20.7833,86.9167,23.6,3.0,6.8,66.8,995.5,0,0
2020-08-12,DHA,20.7833,86.9167,21.4,1.85,10.1,74.3,1007.8,0,0
2020-08-19,DHA,20.7833,86.9167,19.2,2.39,10.8,54.6,999.7,0,0
2020-08-26,DHA,20.7833,86.9167,27.6,2.22,5.3,72.7,997.4,0,0
2020-09-02,DHA,20.7833,86.9167,23.0,2.39,10.9,39.7,993.8,0,0
2020-09-09,DHA,20.7833,86.9167,27.8,2.07,9.3,78.3,1007.0,0,0
2020-09-16,DHA,20.7833,86.9167,13.5,2.11,8.8,94.9,1009.5,0,0
2020-09-23,DHA,20.7833,86.9167,30.5,1.48,9.7,23.2,1004.3,0,0
2020-09-30,DHA,20.7833,86.9167,23.1,2.59,9.4,75.7,1006.0,0,0
2020-10-07,DHA,20.7833,86.9167,69.8,4.62,11.0,6.9,979.6,0,1
2020-10-14,DHA,20.7833,86.9167,16.1,2.48,6.9,21.8,1011.7,0,0
2020-10-21,DHA,20.7833,86.9167,12.1,1.03,8.8,15.1,1019.0,0,0
2020-10-28,DHA,20.7833,86.9167,16.7,1.44,7.7,11.4,1015.6,0,0
2020-11-04,DHA,20.7833,86.9167,13.3,1.5,8.8,0,1020.7,0,0
2020-11-11,DHA,20.7833,86.9167,15.1,2.08,7.5,7.9,1015.0,0,0
2020-11-18,DHA,20.7833,86.9167,15.9,1.58,8.5,0,1011.9,0,0
2020-11-25,DHA,20.7833,86.9167,19.3,1.34,9.5,9.0,1019.7,0,0
2020-12-02,DHA,20.7833,86.9167,21.0,0.94,9.6,13.3,1010.9,0,0
2020-12-09,DHA,20.7833,86.9167,13.2,1.24,10.9,16.5,1008.6,0,0
2020-12-16,DHA,20.7833,86.9167,13.3,1.6,9.9,0.2,1008.9,0,0
2020-12-23,DHA,20.7833,86.9167,15.0,1.46,10.1,1.4,1014.3,0,0
2020-12-30,DHA,20.7833,86.9167,17.9,1.59,5.6,5.6,1011.1,0,0
2021-01-06,DHA,20.7833,86.9167,15.9,0.27,8.1,0.3,1011.7,0,0
2021-01-13,DHA,20.7833,86.9167,12.9,1.36,9.2,8.5,1009.3,0,0
2021-01-20,DHA,20.7833,86.9167,13.4,1.24,7.0,15.6,1008.0,0,0
2021-01-27,DHA,20.7833,86.9167,10.4,1.08,6.5,2.6,1009.4,0,0
2021-02-03,DHA,20.7833,86.9167,12.3,0.97,6.1,9.0,1009.8,0,0
2021-02-10,DHA,20.7833,86.9167,14.6,2.22,9.5,6.7,1015.2,0,0
2021-02-17,DHA,20.7833,86.9167,12.2,1.8,8.0,12.9,1013.7,0,0
2021-02-24,DHA,20.7833,86.9167,14.9,1.12,8.3,11.2,1019.3,0,0
2021-03-03,DHA,20.7833,86.9167,15.3,1.6,10.9,11.5,1017.6,0,0
2021-03-10,DHA,20.7833,86.9167,15.6,1.65,10.2,5.2,1012.8,0,0
2021-03-17,DHA,20.7833,86.9167,13.6,1.23,9.6,1.1,1009.2,0,0
2021-03-24,DHA,20.7833,86.9167,17.4,2.09,10.9,1.4,1013.7,0,0
2021-03-31,DHA,20.7833,86.9167,17.9,1.56,5.6,12.5,1015.2,0,0
2021-04-07,DHA,20.7833,86.9167,22.8,1.21,10.8,18.9,1014.1,0,0
2021-04-14,DHA,20.7833,86.9167,15.7,1.27,10.8,16.5,1012.5,0,0
2021-04-21,DHA,20.7833,86.9167,18.3,2.13,5.5,0,1007.6,0,0
2021-04-28,DHA,20.7833,86.9167,10.3,1.56,5.1,11.6,1019.6,0,0
2021-05-05,DHA,20.7833,86.9167,17.6,1.57,5.3,8.4,1001.8,0,0
2021-05-12,DHA,20.7833,86.9167,16.6,0.89,6.4,5.1,1008.8,0,0
2021-05-19,DHA,20.7833,86.9167,16.4,1.71,5.6,1.4,1017.2,0,0
2021-05-26,DHA,20.7833,86.9167,6.7,1.44,7.6,16.4,1017.2,0,0
2021-06-02,DHA,20.7833,86.9167,31.7,2.76,10.3,47.8,995.6,0,0
2021-06-09,DHA,20.7833,86.9167,25.4,2.09,10.4,73.9,1002.0,0,0
2021-06-16,DHA,20.7833,86.9167,25.4,2.04,7.0,72.3,1012.8,0,0
2021-06-23,DHA,20.7833,86.9167,32.7,2.81,9.4,60.6,1005.3,0,0
2021-06-30,DHA,20.7833,86.9167,27.7,2.13,7.8,83.5,1005.1,0,0
2021-07-07,DHA,20.7833,86.9167,26.2,2.04,6.9,56.5,1005.6,0,0
2021-07-14,DHA,20.7833,86.9167,26.1,2.1,7.5,96.4,999.9,0,0
2021-07-21,DHA,20.7833,86.9167,26.8,2.58,8.2,53.7,1000.3,0,0
2021-07-28,DHA,20.7833,86.9167,27.2,2.23,10.6,26.7,1004.6,0,0
2021-08-04,DHA,20.7833,86.9167,24.4,1.84,8.1,52.3,1001.7,0,0
2021-08-11,DHA,20.7833,86.9167,35.2,2.62,8.4,67.1,999.1,0,0
2021-08-18,DHA,20.7833,86.9167,28.7,3.17,6.5,94.9,1000.0,0,0
2021-08-25,DHA,20.7833,86.9167,31.9,2.2,10.4,67.9,1010.0,0,0
2021-09-01,DHA,20.7833,86.9167,22.9,2.39,8.9,43.6,1004.8,0,0
2021-09-08,DHA,20.7833,86.9167,20.7,3.17,6.2,57.0,1012.1,0,0
2021-09-15,DHA,20.7833,86.9167,29.3,2.93,9.2,62.9,1002.9,0,0
2021-09-22,DHA,20.7833,86.9167,29.9,2.61,6.6,45.5,1004.2,0,0
2021-09-29,DHA,20.7833,86.9167,27.8,3.29,6.3,63.7,1008.8,0,0
2021-10-06,DHA,20.7833,86.9167,16.6,1.17,10.6,6.2,1013.9,0,0
2021-10-13,DHA,20.7833,86.9167,18.5,2.27,9.4,0.9,1013.4,0,0
2021-10-20,DHA,20.7833,86.9167,15.2,1.14,10.4,7.0,1021.5,0,0
2021-10-27,DHA,20.7833,86.9167,13.2,1.71,5.5,1.3,1010.4,0,0
2021-11-03,DHA,20.7833,86.9167,19.4,1.53,7.1,0,1014.0,0,0
2021-11-10,DHA,20.7833,86.9167,64.1,4.75,10.0,0,986.3,0,1
2021-11-17,DHA,20.7833,86.9167,10.4,1.89,6.1,6.1,1013.8,0,0
2021-11-24,DHA,20.7833,86.9167,17.5,0.8,6.5,10.8,1005.1,0,0
2021-12-01,DHA,20.7833,86.9167,11.3,1.71,8.4,0,1012.4,0,0
2021-12-08,DHA,20.7833,86.9167,17.7,1.87,6.3,0,1006.6,0,0
2021-12-15,DHA,20.7833,86.9167,17.9,1.37,9.5,13.2,1010.8,0,0
2021-12-22,DHA,20.7833,86.9167,13.4,1.83,8.1,1.4,1014.2,0,0
2021-12-29,DHA,20.7833,86.9167,13.1,1.86,10.7,14.7,1014.5,0,0
2022-01-05,DHA,20.7833,86.9167,21.9,0.82,7.3,11.6,1018.2,0,0
2022-01-12,DHA,20.7833,86.9167,21.4,1.13,5.4,18.2,1011.0,0,0
2022-01-19,DHA,20.7833,86.9167,16.3,1.74,5.9,12.5,1017.7,0,0
2022-01-26,DHA,20.7833,86.9167,15.2,2.01,7.2,15.1,1015.3,0,0
2022-02-02,DHA,20.7833,86.9167,14.3,1.59,10.3,0,1014.0,0,0
2022-02-09,DHA,20.7833,86.9167,17.7,0.81,10.7,0,1012.2,0,0
2022-02-16,DHA,20.7833,86.9167,11.3,1.28,7.0,12.0,1008.7,0,0
2022-02-23,DHA,20.7833,86.9167,19.6,1.61,5.0,2.5,1017.2,0,0
2022-03-02,DHA,20.7833,86.9167,14.6,1.18,6.2,11.7,1013.7,0,0
2022-03-09,DHA,20.7833,86.9167,8.4,1.48,9.7,5.6,1016.5,0,0
2022-03-16,DHA,20.7833,86.9167,24.3,1.18,10.2,15.3,1016.3,0,0
2022-03-23,DHA,20.7833,86.9167,26.6,1.62,10.4,5.5,1007.5,0,0
2022-03-30,DHA,20.7833,86.9167,16.9,1.14,5.6,9.0,1014.2,0,0
2022-04-06,DHA,20.7833,86.9167,21.2,0.72,6.2,8.4,1011.7,0,0
2022-04-13,DHA,20.7833,86.9167,21.9,1.82,7.9,14.5,1012.9,0,0
2022-04-20,DHA,20.7833,86.9167,11.1,2.09,9.8,4.0,1007.1,0,0
2022-04-27,DHA,20.7833,86.9167,21.9,2.26,6.5,2.6,1013.0,0,0
2022-05-04,DHA,20.7833,86.9167,14.8,1.83,7.7,5.0,1012.2,0,0
2022-05-11,DHA,20.7833,86.9167,19.5,1.52,10.5,16.8,1013.1,0,0
2022-05-18,DHA,20.7833,86.9167,17.4,1.26,8.1,12.6,1014.1,0,0
2022-05-25,DHA,20.7833,86.9167,26.6,1.42,8.5,11.0,1011.0,0,0
2022-06-01,DHA,20.7833,86.9167,26.9,2.7,9.2,53.7,1003.3,0,0
2022-06-08,DHA,20.7833,86.9167,25.1,2.62,7.9,62.6,995.6,0,0
2022-06-15,DHA,20.7833,86.9167,16.5,3.21,8.7,75.0,1003.7,0,0
2022-06-22,DHA,20.7833,86.9167,31.9,2.7,9.7,103.7,1007.0,0,0
2022-06-29,DHA,20.7833,86.9167,26.1,3.39,9.9,41.0,1001.2,0,0
2022-07-06,DHA,20.7833,86.9167,32.5,1.81,7.0,88.5,1005.2,0,0
2022-07-13,DHA,20.7833,86.9167,21.2,2.63,9.5,60.5,1006.4,0,0
2022-07-20,DHA,20.7833,86.9167,25.6,2.57,7.4,56.6,1006.3,0,0
2022-07-27,DHA,20.7833,86.9167,33.7,1.95,6.1,70.7,1011.0,0,0
2022-08-03,DHA,20.7833,86.9167,25.9,2.59,9.4,80.8,1001.6,0,0
2022-08-10,DHA,20.7833,86.9167,32.1,2.32,9.4,54.5,1008.8,0,0
2022-08-17,DHA,20.7833,86.9167,22.9,1.91,9.3,97.8,1004.2,0,0
2022-08-24,DHA,20.7833,86.9167,29.4,3.05,8.0,86.3,1007.2,0,0
2022-08-31,DHA,20.7833,86.9167,25.3,2.72,9.0,26.8,1001.2,0,0
2022-09-07,DHA,20.7833,86.9167,27.4,2.72,8.5,45.2,1003.6,0,0
2022-09-14,DHA,20.7833,86.9167,23.0,2.39,8.0,99.1,1000.2,0,0
2022-09-21,DHA,20.7833,86.9167,34.0,2.34,10.6,49.7,1007.8,0,0
2022-09-28,DHA,20.7833,86.9167,22.8,2.01,6.8,0,992.2,0,0
2022-10-05,DHA,20.7833,86.9167,18.9,1.53,5.5,9.1,1012.1,0,0
2022-10-12,DHA,20.7833,86.9167,15.5,1.62,7.2,1.2,1012.5,0,0
2022-10-19,DHA,20.7833,86.9167,20.7,1.57,6.0,8.0,1009.8,0,0
2022-10-26,DHA,20.7833,86.9167,15.7,1.79,9.4,16.0,1013.9,0,0
2022-11-02,DHA,20.7833,86.9167,16.7,0.82,8.5,12.0,1019.3,0,0
2022-11-09,DHA,20.7833,86.9167,12.0,1.23,10.1,7.4,1011.5,0,0
2022-11-16,DHA,20.7833,86.9167,24.9,1.29,10.0,5.1,1019.1,0,0
2022-11-23,DHA,20.7833,86.9167,16.8,1.76,5.4,0,1017.6,0,0
2022-11-30,DHA,20.7833,86.9167,44.7,5.87,8.0,6.4,985.5,0,1
2022-12-07,DHA,20.7833,86.9167,23.7,1.67,9.9,10.9,1014.4,0,0
2022-12-14,DHA,20.7833,86.9167,13.8,1.67,5.5,7.9,1015.7,0,0
2022-12-21,DHA,20.7833,86.9167,13.4,1.74,9.5,7.2,1017.0,0,0
2022-12-28,DHA,20.7833,86.9167,21.5,1.19,6.6,5.4,1010.7,0,0
2023-01-04,DHA,20.7833,86.9167,20.5,1.58,11.0,13.8,1007.2,0,0
2023-01-11,DHA,20.7833,86.9167,12.0,1.04,10.7,4.7,1008.1,0,0
2023-01-18,DHA,20.7833,86.9167,15.7,1.17,9.9,11.2,1009.1,0,0
2023-01-25,DHA,20.7833,86.9167,15.3,2.19,10.0,12.0,1015.7,0,0
2023-02-01,DHA,20.7833,86.9167,13.6,1.48,7.6,16.4,1017.1,0,0
2023-02-08,DHA,20.7833,86.9167,12.1,1.3,9.5,9.6,1012.4,0,0
2023-02-15,DHA,20.7833,86.9167,21.0,1.57,5.0,9.7,1014.7,0,0
2023-02-22,DHA,20.7833,86.9167,4.5,1.26,5.7,10.4,1008.1,0,0
2023-03-01,DHA,20.7833,86.9167,9.6,1.31,7.6,4.3,1015.8,0,0
2023-03-08,DHA,20.7833,86.9167,18.8,1.39,10.9,0,1012.6,0,0
2023-03-15,DHA,20.7833,86.9167,24.9,1.56,8.5,11.8,1011.6,0,0
2023-03-22,DHA,20.7833,86.9167,11.9,1.52,8.3,10.9,1019.8,0,0
2023-03-29,DHA,20.7833,86.9167,12.1,1.38,5.0,16.7,1008.8,0,0
2023-04-05,DHA,20.7833,86.9167,38.4,2.55,9.0,2.5,1005.5,1,0
2023-04-12,DHA,20.7833,86.9167,20.5,1.06,5.2,8.6,1011.2,0,0
2023-04-19,DHA,20.7833,86.9167,16.0,1.31,6.0,8.5,1011.5,0,0
2023-04-26,DHA,20.7833,86.9167,18.8,1.63,8.6,12.8,1016.3,0,0
2023-05-03,DHA,20.7833,86.9167,17.8,1.8,10.6,0,1006.5,0,0
2023-05-10,DHA,20.7833,86.9167,16.9,1.15,8.6,4.9,1006.3,0,0
2023-05-17,DHA,20.7833,86.9167,15.6,1.76,9.7,9.4,1014.4,0,0
2023-05-24,DHA,20.7833,86.9167,10.4,0.91,6.2,5.6,1016.8,0,0
2023-05-31,DHA,20.7833,86.9167,14.3,1.32,5.4,0.4,1014.9,0,0
2023-06-07,DHA,20.7833,86.9167,27.6,2.68,9.9,50.9,1008.3,0,0
2023-06-14,DHA,20.7833,86.9167,18.6,2.46,5.9,36.6,1002.2,0,0
2023-06-21,DHA,20.7833,86.9167,29.6,1.56,5.3,38.8,1001.5,0,0
2023-06-28,DHA,20.7833,86.9167,31.7,2.54,9.6,14.7,1004.3,0,0
2023-07-05,DHA,20.7833,86.9167,21.3,2.37,9.8,39.2,1005.7,0,0
2023-07-12,DHA,20.7833,86.9167,19.0,1.36,8.1,35.0,998.7,0,0
2023-07-19,DHA,20.7833,86.9167,21.6,2.58,10.5,40.8,1004.1,0,0
2023-07-26,DHA,20.7833,86.9167,29.7,2.53,10.7,55.7,1008.3,0,0
2023-08-02,DHA,20.7833,86.9167,22.3,3.1,9.2,102.1,1008.0,0,0
2023-08-09,DHA,20.7833,86.9167,30.1,2.53,7.4,54.1,1007.3,0,0
2023-08-16,DHA,20.7833,86.9167,18.1,1.82,5.2,84.7,1001.4,0,0
2023-08-23,DHA,20.7833,86.9167,24.0,1.71,7.9,74.4,1002.0,0,0
2023-08-30,DHA,20.7833,86.9167,23.5,2.66,10.7,69.0,1009.1,0,0
2023-09-06,DHA,20.7833,86.9167,29.7,2.26,8.6,71.6,1007.5,0,0
2023-09-13,DHA,20.7833,86.9167,29.1,1.84,7.1,53.5,1002.6,0,0
2023-09-20,DHA,20.7833,86.9167,24.8,2.46,6.3,66.4,1009.8,0,0
2023-09-27,DHA,20.7833,86.9167,20.9,2.36,8.7,76.9,1000.3,0,0
2023-10-04,DHA,20.7833,86.9167,17.3,1.99,5.6,7.0,1009.0,0,0
2023-10-11,DHA,20.7833,86.9167,16.9,0.94,5.3,2.3,1005.1,0,0
2023-10-18,DHA,20.7833,86.9167,20.4,1.23,6.6,7.2,1013.4,0,0
2023-10-25,DHA,20.7833,86.9167,19.7,0.93,5.1,14.1,1016.9,0,0
2023-11-01,DHA,20.7833,86.9167,23.3,1.96,8.2,5.7,1012.9,0,0
2023-11-08,DHA,20.7833,86.9167,16.9,1.59,6.0,2.5,1008.3,0,0
2023-11-15,DHA,20.7833,86.9167,24.8,1.92,10.4,6.8,1007.7,0,0
2023-11-22,DHA,20.7833,86.9167,8.3,1.75,7.2,15.1,1010.7,0,0
2023-11-29,DHA,20.7833,86.9167,15.6,1.46,8.9,10.6,1012.2,0,0
2023-12-06,DHA,20.7833,86.9167,13.5,0.71,6.5,2.4,1007.9,0,0
2023-12-13,DHA,20.7833,86.9167,11.4,1.79,8.3,8.9,1018.1,0,0
2023-12-20,DHA,20.7833,86.9167,12.6,1.49,6.2,0,1010.4,0,0
2023-12-27,DHA,20.7833,86.9167,13.7,1.19,9.7,16.4,1018.6,0,0
2024-01-03,DHA,20.7833,86.9167,20.9,1.84,7.8,10.0,1004.0,0,0
2024-01-10,DHA,20.7833,86.9167,15.5,0.8,5.9,14.1,1019.3,0,0
2024-01-17,DHA,20.7833,86.9167,12.0,1.3,8.3,9.4,1016.8,0,0
2024-01-24,DHA,20.7833,86.9167,15.5,1.43,5.1,2.5,1014.5,0,0
2024-01-31,DHA,20.7833,86.9167,14.9,1.58,7.6,10.9,1025.5,0,0
2024-02-07,DHA,20.7833,86.9167,27.3,1.76,8.7,12.8,1014.3,0,0
2024-02-14,DHA,20.7833,86.9167,9.8,1.37,8.7,1.9,1008.3,0,0
2024-02-21,DHA,20.7833,86.9167,16.1,1.08,8.1,3.1,1015.4,0,0
2024-02-28,DHA,20.7833,86.9167,16.1,1.39,6.3,2.7,1007.5,0,0
2024-03-06,DHA,20.7833,86.9167,17.6,1.89,5.1,9.0,1012.4,0,0
2024-03-13,DHA,20.7833,86.9167,15.0,0.67,10.5,7.5,1021.5,0,0
2024-03-20,DHA,20.7833,86.9167,13.5,1.36,7.7,5.3,1013.5,0,0
2024-03-27,DHA,20.7833,86.9167,18.8,1.67,5.1,11.6,1011.9,0,0
2024-04-03,DHA,20.7833,86.9167,17.2,1.93,9.6,12.3,1007.6,0,0
2024-04-10,DHA,20.7833,86.9167,17.0,1.33,8.0,1.0,1010.4,0,0
2024-04-17,DHA,20.7833,86.9167,10.0,1.53,8.0,0,1014.3,0,0
2024-04-24,DHA,20.7833,86.9167,14.1,1.41,8.6,13.1,1016.2,0,0
2024-05-01,DHA,20.7833,86.9167,19.6,1.78,6.4,6.8,1011.7,0,0
2024-05-08,DHA,20.7833,86.9167,20.7,0.88,6.5,7.1,1015.1,0,0
2024-05-15,DHA,20.7833,86.9167,13.0,1.63,10.6,18.3,1012.2,0,0
2024-05-22,DHA,20.7833,86.9167,20.7,1.9,7.8,12.1,1015.1,0,0
2024-05-29,DHA,20.7833,86.9167,15.3,0.99,7.4,9.8,1011.6,0,0
2024-06-05,DHA,20.7833,86.9167,18.3,2.65,10.4,52.1,1005.2,0,0
2024-06-12,DHA,20.7833,86.9167,28.1,1.85,10.0,0,1000.9,0,0
2024-06-19,DHA,20.7833,86.9167,26.1,2.51,8.2,43.5,1006.6,0,0
2024-06-26,DHA,20.7833,86.9167,32.5,2.47,5.3,53.1,999.8,0,0
2024-07-03,DHA,20.7833,86.9167,26.5,2.62,9.1,26.4,996.2,0,0
2024-07-10,DHA,20.7833,86.9167,25.0,1.81,9.0,29.0,1006.2,0,0
2024-07-17,DHA,20.7833,86.9167,26.9,2.51,8.5,81.9,999.5,0,0
2024-07-24,DHA,20.7833,86.9167,33.8,2.79,7.7,65.8,1005.6,0,0
2024-07-31,DHA,20.7833,86.9167,32.8,2.9,7.0,75.2,1002.6,0,0
2024-08-07,DHA,20.7833,86.9167,24.9,2.06,9.9,65.4,1004.2,0,0
2024-08-14,DHA,20.7833,86.9167,29.0,2.27,9.8,46.2,1006.3,0,0
2024-08-21,DHA,20.7833,86.9167,17.4,1.67,8.4,27.9,1000.4,0,0
2024-08-28,DHA,20.7833,86.9167,22.2,2.5,10.1,56.8,1005.0,0,0
2024-09-04,DHA,20.7833,86.9167,22.7,1.83,9.6,61.3,1002.7,0,0
2024-09-11,DHA,20.7833,86.9167,16.4,2.36,7.7,37.9,1001.2,0,0
2024-09-18,DHA,20.7833,86.9167,24.0,2.87,7.3,84.5,1001.9,0,0
2024-09-25,DHA,20.7833,86.9167,25.9,2.21,6.3,65.3,1007.8,0,0
2024-10-02,DHA,20.7833,86.9167,25.0,1.7,10.7,9.6,1011.1,0,0
2024-10-09,DHA,20.7833,86.9167,22.0,1.08,6.3,0,1008.3,0,0
2024-10-16,DHA,20.7833,86.9167,13.9,1.62,5.6,2.3,1004.7,0,0
2024-10-23,DHA,20.7833,86.9167,18.0,1.46,7.0,19.3,1015.2,0,0
2024-10-30,DHA,20.7833,86.9167,10.0,1.52,9.8,0,1015.5,0,0
2024-11-06,DHA,20.7833,86.9167,14.3,1.38,6.8,4.8,1011.6,0,0
2024-11-13,DHA,20.7833,86.9167,17.3,1.76,5.4,23.5,1008.6,0,0
2024-11-20,DHA,20.7833,86.9167,22.0,1.08,7.1,4.5,1007.7,0,0
2024-11-27,DHA,20.7833,86.9167,10.0,1.11,7.2,5.1,1004.7,0,0
2024-12-04,DHA,20.7833,86.9167,15.7,1.91,5.6,11.3,1014.7,0,0
2024-12-11,DHA,20.7833,86.9167,23.1,0.91,10.1,0,1014.6,0,0
2024-12-18,DHA,20.7833,86.9167,22.1,1.41,10.6,8.5,1017.5,0,0
2024-12-25,DHA,20.7833,86.9167,39.6,2.21,7.5,0,1010.9,1,0
2025-01-01,DHA,20.7833,86.9167,16.3,1.21,6.8,0.4,1006.8,0,0
2025-01-08,DHA,20.7833,86.9167,14.3,0.88,8.1,9.2,1010.8,0,0
2025-01-15,DHA,20.7833,86.9167,16.0,0.9,9.5,7.2,1005.5,0,0
2025-01-22,DHA,20.7833,86.9167,11.9,1.18,9.6,9.2,1019.0,0,0
2025-01-29,DHA,20.7833,86.9167,15.8,1.92,9.7,10.2,1017.3,0,0
2025-02-05,DHA,20.7833,86.9167,13.3,1.22,7.3,8.0,1011.1,0,0
2025-02-12,DHA,20.7833,86.9167,38.6,3.52,11.0,14.6,1020.7,1,0
2025-02-19,DHA,20.7833,86.9167,14.5,1.35,5.9,8.6,1014.3,0,0
2025-02-26,DHA,20.7833,86.9167,15.3,1.63,9.4,12.8,1013.3,0,0
2025-03-05,DHA,20.7833,86.9167,15.5,0.88,5.5,7.8,1016.0,0,0
2025-03-12,DHA,20.7833,86.9167,23.4,1.51,7.3,6.7,1019.0,0,0
2025-03-19,DHA,20.7833,86.9167,11.1,1.46,7.9,11.5,1004.7,0,0
2025-03-26,DHA,20.7833,86.9167,16.0,1.32,8.0,9.9,1018.6,0,0
2025-04-02,DHA,20.7833,86.9167,18.7,0.84,5.5,14.7,1008.9,0,0
2025-04-09,DHA,20.7833,86.9167,14.4,1.63,6.5,5.4,1011.8,0,0
2025-04-16,DHA,20.7833,86.9167,18.5,1.54,5.3,12.3,1006.0,0,0
2025-04-23,DHA,20.7833,86.9167,13.6,1.57,9.9,16.1,1015.4,0,0
2025-04-30,DHA,20.7833,86.9167,34.6,2.95,9.3,0,1011.6,1,0
2025-05-07,DHA,20.7833,86.9167,10.8,1.12,8.3,0,1008.5,0,0
2025-05-14,DHA,20.7833,86.9167,15.6,1.21,6.0,0,1004.9,0,0
2025-05-21,DHA,20.7833,86.9167,13.3,1.43,8.5,7.3,1010.1,0,0
2025-05-28,DHA,20.7833,86.9167,16.6,1.17,10.7,5.8,1010.9,0,0
2025-06-04,DHA,20.7833,86.9167,30.6,2.21,9.3,69.0,1006.4,0,0
2025-06-11,DHA,20.7833,86.9167,25.6,2.2,10.4,72.2,1000.3,0,0
2025-06-18,DHA,20.7833,86.9167,26.7,2.65,10.8,82.8,1009.6,0,0
2025-06-25,DHA,20.7833,86.9167,21.5,2.41,10.5,63.9,1001.8,0,0
2025-07-02,DHA,20.7833,86.9167,31.5,1.88,8.2,23.5,1004.5,0,0
2025-07-09,DHA,20.7833,86.9167,31.6,2.19,10.2,27.3,1005.8,0,0
2025-07-16,DHA,20.7833,86.9167,30.4,2.41,6.9,59.6,1003.4,0,0
2025-07-23,DHA,20.7833,86.9167,28.1,2.91,5.2,60.9,1005.3,0,0
2025-07-30,DHA,20.7833,86.9167,27.4,1.94,5.2,45.7,1004.8,0,0
2025-08-06,DHA,20.7833,86.9167,49.4,3.84,8.9,76.9,996.6,1,0
2025-08-13,DHA,20.7833,86.9167,23.9,1.89,8.3,39.0,1006.4,0,0
2025-08-20,DHA,20.7833,86.9167,24.8,2.74,7.9,35.3,1009.5,0,0
2025-08-27,DHA,20.7833,86.9167,29.0,2.33,8.2,62.3,1018.4,0,0
2025-09-03,DHA,20.7833,86.9167,21.7,2.73,8.3,85.1,997.9,0,0
2025-09-10,DHA,20.7833,86.9167,26.8,2.12,9.8,101.5,1006.8,0,0
2025-09-17,DHA,20.7833,86.9167,29.5,1.93,6.5,88.6,1003.2,0,0
2025-09-24,DHA,20.7833,86.9167,18.1,2.49,8.8,83.1,1007.8,0,0
2025-10-01,DHA,20.7833,86.9167,13.4,1.21,6.8,15.1,1009.1,0,0
2025-10-08,DHA,20.7833,86.9167,48.3,6.43,8.6,10.0,993.9,0,1
2025-10-15,DHA,20.7833,86.9167,14.3,1.19,7.0,4.5,1013.4,0,0
2025-10-22,DHA,20.7833,86.9167,21.4,1.77,10.6,8.1,1005.9,0,0
2025-10-29,DHA,20.7833,86.9167,12.6,1.2,9.9,1.9,1010.8,0,0
2020-01-01,GAN,17.6167,83.2333,14.7,1.0,9.6,8.1,1012.4,0,0
2020-01-08,GAN,17.6167,83.2333,17.5,1.23,10.1,0,1006.7,0,0
2020-01-15,GAN,17.6167,83.2333,7.3,2.08,8.1,0,1009.8,0,0
2020-01-22,GAN,17.6167,83.2333,19.4,0.94,10.9,8.2,1011.8,0,0
2020-01-29,GAN,17.6167,83.2333,17.9,1.59,5.6,0,1014.0,0,0
2020-02-05,GAN,17.6167,83.2333,20.4,1.66,5.1,2.2,1015.8,0,0
2020-02-12,GAN,17.6167,83.2333,17.3,1.37,6.0,17.5,1008.6,0,0
2020-02-19,GAN,17.6167,83.2333,14.2,1.12,5.8,21.2,1010.6,0,0
2020-02-26,GAN,17.6167,83.2333,17.6,1.58,8.3,5.8,1009.3,0,0
2020-03-04,GAN,17.6167,83.2333,11.0,1.98,9.6,3.5,1011.3,0,0
2020-03-11,GAN,17.6167,83.2333,18.3,1.62,6.9,13.6,1009.6,0,0
2020-03-18,GAN,17.6167,83.2333,15.3,1.69,5.7,6.7,1009.2,0,0
2020-03-25,GAN,17.6167,83.2333,20.7,1.92,6.1,4.9,1018.7,0,0
2020-04-01,GAN,17.6167,83.2333,19.8,1.82,9.3,11.9,1012.6,0,0
2020-04-08,GAN,17.6167,83.2333,12.5,1.24,7.5,8.1,1016.6,0,0
2020-04-15,GAN,17.6167,83.2333,16.4,2.21,7.3,3.0,1006.3,0,0
2020-04-22,GAN,17.6167,83.2333,14.7,2.05,10.0,5.3,1006.1,0,0
2020-04-29,GAN,17.6167,83.2333,14.4,1.54,9.7,8.7,1016.1,0,0
2020-05-06,GAN,17.6167,83.2333,14.2,1.65,8.5,14.2,1013.3,0,0
2020-05-13,GAN,17.6167,83.2333,19.0,0.95,10.6,2.1,1012.7,0,0
2020-05-20,GAN,17.6167,83.2333,14.2,0.77,9.2,11.4,1016.6,0,0
2020-05-27,GAN,17.6167,83.2333,16.9,0.88,5.1,2.8,1009.7,0,0
2020-06-03,GAN,17.6167,83.2333,25.6,2.05,8.0,91.4,1002.8,0,0
2020-06-10,GAN,17.6167,83.2333,28.0,2.41,10.2,45.3,997.0,0,0
2020-06-17,GAN,17.6167,83.2333,25.7,2.9,9.7,68.1,1005.2,0,0
2020-06-24,GAN,17.6167,83.2333,27.6,2.56,9.5,26.3,1003.3,0,0
2020-07-01,GAN,17.6167,83.2333,21.8,2.42,10.9,43.6,1005.2,0,0
2020-07-08,GAN,17.6167,83.2333,27.9,2.22,9.7,66.1,1006.3,0,0
2020-07-15,GAN,17.6167,83.2333,31.9,2.68,6.3,92.9,1004.9,0,0
2020-07-22,GAN,17.6167,83.2333,28.2,1.92,5.7,35.4,998.1,0,0
2020-07-29,GAN,17.6167,83.2333,50.6,4.15,5.5,89.7,999.5,1,0
2020-08-05,GAN,17.6167,83.2333,27.6,2.47,6.3,66.5,1009.0,0,0
2020-08-12,GAN,17.6167,83.2333,22.7,2.25,8.0,30.0,1007.2,0,0
2020-08-19,GAN,17.6167,83.2333,23.4,2.85,7.8,64.3,1000.7,0,0
2020-08-26,GAN,17.6167,83.2333,26.4,3.31,6.1,77.1,1007.3,0,0
2020-09-02,GAN,17.6167,83.2333,20.6,2.28,6.6,59.2,998.8,0,0
2020-09-09,GAN,17.6167,83.2333,25.7,3.32,9.7,65.0,1004.2,0,0
2020-09-16,GAN,17.6167,83.2333,29.1,2.26,6.5,57.0,1004.6,0,0
2020-09-23,GAN,17.6167,83.2333,24.9,1.86,8.2,50.6,1000.7,0,0
2020-09-30,GAN,17.6167,83.2333,26.6,2.51,6.7,20.5,1006.5,0,0
2020-10-07,GAN,17.6167,83.2333,16.5,1.17,10.7,0,1008.6,0,0
2020-10-14,GAN,17.6167,83.2333,63.6,3.73,10.4,0,997.9,0,1
2020-10-21,GAN,17.6167,83.2333,14.3,1.7,7.8,9.7,1011.8,0,0
2020-10-28,GAN,17.6167,83.2333,14.1,1.11,9.6,3.5,1019.0,0,0
2020-11-04,GAN,17.6167,83.2333,12.5,0.59,7.6,6.6,1015.8,0,0
2020-11-11,GAN,17.6167,83.2333,9.3,1.68,8.9,0,1011.2,0,0
2020-11-18,GAN,17.6167,83.2333,9.8,0.6,7.3,20.1,1018.1,0,0
2020-11-25,GAN,17.6167,83.2333,11.2,1.71,6.1,15.8,1020.4,0,0
2020-12-02,GAN,17.6167,83.2333,52.9,4.34,7.1,20.0,980.9,0,1
2020-12-09,GAN,17.6167,83.2333,14.9,1.36,5.4,14.8,1015.4,0,0
2020-12-16,GAN,17.6167,83.2333,14.7,1.52,8.4,0,1013.3,0,0
2020-12-23,GAN,17.6167,83.2333,5.4,1.51,8.5,2.8,1011.0,0,0
2020-12-30,GAN,17.6167,83.2333,19.9,1.05,6.9,8.5,1014.3,0,0
2021-01-06,GAN,17.6167,83.2333,19.8,1.53,8.5,0,1009.3,0,0
2021-01-13,GAN,17.6167,83.2333,17.9,0.73,9.3,12.1,1012.8,0,0
2021-01-20,GAN,17.6167,83.2333,18.0,1.84,6.6,7.0,1005.8,0,0
2021-01-27,GAN,17.6167,83.2333,12.1,1.0,5.5,15.8,1008.5,0,0
2021-02-03,GAN,17.6167,83.2333,13.7,1.7,9.8,1.9,1010.9,0,0
2021-02-10,GAN,17.6167,83.2333,21.8,1.71,10.8,7.6,1018.0,0,0
2021-02-17,GAN,17.6167,83.2333,18.6,1.8,9.6,0.8,1009.9,0,0
2021-02-24,GAN,17.6167,83.2333,15.4,2.39,6.2,6.7,1010.9,0,0
2021-03-03,GAN,17.6167,83.2333,31.5,2.06,10.9,9.8,1014.8,1,0
2021-03-10,GAN,17.6167,83.2333,14.1,1.15,10.4,6.1,1015.7,0,0
2021-03-17,GAN,17.6167,83.2333,15.4,1.29,6.7,7.4,1017.7,0,0
2021-03-24,GAN,17.6167,83.2333,17.8,0.92,10.7,9.6,1018.6,0,0
2021-03-31,GAN,17.6167,83.2333,10.4,1.66,10.9,15.6,1018.8,0,0
2021-04-07,GAN,17.6167,83.2333,7.3,1.01,8.4,17.7,1016.5,0,0
2021-04-14,GAN,17.6167,83.2333,13.1,0.88,10.8,12.1,1011.2,0,0
2021-04-21,GAN,17.6167,83.2333,14.3,1.72,10.7,10.0,1013.8,0,0
2021-04-28,GAN,17.6167,83.2333,17.0,1.92,9.6,9.3,1014.8,0,0
2021-05-05,GAN,17.6167,83.2333,12.7,1.48,6.7,1.3,1019.0,0,0
2021-05-12,GAN,17.6167,83.2333,17.7,1.49,7.1,5.0,1014.9,0,0
2021-05-19,GAN,17.6167,83.2333,13.3,1.04,8.0,4.6,1012.0,0,0
2021-05-26,GAN,17.6167,83.2333,15.0,1.69,7.2,4.5,1016.2,0,0
2021-06-02,GAN,17.6167,83.2333,20.6,2.54,10.6,64.3,1001.4,0,0
2021-06-09,GAN,17.6167,83.2333,28.6,2.85,10.1,65.9,1006.3,0,0
2021-06-16,GAN,17.6167,83.2333,28.6,2.14,7.4,72.3,1010.3,0,0
2021-06-23,GAN,17.6167,83.2333,28.5,2.05,7.2,79.9,1000.1,0,0
2021-06-30,GAN,17.6167,83.2333,28.1,2.28,6.7,58.6,1007.5,0,0
2021-07-07,GAN,17.6167,83.2333,28.7,2.38,5.1,31.9,1006.2,0,0
2021-07-14,GAN,17.6167,83.2333,21.5,2.46,5.0,91.1,1010.4,0,0
2021-07-21,GAN,17.6167,83.2333,22.3,2.81,10.3,49.4,1005.3,0,0
2021-07-28,GAN,17.6167,83.2333,24.6,2.94,8.1,100.6,1010.3,0,0
2021-08-04,GAN,17.6167,83.2333,26.9,2.21,10.1,87.1,999.5,0,0
2021-08-11,GAN,17.6167,83.2333,28.1,2.61,5.9,86.4,1004.9,0,0
2021-08-18,GAN,17.6167,83.2333,27.3,2.45,7.7,98.6,1007.3,0,0
2021-08-25,GAN,17.6167,83.2333,24.7,1.8,5.9,57.8,1004.7,0,0
2021-09-01,GAN,17.6167,83.2333,27.4,2.22,7.2,64.7,1008.2,0,0
2021-09-08,GAN,17.6167,83.2333,26.4,2.87,9.7,38.1,1007.9,0,0
2021-09-15,GAN,17.6167,83.2333,30.4,2.22,10.4,74.2,1002.2,0,0
2021-09-22,GAN,17.6167,83.2333,20.8,2.29,10.3,45.4,1014.2,0,0
2021-09-29,GAN,17.6167,83.2333,24.1,2.42,8.9,28.8,1012.6,0,0
2021-10-06,GAN,17.6167,83.2333,13.4,1.56,9.0,13.1,1017.1,0,0
2021-10-13,GAN,17.6167,83.2333,14.2,1.52,10.4,11.5,1018.8,0,0
2021-10-20,GAN,17.6167,83.2333,7.6,1.47,5.1,7.7,1008.6,0,0
2021-10-27,GAN,17.6167,83.2333,6.9,1.11,8.3,17.0,1020.0,0,0
2021-11-03,GAN,17.6167,83.2333,13.9,1.65,6.8,11.7,1011.8,0,0
2021-11-10,GAN,17.6167,83.2333,18.0,1.46,6.8,11.0,1010.6,0,0
2021-11-17,GAN,17.6167,83.2333,19.1,1.17,8.2,9.7,1008.3,0,0
2021-11-24,GAN,17.6167,83.2333,16.6,1.51,6.9,0,1018.2,0,0
2021-12-01,GAN,17.6167,83.2333,17.9,1.46,6.6,3.8,1017.9,0,0
2021-12-08,GAN,17.6167,83.2333,15.6,1.1,8.7,4.5,1003.9,0,0
2021-12-15,GAN,17.6167,83.2333,51.1,5.21,7.3,16.1,989.6,0,1
2021-12-22,GAN,17.6167,83.2333,17.1,1.61,6.4,6.1,1011.5,0,0
2021-12-29,GAN,17.6167,83.2333,21.6,1.32,8.2,17.3,1013.1,0,0
2022-01-05,GAN,17.6167,83.2333,18.2,1.85,6.5,14.6,1011.1,0,0
2022-01-12,GAN,17.6167,83.2333,15.6,1.62,5.2,4.6,1013.7,0,0
2022-01-19,GAN,17.6167,83.2333,17.1,1.12,6.0,11.1,1012.3,0,0
2022-01-26,GAN,17.6167,83.2333,12.1,1.16,6.0,14.2,1013.7,0,0
2022-02-02,GAN,17.6167,83.2333,20.0,1.23,7.3,4.0,1013.4,0,0
2022-02-09,GAN,17.6167,83.2333,12.3,1.43,5.1,4.3,1017.7,0,0
2022-02-16,GAN,17.6167,83.2333,18.9,1.58,6.2,12.4,1014.2,0,0
2022-02-23,GAN,17.6167,83.2333,19.0,1.59,11.0,11.7,1011.7,0,0
2022-03-02,GAN,17.6167,83.2333,39.7,2.98,6.9,19.1,1011.7,1,0
2022-03-09,GAN,17.6167,83.2333,12.4,1.52,8.6,11.3,1018.7,0,0
2022-03-16,GAN,17.6167,83.2333,14.0,1.7,5.8,7.1,1012.0,0,0
2022-03-23,GAN,17.6167,83.2333,16.9,1.71,8.1,4.2,1009.4,0,0
2022-03-30,GAN,17.6167,83.2333,30.4,3.11,5.6,10.0,1018.0,1,0
2022-04-06,GAN,17.6167,83.2333,15.5,1.35,7.0,17.1,1013.1,0,0
2022-04-13,GAN,17.6167,83.2333,14.2,1.31,5.3,9.4,1021.6,0,0
2022-04-20,GAN,17.6167,83.2333,11.5,1.91,9.1,12.3,1009.9,0,0
2022-04-27,GAN,17.6167,83.2333,15.3,2.1,5.9,12.7,1014.5,0,0
2022-05-04,GAN,17.6167,83.2333,15.6,1.26,5.5,4.2,1016.1,0,0
2022-05-11,GAN,17.6167,83.2333,16.0,1.39,9.1,11.3,1018.0,0,0
2022-05-18,GAN,17.6167,83.2333,15.5,1.53,8.0,6.3,1012.6,0,0
2022-05-25,GAN,17.6167,83.2333,16.8,1.38,8.0,10.3,1007.9,0,0
2022-06-01,GAN,17.6167,83.2333,28.4,2.14,6.2,69.1,1001.3,0,0
2022-06-08,GAN,17.6167,83.2333,26.8,1.64,5.5,75.8,1007.3,0,0
2022-06-15,GAN,17.6167,83.2333,22.3,2.21,5.8,32.0,1003.9,0,0
2022-06-22,GAN,17.6167,83.2333,43.9,3.1,7.7,106.0,1008.2,1,0
2022-06-29,GAN,17.6167,83.2333,28.7,2.18,6.0,18.7,998.4,0,0
2022-07-06,GAN,17.6167,83.2333,25.0,2.12,10.9,59.7,1004.1,0,0
2022-07-13,GAN,17.6167,83.2333,29.1,2.13,7.9,29.2,1004.1,0,0
2022-07-20,GAN,17.6167,83.2333,20.0,2.71,7.3,83.2,1004.1,0,0
2022-07-27,GAN,17.6167,83.2333,25.0,2.31,5.2,101.5,999.5,0,0
2022-08-03,GAN,17.6167,83.2333,18.4,2.67,6.9,37.1,1014.4,0,0
2022-08-10,GAN,17.6167,83.2333,24.7,1.69,5.7,76.8,1004.2,0,0
2022-08-17,GAN,17.6167,83.2333,29.0,1.95,8.1,81.7,1004.8,0,0
2022-08-24,GAN,17.6167,83.2333,30.5,2.58,10.2,65.4,1015.6,0,0
2022-08-31,GAN,17.6167,83.2333,25.8,2.27,5.2,73.0,1001.6,0,0
2022-09-07,GAN,17.6167,83.2333,51.8,3.6,9.9,64.0,1000.7,1,0
2022-09-14,GAN,17.6167,83.2333,25.8,3.17,7.3,24.9,1008.1,0,0
2022-09-21,GAN,17.6167,83.2333,29.7,2.24,5.5,63.9,999.3,0,0
2022-09-28,GAN,17.6167,83.2333,25.4,2.37,6.9,79.2,1003.6,0,0
2022-10-05,GAN,17.6167,83.2333,11.9,1.89,6.1,2.4,1018.8,0,0
2022-10-12,GAN,17.6167,83.2333,22.7,1.14,10.5,0,1012.4,0,0
2022-10-19,GAN,17.6167,83.2333,14.2,1.84,7.1,14.5,1016.2,0,0
2022-10-26,GAN,17.6167,83.2333,17.4,1.11,10.0,5.7,1011.3,0,0
2022-11-02,GAN,17.6167,83.2333,13.6,1.23,10.0,0,1013.5,0,0
2022-11-09,GAN,17.6167,83.2333,11.9,1.19,7.4,5.6,1011.3,0,0
2022-11-16,GAN,17.6167,83.2333,21.4,1.45,8.0,14.1,1016.1,0,0
2022-11-23,GAN,17.6167,83.2333,7.5,1.59,8.8,17.3,1011.6,0,0
2022-11-30,GAN,17.6167,83.2333,11.4,1.32,5.2,0,1012.8,0,0
2022-12-07,GAN,17.6167,83.2333,15.6,1.56,8.8,4.9,1007.1,0,0
2022-12-14,GAN,17.6167,83.2333,70.9,5.13,10.7,0.0,981.4,0,1
2022-12-21,GAN,17.6167,83.2333,15.3,0.6,9.4,5.4,1013.1,0,0
2022-12-28,GAN,17.6167,83.2333,21.0,0.94,6.8,7.8,1013.7,0,0
2023-01-04,GAN,17.6167,83.2333,17.6,0.89,7.1,5.3,1010.0,0,0
2023-01-11,GAN,17.6167,83.2333,11.6,1.25,10.0,3.8,1015.1,0,0
2023-01-18,GAN,17.6167,83.2333,16.7,1.16,6.4,11.1,1018.7,0,0
2023-01-25,GAN,17.6167,83.2333,20.4,2.05,9.3,1.5,1001.7,0,0
2023-02-01,GAN,17.6167,83.2333,13.2,1.72,5.8,7.9,1011.6,0,0
2023-02-08,GAN,17.6167,83.2333,8.8,1.37,6.2,15.5,1007.6,0,0
2023-02-15,GAN,17.6167,83.2333,23.2,1.44,8.0,4.7,1013.8,0,0
2023-02-22,GAN,17.6167,83.2333,11.9,1.67,7.4,8.7,1018.9,0,0
2023-03-01,GAN,17.6167,83.2333,20.4,0.99,10.1,5.4,1015.9,0,0
2023-03-08,GAN,17.6167,83.2333,15.4,1.92,6.0,5.4,1015.7,0,0
2023-03-15,GAN,17.6167,83.2333,5.7,1.17,5.9,13.3,1012.4,0,0
2023-03-22,GAN,17.6167,83.2333,17.1,1.53,9.0,12.3,1016.8,0,0
2023-03-29,GAN,17.6167,83.2333,13.3,1.4,10.7,13.8,1001.5,0,0
2023-04-05,GAN,17.6167,83.2333,15.0,1.31,5.8,6.9,1009.1,0,0
2023-04-12,GAN,17.6167,83.2333,19.1,1.49,9.0,13.0,1010.9,0,0
2023-04-19,GAN,17.6167,83.2333,14.7,1.46,7.1,17.7,1016.2,0,0
2023-04-26,GAN,17.6167,83.2333,22.2,0.96,10.6,21.2,1011.0,0,0
2023-05-03,GAN,17.6167,83.2333,21.3,0.96,6.7,15.8,1010.7,0,0
2023-05-10,GAN,17.6167,83.2333,15.3,1.66,10.0,5.9,1016.8,0,0
2023-05-17,GAN,17.6167,83.2333,16.5,1.21,6.2,13.6,1020.3,0,0
2023-05-24,GAN,17.6167,83.2333,13.4,1.2,7.8,9.9,1010.1,0,0
2023-05-31,GAN,17.6167,83.2333,9.2,1.33,9.1,6.7,1011.6,0,0
2023-06-07,GAN,17.6167,83.2333,27.2,2.07,9.5,114.0,1000.2,0,0
2023-06-14,GAN,17.6167,83.2333,28.9,2.23,6.4,55.5,1007.9,0,0
2023-06-21,GAN,17.6167,83.2333,26.1,2.03,10.1,46.6,1002.1,0,0
2023-06-28,GAN,17.6167,83.2333,26.3,2.89,7.5,22.5,1007.1,0,0
2023-07-05,GAN,17.6167,83.2333,30.1,2.65,9.4,31.1,1008.3,0,0
2023-07-12,GAN,17.6167,83.2333,27.6,2.46,8.3,74.2,1010.0,0,0
2023-07-19,GAN,17.6167,83.2333,25.4,2.09,6.0,90.5,1011.9,0,0
2023-07-26,GAN,17.6167,83.2333,23.1,2.36,6.1,19.8,1006.8,0,0
2023-08-02,GAN,17.6167,83.2333,29.5,2.13,8.7,44.8,998.9,0,0
2023-08-09,GAN,17.6167,83.2333,22.9,2.94,10.8,47.4,1003.1,0,0
2023-08-16,GAN,17.6167,83.2333,29.5,1.37,9.1,57.5,996.8,0,0
2023-08-23,GAN,17.6167,83.2333,33.7,2.69,6.7,59.3,999.1,0,0
2023-08-30,GAN,17.6167,83.2333,27.4,2.82,6.8,74.5,1007.7,0,0
2023-09-06,GAN,17.6167,83.2333,25.1,2.65,9.9,54.2,1002.1,0,0
2023-09-13,GAN,17.6167,83.2333,21.7,2.04,5.4,47.6,1004.5,0,0
2023-09-20,GAN,17.6167,83.2333,27.4,2.95,9.9,73.0,1004.5,0,0
2023-09-27,GAN,17.6167,83.2333,29.2,1.56,9.6,42.4,1003.2,0,0
2023-10-04,GAN,17.6167,83.2333,13.8,1.3,9.0,4.1,1006.3,0,0
2023-10-11,GAN,17.6167,83.2333,18.8,1.7,9.9,26.7,1015.7,0,0
2023-10-18,GAN,17.6167,83.2333,21.8,1.14,6.1,16.7,1012.7,0,0
2023-10-25,GAN,17.6167,83.2333,16.0,1.95,6.1,8.2,1011.8,0,0
2023-11-01,GAN,17.6167,83.2333,17.1,0.97,8.7,12.5,1014.8,0,0
2023-11-08,GAN,17.6167,83.2333,19.9,1.5,9.2,10.6,1021.4,0,0
2023-11-15,GAN,17.6167,83.2333,17.8,0.6,10.3,7.8,1014.7,0,0
2023-11-22,GAN,17.6167,83.2333,11.1,2.1,5.2,5.5,1017.6,0,0
2023-11-29,GAN,17.6167,83.2333,17.5,1.22,9.1,13.7,1013.2,0,0
2023-12-06,GAN,17.6167,83.2333,10.6,1.94,7.2,12.9,1010.2,0,0
2023-12-13,GAN,17.6167,83.2333,22.4,0.89,5.0,12.8,1016.0,0,0
2023-12-20,GAN,17.6167,83.2333,20.5,1.43,7.0,9.6,1015.1,0,0
2023-12-27,GAN,17.6167,83.2333,13.2,1.53,10.9,0.7,1012.9,0,0
2024-01-03,GAN,17.6167,83.2333,11.2,0.98,10.7,11.7,1010.5,0,0
2024-01-10,GAN,17.6167,83.2333,15.2,0.25,5.6,8.3,1006.5,0,0
2024-01-17,GAN,17.6167,83.2333,19.8,1.23,10.4,0,1011.5,0,0
2024-01-24,GAN,17.6167,83.2333,13.2,0.81,7.1,3.2,1010.6,0,0
2024-01-31,GAN,17.6167,83.2333,12.7,1.84,6.6,0,1008.0,0,0
2024-02-07,GAN,17.6167,83.2333,17.5,0.93,6.0,22.1,1007.8,0,0
2024-02-14,GAN,17.6167,83.2333,14.7,0.31,5.0,17.6,1005.2,0,0
2024-02-21,GAN,17.6167,83.2333,8.5,1.37,9.7,15.1,1012.1,0,0
2024-02-28,GAN,17.6167,83.2333,13.3,1.53,6.7,7.7,1016.2,0,0
2024-03-06,GAN,17.6167,83.2333,8.5,1.37,6.1,0,1014.2,0,0
2024-03-13,GAN,17.6167,83.2333,14.5,1.25,8.7,23.2,1011.2,0,0
2024-03-20,GAN,17.6167,83.2333,21.6,0.8,5.9,4.6,1009.3,0,0
2024-03-27,GAN,17.6167,83.2333,18.5,0.95,8.1,9.5,1009.8,0,0
2024-04-03,GAN,17.6167,83.2333,11.9,1.52,8.4,5.6,1011.7,0,0
2024-04-10,GAN,17.6167,83.2333,22.4,0.89,8.7,16.8,1015.9,0,0
2024-04-17,GAN,17.6167,83.2333,18.9,1.42,5.3,5.3,1019.1,0,0
2024-04-24,GAN,17.6167,83.2333,14.9,2.22,5.9,15.5,1012.3,0,0
2024-05-01,GAN,17.6167,83.2333,15.3,1.42,8.2,14.3,1017.1,0,0
2024-05-08,GAN,17.6167,83.2333,12.8,2.03,7.8,6.5,1011.5,0,0
2024-05-15,GAN,17.6167,83.2333,19.5,1.27,7.1,1.0,1013.2,0,0
2024-05-22,GAN,17.6167,83.2333,14.4,1.4,9.9,12.2,1017.2,0,0
2024-05-29,GAN,17.6167,83.2333,18.3,1.18,9.6,3.1,1018.1,0,0
2024-06-05,GAN,17.6167,83.2333,19.2,2.32,7.5,50.2,1002.4,0,0
2024-06-12,GAN,17.6167,83.2333,18.3,2.23,5.6,59.4,1002.7,0,0
2024-06-19,GAN,17.6167,83.2333,31.2,2.52,8.1,52.1,1010.5,0,0
2024-06-26,GAN,17.6167,83.2333,24.4,2.28,5.8,103.9,999.2,0,0
2024-07-03,GAN,17.6167,83.2333,21.8,1.82,7.8,56.2,1008.1,0,0
2024-07-10,GAN,17.6167,83.2333,28.5,2.62,5.1,85.5,1009.7,0,0
2024-07-17,GAN,17.6167,83.2333,20.2,2.19,5.7,39.6,998.8,0,0
2024-07-24,GAN,17.6167,83.2333,21.6,2.22,10.0,39.2,1007.1,0,0
2024-07-31,GAN,17.6167,83.2333,35.3,2.43,5.1,47.2,1011.2,0,0
2024-08-07,GAN,17.6167,83.2333,17.7,1.75,8.7,45.7,1000.7,0,0
2024-08-14,GAN,17.6167,83.2333,24.2,2.06,5.7,34.3,1009.0,0,0
2024-08-21,GAN,17.6167,83.2333,22.5,2.29,10.9,71.6,1005.3,0,0
2024-08-28,GAN,17.6167,83.2333,31.9,2.39,6.5,59.8,1003.9,0,0
2024-09-04,GAN,17.6167,83.2333,26.1,3.22,7.3,100.4,1000.8,0,0
2024-09-11,GAN,17.6167,83.2333,29.8,2.11,6.4,69.8,1010.6,0,0
2024-09-18,GAN,17.6167,83.2333,29.6,1.83,5.2,39.0,1011.6,0,0
2024-09-25,GAN,17.6167,83.2333,29.1,2.37,9.9,66.4,1005.6,0,0
2024-10-02,GAN,17.6167,83.2333,14.3,1.58,10.3,2.6,1016.8,0,0
2024-10-09,GAN,17.6167,83.2333,10.6,1.73,7.2,7.7,1014.3,0,0
2024-10-16,GAN,17.6167,83.2333,13.7,1.13,10.5,13.7,1013.2,0,0
2024-10-23,GAN,17.6167,83.2333,17.5,1.2,10.5,0,1017.0,0,0
2024-10-30,GAN,17.6167,83.2333,12.2,1.17,10.4,7.2,1013.2,0,0
2024-11-06,GAN,17.6167,83.2333,15.5,1.71,7.9,13.9,1009.5,0,0
2024-11-13,GAN,17.6167,83.2333,17.8,1.45,5.0,10.9,1010.6,0,0
2024-11-20,GAN,17.6167,83.2333,22.8,1.26,7.4,6.9,1011.5,0,0
2024-11-27,GAN,17.6167,83.2333,21.1,1.41,9.3,6.5,1010.4,0,0
2024-12-04,GAN,17.6167,83.2333,22.2,1.96,7.9,9.2,1013.8,0,0
2024-12-11,GAN,17.6167,83.2333,12.9,1.59,10.6,1.2,1010.8,0,0
2024-12-18,GAN,17.6167,83.2333,47.5,4.93,5.4,2.7,994.8,0,1
2024-12-25,GAN,17.6167,83.2333,14.8,1.16,9.2,0.8,1013.1,0,0
2025-01-01,GAN,17.6167,83.2333,18.5,0.71,5.8,17.5,1014.1,0,0
2025-01-08,GAN,17.6167,83.2333,8.9,1.36,7.5,6.0,1011.0,0,0
2025-01-15,GAN,17.6167,83.2333,19.7,1.34,9.7,0.1,1020.4,0,0
2025-01-22,GAN,17.6167,83.2333,17.3,1.84,7.3,4.8,1013.9,0,0
2025-01-29,GAN,17.6167,83.2333,20.6,1.35,7.5,6.7,1013.6,0,0
2025-02-05,GAN,17.6167,83.2333,16.3,0.43,5.3,0,1010.8,0,0
2025-02-12,GAN,17.6167,83.2333,17.9,0.8,8.4,8.6,1016.7,0,0
2025-02-19,GAN,17.6167,83.2333,16.1,1.55,6.7,19.9,1009.8,0,0
2025-02-26,GAN,17.6167,83.2333,23.9,2.01,10.1,0.6,1017.8,0,0
2025-03-05,GAN,17.6167,83.2333,6.2,1.09,10.6,24.7,1017.2,0,0
2025-03-12,GAN,17.6167,83.2333,18.4,1.74,9.7,4.6,1008.9,0,0
2025-03-19,GAN,17.6167,83.2333,16.8,2.01,6.3,3.3,1017.7,0,0
2025-03-26,GAN,17.6167,83.2333,15.8,1.22,6.1,6.3,1020.5,0,0
2025-04-02,GAN,17.6167,83.2333,23.5,1.14,6.7,3.2,1018.3,0,0
2025-04-09,GAN,17.6167,83.2333,6.1,2.07,8.4,0,1009.7,0,0
2025-04-16,GAN,17.6167,83.2333,16.5,1.6,6.9,0,1013.8,0,0
2025-04-23,GAN,17.6167,83.2333,17.0,1.43,7.0,7.7,1007.0,0,0
2025-04-30,GAN,17.6167,83.2333,9.8,1.81,9.8,8.9,1013.7,0,0
2025-05-07,GAN,17.6167,83.2333,18.3,1.44,8.9,6.4,1014.7,0,0
2025-05-14,GAN,17.6167,83.2333,18.1,1.37,9.8,17.3,1014.6,0,0
2025-05-21,GAN,17.6167,83.2333,12.0,1.94,7.9,17.5,1014.0,0,0
2025-05-28,GAN,17.6167,83.2333,20.1,1.47,10.1,4.0,1015.4,0,0
2025-06-04,GAN,17.6167,83.2333,25.9,2.61,10.8,40.8,1006.3,0,0
2025-06-11,GAN,17.6167,83.2333,29.5,1.83,10.6,34.0,998.7,0,0
2025-06-18,GAN,17.6167,83.2333,31.0,1.95,9.7,107.3,1003.6,0,0
2025-06-25,GAN,17.6167,83.2333,28.3,2.83,5.9,117.1,1002.0,0,0
2025-07-02,GAN,17.6167,83.2333,25.7,1.43,10.4,13.3,1004.9,0,0
2025-07-09,GAN,17.6167,83.2333,25.5,2.22,10.9,61.5,1009.5,0,0
2025-07-16,GAN,17.6167,83.2333,20.9,2.01,9.2,37.8,1007.3,0,0
2025-07-23,GAN,17.6167,83.2333,26.7,2.42,6.7,35.3,1007.8,0,0
2025-07-30,GAN,17.6167,83.2333,28.9,2.22,9.1,45.7,1011.2,0,0
2025-08-06,GAN,17.6167,83.2333,25.4,2.62,8.0,23.0,1005.5,0,0
2025-08-13,GAN,17.6167,83.2333,24.5,3.01,5.6,16.0,1005.4,0,0
2025-08-20,GAN,17.6167,83.2333,26.9,2.04,9.8,69.4,1010.2,0,0
2025-08-27,GAN,17.6167,83.2333,19.5,2.26,5.2,121.6,1004.7,0,0
2025-09-03,GAN,17.6167,83.2333,26.5,2.28,6.8,84.3,1004.8,0,0
2025-09-10,GAN,17.6167,83.2333,19.5,2.31,5.4,84.0,1007.8,0,0
2025-09-17,GAN,17.6167,83.2333,39.2,3.98,10.8,69.8,1002.8,1,0
2025-09-24,GAN,17.6167,83.2333,31.8,2.04,6.4,66.5,1004.5,0,0
2025-10-01,GAN,17.6167,83.2333,56.7,4.38,5.3,2.8,989.1,0,1
2025-10-08,GAN,17.6167,83.2333,12.3,1.81,8.9,0,1017.0,0,0
2025-10-15,GAN,17.6167,83.2333,18.9,0.39,5.2,18.4,1016.5,0,0
2025-10-22,GAN,17.6167,83.2333,11.1,1.73,7.5,7.1,1013.3,0,0
2025-10-29,GAN,17.6167,83.2333,56.7,4.3,7.2,9.2,977.3,0,1
2020-01-01,GOP,19.2667,84.9167,16.6,1.75,8.2,9.2,1012.9,0,0
2020-01-08,GOP,19.2667,84.9167,13.0,1.87,8.5,13.4,1013.1,0,0
2020-01-15,GOP,19.2667,84.9167,12.5,1.8,9.9,8.4,1011.9,0,0
2020-01-22,GOP,19.2667,84.9167,18.3,1.31,5.5,10.0,1015.3,0,0
2020-01-29,GOP,19.2667,84.9167,16.5,0.76,6.6,11.2,1012.7,0,0
2020-02-05,GOP,19.2667,84.9167,17.5,1.27,9.3,7.0,1006.3,0,0
2020-02-12,GOP,19.2667,84.9167,20.2,1.54,9.2,13.8,1013.0,0,0
2020-02-19,GOP,19.2667,84.9167,17.4,0.89,5.6,8.0,1021.9,0,0
2020-02-26,GOP,19.2667,84.9167,20.8,1.21,7.0,18.2,1009.2,0,0
2020-03-04,GOP,19.2667,84.9167,9.7,1.29,7.1,14.0,1009.0,0,0
2020-03-11,GOP,19.2667,84.9167,15.3,1.37,9.3,5.4,1013.3,0,0
2020-03-18,GOP,19.2667,84.9167,17.1,0.94,9.8,7.7,1007.0,0,0
2020-03-25,GOP,19.2667,84.9167,11.0,2.36,6.5,4.7,1011.5,0,0
2020-04-01,GOP,19.2667,84.9167,31.5,2.1,8.4,13.2,1016.4,0,0
2020-04-08,GOP,19.2667,84.9167,10.1,1.45,9.9,13.4,1014.6,0,0
2020-04-15,GOP,19.2667,84.9167,13.3,1.58,10.7,4.2,1009.7,0,0
2020-04-22,GOP,19.2667,84.9167,13.5,1.35,8.0,12.3,1015.9,0,0
2020-04-29,GOP,19.2667,84.9167,26.5,1.71,10.2,12.6,1015.2,0,0
2020-05-06,GOP,19.2667,84.9167,20.2,1.25,5.2,6.9,1010.0,0,0
2020-05-13,GOP,19.2667,84.9167,13.5,1.16,7.6,7.0,1018.6,0,0
2020-05-20,GOP,19.2667,84.9167,13.7,1.52,6.8,14.7,1010.5,0,0
2020-05-27,GOP,19.2667,84.9167,13.2,1.24,10.2,0,1013.2,0,0
2020-06-03,GOP,19.2667,84.9167,19.4,2.88,7.9,38.5,1010.6,0,0
2020-06-10,GOP,19.2667,84.9167,30.4,3.42,7.7,71.8,1002.0,0,0
2020-06-17,GOP,19.2667,84.9167,32.4,2.67,7.0,65.4,1007.6,0,0
2020-06-24,GOP,19.2667,84.9167,25.5,1.93,8.7,98.4,1002.9,0,0
2020-07-01,GOP,19.2667,84.9167,27.1,2.73,5.6,70.3,1007.8,0,0
2020-07-08,GOP,19.2667,84.9167,18.9,2.65,6.4,98.5,1004.2,0,0
2020-07-15,GOP,19.2667,84.9167,29.8,2.39,7.4,131.7,1009.0,0,0
2020-07-22,GOP,19.2667,84.9167,34.9,2.76,10.2,54.6,995.2,0,0
2020-07-29,GOP,19.2667,84.9167,21.5,2.68,7.8,70.9,1005.0,0,0
2020-08-05,GOP,19.2667,84.9167,32.9,2.24,9.5,39.9,1009.9,0,0
2020-08-12,GOP,19.2667,84.9167,25.4,2.47,6.9,60.0,1011.6,0,0
2020-08-19,GOP,19.2667,84.9167,23.2,2.58,10.2,70.2,1009.1,0,0
2020-08-26,GOP,19.2667,84.9167,28.7,1.66,6.5,85.1,1005.1,0,0
2020-09-02,GOP,19.2667,84.9167,27.4,2.09,8.7,55.0,1010.1,0,0
2020-09-09,GOP,19.2667,84.9167,27.0,1.9,6.2,1.0,1008.5,0,0
2020-09-16,GOP,19.2667,84.9167,21.0,2.79,7.6,97.6,1010.0,0,0
2020-09-23,GOP,19.2667,84.9167,27.4,2.41,10.0,66.7,999.7,0,0
2020-09-30,GOP,19.2667,84.9167,27.1,2.77,10.7,44.0,1005.5,0,0
2020-10-07,GOP,19.2667,84.9167,10.9,0.88,6.8,4.0,1014.0,0,0
2020-10-14,GOP,19.2667,84.9167,14.6,1.75,8.0,0.3,1020.6,0,0
2020-10-21,GOP,19.2667,84.9167,18.4,1.68,5.1,6.5,1011.6,0,0
2020-10-28,GOP,19.2667,84.9167,19.8,1.6,8.4,0.6,1013.9,0,0
2020-11-04,GOP,19.2667,84.9167,15.0,1.62,9.3,12.5,1015.0,0,0
2020-11-11,GOP,19.2667,84.9167,16.0,0.76,7.2,13.6,1014.0,0,0
2020-11-18,GOP,19.2667,84.9167,16.1,1.49,6.3,13.3,1004.8,0,0
2020-11-25,GOP,19.2667,84.9167,18.7,1.65,10.2,5.0,1015.0,0,0
2020-12-02,GOP,19.2667,84.9167,20.0,1.32,9.2,7.8,1015.6,0,0
2020-12-09,GOP,19.2667,84.9167,18.5,1.62,7.5,6.1,1014.5,0,0
2020-12-16,GOP,19.2667,84.9167,22.2,0.72,8.9,15.1,1013.4,0,0
2020-12-23,GOP,19.2667,84.9167,10.6,1.19,6.6,11.1,1008.3,0,0
2020-12-30,GOP,19.2667,84.9167,11.5,1.33,10.0,6.6,1008.3,0,0
2021-01-06,GOP,19.2667,84.9167,21.4,1.49,5.5,3.7,1014.4,0,0
2021-01-13,GOP,19.2667,84.9167,14.9,1.3,8.4,1.3,1008.5,0,0
2021-01-20,GOP,19.2667,84.9167,22.5,1.53,7.7,6.1,1013.1,0,0
2021-01-27,GOP,19.2667,84.9167,17.9,1.42,10.5,10.8,1014.9,0,0
2021-02-03,GOP,19.2667,84.9167,13.0,1.61,5.3,18.2,1008.1,0,0
2021-02-10,GOP,19.2667,84.9167,16.7,1.4,8.0,10.5,1009.1,0,0
2021-02-17,GOP,19.2667,84.9167,15.6,1.14,10.0,5.9,1016.3,0,0
2021-02-24,GOP,19.2667,84.9167,22.6,1.18,7.9,15.5,1010.8,0,0
2021-03-03,GOP,19.2667,84.9167,18.5,1.48,6.6,5.3,1015.9,0,0
2021-03-10,GOP,19.2667,84.9167,13.9,1.69,7.7,6.9,1016.2,0,0
2021-03-17,GOP,19.2667,84.9167,12.4,1.62,8.3,0,1010.3,0,0
2021-03-24,GOP,19.2667,84.9167,18.8,0.79,9.8,0.9,1016.2,0,0
2021-03-31,GOP,19.2667,84.9167,11.4,1.21,9.0,17.9,1013.0,0,0
2021-04-07,GOP,19.2667,84.9167,18.0,0.91,6.7,0.6,1014.5,0,0
2021-04-14,GOP,19.2667,84.9167,15.0,1.34,7.1,4.1,1014.1,0,0
2021-04-21,GOP,19.2667,84.9167,13.6,1.16,6.0,8.1,1016.4,0,0
2021-04-28,GOP,19.2667,84.9167,15.0,1.4,6.3,12.8,1004.6,0,0
2021-05-05,GOP,19.2667,84.9167,14.5,1.33,9.9,0,1017.3,0,0
2021-05-12,GOP,19.2667,84.9167,17.4,1.85,8.1,0,1008.0,0,0
2021-05-19,GOP,19.2667,84.9167,11.6,1.63,5.6,9.2,1014.7,0,0
2021-05-26,GOP,19.2667,84.9167,21.9,1.24,7.3,8.8,1011.6,0,0
2021-06-02,GOP,19.2667,84.9167,43.6,3.96,5.9,41.2,1006.1,1,0
2021-06-09,GOP,19.2667,84.9167,26.7,1.93,9.7,69.1,1008.8,0,0
2021-06-16,GOP,19.2667,84.9167,32.3,2.43,10.0,82.4,1005.8,0,0
2021-06-23,GOP,19.2667,84.9167,36.5,2.52,9.8,42.9,1006.4,0,0
2021-06-30,GOP,19.2667,84.9167,24.8,2.19,5.9,56.6,1006.0,0,0
2021-07-07,GOP,19.2667,84.9167,27.5,2.33,9.5,98.8,1016.6,0,0
2021-07-14,GOP,19.2667,84.9167,29.1,2.22,6.6,26.5,1006.3,0,0
2021-07-21,GOP,19.2667,84.9167,27.1,1.73,9.6,72.5,1006.8,0,0
2021-07-28,GOP,19.2667,84.9167,25.1,3.06,7.6,56.9,1005.8,0,0
2021-08-04,GOP,19.2667,84.9167,24.9,1.28,6.3,84.9,1002.8,0,0
2021-08-11,GOP,19.2667,84.9167,27.2,2.61,10.8,35.7,1002.8,0,0
2021-08-18,GOP,19.2667,84.9167,24.5,2.13,8.6,54.1,1005.7,0,0
2021-08-25,GOP,19.2667,84.9167,26.5,2.74,10.2,119.8,1001.0,0,0
2021-09-01,GOP,19.2667,84.9167,22.8,1.45,9.2,23.0,1009.8,0,0
2021-09-08,GOP,19.2667,84.9167,21.5,2.14,6.8,87.9,1003.8,0,0
2021-09-15,GOP,19.2667,84.9167,23.5,2.78,5.9,44.9,1012.1,0,0
2021-09-22,GOP,19.2667,84.9167,26.7,1.61,7.8,18.1,1012.0,0,0
2021-09-29,GOP,19.2667,84.9167,23.9,1.94,9.9,1.2,1006.2,0,0
2021-10-06,GOP,19.2667,84.9167,9.9,1.27,9.0,4.5,1006.2,0,0
2021-10-13,GOP,19.2667,84.9167,16.8,1.21,8.7,21.1,1017.4,0,0
2021-10-20,GOP,19.2667,84.9167,18.0,1.45,7.6,11.6,1005.9,0,0
2021-10-27,GOP,19.2667,84.9167,18.5,1.74,5.6,13.1,1010.1,0,0
2021-11-03,GOP,19.2667,84.9167,15.3,1.0,10.4,7.6,1024.0,0,0
2021-11-10,GOP,19.2667,84.9167,12.4,1.06,8.2,2.9,1016.9,0,0
2021-11-17,GOP,19.2667,84.9167,17.3,1.57,6.1,12.7,1016.1,0,0
2021-11-24,GOP,19.2667,84.9167,21.3,1.88,10.8,3.6,1010.7,0,0
2021-12-01,GOP,19.2667,84.9167,16.5,1.47,6.2,10.1,1012.1,0,0
2021-12-08,GOP,19.2667,84.9167,5.7,1.75,7.2,6.8,1007.6,0,0
2021-12-15,GOP,19.2667,84.9167,17.2,1.84,6.9,5.9,1012.7,0,0
2021-12-22,GOP,19.2667,84.9167,21.8,1.67,9.0,13.9,1015.2,0,0
2021-12-29,GOP,19.2667,84.9167,18.0,1.12,6.6,6.3,1013.3,0,0
2022-01-05,GOP,19.2667,84.9167,22.8,1.13,5.6,4.3,1016.5,0,0
2022-01-12,GOP,19.2667,84.9167,18.5,1.88,6.6,19.0,1014.3,0,0
2022-01-19,GOP,19.2667,84.9167,20.1,1.32,9.6,8.6,1013.6,0,0
2022-01-26,GOP,19.2667,84.9167,10.9,1.23,6.7,16.5,1017.6,0,0
2022-02-02,GOP,19.2667,84.9167,6.4,1.13,5.0,2.9,1007.4,0,0
2022-02-09,GOP,19.2667,84.9167,17.5,1.34,7.8,9.4,1006.3,0,0
2022-02-16,GOP,19.2667,84.9167,11.7,1.91,7.4,0,1015.6,0,0
2022-02-23,GOP,19.2667,84.9167,12.3,1.04,10.0,20.1,1009.4,0,0
2022-03-02,GOP,19.2667,84.9167,15.2,1.17,10.3,6.2,1009.2,0,0
2022-03-09,GOP,19.2667,84.9167,18.5,1.8,9.1,5.7,1014.8,0,0
2022-03-16,GOP,19.2667,84.9167,16.2,1.2,6.0,3.4,1008.4,0,0
2022-03-23,GOP,19.2667,84.9167,18.7,0.68,7.1,4.9,1012.4,0,0
2022-03-30,GOP,19.2667,84.9167,15.9,1.58,9.5,12.8,1015.8,0,0
2022-04-06,GOP,19.2667,84.9167,16.0,1.37,9.7,9.1,1016.8,0,0
2022-04-13,GOP,19.2667,84.9167,18.7,1.08,6.4,9.9,1018.2,0,0
2022-04-20,GOP,19.2667,84.9167,13.0,1.39,5.3,11.5,1017.1,0,0
2022-04-27,GOP,19.2667,84.9167,17.9,1.24,9.6,0,1013.2,0,0
2022-05-04,GOP,19.2667,84.9167,17.4,1.9,6.5,0.8,1014.5,0,0
2022-05-11,GOP,19.2667,84.9167,18.6,1.57,11.0,12.9,1013.5,0,0
2022-05-18,GOP,19.2667,84.9167,19.2,1.59,10.9,8.9,1015.9,0,0
2022-05-25,GOP,19.2667,84.9167,20.0,1.71,5.3,6.2,1014.3,0,0
2022-06-01,GOP,19.2667,84.9167,22.5,2.64,10.3,74.8,999.2,0,0
2022-06-08,GOP,19.2667,84.9167,32.3,2.03,8.7,82.3,1000.8,0,0
2022-06-15,GOP,19.2667,84.9167,26.6,1.65,10.6,63.6,1006.3,0,0
2022-06-22,GOP,19.2667,84.9167,26.9,2.8,10.3,3.9,1005.5,0,0
2022-06-29,GOP,19.2667,84.9167,21.4,2.89,7.6,51.2,1001.4,0,0
2022-07-06,GOP,19.2667,84.9167,19.7,2.19,5.1,48.2,998.8,0,0
2022-07-13,GOP,19.2667,84.9167,24.5,1.74,6.3,87.2,1010.3,0,0
2022-07-20,GOP,19.2667,84.9167,24.1,2.46,6.4,98.8,998.0,0,0
2022-07-27,GOP,19.2667,84.9167,24.9,1.68,9.9,46.9,1000.3,0,0
2022-08-03,GOP,19.2667,84.9167,51.7,3.41,6.7,54.0,1005.8,1,0
2022-08-10,GOP,19.2667,84.9167,21.7,2.7,6.5,109.5,1001.7,0,0
2022-08-17,GOP,19.2667,84.9167,31.1,2.1,10.9,85.8,1001.1,0,0
2022-08-24,GOP,19.2667,84.9167,22.4,2.24,6.2,92.5,1007.1,0,0
2022-08-31,GOP,19.2667,84.9167,31.8,2.39,9.4,105.0,1001.1,0,0
2022-09-07,GOP,19.2667,84.9167,22.1,2.65,6.2,26.3,1006.4,0,0
2022-09-14,GOP,19.2667,84.9167,26.3,2.08,6.7,79.5,1006.1,0,0
2022-09-21,GOP,19.2667,84.9167,28.2,3.03,7.2,95.8,1007.0,0,0
2022-09-28,GOP,19.2667,84.9167,23.8,2.66,9.7,52.9,1005.1,0,0
2022-10-05,GOP,19.2667,84.9167,19.7,1.32,9.2,2.5,1016.2,0,0
2022-10-12,GOP,19.2667,84.9167,16.2,1.41,6.8,10.5,1013.4,0,0
2022-10-19,GOP,19.2667,84.9167,10.9,1.39,7.8,0,1014.6,0,0
2022-10-26,GOP,19.2667,84.9167,15.9,0.92,5.2,8.2,1006.8,0,0
2022-11-02,GOP,19.2667,84.9167,10.7,1.33,10.4,7.8,1015.5,0,0
2022-11-09,GOP,19.2667,84.9167,19.1,1.96,5.4,0,1015.9,0,0
2022-11-16,GOP,19.2667,84.9167,12.1,1.41,8.9,9.2,1008.9,0,0
2022-11-23,GOP,19.2667,84.9167,16.4,1.38,8.5,5.0,1009.2,0,0
2022-11-30,GOP,19.2667,84.9167,68.8,3.46,8.7,14.4,994.8,0,1
2022-12-07,GOP,19.2667,84.9167,12.2,0.88,5.3,7.4,1014.3,0,0
2022-12-14,GOP,19.2667,84.9167,9.9,1.5,11.0,5.8,1006.8,0,0
2022-12-21,GOP,19.2667,84.9167,69.8,3.7,7.2,19.4,981.7,0,1
2022-12-28,GOP,19.2667,84.9167,9.0,1.5,6.0,14.1,1011.2,0,0
2023-01-04,GOP,19.2667,84.9167,14.0,1.22,10.5,12.3,1011.3,0,0
2023-01-11,GOP,19.2667,84.9167,15.4,1.62,10.5,6.5,1012.0,0,0
2023-01-18,GOP,19.2667,84.9167,16.0,2.06,9.1,3.8,1012.3,0,0
2023-01-25,GOP,19.2667,84.9167,14.4,1.48,7.7,12.4,1011.7,0,0
2023-02-01,GOP,19.2667,84.9167,17.2,0.78,6.4,3.9,1019.8,0,0
2023-02-08,GOP,19.2667,84.9167,6.9,1.39,7.0,8.1,1010.9,0,0
2023-02-15,GOP,19.2667,84.9167,38.9,2.24,6.7,4.3,1010.7,1,0
2023-02-22,GOP,19.2667,84.9167,18.9,1.23,9.0,14.5,1013.9,0,0
2023-03-01,GOP,19.2667,84.9167,21.4,1.5,9.7,12.2,1017.3,0,0
2023-03-08,GOP,19.2667,84.9167,17.9,1.21,6.3,4.0,1004.0,0,0
2023-03-15,GOP,19.2667,84.9167,16.1,1.34,6.2,9.6,1010.2,0,0
2023-03-22,GOP,19.2667,84.9167,19.5,0.65,10.9,12.0,1013.9,0,0
2023-03-29,GOP,19.2667,84.9167,18.6,1.18,6.7,7.8,1003.8,0,0
2023-04-05,GOP,19.2667,84.9167,16.8,1.9,6.8,2.9,1014.0,0,0
2023-04-12,GOP,19.2667,84.9167,10.4,1.45,9.9,10.4,1011.7,0,0
2023-04-19,GOP,19.2667,84.9167,17.3,1.02,8.7,0,1015.7,0,0
2023-04-26,GOP,19.2667,84.9167,20.6,1.12,6.0,12.3,1012.4,0,0
2023-05-03,GOP,19.2667,84.9167,17.5,1.69,9.9,7.5,1011.8,0,0
2023-05-10,GOP,19.2667,84.9167,12.4,1.69,5.0,0,1013.5,0,0
2023-05-17,GOP,19.2667,84.9167,20.3,1.5,7.4,10.9,1000.2,0,0
2023-05-24,GOP,19.2667,84.9167,19.9,1.27,6.1,9.7,1017.1,0,0
2023-05-31,GOP,19.2667,84.9167,19.1,1.0,10.7,8.6,1021.7,0,0
2023-06-07,GOP,19.2667,84.9167,20.2,3.16,5.1,89.3,1005.4,0,0
2023-06-14,GOP,19.2667,84.9167,22.6,2.53,6.4,29.2,1006.7,0,0
2023-06-21,GOP,19.2667,84.9167,27.9,2.74,10.1,28.3,1004.0,0,0
2023-06-28,GOP,19.2667,84.9167,29.0,2.03,5.3,41.1,1001.0,0,0
2023-07-05,GOP,19.2667,84.9167,30.3,2.17,5.1,37.9,1007.5,0,0
2023-07-12,GOP,19.2667,84.9167,35.5,2.11,9.2,19.5,1011.5,0,0
2023-07-19,GOP,19.2667,84.9167,26.7,2.16,5.0,66.6,1001.7,0,0
2023-07-26,GOP,19.2667,84.9167,46.9,4.16,9.9,110.3,1011.1,1,0
2023-08-02,GOP,19.2667,84.9167,23.6,2.72,7.6,74.3,995.1,0,0
2023-08-09,GOP,19.2667,84.9167,23.2,2.73,6.9,32.5,1000.3,0,0
2023-08-16,GOP,19.2667,84.9167,27.7,2.56,5.8,51.4,1009.4,0,0
2023-08-23,GOP,19.2667,84.9167,22.2,2.73,7.8,20.5,1009.4,0,0
2023-08-30,GOP,19.2667,84.9167,22.0,2.31,7.7,49.6,1005.0,0,0
2023-09-06,GOP,19.2667,84.9167,22.2,1.5,9.0,14.1,1014.6,0,0
2023-09-13,GOP,19.2667,84.9167,25.5,1.77,10.3,40.6,992.3,0,0
2023-09-20,GOP,19.2667,84.9167,23.2,2.22,8.3,61.5,1000.6,0,0
2023-09-27,GOP,19.2667,84.9167,25.4,2.59,8.3,27.8,1013.9,0,0
2023-10-04,GOP,19.2667,84.9167,20.1,1.32,5.8,6.6,1016.1,0,0
2023-10-11,GOP,19.2667,84.9167,22.7,1.35,9.2,4.5,1020.0,0,0
2023-10-18,GOP,19.2667,84.9167,11.5,0.96,6.5,8.8,1016.8,0,0
2023-10-25,GOP,19.2667,84.9167,37.4,2.45,8.2,20.5,1014.6,1,0
2023-11-01,GOP,19.2667,84.9167,14.1,1.7,6.5,7.4,1010.6,0,0
2023-11-08,GOP,19.2667,84.9167,67.8,3.22,6.1,5.0,987.2,0,1
2023-11-15,GOP,19.2667,84.9167,11.1,1.47,5.5,9.8,1009.9,0,0
2023-11-22,GOP,19.2667,84.9167,11.6,1.9,5.3,4.6,1014.8,0,0
2023-11-29,GOP,19.2667,84.9167,11.5,1.81,8.2,8.9,1010.9,0,0
2023-12-06,GOP,19.2667,84.9167,14.5,1.74,5.5,1.4,1015.5,0,0
2023-12-13,GOP,19.2667,84.9167,18.9,1.49,7.5,1.5,1010.2,0,0
2023-12-20,GOP,19.2667,84.9167,60.9,5.31,7.6,11.6,990.8,0,1
2023-12-27,GOP,19.2667,84.9167,16.5,1.46,9.0,8.3,1016.8,0,0
2024-01-03,GOP,19.2667,84.9167,7.2,1.25,8.2,12.0,1015.1,0,0
2024-01-10,GOP,19.2667,84.9167,12.6,1.4,5.9,12.2,1015.5,0,0
2024-01-17,GOP,19.2667,84.9167,17.2,1.22,7.7,6.3,1007.4,0,0
2024-01-24,GOP,19.2667,84.9167,16.8,1.05,10.7,8.6,1016.9,0,0
2024-01-31,GOP,19.2667,84.9167,17.6,1.37,7.1,6.0,1019.4,0,0
2024-02-07,GOP,19.2667,84.9167,10.9,0.95,8.5,3.9,1014.4,0,0
2024-02-14,GOP,19.2667,84.9167,14.8,1.95,5.9,11.6,1007.8,0,0
2024-02-21,GOP,19.2667,84.9167,18.1,1.01,10.1,0.5,1009.1,0,0
2024-02-28,GOP,19.2667,84.9167,17.0,0.83,6.9,0.7,1011.4,0,0
2024-03-06,GOP,19.2667,84.9167,9.4,2.31,5.3,14.4,1016.2,0,0
2024-03-13,GOP,19.2667,84.9167,15.1,1.7,9.9,0,1014.6,0,0
2024-03-20,GOP,19.2667,84.9167,13.2,1.67,6.8,20.5,1011.9,0,0
2024-03-27,GOP,19.2667,84.9167,14.8,0.6,10.1,2.9,1004.7,0,0
2024-04-03,GOP,19.2667,84.9167,13.1,0.42,6.0,11.4,1011.3,0,0
2024-04-10,GOP,19.2667,84.9167,18.7,0.8,9.3,17.9,1007.2,0,0
2024-04-17,GOP,19.2667,84.9167,20.5,1.64,5.1,12.2,1010.5,0,0
2024-04-24,GOP,19.2667,84.9167,12.5,0.92,7.8,4.9,1024.3,0,0
2024-05-01,GOP,19.2667,84.9167,19.6,0.84,7.0,5.2,1010.6,0,0
2024-05-08,GOP,19.2667,84.9167,11.9,1.38,9.1,17.2,1011.9,0,0
2024-05-15,GOP,19.2667,84.9167,19.4,1.65,8.8,14.0,1010.4,0,0
2024-05-22,GOP,19.2667,84.9167,15.8,2.32,9.6,10.7,1014.8,0,0
2024-05-29,GOP,19.2667,84.9167,11.9,1.62,7.7,3.0,1008.9,0,0
2024-06-05,GOP,19.2667,84.9167,30.7,2.78,7.4,22.0,1004.1,0,0
2024-06-12,GOP,19.2667,84.9167,17.2,2.02,6.6,40.5,1000.7,0,0
2024-06-19,GOP,19.2667,84.9167,27.1,2.46,7.5,70.4,1012.5,0,0
2024-06-26,GOP,19.2667,84.9167,24.1,3.41,7.1,83.8,1000.3,0,0
2024-07-03,GOP,19.2667,84.9167,24.6,2.63,5.4,71.4,1010.4,0,0
2024-07-10,GOP,19.2667,84.9167,26.2,1.72,8.8,30.7,1013.9,0,0
2024-07-17,GOP,19.2667,84.9167,23.1,2.29,9.7,54.2,1006.4,0,0
2024-07-24,GOP,19.2667,84.9167,24.1,2.06,7.6,87.9,1007.9,0,0
2024-07-31,GOP,19.2667,84.9167,27.9,2.34,10.7,78.8,1008.6,0,0
2024-08-07,GOP,19.2667,84.9167,33.1,1.97,7.2,95.8,1003.8,0,0
2024-08-14,GOP,19.2667,84.9167,24.5,2.44,5.9,111.4,1004.0,0,0
2024-08-21,GOP,19.2667,84.9167,27.2,2.66,6.6,41.4,1005.2,0,0
2024-08-28,GOP,19.2667,84.9167,27.7,2.86,6.7,77.3,1003.0,0,0
2024-09-04,GOP,19.2667,84.9167,31.5,1.85,6.4,62.8,1008.3,0,0
2024-09-11,GOP,19.2667,84.9167,24.6,2.31,6.1,10.7,1003.8,0,0
2024-09-18,GOP,19.2667,84.9167,28.1,2.17,6.3,50.9,1002.0,0,0
2024-09-25,GOP,19.2667,84.9167,29.7,1.99,7.3,66.3,1007.8,0,0
2024-10-02,GOP,19.2667,84.9167,20.7,1.33,8.9,1.1,1009.1,0,0
2024-10-09,GOP,19.2667,84.9167,21.0,1.26,10.4,9.3,1011.7,0,0
2024-10-16,GOP,19.2667,84.9167,16.9,1.15,9.4,15.4,1019.4,0,0
2024-10-23,GOP,19.2667,84.9167,23.5,1.49,8.9,8.6,1011.2,0,0
2024-10-30,GOP,19.2667,84.9167,13.9,1.12,8.6,0.6,1019.5,0,0
2024-11-06,GOP,19.2667,84.9167,61.4,4.04,8.9,3.4,978.0,0,1
2024-11-13,GOP,19.2667,84.9167,21.7,1.42,11.0,3.9,1006.7,0,0
2024-11-20,GOP,19.2667,84.9167,11.5,1.43,8.1,13.2,1013.3,0,0
2024-11-27,GOP,19.2667,84.9167,12.4,1.75,8.1,3.0,1010.0,0,0
2024-12-04,GOP,19.2667,84.9167,13.6,1.44,10.7,4.7,1013.6,0,0
2024-12-11,GOP,19.2667,84.9167,11.9,1.46,6.4,17.6,1007.4,0,0
2024-12-18,GOP,19.2667,84.9167,14.3,0.96,5.6,9.9,1015.7,0,0
2024-12-25,GOP,19.2667,84.9167,31.6,2.88,6.9,10.8,1004.9,1,0
2025-01-01,GOP,19.2667,84.9167,19.4,1.94,9.7,17.9,1003.0,0,0
2025-01-08,GOP,19.2667,84.9167,22.8,0.93,9.3,11.7,1012.4,0,0
2025-01-15,GOP,19.2667,84.9167,21.8,1.18,7.0,10.5,1007.5,0,0
2025-01-22,GOP,19.2667,84.9167,15.5,1.03,7.2,4.3,1013.8,0,0
2025-01-29,GOP,19.2667,84.9167,18.4,1.01,6.5,8.5,1011.9,0,0
2025-02-05,GOP,19.2667,84.9167,23.1,1.26,7.8,9.7,1011.4,0,0
2025-02-12,GOP,19.2667,84.9167,14.2,1.22,8.2,14.1,1012.1,0,0
2025-02-19,GOP,19.2667,84.9167,17.2,0.7,7.8,7.9,1013.7,0,0
2025-02-26,GOP,19.2667,84.9167,20.1,2.73,9.5,8.9,1008.5,0,0
2025-03-05,GOP,19.2667,84.9167,16.5,1.14,10.7,10.5,1011.3,0,0
2025-03-12,GOP,19.2667,84.9167,19.5,1.64,5.3,0,1010.0,0,0
2025-03-19,GOP,19.2667,84.9167,14.7,1.17,8.0,9.6,1013.0,0,0
2025-03-26,GOP,19.2667,84.9167,15.9,1.19,8.9,0,1014.3,0,0
2025-04-02,GOP,19.2667,84.9167,19.4,1.36,6.4,8.9,1005.0,0,0
2025-04-09,GOP,19.2667,84.9167,14.0,1.56,8.6,14.7,1013.3,0,0
2025-04-16,GOP,19.2667,84.9167,17.8,1.16,10.1,3.7,1009.5,0,0
2025-04-23,GOP,19.2667,84.9167,11.2,1.13,10.1,13.7,1017.6,0,0
2025-04-30,GOP,19.2667,84.9167,16.4,1.07,10.1,12.4,1013.7,0,0
2025-05-07,GOP,19.2667,84.9167,9.8,1.61,10.1,17.0,1016.8,0,0
2025-05-14,GOP,19.2667,84.9167,18.4,1.39,8.1,11.4,1013.4,0,0
2025-05-21,GOP,19.2667,84.9167,21.7,1.07,6.7,8.4,1012.0,0,0
2025-05-28,GOP,19.2667,84.9167,37.2,2.67,8.8,14.0,1012.9,1,0
2025-06-04,GOP,19.2667,84.9167,35.7,1.84,9.1,56.1,1003.0,0,0
2025-06-11,GOP,19.2667,84.9167,25.5,2.28,7.3,53.1,1011.4,0,0
2025-06-18,GOP,19.2667,84.9167,22.1,2.82,10.4,58.1,999.9,0,0
2025-06-25,GOP,19.2667,84.9167,24.3,2.0,8.0,32.8,998.1,0,0
2025-07-02,GOP,19.2667,84.9167,19.3,2.36,5.8,82.4,1002.4,0,0
2025-07-09,GOP,19.2667,84.9167,26.3,2.61,9.9,63.4,1006.2,0,0
2025-07-16,GOP,19.2667,84.9167,28.1,1.25,8.2,64.4,1004.1,0,0
2025-07-23,GOP,19.2667,84.9167,28.6,2.42,8.9,104.0,1002.9,0,0
2025-07-30,GOP,19.2667,84.9167,28.3,2.13,10.8,77.2,1002.2,0,0
2025-08-06,GOP,19.2667,84.9167,19.5,2.01,8.7,29.2,1016.4,0,0
2025-08-13,GOP,19.2667,84.9167,28.0,2.08,6.7,84.2,1002.8,0,0
2025-08-20,GOP,19.2667,84.9167,29.9,2.27,7.7,72.3,1000.2,0,0
2025-08-27,GOP,19.2667,84.9167,27.3,1.96,6.5,83.0,1008.2,0,0
2025-09-03,GOP,19.2667,84.9167,21.5,1.6,6.2,82.0,1004.4,0,0
2025-09-10,GOP,19.2667,84.9167,28.5,2.23,9.5,98.9,1012.0,0,0
2025-09-17,GOP,19.2667,84.9167,27.3,1.57,10.2,112.6,1005.2,0,0
2025-09-24,GOP,19.2667,84.9167,22.5,2.06,7.3,53.3,1007.5,0,0
2025-10-01,GOP,19.2667,84.9167,9.5,1.31,6.8,13.3,1015.2,0,0
2025-10-08,GOP,19.2667,84.9167,18.1,1.31,6.3,10.6,1012.0,0,0
2025-10-15,GOP,19.2667,84.9167,14.7,2.56,10.0,0,1017.0,0,0
2025-10-22,GOP,19.2667,84.9167,17.8,0.62,10.7,5.3,1016.2,0,0
2025-10-29,GOP,19.2667,84.9167,14.3,0.81,8.9,5.6,1018.7,0,0
2020-01-01,HAL,22.0333,88.0667,25.5,1.09,6.6,18.8,1012.7,0,0
2020-01-08,HAL,22.0333,88.0667,16.1,1.54,5.4,0,1012.6,0,0
2020-01-15,HAL,22.0333,88.0667,5.1,1.91,6.8,10.4,1017.2,0,0
2020-01-22,HAL,22.0333,88.0667,15.6,1.15,6.8,5.1,1008.7,0,0
2020-01-29,HAL,22.0333,88.0667,10.8,1.4,10.0,13.3,1010.1,0,0
2020-02-05,HAL,22.0333,88.0667,9.3,1.71,8.8,8.8,1015.6,0,0
2020-02-12,HAL,22.0333,88.0667,20.1,0.89,8.7,17.2,1010.2,0,0
2020-02-19,HAL,22.0333,88.0667,14.3,2.11,5.3,8.2,1011.4,0,0
2020-02-26,HAL,22.0333,88.0667,15.4,1.01,9.9,2.1,1018.0,0,0
2020-03-04,HAL,22.0333,88.0667,14.8,1.66,9.8,7.9,1013.7,0,0
2020-03-11,HAL,22.0333,88.0667,21.8,1.25,10.2,3.4,1015.6,0,0
2020-03-18,HAL,22.0333,88.0667,18.0,1.23,10.5,3.5,1012.1,0,0
2020-03-25,HAL,22.0333,88.0667,15.6,1.36,5.5,1.1,1015.4,0,0
2020-04-01,HAL,22.0333,88.0667,4.9,1.11,6.0,0,1011.9,0,0
2020-04-08,HAL,22.0333,88.0667,15.0,0.87,5.8,4.0,1016.4,0,0
2020-04-15,HAL,22.0333,88.0667,12.4,1.21,10.3,11.9,1012.2,0,0
2020-04-22,HAL,22.0333,88.0667,15.1,1.53,6.6,8.6,1008.3,0,0
2020-04-29,HAL,22.0333,88.0667,19.8,1.37,9.6,0,1018.7,0,0
2020-05-06,HAL,22.0333,88.0667,15.2,1.94,6.2,5.9,1014.1,0,0
2020-05-13,HAL,22.0333,88.0667,13.1,1.29,7.5,10.6,1008.4,0,0
2020-05-20,HAL,22.0333,88.0667,19.2,1.0,7.3,15.0,1018.5,0,0
2020-05-27,HAL,22.0333,88.0667,14.9,1.43,7.3,4.5,1006.9,0,0
2020-06-03,HAL,22.0333,88.0667,23.3,2.17,10.3,100.7,999.2,0,0
2020-06-10,HAL,22.0333,88.0667,32.0,1.82,6.2,52.8,1000.1,0,0
2020-06-17,HAL,22.0333,88.0667,26.6,2.17,8.2,37.8,996.4,0,0
2020-06-24,HAL,22.0333,88.0667,26.4,2.95,5.9,63.6,1008.6,0,0
2020-07-01,HAL,22.0333,88.0667,26.0,2.33,7.6,50.0,1006.3,0,0
2020-07-08,HAL,22.0333,88.0667,23.6,3.12,9.4,52.0,1003.6,0,0
2020-07-15,HAL,22.0333,88.0667,31.3,2.83,6.5,30.0,1000.6,0,0
2020-07-22,HAL,22.0333,88.0667,25.2,2.37,8.8,72.8,1007.5,0,0
2020-07-29,HAL,22.0333,88.0667,23.6,2.2,7.4,67.5,1002.3,0,0
2020-08-05,HAL,22.0333,88.0667,24.5,2.77,9.0,54.8,999.6,0,0
2020-08-12,HAL,22.0333,88.0667,27.8,2.61,8.9,62.8,997.2,0,0
2020-08-19,HAL,22.0333,88.0667,29.2,2.04,5.5,117.3,1006.3,0,0
2020-08-26,HAL,22.0333,88.0667,29.1,1.9,8.9,116.5,1006.5,0,0
2020-09-02,HAL,22.0333,88.0667,31.0,1.78,6.0,70.8,1010.4,0,0
2020-09-09,HAL,22.0333,88.0667,23.0,2.53,7.5,77.8,1004.0,0,0
2020-09-16,HAL,22.0333,88.0667,33.3,2.18,7.4,82.2,1001.2,0,0
2020-09-23,HAL,22.0333,88.0667,28.5,3.31,9.4,20.8,1003.6,0,0
2020-09-30,HAL,22.0333,88.0667,24.0,2.42,10.2,100.4,996.5,0,0
2020-10-07,HAL,22.0333,88.0667,17.4,0.85,8.9,3.6,1005.6,0,0
2020-10-14,HAL,22.0333,88.0667,19.7,1.95,8.6,14.3,1020.4,0,0
2020-10-21,HAL,22.0333,88.0667,13.4,1.21,5.5,0,1011.6,0,0
2020-10-28,HAL,22.0333,88.0667,17.8,1.94,10.0,0.7,1007.8,0,0
2020-11-04,HAL,22.0333,88.0667,14.5,1.86,9.0,18.8,1016.2,0,0
2020-11-11,HAL,22.0333,88.0667,69.4,3.56,7.5,5.1,985.9,0,1
2020-11-18,HAL,22.0333,88.0667,17.1,2.26,8.7,9.8,1007.9,0,0
2020-11-25,HAL,22.0333,88.0667,11.8,1.88,7.5,10.6,1006.7,0,0
2020-12-02,HAL,22.0333,88.0667,8.8,0.71,6.1,11.7,1014.0,0,0
2020-12-09,HAL,22.0333,88.0667,22.2,1.45,8.7,4.4,1012.3,0,0
2020-12-16,HAL,22.0333,88.0667,19.5,1.57,7.8,9.6,1008.3,0,0
2020-12-23,HAL,22.0333,88.0667,23.6,1.17,8.2,13.7,1018.0,0,0
2020-12-30,HAL,22.0333,88.0667,9.9,1.99,9.7,13.9,1015.9,0,0
2021-01-06,HAL,22.0333,88.0667,16.1,1.3,10.0,17.1,1011.1,0,0
2021-01-13,HAL,22.0333,88.0667,10.3,1.04,8.3,1.7,1006.9,0,0
2021-01-20,HAL,22.0333,88.0667,12.3,1.26,7.3,10.1,1017.6,0,0
2021-01-27,HAL,22.0333,88.0667,19.1,1.11,10.2,2.3,1012.3,0,0
2021-02-03,HAL,22.0333,88.0667,11.1,1.84,9.3,0.2,1013.4,0,0
2021-02-10,HAL,22.0333,88.0667,16.8,0.43,6.5,3.2,1007.1,0,0
2021-02-17,HAL,22.0333,88.0667,19.1,1.44,6.0,14.1,1022.0,0,0
2021-02-24,HAL,22.0333,88.0667,17.7,1.39,8.0,13.4,1020.7,0,0
2021-03-03,HAL,22.0333,88.0667,10.4,1.02,7.7,12.2,1012.1,0,0
2021-03-10,HAL,22.0333,88.0667,19.3,1.32,8.5,2.2,1012.2,0,0
2021-03-17,HAL,22.0333,88.0667,16.6,1.2,9.3,11.6,1013.8,0,0
2021-03-24,HAL,22.0333,88.0667,19.6,1.24,8.1,12.1,1010.5,0,0
2021-03-31,HAL,22.0333,88.0667,14.6,1.47,10.5,8.8,1020.5,0,0
2021-04-07,HAL,22.0333,88.0667,15.0,1.75,8.4,8.7,1013.0,0,0
2021-04-14,HAL,22.0333,88.0667,20.8,1.4,6.3,3.0,1015.1,0,0
2021-04-21,HAL,22.0333,88.0667,15.5,1.37,8.3,7.1,1015.6,0,0
2021-04-28,HAL,22.0333,88.0667,34.3,3.37,8.9,6.7,1017.3,1,0
2021-05-05,HAL,22.0333,88.0667,34.9,3.63,10.6,24.2,1016.7,1,0
2021-05-12,HAL,22.0333,88.0667,22.0,1.33,9.8,0,1008.1,0,0
2021-05-19,HAL,22.0333,88.0667,18.7,0.85,5.5,10.7,1017.5,0,0
2021-05-26,HAL,22.0333,88.0667,21.1,1.42,9.2,8.6,1009.8,0,0
2021-06-02,HAL,22.0333,88.0667,28.2,2.86,9.8,77.3,1010.5,0,0
2021-06-09,HAL,22.0333,88.0667,34.7,2.12,8.6,22.7,1000.0,0,0
2021-06-16,HAL,22.0333,88.0667,23.5,1.24,7.8,89.9,1003.5,0,0
2021-06-23,HAL,22.0333,88.0667,21.9,1.67,10.8,66.8,1010.0,0,0
2021-06-30,HAL,22.0333,88.0667,27.5,2.03,7.6,68.6,1003.9,0,0
2021-07-07,HAL,22.0333,88.0667,26.1,2.91,10.4,51.7,999.8,0,0
2021-07-14,HAL,22.0333,88.0667,22.2,2.36,8.5,24.5,1008.1,0,0
2021-07-21,HAL,22.0333,88.0667,45.3,4.47,8.2,35.4,1009.9,1,0
2021-07-28,HAL,22.0333,88.0667,20.6,2.4,10.8,41.3,1005.1,0,0
2021-08-04,HAL,22.0333,88.0667,24.0,2.84,6.4,84.9,1005.8,0,0
2021-08-11,HAL,22.0333,88.0667,25.9,2.67,6.6,10.5,1008.3,0,0
2021-08-18,HAL,22.0333,88.0667,23.9,1.94,9.8,48.5,1007.8,0,0
2021-08-25,HAL,22.0333,88.0667,25.7,1.76,9.0,41.0,1011.1,0,0
2021-09-01,HAL,22.0333,88.0667,25.8,2.1,8.0,58.1,1000.7,0,0
2021-09-08,HAL,22.0333,88.0667,18.6,2.89,9.9,80.5,1010.5,0,0
2021-09-15,HAL,22.0333,88.0667,18.7,2.08,8.6,36.7,1006.0,0,0
2021-09-22,HAL,22.0333,88.0667,26.0,2.66,8.1,133.1,1005.6,0,0
2021-09-29,HAL,22.0333,88.0667,26.5,2.2,8.3,44.2,1006.6,0,0
2021-10-06,HAL,22.0333,88.0667,15.1,1.67,8.1,8.1,1017.5,0,0
2021-10-13,HAL,22.0333,88.0667,63.3,4.79,8.3,12.4,983.1,0,1
2021-10-20,HAL,22.0333,88.0667,14.6,0.82,11.0,14.5,1012.9,0,0
2021-10-27,HAL,22.0333,88.0667,19.2,2.1,9.8,11.9,1017.4,0,0
2021-11-03,HAL,22.0333,88.0667,21.2,1.66,8.0,0.1,1006.9,0,0
2021-11-10,HAL,22.0333,88.0667,14.5,1.34,10.6,1.0,1018.4,0,0
2021-11-17,HAL,22.0333,88.0667,14.6,1.24,10.5,10.5,1014.6,0,0
2021-11-24,HAL,22.0333,88.0667,16.7,1.06,8.1,10.9,1016.7,0,0
2021-12-01,HAL,22.0333,88.0667,13.4,1.49,9.5,8.3,1017.2,0,0
2021-12-08,HAL,22.0333,88.0667,15.0,1.1,9.7,0,1002.8,0,0
2021-12-15,HAL,22.0333,88.0667,14.6,1.48,6.8,0,1004.9,0,0
2021-12-22,HAL,22.0333,88.0667,23.1,1.37,5.4,7.1,1009.6,0,0
2021-12-29,HAL,22.0333,88.0667,19.1,0.56,9.5,7.6,1007.8,0,0
2022-01-05,HAL,22.0333,88.0667,16.7,0.99,6.6,5.1,1011.2,0,0
2022-01-12,HAL,22.0333,88.0667,18.1,0.98,5.1,5.7,1013.4,0,0
2022-01-19,HAL,22.0333,88.0667,22.6,1.61,6.8,11.3,1012.5,0,0
2022-01-26,HAL,22.0333,88.0667,16.2,0.87,10.2,6.7,1010.6,0,0
2022-02-02,HAL,22.0333,88.0667,18.1,1.7,8.4,15.6,1018.0,0,0
2022-02-09,HAL,22.0333,88.0667,43.8,3.2,9.6,15.1,1011.4,1,0
2022-02-16,HAL,22.0333,88.0667,18.4,2.12,8.9,11.3,1014.8,0,0
2022-02-23,HAL,22.0333,88.0667,17.3,1.42,9.2,0,1016.3,0,0
2022-03-02,HAL,22.0333,88.0667,15.9,1.73,7.6,16.9,1016.6,0,0
2022-03-09,HAL,22.0333,88.0667,15.2,1.19,7.7,15.7,1009.9,0,0
2022-03-16,HAL,22.0333,88.0667,19.2,1.3,10.4,4.9,1008.2,0,0
2022-03-23,HAL,22.0333,88.0667,17.7,1.16,8.6,7.3,1008.3,0,0
2022-03-30,HAL,22.0333,88.0667,17.9,1.39,7.4,10.7,1011.0,0,0
2022-04-06,HAL,22.0333,88.0667,22.5,2.42,6.0,5.5,1016.8,0,0
2022-04-13,HAL,22.0333,88.0667,17.3,1.31,10.0,8.4,1009.4,0,0
2022-04-20,HAL,22.0333,88.0667,17.1,1.43,9.7,5.6,1010.4,0,0
2022-04-27,HAL,22.0333,88.0667,15.9,0.98,10.9,11.3,1012.2,0,0
2022-05-04,HAL,22.0333,88.0667,15.1,1.89,10.8,6.4,1010.7,0,0
2022-05-11,HAL,22.0333,88.0667,11.6,2.1,9.0,4.9,1015.7,0,0
2022-05-18,HAL,22.0333,88.0667,17.4,1.88,7.8,12.6,1007.5,0,0
2022-05-25,HAL,22.0333,88.0667,15.5,1.16,10.3,12.1,1014.0,0,0
2022-06-01,HAL,22.0333,88.0667,39.8,4.16,5.1,53.3,991.5,1,0
2022-06-08,HAL,22.0333,88.0667,34.1,2.37,8.0,68.4,1006.3,0,0
2022-06-15,HAL,22.0333,88.0667,22.7,1.34,6.6,63.4,998.5,0,0
2022-06-22,HAL,22.0333,88.0667,30.1,1.75,8.1,79.8,996.3,0,0
2022-06-29,HAL,22.0333,88.0667,23.4,1.62,10.4,65.9,1005.7,0,0
2022-07-06,HAL,22.0333,88.0667,31.3,2.5,8.4,38.4,1011.6,0,0
2022-07-13,HAL,22.0333,88.0667,21.1,3.03,8.6,66.0,1006.2,0,0
2022-07-20,HAL,22.0333,88.0667,25.7,2.57,5.5,66.5,1000.3,0,0
2022-07-27,HAL,22.0333,88.0667,30.8,1.99,5.9,44.9,1006.5,0,0
2022-08-03,HAL,22.0333,88.0667,24.3,2.53,8.7,42.7,999.2,0,0
2022-08-10,HAL,22.0333,88.0667,24.5,1.83,7.8,44.5,1001.8,0,0
2022-08-17,HAL,22.0333,88.0667,26.8,2.81,9.4,19.6,1005.4,0,0
2022-08-24,HAL,22.0333,88.0667,25.1,2.13,10.9,76.4,1001.6,0,0
2022-08-31,HAL,22.0333,88.0667,22.0,2.45,6.4,79.5,1004.6,0,0
2022-09-07,HAL,22.0333,88.0667,28.1,2.86,8.0,52.3,1005.6,0,0
2022-09-14,HAL,22.0333,88.0667,27.8,2.15,6.5,53.7,1003.2,0,0
2022-09-21,HAL,22.0333,88.0667,29.0,2.3,6.2,75.8,1002.9,0,0
2022-09-28,HAL,22.0333,88.0667,21.9,2.83,8.9,92.5,1002.0,0,0
2022-10-05,HAL,22.0333,88.0667,14.6,0.89,10.1,14.0,1007.5,0,0
2022-10-12,HAL,22.0333,88.0667,51.6,4.42,9.0,3.6,976.7,0,1
2022-10-19,HAL,22.0333,88.0667,50.7,4.85,5.8,11.3,978.5,0,1
2022-10-26,HAL,22.0333,88.0667,19.9,1.06,9.7,0,1009.6,0,0
2022-11-02,HAL,22.0333,88.0667,12.4,1.14,8.9,5.6,1012.2,0,0
2022-11-09,HAL,22.0333,88.0667,14.9,1.31,7.7,2.6,1013.4,0,0
2022-11-16,HAL,22.0333,88.0667,43.6,3.31,8.5,9.5,993.0,0,1
2022-11-23,HAL,22.0333,88.0667,13.3,1.24,8.1,6.9,1007.0,0,0
2022-11-30,HAL,22.0333,88.0667,16.6,1.3,10.8,0,1013.6,0,0
2022-12-07,HAL,22.0333,88.0667,21.9,1.74,5.4,2.8,1009.4,0,0
2022-12-14,HAL,22.0333,88.0667,18.0,1.35,7.3,9.9,1014.9,0,0
2022-12-21,HAL,22.0333,88.0667,19.0,1.83,10.6,6.0,1011.6,0,0
2022-12-28,HAL,22.0333,88.0667,28.0,0.93,5.6,9.2,1013.0,0,0
2023-01-04,HAL,22.0333,88.0667,18.7,1.69,8.2,5.6,1015.5,0,0
2023-01-11,HAL,22.0333,88.0667,11.7,1.61,5.8,7.2,1010.5,0,0
2023-01-18,HAL,22.0333,88.0667,20.1,1.49,7.7,0,1005.6,0,0
2023-01-25,HAL,22.0333,88.0667,17.0,1.25,6.7,8.0,1018.5,0,0
2023-02-01,HAL,22.0333,88.0667,18.2,1.66,8.7,16.6,1010.9,0,0
2023-02-08,HAL,22.0333,88.0667,12.6,1.52,5.9,11.5,1018.0,0,0
2023-02-15,HAL,22.0333,88.0667,15.2,1.98,7.7,8.8,1010.4,0,0
2023-02-22,HAL,22.0333,88.0667,19.9,1.24,10.5,9.1,1012.2,0,0
2023-03-01,HAL,22.0333,88.0667,14.8,1.01,10.2,4.1,1010.4,0,0
2023-03-08,HAL,22.0333,88.0667,10.7,1.52,7.7,12.1,1014.1,0,0
2023-03-15,HAL,22.0333,88.0667,17.6,1.92,6.7,6.3,1008.3,0,0
2023-03-22,HAL,22.0333,88.0667,19.5,2.0,5.2,15.5,1011.5,0,0
2023-03-29,HAL,22.0333,88.0667,16.3,1.24,6.4,4.1,1010.8,0,0
2023-04-05,HAL,22.0333,88.0667,8.7,1.1,7.5,9.3,1016.2,0,0
2023-04-12,HAL,22.0333,88.0667,15.7,0.87,6.1,0,1017.6,0,0
2023-04-19,HAL,22.0333,88.0667,19.3,1.11,6.1,7.8,1009.0,0,0
2023-04-26,HAL,22.0333,88.0667,30.5,3.1,11.0,9.6,1009.5,1,0
2023-05-03,HAL,22.0333,88.0667,13.6,1.2,10.8,3.2,1018.4,0,0
2023-05-10,HAL,22.0333,88.0667,15.2,1.34,9.0,0,1017.7,0,0
2023-05-17,HAL,22.0333,88.0667,8.4,1.23,6.1,11.1,1006.0,0,0
2023-05-24,HAL,22.0333,88.0667,15.6,1.51,5.6,5.3,1016.8,0,0
2023-05-31,HAL,22.0333,88.0667,14.6,1.65,10.3,9.5,1012.3,0,0
2023-06-07,HAL,22.0333,88.0667,29.5,2.19,10.5,44.7,1010.5,0,0
2023-06-14,HAL,22.0333,88.0667,29.6,2.37,5.0,58.9,1006.8,0,0
2023-06-21,HAL,22.0333,88.0667,25.8,2.06,6.5,57.0,999.4,0,0
2023-06-28,HAL,22.0333,88.0667,28.6,1.64,5.4,52.0,1001.5,0,0
2023-07-05,HAL,22.0333,88.0667,25.2,2.5,6.3,49.1,1002.1,0,0
2023-07-12,HAL,22.0333,88.0667,24.5,2.31,9.1,82.9,1006.1,0,0
2023-07-19,HAL,22.0333,88.0667,30.7,2.74,9.6,98.0,1002.6,0,0
2023-07-26,HAL,22.0333,88.0667,25.5,2.65,10.4,24.2,1001.2,0,0
2023-08-02,HAL,22.0333,88.0667,44.5,3.37,7.6,76.4,1005.7,1,0
2023-08-09,HAL,22.0333,88.0667,26.9,2.57,8.2,60.6,1007.2,0,0
2023-08-16,HAL,22.0333,88.0667,24.9,1.6,9.0,47.2,1004.1,0,0
2023-08-23,HAL,22.0333,88.0667,28.9,2.65,8.3,42.7,1011.6,0,0
2023-08-30,HAL,22.0333,88.0667,22.5,2.23,7.3,64.4,1004.4,0,0
2023-09-06,HAL,22.0333,88.0667,28.5,2.22,7.3,39.1,1011.7,0,0
2023-09-13,HAL,22.0333,88.0667,33.1,2.69,7.4,8.2,1002.4,0,0
2023-09-20,HAL,22.0333,88.0667,28.3,3.3,8.7,67.3,1010.8,0,0
2023-09-27,HAL,22.0333,88.0667,29.6,2.11,7.9,89.5,1001.2,0,0
2023-10-04,HAL,22.0333,88.0667,15.3,2.3,9.9,18.6,1006.2,0,0
2023-10-11,HAL,22.0333,88.0667,6.9,0.81,7.3,17.4,1007.1,0,0
2023-10-18,HAL,22.0333,88.0667,33.9,3.34,6.3,0,1016.3,1,0
2023-10-25,HAL,22.0333,88.0667,15.1,1.0,10.2,4.5,1013.1,0,0
2023-11-01,HAL,22.0333,88.0667,21.7,1.68,6.1,10.5,1019.4,0,0
2023-11-08,HAL,22.0333,88.0667,44.6,4.24,5.4,20.7,993.7,0,1
2023-11-15,HAL,22.0333,88.0667,11.2,1.56,7.5,15.3,1010.0,0,0
2023-11-22,HAL,22.0333,88.0667,14.5,1.41,5.3,14.4,1012.3,0,0
2023-11-29,HAL,22.0333,88.0667,7.8,1.22,7.1,8.0,1010.1,0,0
2023-12-06,HAL,22.0333,88.0667,12.8,1.69,7.3,11.5,1016.3,0,0
2023-12-13,HAL,22.0333,88.0667,12.3,1.91,9.9,7.0,1013.1,0,0
2023-12-20,HAL,22.0333,88.0667,9.7,1.42,8.0,12.7,1007.0,0,0
2023-12-27,HAL,22.0333,88.0667,27.5,1.75,10.8,4.8,1010.1,0,0
2024-01-03,HAL,22.0333,88.0667,11.9,1.3,10.0,10.2,1008.2,0,0
2024-01-10,HAL,22.0333,88.0667,13.0,0.98,5.9,9.3,1014.9,0,0
2024-01-17,HAL,22.0333,88.0667,6.6,1.54,5.1,10.6,1013.8,0,0
2024-01-24,HAL,22.0333,88.0667,12.0,1.18,7.2,6.3,1007.1,0,0
2024-01-31,HAL,22.0333,88.0667,11.7,0.71,7.9,16.1,1013.0,0,0
2024-02-07,HAL,22.0333,88.0667,13.4,2.1,10.4,6.7,1013.3,0,0
2024-02-14,HAL,22.0333,88.0667,13.6,1.96,10.4,19.0,1017.3,0,0
2024-02-21,HAL,22.0333,88.0667,14.7,1.22,6.7,4.3,1010.0,0,0
2024-02-28,HAL,22.0333,88.0667,15.2,1.31,9.0,10.8,1019.9,0,0
2024-03-06,HAL,22.0333,88.0667,17.1,1.13,5.0,10.5,1016.5,0,0
2024-03-13,HAL,22.0333,88.0667,15.0,1.41,8.5,9.3,1010.9,0,0
2024-03-20,HAL,22.0333,88.0667,8.5,1.15,5.6,0,1014.6,0,0
2024-03-27,HAL,22.0333,88.0667,14.5,1.69,5.2,15.9,1018.4,0,0
2024-04-03,HAL,22.0333,88.0667,13.5,1.22,10.6,10.5,1012.7,0,0
2024-04-10,HAL,22.0333,88.0667,15.3,0.2,8.2,11.8,1013.4,0,0
2024-04-17,HAL,22.0333,88.0667,9.3,1.21,6.3,9.1,1009.6,0,0
2024-04-24,HAL,22.0333,88.0667,26.3,1.03,8.0,7.2,1018.9,0,0
2024-05-01,HAL,22.0333,88.0667,14.9,1.46,6.8,0,1009.8,0,0
2024-05-08,HAL,22.0333,88.0667,16.7,1.61,10.2,6.9,1012.3,0,0
2024-05-15,HAL,22.0333,88.0667,16.7,2.35,9.5,13.1,1011.8,0,0
2024-05-22,HAL,22.0333,88.0667,13.5,1.23,5.9,5.7,1012.6,0,0
2024-05-29,HAL,22.0333,88.0667,19.9,0.93,10.3,7.7,1019.7,0,0
2024-06-05,HAL,22.0333,88.0667,25.3,2.18,8.1,64.9,1003.0,0,0
2024-06-12,HAL,22.0333,88.0667,24.5,2.01,8.6,67.4,1002.7,0,0
2024-06-19,HAL,22.0333,88.0667,24.6,2.22,10.9,32.7,1004.2,0,0
2024-06-26,HAL,22.0333,88.0667,32.5,2.58,8.9,46.1,1001.7,0,0
2024-07-03,HAL,22.0333,88.0667,23.4,2.41,6.5,60.5,1001.5,0,0
2024-07-10,HAL,22.0333,88.0667,26.0,1.66,5.3,48.2,1005.7,0,0
2024-07-17,HAL,22.0333,88.0667,24.1,1.05,10.9,0,1009.4,0,0
2024-07-24,HAL,22.0333,88.0667,25.5,2.06,8.5,40.3,1007.7,0,0
2024-07-31,HAL,22.0333,88.0667,29.1,2.34,9.0,41.6,1011.8,0,0
2024-08-07,HAL,22.0333,88.0667,24.2,2.77,8.8,65.8,1002.1,0,0
2024-08-14,HAL,22.0333,88.0667,31.8,2.22,8.5,49.4,1007.1,0,0
2024-08-21,HAL,22.0333,88.0667,27.8,2.8,6.3,46.2,1010.4,0,0
2024-08-28,HAL,22.0333,88.0667,28.3,2.79,9.8,14.7,1007.3,0,0
2024-09-04,HAL,22.0333,88.0667,27.6,2.69,6.4,67.0,1005.9,0,0
2024-09-11,HAL,22.0333,88.0667,48.1,4.82,5.3,76.5,1008.1,1,0
2024-09-18,HAL,22.0333,88.0667,22.7,2.31,9.8,87.7,1000.1,0,0
2024-09-25,HAL,22.0333,88.0667,31.2,1.92,8.1,65.6,1003.3,0,0
2024-10-02,HAL,22.0333,88.0667,12.7,2.09,10.2,12.6,1014.1,0,0
2024-10-09,HAL,22.0333,88.0667,17.7,1.52,10.8,8.0,1017.7,0,0
2024-10-16,HAL,22.0333,88.0667,14.4,0.99,9.2,4.3,1012.3,0,0
2024-10-23,HAL,22.0333,88.0667,10.8,1.15,7.3,7.9,1011.8,0,0
2024-10-30,HAL,22.0333,88.0667,41.3,5.81,10.1,7.7,983.5,0,1
2024-11-06,HAL,22.0333,88.0667,13.6,1.67,8.1,0,1018.8,0,0
2024-11-13,HAL,22.0333,88.0667,16.3,2.09,7.5,10.0,1005.7,0,0
2024-11-20,HAL,22.0333,88.0667,11.5,1.33,7.5,17.6,1013.4,0,0
2024-11-27,HAL,22.0333,88.0667,33.9,3.77,8.0,5.7,1017.3,1,0
2024-12-04,HAL,22.0333,88.0667,12.8,1.42,9.2,15.1,1015.0,0,0
2024-12-11,HAL,22.0333,88.0667,12.2,1.18,9.7,1.7,1010.3,0,0
2024-12-18,HAL,22.0333,88.0667,18.5,1.55,5.2,20.0,1015.2,0,0
2024-12-25,HAL,22.0333,88.0667,15.6,1.46,9.8,3.8,1014.0,0,0
2025-01-01,HAL,22.0333,88.0667,14.3,1.43,9.9,24.6,1011.0,0,0
2025-01-08,HAL,22.0333,88.0667,12.8,1.92,5.4,13.4,1019.6,0,0
2025-01-15,HAL,22.0333,88.0667,23.5,1.82,8.4,15.4,1014.4,0,0
2025-01-22,HAL,22.0333,88.0667,15.4,1.58,6.7,13.8,1013.0,0,0
2025-01-29,HAL,22.0333,88.0667,20.0,1.63,6.3,12.0,1010.6,0,0
2025-02-05,HAL,22.0333,88.0667,16.3,1.43,6.0,8.8,1022.7,0,0
2025-02-12,HAL,22.0333,88.0667,13.4,1.25,5.3,7.5,1010.7,0,0
2025-02-19,HAL,22.0333,88.0667,35.5,2.53,8.9,5.1,1013.2,1,0
2025-02-26,HAL,22.0333,88.0667,17.0,1.65,5.1,8.9,1012.7,0,0
2025-03-05,HAL,22.0333,88.0667,13.7,1.35,9.3,11.4,1011.0,0,0
2025-03-12,HAL,22.0333,88.0667,14.1,1.12,9.5,10.8,1011.6,0,0
2025-03-19,HAL,22.0333,88.0667,11.5,1.6,5.9,13.1,1009.2,0,0
2025-03-26,HAL,22.0333,88.0667,13.0,2.55,6.8,7.6,1013.4,0,0
2025-04-02,HAL,22.0333,88.0667,13.0,1.04,5.4,0,1014.9,0,0
2025-04-09,HAL,22.0333,88.0667,9.4,0.93,7.5,11.1,1017.6,0,0
2025-04-16,HAL,22.0333,88.0667,11.6,1.82,5.8,13.0,1013.8,0,0
2025-04-23,HAL,22.0333,88.0667,19.1,1.07,5.0,13.5,1014.2,0,0
2025-04-30,HAL,22.0333,88.0667,11.5,1.09,10.3,8.0,1017.3,0,0
2025-05-07,HAL,22.0333,88.0667,12.8,0.94,5.7,12.8,1008.3,0,0
2025-05-14,HAL,22.0333,88.0667,11.3,1.02,10.4,3.8,1012.3,0,0
2025-05-21,HAL,22.0333,88.0667,13.9,0.67,9.4,4.1,1016.2,0,0
2025-05-28,HAL,22.0333,88.0667,17.5,1.53,10.5,13.4,1010.0,0,0
2025-06-04,HAL,22.0333,88.0667,20.4,2.29,5.5,117.4,1002.5,0,0
2025-06-11,HAL,22.0333,88.0667,25.6,2.43,8.8,32.2,1003.4,0,0
2025-06-18,HAL,22.0333,88.0667,30.0,2.03,7.7,85.8,1006.5,0,0
2025-06-25,HAL,22.0333,88.0667,19.8,2.02,5.3,84.8,1001.1,0,0
2025-07-02,HAL,22.0333,88.0667,23.8,2.93,6.6,78.6,1002.9,0,0
2025-07-09,HAL,22.0333,88.0667,21.2,3.08,10.9,42.6,1004.9,0,0
2025-07-16,HAL,22.0333,88.0667,25.7,2.41,7.8,86.4,1002.9,0,0
2025-07-23,HAL,22.0333,88.0667,30.2,2.1,7.9,30.8,1005.1,0,0
2025-07-30,HAL,22.0333,88.0667,21.7,2.54,6.6,45.8,1001.3,0,0
2025-08-06,HAL,22.0333,88.0667,25.9,2.86,9.9,53.3,1010.6,0,0
2025-08-13,HAL,22.0333,88.0667,29.1,2.31,6.3,109.7,1001.0,0,0
2025-08-20,HAL,22.0333,88.0667,28.9,2.11,8.4,43.5,1005.0,0,0
2025-08-27,HAL,22.0333,88.0667,22.8,2.35,7.7,49.4,1006.5,0,0
2025-09-03,HAL,22.0333,88.0667,33.4,2.8,7.4,23.1,1011.2,0,0
2025-09-10,HAL,22.0333,88.0667,33.9,2.5,10.2,28.7,1009.0,0,0
2025-09-17,HAL,22.0333,88.0667,20.5,2.35,5.7,29.2,1006.2,0,0
2025-09-24,HAL,22.0333,88.0667,26.4,2.26,10.9,44.1,1011.5,0,0
2025-10-01,HAL,22.0333,88.0667,11.7,1.33,9.1,8.5,1013.4,0,0
2025-10-08,HAL,22.0333,88.0667,19.0,1.37,10.5,6.1,1011.1,0,0
2025-10-15,HAL,22.0333,88.0667,17.4,1.26,10.5,9.0,1010.1,0,0
2025-10-22,HAL,22.0333,88.0667,12.7,1.04,8.6,0,1017.8,0,0
2025-10-29,HAL,22.0333,88.0667,17.2,1.05,10.6,14.4,1017.2,0,0
2020-01-01,PAR,20.3167,86.6167,9.3,1.43,9.9,0.5,1013.4,0,0
2020-01-08,PAR,20.3167,86.6167,15.5,1.81,9.2,15.4,1010.3,0,0
2020-01-15,PAR,20.3167,86.6167,17.9,1.58,7.2,9.6,1010.4,0,0
2020-01-22,PAR,20.3167,86.6167,17.6,1.37,6.9,4.3,1009.9,0,0
2020-01-29,PAR,20.3167,86.6167,18.7,1.83,7.4,13.3,1017.3,0,0
2020-02-05,PAR,20.3167,86.6167,20.8,1.71,8.6,7.5,1013.0,0,0
2020-02-12,PAR,20.3167,86.6167,16.7,1.12,5.1,1.2,1014.0,0,0
2020-02-19,PAR,20.3167,86.6167,14.8,2.21,5.2,9.5,1011.8,0,0
2020-02-26,PAR,20.3167,86.6167,20.7,1.15,7.2,7.1,1019.9,0,0
2020-03-04,PAR,20.3167,86.6167,22.2,1.23,6.7,6.2,1019.2,0,0
2020-03-11,PAR,20.3167,86.6167,17.3,1.5,6.7,13.7,1008.5,0,0
2020-03-18,PAR,20.3167,86.6167,7.1,1.43,5.8,3.9,1013.4,0,0
2020-03-25,PAR,20.3167,86.6167,16.6,0.83,8.1,2.7,1013.1,0,0
2020-04-01,PAR,20.3167,86.6167,16.4,1.07,9.0,14.0,1014.3,0,0
2020-04-08,PAR,20.3167,86.6167,15.0,1.2,6.4,15.0,1015.6,0,0
2020-04-15,PAR,20.3167,86.6167,9.9,1.5,8.0,3.5,1013.3,0,0
2020-04-22,PAR,20.3167,86.6167,18.5,0.96,8.7,7.8,1020.3,0,0
2020-04-29,PAR,20.3167,86.6167,17.1,1.85,10.4,9.1,1012.9,0,0
2020-05-06,PAR,20.3167,86.6167,16.5,0.84,5.3,0.6,1021.3,0,0
2020-05-13,PAR,20.3167,86.6167,9.0,1.65,10.7,7.7,1005.0,0,0
2020-05-20,PAR,20.3167,86.6167,16.1,1.42,9.8,0,1007.5,0,0
2020-05-27,PAR,20.3167,86.6167,16.9,1.45,9.8,20.7,1012.6,0,0
2020-06-03,PAR,20.3167,86.6167,22.9,2.07,6.1,11.2,1000.3,0,0
2020-06-10,PAR,20.3167,86.6167,22.1,2.22,8.7,54.5,1012.4,0,0
2020-06-17,PAR,20.3167,86.6167,30.2,2.23,9.1,99.8,1008.6,0,0
2020-06-24,PAR,20.3167,86.6167,22.1,2.97,9.6,51.5,1005.4,0,0
2020-07-01,PAR,20.3167,86.6167,27.1,2.71,5.7,68.5,1001.1,0,0
2020-07-08,PAR,20.3167,86.6167,14.9,2.34,8.9,46.1,1008.2,0,0
2020-07-15,PAR,20.3167,86.6167,26.2,1.76,5.8,51.7,1001.4,0,0
2020-07-22,PAR,20.3167,86.6167,28.4,2.05,9.6,67.0,1007.4,0,0
2020-07-29,PAR,20.3167,86.6167,25.3,2.41,10.3,68.3,1003.6,0,0
2020-08-05,PAR,20.3167,86.6167,28.0,2.11,5.7,57.8,1004.7,0,0
2020-08-12,PAR,20.3167,86.6167,27.7,2.07,9.3,50.2,1008.9,0,0
2020-08-19,PAR,20.3167,86.6167,27.7,2.23,9.9,25.7,1001.0,0,0
2020-08-26,PAR,20.3167,86.6167,27.1,2.62,9.1,50.4,997.4,0,0
2020-09-02,PAR,20.3167,86.6167,12.0,2.6,9.6,70.6,1004.4,0,0
2020-09-09,PAR,20.3167,86.6167,21.1,1.9,7.9,83.1,1005.4,0,0
2020-09-16,PAR,20.3167,86.6167,26.3,2.51,8.1,26.9,999.4,0,0
2020-09-23,PAR,20.3167,86.6167,24.0,2.0,6.6,59.0,1008.4,0,0
2020-09-30,PAR,20.3167,86.6167,26.3,2.73,6.7,88.9,1000.9,0,0
2020-10-07,PAR,20.3167,86.6167,23.8,1.92,10.3,0,1023.1,0,0
2020-10-14,PAR,20.3167,86.6167,43.0,3.77,8.4,9.3,1013.5,1,0
2020-10-21,PAR,20.3167,86.6167,22.2,1.47,6.1,6.4,1016.2,0,0
2020-10-28,PAR,20.3167,86.6167,15.0,1.23,9.7,10.9,1015.2,0,0
2020-11-04,PAR,20.3167,86.6167,19.9,0.83,6.6,4.6,1010.1,0,0
2020-11-11,PAR,20.3167,86.6167,16.5,1.49,6.9,13.7,1014.8,0,0
2020-11-18,PAR,20.3167,86.6167,15.4,2.26,6.5,9.9,1009.8,0,0
2020-11-25,PAR,20.3167,86.6167,16.9,1.44,6.2,20.2,1011.5,0,0
2020-12-02,PAR,20.3167,86.6167,14.2,0.88,5.3,10.3,1017.6,0,0
2020-12-09,PAR,20.3167,86.6167,13.6,1.56,9.7,0,1013.7,0,0
2020-12-16,PAR,20.3167,86.6167,7.2,1.04,7.7,4.5,1018.6,0,0
2020-12-23,PAR,20.3167,86.6167,14.5,1.41,6.5,12.5,1005.9,0,0
2020-12-30,PAR,20.3167,86.6167,11.9,1.13,9.5,14.7,1007.2,0,0
2021-01-06,PAR,20.3167,86.6167,24.4,1.84,8.5,8.9,1009.2,0,0
2021-01-13,PAR,20.3167,86.6167,38.8,3.17,6.5,9.5,1014.9,1,0
2021-01-20,PAR,20.3167,86.6167,15.1,1.71,6.2,12.2,1012.5,0,0
2021-01-27,PAR,20.3167,86.6167,21.3,1.72,5.8,7.8,1013.1,0,0
2021-02-03,PAR,20.3167,86.6167,18.0,1.51,8.6,0.5,1008.8,0,0
2021-02-10,PAR,20.3167,86.6167,17.3,1.39,7.6,17.8,1016.0,0,0
2021-02-17,PAR,20.3167,86.6167,8.2,1.07,10.6,21.9,1008.9,0,0
2021-02-24,PAR,20.3167,86.6167,6.6,1.63,6.8,9.4,1015.0,0,0
2021-03-03,PAR,20.3167,86.6167,16.4,1.69,5.3,10.7,1019.9,0,0
2021-03-10,PAR,20.3167,86.6167,13.9,1.23,7.0,9.4,1017.9,0,0
2021-03-17,PAR,20.3167,86.6167,15.7,1.66,5.4,0,1006.4,0,0
2021-03-24,PAR,20.3167,86.6167,12.3,1.75,6.6,6.2,1018.6,0,0
2021-03-31,PAR,20.3167,86.6167,18.5,1.29,8.5,1.5,1014.2,0,0
2021-04-07,PAR,20.3167,86.6167,12.9,1.98,6.7,0,1018.5,0,0
2021-04-14,PAR,20.3167,86.6167,13.2,1.54,10.6,12.4,1021.9,0,0
2021-04-21,PAR,20.3167,86.6167,16.9,1.76,6.6,2.8,1015.8,0,0
2021-04-28,PAR,20.3167,86.6167,17.3,1.15,6.8,9.0,1016.5,0,0
2021-05-05,PAR,20.3167,86.6167,14.6,1.23,5.4,4.4,1017.3,0,0
2021-05-12,PAR,20.3167,86.6167,17.1,1.72,7.7,5.1,1018.1,0,0
2021-05-19,PAR,20.3167,86.6167,21.9,1.51,7.9,17.6,1010.4,0,0
2021-05-26,PAR,20.3167,86.6167,23.4,0.56,7.0,6.4,1009.2,0,0
2021-06-02,PAR,20.3167,86.6167,25.7,2.38,10.5,74.9,1000.8,0,0
2021-06-09,PAR,20.3167,86.6167,36.0,2.34,10.9,78.7,1012.3,0,0
2021-06-16,PAR,20.3167,86.6167,35.4,2.16,5.3,64.3,1007.5,0,0
2021-06-23,PAR,20.3167,86.6167,29.7,1.77,10.9,35.7,1003.8,0,0
2021-06-30,PAR,20.3167,86.6167,29.9,2.14,7.5,76.1,1008.3,0,0
2021-07-07,PAR,20.3167,86.6167,24.0,2.83,6.4,99.7,1003.8,0,0
2021-07-14,PAR,20.3167,86.6167,22.4,2.58,7.6,60.8,1008.7,0,0
2021-07-21,PAR,20.3167,86.6167,25.5,2.81,10.2,70.7,1002.1,0,0
2021-07-28,PAR,20.3167,86.6167,24.6,2.22,10.6,49.2,1005.5,0,0
2021-08-04,PAR,20.3167,86.6167,20.8,2.84,7.2,70.7,1004.0,0,0
2021-08-11,PAR,20.3167,86.6167,22.0,2.37,5.1,64.7,1003.2,0,0
2021-08-18,PAR,20.3167,86.6167,21.5,1.86,9.2,39.7,1012.0,0,0
2021-08-25,PAR,20.3167,86.6167,24.7,2.71,6.1,57.0,995.7,0,0
2021-09-01,PAR,20.3167,86.6167,25.5,2.55,10.7,58.1,1007.5,0,0
2021-09-08,PAR,20.3167,86.6167,24.9,2.24,9.5,113.4,1003.4,0,0
2021-09-15,PAR,20.3167,86.6167,24.0,2.42,5.3,41.8,1000.1,0,0
2021-09-22,PAR,20.3167,86.6167,26.5,2.58,7.1,48.8,1006.2,0,0
2021-09-29,PAR,20.3167,86.6167,34.3,2.26,7.7,49.1,1004.7,0,0
2021-10-06,PAR,20.3167,86.6167,17.3,1.25,8.0,11.3,1011.9,0,0
2021-10-13,PAR,20.3167,86.6167,15.0,2.13,7.9,0,1015.6,0,0
2021-10-20,PAR,20.3167,86.6167,21.0,1.26,6.7,5.2,1017.8,0,0
2021-10-27,PAR,20.3167,86.6167,17.6,1.79,7.4,1.7,1011.5,0,0
2021-11-03,PAR,20.3167,86.6167,16.5,1.14,10.3,0,1008.3,0,0
2021-11-10,PAR,20.3167,86.6167,22.1,1.52,7.9,10.2,1012.5,0,0
2021-11-17,PAR,20.3167,86.6167,43.5,4.75,5.4,7.5,985.0,0,1
2021-11-24,PAR,20.3167,86.6167,26.5,1.32,9.1,12.2,1009.0,0,0
2021-12-01,PAR,20.3167,86.6167,2,1.26,9.0,13.7,1010.3,0,0
2021-12-08,PAR,20.3167,86.6167,8.9,2.12,5.8,11.5,1015.8,0,0
2021-12-15,PAR,20.3167,86.6167,8.3,1.05,7.4,13.0,1013.7,0,0
2021-12-22,PAR,20.3167,86.6167,16.7,1.1,5.5,0,1012.6,0,0
2021-12-29,PAR,20.3167,86.6167,12.5,0.76,9.8,7.2,1007.4,0,0
2022-01-05,PAR,20.3167,86.6167,10.5,1.42,8.5,9.9,1006.4,0,0
2022-01-12,PAR,20.3167,86.6167,14.3,1.41,9.1,10.6,1011.3,0,0
2022-01-19,PAR,20.3167,86.6167,10.8,1.27,8.0,9.8,1024.1,0,0
2022-01-26,PAR,20.3167,86.6167,18.7,0.96,10.1,14.1,1009.4,0,0
2022-02-02,PAR,20.3167,86.6167,22.2,3.44,10.9,2.1,1011.3,1,0
2022-02-09,PAR,20.3167,86.6167,19.7,1.78,6.8,1.7,1017.4,0,0
2022-02-16,PAR,20.3167,86.6167,21.2,1.53,6.6,8.7,1006.5,0,0
2022-02-23,PAR,20.3167,86.6167,14.0,1.86,9.6,9.2,1014.4,0,0
2022-03-02,PAR,20.3167,86.6167,20.4,1.59,6.6,2.2,1016.2,0,0
2022-03-09,PAR,20.3167,86.6167,19.8,1.0,10.7,6.6,1008.8,0,0
2022-03-16,PAR,20.3167,86.6167,19.8,1.64,5.4,7.4,1004.4,0,0
2022-03-23,PAR,20.3167,86.6167,17.8,1.15,8.5,2.4,1010.7,0,0
2022-03-30,PAR,20.3167,86.6167,18.5,1.68,9.7,13.4,1001.2,0,0
2022-04-06,PAR,20.3167,86.6167,16.5,1.87,8.4,16.3,1013.8,0,0
2022-04-13,PAR,20.3167,86.6167,14.2,1.64,9.6,0,1011.6,0,0
2022-04-20,PAR,20.3167,86.6167,18.5,1.34,5.6,5.7,1017.7,0,0
2022-04-27,PAR,20.3167,86.6167,22.5,1.71,10.5,6.2,1012.7,0,0
2022-05-04,PAR,20.3167,86.6167,18.3,1.5,10.2,13.6,1012.9,0,0
2022-05-11,PAR,20.3167,86.6167,17.7,1.49,8.3,3.2,1008.4,0,0
2022-05-18,PAR,20.3167,86.6167,19.7,1.27,10.0,9.1,1012.9,0,0
2022-05-25,PAR,20.3167,86.6167,13.4,2.09,5.8,9.3,1014.4,0,0
2022-06-01,PAR,20.3167,86.6167,28.8,2.32,9.7,55.1,1009.0,0,0
2022-06-08,PAR,20.3167,86.6167,22.0,2.24,6.2,88.0,1009.5,0,0
2022-06-15,PAR,20.3167,86.6167,24.6,1.94,7.8,0,1005.0,0,0
2022-06-22,PAR,20.3167,86.6167,30.9,2.2,6.5,82.4,1000.6,0,0
2022-06-29,PAR,20.3167,86.6167,28.0,2.29,8.9,24.6,1011.5,0,0
2022-07-06,PAR,20.3167,86.6167,29.5,3.06,8.4,47.9,1005.4,0,0
2022-07-13,PAR,20.3167,86.6167,22.3,2.29,10.4,42.1,1005.6,0,0
2022-07-20,PAR,20.3167,86.6167,30.3,2.25,6.4,34.5,1003.5,0,0
2022-07-27,PAR,20.3167,86.6167,24.8,1.42,5.7,96.2,1002.2,0,0
2022-08-03,PAR,20.3167,86.6167,35.7,2.33,9.0,57.5,1008.2,0,0
2022-08-10,PAR,20.3167,86.6167,28.4,1.57,5.2,93.2,1003.5,0,0
2022-08-17,PAR,20.3167,86.6167,34.6,2.92,10.8,66.6,1002.4,1,0
2022-08-24,PAR,20.3167,86.6167,30.7,2.67,9.7,47.2,1001.6,0,0
2022-08-31,PAR,20.3167,86.6167,28.4,2.69,8.2,100.0,1006.2,0,0
2022-09-07,PAR,20.3167,86.6167,27.8,2.94,5.5,35.0,1009.7,0,0
2022-09-14,PAR,20.3167,86.6167,32.1,2.75,9.6,62.7,1006.2,0,0
2022-09-21,PAR,20.3167,86.6167,18.2,2.85,10.2,69.2,998.8,0,0
2022-09-28,PAR,20.3167,86.6167,28.0,2.39,7.4,34.6,1010.8,0,0
2022-10-05,PAR,20.3167,86.6167,14.8,1.05,6.5,6.7,1012.4,0,0
2022-10-12,PAR,20.3167,86.6167,17.8,1.48,5.2,10.7,1011.9,0,0
2022-10-19,PAR,20.3167,86.6167,10.8,1.37,5.2,8.0,1006.3,0,0
2022-10-26,PAR,20.3167,86.6167,17.6,1.85,7.5,5.9,1009.4,0,0
2022-11-02,PAR,20.3167,86.6167,20.2,1.01,9.3,3.1,1007.8,0,0
2022-11-09,PAR,20.3167,86.6167,11.7,1.65,5.6,17.4,1017.0,0,0
2022-11-16,PAR,20.3167,86.6167,21.4,1.25,7.1,4.8,1007.0,0,0
2022-11-23,PAR,20.3167,86.6167,7.6,1.78,10.5,2.6,1013.0,0,0
2022-11-30,PAR,20.3167,86.6167,14.8,2.18,7.0,0.1,1016.6,0,0
2022-12-07,PAR,20.3167,86.6167,11.9,1.12,8.2,13.5,1014.1,0,0
2022-12-14,PAR,20.3167,86.6167,13.8,2.21,10.2,10.1,1010.4,0,0
2022-12-21,PAR,20.3167,86.6167,13.7,1.92,6.2,1.2,1012.1,0,0
2022-12-28,PAR,20.3167,86.6167,11.9,1.69,7.4,6.7,1011.9,0,0
2023-01-04,PAR,20.3167,86.6167,12.1,1.46,8.7,9.2,1014.2,0,0
2023-01-11,PAR,20.3167,86.6167,18.6,1.3,9.8,11.1,1014.6,0,0
2023-01-18,PAR,20.3167,86.6167,21.5,1.21,8.5,12.3,1010.7,0,0
2023-01-25,PAR,20.3167,86.6167,23.9,0.32,8.6,6.0,1006.5,0,0
2023-02-01,PAR,20.3167,86.6167,15.4,1.14,8.4,0,1013.3,0,0
2023-02-08,PAR,20.3167,86.6167,20.2,1.16,8.3,19.7,1005.6,0,0
2023-02-15,PAR,20.3167,86.6167,16.3,1.17,9.7,10.1,1010.3,0,0
2023-02-22,PAR,20.3167,86.6167,18.3,1.42,10.9,11.4,1010.7,0,0
2023-03-01,PAR,20.3167,86.6167,14.0,1.03,8.8,0.6,1020.2,0,0
2023-03-08,PAR,20.3167,86.6167,14.3,1.53,10.9,15.7,1014.2,0,0
2023-03-15,PAR,20.3167,86.6167,20.4,0.99,7.8,12.7,996.6,0,0
2023-03-22,PAR,20.3167,86.6167,18.2,1.83,8.9,0,1008.6,0,0
2023-03-29,PAR,20.3167,86.6167,17.3,0.9,7.1,8.2,1013.3,0,0
2023-04-05,PAR,20.3167,86.6167,11.4,1.16,6.1,12.6,1008.1,0,0
2023-04-12,PAR,20.3167,86.6167,15.1,1.62,10.0,16.5,1012.5,0,0
2023-04-19,PAR,20.3167,86.6167,33.5,2.86,5.1,13.2,1015.1,1,0
2023-04-26,PAR,20.3167,86.6167,13.8,0.77,6.3,4.6,1013.3,0,0
2023-05-03,PAR,20.3167,86.6167,16.6,1.8,10.0,16.2,1008.8,0,0
2023-05-10,PAR,20.3167,86.6167,15.5,1.58,5.7,4.6,1011.4,0,0
2023-05-17,PAR,20.3167,86.6167,14.8,1.43,8.3,13.3,1008.9,0,0
2023-05-24,PAR,20.3167,86.6167,18.7,2.04,8.2,0.5,1012.4,0,0
2023-05-31,PAR,20.3167,86.6167,22.8,1.22,5.0,9.5,1012.4,0,0
2023-06-07,PAR,20.3167,86.6167,26.6,2.45,6.4,6.4,1005.8,0,0
2023-06-14,PAR,20.3167,86.6167,17.2,2.28,8.7,40.9,1005.1,0,0
2023-06-21,PAR,20.3167,86.6167,23.6,2.42,8.2,71.3,1012.7,0,0
2023-06-28,PAR,20.3167,86.6167,19.9,1.94,7.1,1.6,994.5,0,0
2023-07-05,PAR,20.3167,86.6167,28.6,2.04,9.2,54.2,993.8,0,0
2023-07-12,PAR,20.3167,86.6167,26.5,1.54,9.6,109.0,1005.2,0,0
2023-07-19,PAR,20.3167,86.6167,22.6,2.4,9.3,65.8,1007.3,0,0
2023-07-26,PAR,20.3167,86.6167,23.2,2.35,8.7,34.8,1000.8,0,0
2023-08-02,PAR,20.3167,86.6167,25.1,2.76,9.6,74.1,1004.2,0,0
2023-08-09,PAR,20.3167,86.6167,20.0,2.39,8.1,113.7,997.5,0,0
2023-08-16,PAR,20.3167,86.6167,23.9,2.29,7.8,54.0,1006.8,0,0
2023-08-23,PAR,20.3167,86.6167,21.1,2.08,10.4,109.2,1003.5,0,0
2023-08-30,PAR,20.3167,86.6167,33.0,2.6,7.9,44.2,1003.6,0,0
2023-09-06,PAR,20.3167,86.6167,23.6,2.35,8.4,81.6,1008.4,0,0
2023-09-13,PAR,20.3167,86.6167,17.5,2.73,8.0,39.5,999.6,0,0
2023-09-20,PAR,20.3167,86.6167,13.9,2.21,6.3,69.7,998.3,0,0
2023-09-27,PAR,20.3167,86.6167,35.5,2.4,10.7,34.2,996.2,0,0
2023-10-04,PAR,20.3167,86.6167,14.8,1.28,6.8,7.7,1005.6,0,0
2023-10-11,PAR,20.3167,86.6167,22.3,1.62,6.0,6.8,1008.2,0,0
2023-10-18,PAR,20.3167,86.6167,20.2,2.01,7.1,10.2,1012.1,0,0
2023-10-25,PAR,20.3167,86.6167,10.1,1.32,8.0,2.3,1017.4,0,0
2023-11-01,PAR,20.3167,86.6167,23.5,1.38,8.1,0,1012.0,0,0
2023-11-08,PAR,20.3167,86.6167,14.9,0.86,8.2,9.7,1011.9,0,0
2023-11-15,PAR,20.3167,86.6167,17.3,1.62,9.7,9.7,1010.8,0,0
2023-11-22,PAR,20.3167,86.6167,19.1,2.04,9.2,1.6,1015.1,0,0
2023-11-29,PAR,20.3167,86.6167,11.8,1.38,10.2,13.2,1014.0,0,0
2023-12-06,PAR,20.3167,86.6167,16.8,1.03,5.8,0.5,1015.4,0,0
2023-12-13,PAR,20.3167,86.6167,21.5,1.12,9.5,11.9,1014.4,0,0
2023-12-20,PAR,20.3167,86.6167,11.8,1.65,9.6,8.6,1016.0,0,0
2023-12-27,PAR,20.3167,86.6167,19.7,0.96,6.5,18.8,1013.3,0,0
2024-01-03,PAR,20.3167,86.6167,13.1,1.36,5.7,2.6,1012.7,0,0
2024-01-10,PAR,20.3167,86.6167,14.4,1.83,10.1,0,1012.8,0,0
2024-01-17,PAR,20.3167,86.6167,12.0,1.59,5.4,2.8,1008.3,0,0
2024-01-24,PAR,20.3167,86.6167,27.4,1.5,6.0,1.0,1017.1,0,0
2024-01-31,PAR,20.3167,86.6167,17.5,1.25,7.6,8.5,1009.3,0,0
2024-02-07,PAR,20.3167,86.6167,16.3,1.31,5.8,13.3,1010.6,0,0
2024-02-14,PAR,20.3167,86.6167,11.6,1.31,8.1,11.1,1014.7,0,0
2024-02-21,PAR,20.3167,86.6167,10.1,0.96,5.2,16.1,1011.2,0,0
2024-02-28,PAR,20.3167,86.6167,17.6,1.1,6.8,6.0,1017.4,0,0
2024-03-06,PAR,20.3167,86.6167,13.0,1.14,5.9,2.6,1017.7,0,0
2024-03-13,PAR,20.3167,86.6167,12.4,1.05,6.6,2.2,1011.7,0,0
2024-03-20,PAR,20.3167,86.6167,12.8,1.32,6.2,16.3,1008.6,0,0
2024-03-27,PAR,20.3167,86.6167,15.3,1.96,6.0,7.4,1023.3,0,0
2024-04-03,PAR,20.3167,86.6167,14.9,1.08,7.9,0,1021.0,0,0
2024-04-10,PAR,20.3167,86.6167,16.6,1.93,10.3,19.1,1006.5,0,0
2024-04-17,PAR,20.3167,86.6167,20.6,1.92,7.3,21.3,1016.9,0,0
2024-04-24,PAR,20.3167,86.6167,7.8,1.45,6.0,7.7,1017.2,0,0
2024-05-01,PAR,20.3167,86.6167,17.8,1.35,8.0,7.2,1011.5,0,0
2024-05-08,PAR,20.3167,86.6167,17.7,1.32,6.4,0,1012.8,0,0
2024-05-15,PAR,20.3167,86.6167,16.7,0.74,6.0,4.5,1011.9,0,0
2024-05-22,PAR,20.3167,86.6167,14.6,1.23,6.6,19.0,1004.3,0,0
2024-05-29,PAR,20.3167,86.6167,12.6,1.15,8.4,14.6,1017.6,0,0
2024-06-05,PAR,20.3167,86.6167,22.4,2.07,9.4,27.7,1000.3,0,0
2024-06-12,PAR,20.3167,86.6167,28.4,2.54,7.2,52.6,1005.6,0,0
2024-06-19,PAR,20.3167,86.6167,26.5,2.22,7.1,18.4,1010.2,0,0
2024-06-26,PAR,20.3167,86.6167,30.6,1.72,6.8,42.5,1006.9,0,0
2024-07-03,PAR,20.3167,86.6167,24.2,2.55,6.3,51.0,1003.1,0,0
2024-07-10,PAR,20.3167,86.6167,29.0,2.41,10.1,65.4,1016.7,0,0
2024-07-17,PAR,20.3167,86.6167,24.0,2.51,8.8,10.4,1007.4,0,0
2024-07-24,PAR,20.3167,86.6167,30.2,2.26,6.7,51.3,1010.4,0,0
2024-07-31,PAR,20.3167,86.6167,20.1,1.93,7.3,57.0,1002.1,0,0
2024-08-07,PAR,20.3167,86.6167,23.3,2.82,10.4,62.5,1003.3,0,0
2024-08-14,PAR,20.3167,86.6167,27.1,2.1,10.6,89.1,1006.3,0,0
2024-08-21,PAR,20.3167,86.6167,27.8,2.25,9.8,90.3,1005.3,0,0
2024-08-28,PAR,20.3167,86.6167,24.7,2.39,8.8,47.3,1008.2,0,0
2024-09-04,PAR,20.3167,86.6167,54.6,4.36,7.7,50.5,1008.4,1,0
2024-09-11,PAR,20.3167,86.6167,23.2,2.3,6.0,90.9,1009.3,0,0
2024-09-18,PAR,20.3167,86.6167,28.3,2.83,7.2,98.0,1009.2,0,0
2024-09-25,PAR,20.3167,86.6167,22.6,2.59,10.8,106.2,997.0,0,0
2024-10-02,PAR,20.3167,86.6167,27.2,2.86,6.9,0,1016.1,1,0
2024-10-09,PAR,20.3167,86.6167,19.6,1.38,8.8,6.8,1010.2,0,0
2024-10-16,PAR,20.3167,86.6167,7.0,1.61,7.6,9.3,1006.9,0,0
2024-10-23,PAR,20.3167,86.6167,14.8,1.5,8.9,9.7,1007.9,0,0
2024-10-30,PAR,20.3167,86.6167,11.5,1.25,5.6,4.4,1015.9,0,0
2024-11-06,PAR,20.3167,86.6167,8.9,0.67,9.2,0.3,1009.4,0,0
2024-11-13,PAR,20.3167,86.6167,19.1,1.55,6.1,9.5,1017.8,0,0
2024-11-20,PAR,20.3167,86.6167,30.9,3.19,5.3,11.8,1015.9,1,0
2024-11-27,PAR,20.3167,86.6167,10.0,1.49,10.1,7.0,1017.1,0,0
2024-12-04,PAR,20.3167,86.6167,12.8,1.19,7.0,10.5,1013.3,0,0
2024-12-11,PAR,20.3167,86.6167,15.2,0.98,8.9,4.3,1015.0,0,0
2024-12-18,PAR,20.3167,86.6167,18.9,1.5,9.7,17.7,1016.4,0,0
2024-12-25,PAR,20.3167,86.6167,16.2,1.69,5.6,9.9,1009.5,0,0
2025-01-01,PAR,20.3167,86.6167,19.3,1.91,10.1,23.7,1010.8,0,0
2025-01-08,PAR,20.3167,86.6167,8.2,1.26,9.8,12.3,1010.3,0,0
2025-01-15,PAR,20.3167,86.6167,22.9,1.79,5.2,10.1,1012.5,0,0
2025-01-22,PAR,20.3167,86.6167,13.5,1.96,9.0,0.1,1014.3,0,0
2025-01-29,PAR,20.3167,86.6167,20.3,1.34,10.5,20.6,1014.7,0,0
2025-02-05,PAR,20.3167,86.6167,14.8,1.33,7.4,5.7,1014.8,0,0
2025-02-12,PAR,20.3167,86.6167,19.9,1.56,5.0,6.0,1010.6,0,0
2025-02-19,PAR,20.3167,86.6167,16.2,1.69,10.5,16.7,1016.8,0,0
2025-02-26,PAR,20.3167,86.6167,12.1,0.52,10.0,15.1,1011.2,0,0
2025-03-05,PAR,20.3167,86.6167,20.3,0.91,7.6,8.9,1007.8,0,0
2025-03-12,PAR,20.3167,86.6167,14.9,0.93,8.7,2.6,1013.1,0,0
2025-03-19,PAR,20.3167,86.6167,10.1,1.74,11.0,8.0,1013.2,0,0
2025-03-26,PAR,20.3167,86.6167,14.4,1.26,8.0,5.2,1014.6,0,0
2025-04-02,PAR,20.3167,86.6167,15.1,2.27,10.1,7.2,1004.7,0,0
2025-04-09,PAR,20.3167,86.6167,10.0,1.17,5.4,12.2,1011.9,0,0
2025-04-16,PAR,20.3167,86.6167,16.6,1.34,10.3,10.9,1016.9,0,0
2025-04-23,PAR,20.3167,86.6167,17.2,0.63,10.3,15.4,1005.0,0,0
2025-04-30,PAR,20.3167,86.6167,17.5,0.98,5.0,6.6,1013.8,0,0
2025-05-07,PAR,20.3167,86.6167,13.3,0.79,7.9,10.3,1008.8,0,0
2025-05-14,PAR,20.3167,86.6167,17.9,1.58,7.8,7.9,1012.0,0,0
2025-05-21,PAR,20.3167,86.6167,15.7,0.77,6.3,8.3,1010.8,0,0
2025-05-28,PAR,20.3167,86.6167,24.7,1.77,10.2,2.9,1009.5,0,0
2025-06-04,PAR,20.3167,86.6167,31.5,2.2,5.5,82.4,1005.1,0,0
2025-06-11,PAR,20.3167,86.6167,28.5,2.17,8.4,91.3,1007.6,0,0
2025-06-18,PAR,20.3167,86.6167,25.3,2.06,9.5,42.9,1008.2,0,0
2025-06-25,PAR,20.3167,86.6167,25.4,2.55,5.1,20.7,1009.9,0,0
2025-07-02,PAR,20.3167,86.6167,21.1,1.87,7.5,55.6,1004.3,0,0
2025-07-09,PAR,20.3167,86.6167,25.2,2.39,5.4,88.0,998.5,0,0
2025-07-16,PAR,20.3167,86.6167,23.8,2.19,7.3,14.8,1005.4,0,0
2025-07-23,PAR,20.3167,86.6167,21.6,2.65,8.9,46.6,1005.3,0,0
2025-07-30,PAR,20.3167,86.6167,24.4,2.48,7.8,59.9,1004.6,0,0
2025-08-06,PAR,20.3167,86.6167,32.7,1.96,8.8,92.4,999.0,0,0
2025-08-13,PAR,20.3167,86.6167,24.5,2.55,9.9,33.7,1003.6,0,0
2025-08-20,PAR,20.3167,86.6167,25.9,2.25,9.3,32.2,1014.5,0,0
2025-08-27,PAR,20.3167,86.6167,27.5,1.94,10.1,27.5,1009.5,0,0
2025-09-03,PAR,20.3167,86.6167,26.2,2.2,9.9,100.8,1006.0,0,0
2025-09-10,PAR,20.3167,86.6167,31.1,1.26,6.3,54.0,1004.3,0,0
2025-09-17,PAR,20.3167,86.6167,26.1,1.95,7.5,43.3,1005.2,0,0
2025-09-24,PAR,20.3167,86.6167,19.8,2.05,10.9,32.2,1004.9,0,0
2025-10-01,PAR,20.3167,86.6167,14.3,0.94,8.0,12.4,1014.9,0,0
2025-10-08,PAR,20.3167,86.6167,13.3,0.99,5.4,13.8,1021.0,0,0
2025-10-15,PAR,20.3167,86.6167,20.4,1.53,6.2,12.7,1007.1,0,0
2025-10-22,PAR,20.3167,86.6167,17.8,1.28,5.2,19.6,1011.6,0,0
2025-10-29,PAR,20.3167,86.6167,8.3,1.95,9.1,7.8,1008.8,0,0
2020-01-01,VIZ,17.6868,83.2185,13.7,1.39,8.9,5.6,1017.0,0,0
2020-01-08,VIZ,17.6868,83.2185,8.9,0.82,10.8,7.9,1013.0,0,0
2020-01-15,VIZ,17.6868,83.2185,14.8,1.45,10.6,0,1011.4,0,0
2020-01-22,VIZ,17.6868,83.2185,19.3,1.11,9.7,10.1,1019.1,0,0
2020-01-29,VIZ,17.6868,83.2185,14.6,1.9,10.4,7.4,1014.3,0,0
2020-02-05,VIZ,17.6868,83.2185,19.7,1.9,5.2,0,1018.1,0,0
2020-02-12,VIZ,17.6868,83.2185,18.6,1.68,8.7,17.0,1010.2,0,0
2020-02-19,VIZ,17.6868,83.2185,19.3,1.19,7.7,13.3,1014.8,0,0
2020-02-26,VIZ,17.6868,83.2185,12.5,0.92,6.7,4.6,1015.2,0,0
2020-03-04,VIZ,17.6868,83.2185,10.6,1.55,8.6,7.6,1013.8,0,0
2020-03-11,VIZ,17.6868,83.2185,18.3,1.26,9.0,16.0,1013.7,0,0
2020-03-18,VIZ,17.6868,83.2185,15.8,1.72,9.9,7.3,1012.0,0,0
2020-03-25,VIZ,17.6868,83.2185,12.6,1.55,6.0,18.6,1014.1,0,0
2020-04-01,VIZ,17.6868,83.2185,12.0,1.26,5.1,7.8,1001.6,0,0
2020-04-08,VIZ,17.6868,83.2185,17.5,1.25,9.0,1.2,1012.2,0,0
2020-04-15,VIZ,17.6868,83.2185,8.6,1.0,9.6,8.9,1008.0,0,0
2020-04-22,VIZ,17.6868,83.2185,18.8,1.59,10.6,13.4,1016.7,0,0
2020-04-29,VIZ,17.6868,83.2185,11.9,1.95,8.8,5.2,1008.0,0,0
2020-05-06,VIZ,17.6868,83.2185,15.4,1.76,5.1,4.7,1008.5,0,0
2020-05-13,VIZ,17.6868,83.2185,17.2,1.52,7.5,7.8,1015.9,0,0
2020-05-20,VIZ,17.6868,83.2185,15.8,1.16,7.7,8.1,1015.2,0,0
2020-05-27,VIZ,17.6868,83.2185,13.6,1.28,6.0,0,1006.8,0,0
2020-06-03,VIZ,17.6868,83.2185,30.4,2.35,9.1,127.9,1006.1,0,0
2020-06-10,VIZ,17.6868,83.2185,20.7,2.59,8.8,43.1,1005.7,0,0
2020-06-17,VIZ,17.6868,83.2185,27.4,2.59,9.5,45.1,1007.6,0,0
2020-06-24,VIZ,17.6868,83.2185,22.9,2.26,6.9,40.2,1002.7,0,0
2020-07-01,VIZ,17.6868,83.2185,28.7,1.81,7.5,113.2,1004.8,0,0
2020-07-08,VIZ,17.6868,83.2185,50.7,3.13,7.4,30.9,1001.1,1,0
2020-07-15,VIZ,17.6868,83.2185,23.0,2.45,8.8,45.9,998.5,0,0
2020-07-22,VIZ,17.6868,83.2185,33.1,2.62,7.2,2.7,1006.7,0,0
2020-07-29,VIZ,17.6868,83.2185,28.9,2.31,5.8,12.6,1004.4,0,0
2020-08-05,VIZ,17.6868,83.2185,31.1,2.23,9.4,87.7,1007.9,0,0
2020-08-12,VIZ,17.6868,83.2185,32.2,2.52,7.0,56.2,1005.1,0,0
2020-08-19,VIZ,17.6868,83.2185,36.3,2.89,5.4,81.3,1012.5,0,0
2020-08-26,VIZ,17.6868,83.2185,24.0,2.09,8.3,45.9,1010.5,0,0
2020-09-02,VIZ,17.6868,83.2185,24.2,1.89,5.4,59.6,1003.1,0,0
2020-09-09,VIZ,17.6868,83.2185,27.2,1.43,10.8,52.9,1000.6,0,0
2020-09-16,VIZ,17.6868,83.2185,48.1,4.04,8.1,108.6,1005.0,1,0
2020-09-23,VIZ,17.6868,83.2185,20.6,2.75,6.0,51.0,1009.3,0,0
2020-09-30,VIZ,17.6868,83.2185,23.1,2.1,6.7,75.7,1008.9,0,0
2020-10-07,VIZ,17.6868,83.2185,70.8,3.39,8.6,6.8,1000.6,0,1
2020-10-14,VIZ,17.6868,83.2185,12.3,1.23,7.5,14.0,1009.2,0,0
2020-10-21,VIZ,17.6868,83.2185,12.5,1.6,6.8,10.9,1013.4,0,0
2020-10-28,VIZ,17.6868,83.2185,12.8,1.8,9.7,13.2,1013.8,0,0
2020-11-04,VIZ,17.6868,83.2185,13.5,1.39,5.8,8.0,1011.6,0,0
2020-11-11,VIZ,17.6868,83.2185,20.8,1.77,7.3,20.0,1018.4,0,0
2020-11-18,VIZ,17.6868,83.2185,73.9,4.4,8.8,20.2,996.6,0,1
2020-11-25,VIZ,17.6868,83.2185,15.5,1.82,7.7,7.6,1015.6,0,0
2020-12-02,VIZ,17.6868,83.2185,20.6,1.87,7.7,9.9,1019.3,0,0
2020-12-09,VIZ,17.6868,83.2185,15.4,1.58,5.4,1.3,1024.4,0,0
2020-12-16,VIZ,17.6868,83.2185,16.8,1.33,7.8,17.5,1016.7,0,0
2020-12-23,VIZ,17.6868,83.2185,18.0,1.79,10.0,2.5,1011.0,0,0
2020-12-30,VIZ,17.6868,83.2185,21.4,1.54,10.9,0,1018.1,0,0
2021-01-06,VIZ,17.6868,83.2185,14.6,2.52,8.3,4.2,1013.8,0,0
2021-01-13,VIZ,17.6868,83.2185,19.8,0.57,8.0,18.8,1016.5,0,0
2021-01-20,VIZ,17.6868,83.2185,18.5,0.65,7.1,6.1,1014.2,0,0
2021-01-27,VIZ,17.6868,83.2185,15.5,0.98,5.4,4.6,1014.2,0,0
2021-02-03,VIZ,17.6868,83.2185,9.5,0.87,7.5,10.2,1011.3,0,0
2021-02-10,VIZ,17.6868,83.2185,15.1,1.31,7.0,19.0,1012.7,0,0
2021-02-17,VIZ,17.6868,83.2185,14.8,2.0,8.2,5.8,1012.9,0,0
2021-02-24,VIZ,17.6868,83.2185,18.9,2.1,7.6,10.1,1006.9,0,0
2021-03-03,VIZ,17.6868,83.2185,14.6,1.15,5.1,9.2,1013.4,0,0
2021-03-10,VIZ,17.6868,83.2185,18.6,1.63,10.3,4.0,1017.5,0,0
2021-03-17,VIZ,17.6868,83.2185,14.1,1.61,7.2,14.6,1015.8,0,0
2021-03-24,VIZ,17.6868,83.2185,14.8,0.96,9.3,0,1013.9,0,0
2021-03-31,VIZ,17.6868,83.2185,20.4,0.74,10.9,11.1,1014.7,0,0
2021-04-07,VIZ,17.6868,83.2185,18.4,0.6,7.2,5.9,1014.2,0,0
2021-04-14,VIZ,17.6868,83.2185,15.9,1.19,6.3,12.1,1012.5,0,0
2021-04-21,VIZ,17.6868,83.2185,16.0,1.15,7.7,3.2,1014.9,0,0
2021-04-28,VIZ,17.6868,83.2185,16.3,1.57,10.4,8.6,1023.1,0,0
2021-05-05,VIZ,17.6868,83.2185,9.1,0.87,10.0,11.4,1012.1,0,0
2021-05-12,VIZ,17.6868,83.2185,12.5,1.24,6.4,6.4,1015.8,0,0
2021-05-19,VIZ,17.6868,83.2185,38.7,3.03,6.5,1.4,1010.3,1,0
2021-05-26,VIZ,17.6868,83.2185,20.2,1.14,8.9,2.4,1016.6,0,0
2021-06-02,VIZ,17.6868,83.2185,28.2,2.55,9.0,80.2,1002.3,0,0
2021-06-09,VIZ,17.6868,83.2185,30.1,2.17,9.1,40.1,1005.4,0,0
2021-06-16,VIZ,17.6868,83.2185,25.1,2.58,8.3,54.4,998.8,0,0
2021-06-23,VIZ,17.6868,83.2185,25.2,2.11,9.0,51.0,1001.9,0,0
2021-06-30,VIZ,17.6868,83.2185,30.7,1.49,6.6,52.8,1006.8,0,0
2021-07-07,VIZ,17.6868,83.2185,20.2,2.64,11.0,107.2,1009.7,0,0
2021-07-14,VIZ,17.6868,83.2185,30.2,2.43,5.2,13.0,1007.4,0,0
2021-07-21,VIZ,17.6868,83.2185,26.8,2.13,6.2,89.5,1007.7,0,0
2021-07-28,VIZ,17.6868,83.2185,26.1,2.34,9.9,88.0,1006.8,0,0
2021-08-04,VIZ,17.6868,83.2185,29.0,3.01,10.3,75.7,1005.6,0,0
2021-08-11,VIZ,17.6868,83.2185,25.0,2.56,10.2,104.9,995.1,0,0
2021-08-18,VIZ,17.6868,83.2185,26.5,1.99,9.2,17.9,1012.5,0,0
2021-08-25,VIZ,17.6868,83.2185,20.3,3.07,6.7,50.8,1005.1,0,0
2021-09-01,VIZ,17.6868,83.2185,28.0,2.22,6.2,39.6,1012.2,0,0
2021-09-08,VIZ,17.6868,83.2185,23.2,2.32,11.0,66.1,1013.3,0,0
2021-09-15,VIZ,17.6868,83.2185,27.8,2.2,7.5,46.9,1005.1,0,0
2021-09-22,VIZ,17.6868,83.2185,34.0,2.45,9.3,62.1,993.8,0,0
2021-09-29,VIZ,17.6868,83.2185,25.0,2.12,7.3,41.9,1010.3,0,0
2021-10-06,VIZ,17.6868,83.2185,24.2,1.39,7.7,5.5,1011.6,0,0
2021-10-13,VIZ,17.6868,83.2185,13.0,1.23,10.3,6.3,1011.4,0,0
2021-10-20,VIZ,17.6868,83.2185,6.0,0.95,9.3,7.4,1014.6,0,0
2021-10-27,VIZ,17.6868,83.2185,14.5,1.12,10.5,5.9,1009.6,0,0
2021-11-03,VIZ,17.6868,83.2185,18.7,0.94,5.9,0,1016.1,0,0
2021-11-10,VIZ,17.6868,83.2185,16.7,1.91,10.3,7.3,1006.6,0,0
2021-11-17,VIZ,17.6868,83.2185,16.3,1.74,5.7,11.0,1009.9,0,0
2021-11-24,VIZ,17.6868,83.2185,17.0,1.77,7.6,7.0,1009.6,0,0
2021-12-01,VIZ,17.6868,83.2185,20.1,1.04,5.1,15.5,1011.8,0,0
2021-12-08,VIZ,17.6868,83.2185,9.1,1.13,10.8,0.6,1007.2,0,0
2021-12-15,VIZ,17.6868,83.2185,14.5,1.35,8.4,0,1021.5,0,0
2021-12-22,VIZ,17.6868,83.2185,46.4,5.67,7.1,1.4,982.7,0,1
2021-12-29,VIZ,17.6868,83.2185,16.0,2.12,7.0,4.9,1011.1,0,0
2022-01-05,VIZ,17.6868,83.2185,20.3,1.54,9.3,0,1009.5,0,0
2022-01-12,VIZ,17.6868,83.2185,19.3,1.2,9.1,8.8,1010.5,0,0
2022-01-19,VIZ,17.6868,83.2185,23.7,0.64,8.3,6.1,1019.3,0,0
2022-01-26,VIZ,17.6868,83.2185,20.9,1.83,7.8,13.7,1013.7,0,0
2022-02-02,VIZ,17.6868,83.2185,14.7,1.03,7.4,5.8,1007.5,0,0
2022-02-09,VIZ,17.6868,83.2185,14.8,1.8,7.3,7.8,1021.9,0,0
2022-02-16,VIZ,17.6868,83.2185,21.9,1.02,9.8,1.0,1006.9,0,0
2022-02-23,VIZ,17.6868,83.2185,17.8,1.55,10.9,19.7,1016.4,0,0
2022-03-02,VIZ,17.6868,83.2185,15.4,1.06,6.8,14.8,1014.2,0,0
2022-03-09,VIZ,17.6868,83.2185,13.6,1.08,8.9,12.4,1009.1,0,0
2022-03-16,VIZ,17.6868,83.2185,17.3,1.39,7.8,2.8,1005.5,0,0
2022-03-23,VIZ,17.6868,83.2185,16.6,1.61,9.1,7.1,1012.9,0,0
2022-03-30,VIZ,17.6868,83.2185,22.2,1.13,9.2,11.2,1015.6,0,0
2022-04-06,VIZ,17.6868,83.2185,13.4,1.75,7.8,0,1015.1,0,0
2022-04-13,VIZ,17.6868,83.2185,16.8,1.81,10.1,0,1005.5,0,0
2022-04-20,VIZ,17.6868,83.2185,11.0,1.75,6.0,5.1,1007.8,0,0
2022-04-27,VIZ,17.6868,83.2185,4.8,0.97,8.5,12.7,1009.9,0,0
2022-05-04,VIZ,17.6868,83.2185,14.1,1.11,10.0,12.5,1005.4,0,0
2022-05-11,VIZ,17.6868,83.2185,18.6,1.64,6.3,10.6,1016.4,0,0
2022-05-18,VIZ,17.6868,83.2185,16.4,1.41,5.9,4.8,1022.1,0,0
2022-05-25,VIZ,17.6868,83.2185,10.3,1.8,5.2,9.9,1018.7,0,0
2022-06-01,VIZ,17.6868,83.2185,26.6,2.51,10.7,95.7,1008.1,0,0
2022-06-08,VIZ,17.6868,83.2185,27.4,1.37,8.6,86.2,1003.5,0,0
2022-06-15,VIZ,17.6868,83.2185,24.5,2.13,6.3,57.6,1006.3,0,0
2022-06-22,VIZ,17.6868,83.2185,23.5,2.71,6.0,59.3,999.3,0,0
2022-06-29,VIZ,17.6868,83.2185,28.7,1.99,6.5,38.7,1003.6,0,0
2022-07-06,VIZ,17.6868,83.2185,14.7,2.42,9.8,90.1,1008.7,0,0
2022-07-13,VIZ,17.6868,83.2185,33.7,2.32,8.2,36.9,1002.1,0,0
2022-07-20,VIZ,17.6868,83.2185,22.7,2.61,7.3,63.1,1012.4,0,0
2022-07-27,VIZ,17.6868,83.2185,23.0,2.52,10.5,42.4,1016.0,0,0
2022-08-03,VIZ,17.6868,83.2185,26.0,1.66,10.5,53.5,1000.2,0,0
2022-08-10,VIZ,17.6868,83.2185,25.2,2.93,6.7,41.8,999.7,0,0
2022-08-17,VIZ,17.6868,83.2185,29.1,1.75,6.8,101.4,1003.1,0,0
2022-08-24,VIZ,17.6868,83.2185,28.5,2.62,6.9,124.4,999.9,0,0
2022-08-31,VIZ,17.6868,83.2185,27.7,2.98,10.2,48.0,1006.6,0,0
2022-09-07,VIZ,17.6868,83.2185,29.6,2.18,8.9,73.4,1005.2,0,0
2022-09-14,VIZ,17.6868,83.2185,24.8,1.73,5.6,74.8,1010.3,0,0
2022-09-21,VIZ,17.6868,83.2185,19.7,2.8,7.1,58.5,1004.1,0,0
2022-09-28,VIZ,17.6868,83.2185,20.2,2.2,9.5,69.9,1003.9,0,0
2022-10-05,VIZ,17.6868,83.2185,19.4,1.7,7.6,5.9,1012.8,0,0
2022-10-12,VIZ,17.6868,83.2185,12.6,0.99,9.9,2.2,1006.3,0,0
2022-10-19,VIZ,17.6868,83.2185,16.3,1.94,9.8,4.2,1019.2,0,0
2022-10-26,VIZ,17.6868,83.2185,18.0,1.81,10.4,7.0,1010.5,0,0
2022-11-02,VIZ,17.6868,83.2185,13.6,0.9,9.8,15.5,1009.9,0,0
2022-11-09,VIZ,17.6868,83.2185,21.0,1.75,6.4,10.7,1004.3,0,0
2022-11-16,VIZ,17.6868,83.2185,23.2,1.77,7.4,3.2,1003.4,0,0
2022-11-23,VIZ,17.6868,83.2185,35.6,3.24,9.0,17.3,1017.0,1,0
2022-11-30,VIZ,17.6868,83.2185,13.5,1.77,5.7,24.1,1016.8,0,0
2022-12-07,VIZ,17.6868,83.2185,18.1,1.92,7.3,12.6,1016.1,0,0
2022-12-14,VIZ,17.6868,83.2185,13.0,1.17,9.3,2.2,1010.7,0,0
2022-12-21,VIZ,17.6868,83.2185,11.6,1.83,10.6,16.8,1010.8,0,0
2022-12-28,VIZ,17.6868,83.2185,10.0,1.52,7.9,9.4,1011.7,0,0
2023-01-04,VIZ,17.6868,83.2185,17.2,1.63,8.9,18.9,1012.0,0,0
2023-01-11,VIZ,17.6868,83.2185,12.4,0.68,8.4,7.1,1011.5,0,0
2023-01-18,VIZ,17.6868,83.2185,20.8,1.26,7.0,16.7,1013.8,0,0
2023-01-25,VIZ,17.6868,83.2185,33.2,3.42,9.6,3.5,1012.4,1,0
2023-02-01,VIZ,17.6868,83.2185,14.7,1.53,7.7,0,1011.8,0,0
2023-02-08,VIZ,17.6868,83.2185,16.5,1.88,10.9,16.1,1012.7,0,0
2023-02-15,VIZ,17.6868,83.2185,20.7,1.49,8.9,1.9,1011.4,0,0
2023-02-22,VIZ,17.6868,83.2185,22.2,1.53,6.3,9.9,1011.4,0,0
2023-03-01,VIZ,17.6868,83.2185,12.6,1.23,8.9,14.1,1018.0,0,0
2023-03-08,VIZ,17.6868,83.2185,19.4,1.71,9.4,0,1012.5,0,0
2023-03-15,VIZ,17.6868,83.2185,20.0,1.55,11.0,16.9,1012.9,0,0
2023-03-22,VIZ,17.6868,83.2185,12.7,1.24,6.9,12.2,1016.4,0,0
2023-03-29,VIZ,17.6868,83.2185,21.0,1.26,7.0,4.9,1014.1,0,0
2023-04-05,VIZ,17.6868,83.2185,21.6,0.64,6.6,16.5,1017.0,0,0
2023-04-12,VIZ,17.6868,83.2185,16.0,1.35,10.5,4.8,1018.3,0,0
2023-04-19,VIZ,17.6868,83.2185,6.3,1.52,9.9,14.7,1016.8,0,0
2023-04-26,VIZ,17.6868,83.2185,18.5,1.34,7.1,15.3,1012.6,0,0
2023-05-03,VIZ,17.6868,83.2185,12.7,1.81,8.3,0.1,1014.2,0,0
2023-05-10,VIZ,17.6868,83.2185,16.4,1.46,9.3,0,1004.4,0,0
2023-05-17,VIZ,17.6868,83.2185,8.3,1.11,5.2,12.9,1008.7,0,0
2023-05-24,VIZ,17.6868,83.2185,27.2,1.41,10.8,12.5,1013.1,0,0
2023-05-31,VIZ,17.6868,83.2185,14.0,2.04,7.8,0,1019.4,0,0
2023-06-07,VIZ,17.6868,83.2185,32.9,2.34,7.1,39.6,1006.5,0,0
2023-06-14,VIZ,17.6868,83.2185,26.6,1.4,8.3,78.7,1012.9,0,0
2023-06-21,VIZ,17.6868,83.2185,32.7,2.38,7.1,58.5,1000.6,0,0
2023-06-28,VIZ,17.6868,83.2185,21.3,2.15,10.0,38.8,999.9,0,0
2023-07-05,VIZ,17.6868,83.2185,26.9,2.83,5.6,45.2,1008.2,0,0
2023-07-12,VIZ,17.6868,83.2185,27.3,2.75,10.9,73.5,1008.3,0,0
2023-07-19,VIZ,17.6868,83.2185,22.8,2.25,7.5,74.6,1006.1,0,0
2023-07-26,VIZ,17.6868,83.2185,25.3,2.23,5.1,76.0,1000.2,0,0
2023-08-02,VIZ,17.6868,83.2185,19.9,1.95,10.0,67.9,1009.3,0,0
2023-08-09,VIZ,17.6868,83.2185,21.4,1.75,5.4,75.6,1012.6,0,0
2023-08-16,VIZ,17.6868,83.2185,28.8,2.95,8.3,118.3,1002.3,0,0
2023-08-23,VIZ,17.6868,83.2185,22.5,2.51,6.4,90.2,1004.5,0,0
2023-08-30,VIZ,17.6868,83.2185,24.8,2.59,8.7,32.3,1002.6,0,0
2023-09-06,VIZ,17.6868,83.2185,31.8,2.78,5.1,51.4,1008.1,0,0
2023-09-13,VIZ,17.6868,83.2185,23.8,2.07,8.5,93.2,1010.4,0,0
2023-09-20,VIZ,17.6868,83.2185,27.3,2.49,8.0,63.9,1003.1,0,0
2023-09-27,VIZ,17.6868,83.2185,16.7,2.35,6.3,47.5,1006.2,0,0
2023-10-04,VIZ,17.6868,83.2185,12.3,0.97,5.1,14.9,1012.2,0,0
2023-10-11,VIZ,17.6868,83.2185,69.9,5.66,7.3,7.9,992.6,0,1
2023-10-18,VIZ,17.6868,83.2185,20.7,1.83,10.8,12.9,1014.0,0,0
2023-10-25,VIZ,17.6868,83.2185,11.1,1.51,5.1,9.1,1006.0,0,0
2023-11-01,VIZ,17.6868,83.2185,43.6,4.77,9.6,3.1,978.8,0,1
2023-11-08,VIZ,17.6868,83.2185,21.4,1.43,10.9,14.7,1017.9,0,0
2023-11-15,VIZ,17.6868,83.2185,14.4,1.47,7.3,24.6,1015.1,0,0
2023-11-22,VIZ,17.6868,83.2185,17.2,1.05,7.5,13.9,1005.4,0,0
2023-11-29,VIZ,17.6868,83.2185,20.2,1.54,5.1,13.1,1002.5,0,0
2023-12-06,VIZ,17.6868,83.2185,16.8,1.57,6.3,8.2,1013.2,0,0
2023-12-13,VIZ,17.6868,83.2185,10.9,0.84,7.6,15.5,1016.6,0,0
2023-12-20,VIZ,17.6868,83.2185,13.4,1.23,6.2,2.0,1014.9,0,0
2023-12-27,VIZ,17.6868,83.2185,15.8,1.61,8.4,7.2,1010.9,0,0
2024-01-03,VIZ,17.6868,83.2185,12.3,1.22,7.8,7.9,1008.0,0,0
2024-01-10,VIZ,17.6868,83.2185,11.3,1.63,10.2,0,1015.9,0,0
2024-01-17,VIZ,17.6868,83.2185,14.8,1.92,7.5,5.3,1012.1,0,0
2024-01-24,VIZ,17.6868,83.2185,14.7,1.36,5.3,8.4,1015.2,0,0
2024-01-31,VIZ,17.6868,83.2185,19.3,1.82,9.3,17.0,1011.5,0,0
2024-02-07,VIZ,17.6868,83.2185,17.4,1.28,9.2,7.9,1005.7,0,0
2024-02-14,VIZ,17.6868,83.2185,12.8,1.35,6.3,10.3,1018.1,0,0
2024-02-21,VIZ,17.6868,83.2185,16.7,1.17,9.5,5.7,1015.1,0,0
2024-02-28,VIZ,17.6868,83.2185,15.9,1.63,9.4,1.2,1010.7,0,0
2024-03-06,VIZ,17.6868,83.2185,9.4,1.38,8.7,12.0,1021.3,0,0
2024-03-13,VIZ,17.6868,83.2185,17.4,0.9,9.2,4.2,1009.3,0,0
2024-03-20,VIZ,17.6868,83.2185,2,2.01,7.4,8.0,1013.6,0,0
2024-03-27,VIZ,17.6868,83.2185,21.9,1.92,7.8,12.9,1016.9,0,0
2024-04-03,VIZ,17.6868,83.2185,19.9,1.67,7.2,4.6,1012.9,0,0
2024-04-10,VIZ,17.6868,83.2185,12.7,0.86,8.1,3.2,1012.4,0,0
2024-04-17,VIZ,17.6868,83.2185,14.4,1.16,8.6,13.7,1015.7,0,0
2024-04-24,VIZ,17.6868,83.2185,17.6,1.6,10.5,11.1,1015.9,0,0
2024-05-01,VIZ,17.6868,83.2185,33.4,2.47,6.5,1.6,1008.6,1,0
2024-05-08,VIZ,17.6868,83.2185,9.6,1.34,7.3,4.8,1012.4,0,0
2024-05-15,VIZ,17.6868,83.2185,15.1,1.06,8.7,8.5,1008.8,0,0
2024-05-22,VIZ,17.6868,83.2185,13.9,0.93,9.1,6.9,1013.5,0,0
2024-05-29,VIZ,17.6868,83.2185,16.7,2.29,5.7,10.2,1000.6,0,0
2024-06-05,VIZ,17.6868,83.2185,29.3,2.21,7.8,32.5,1007.0,0,0
2024-06-12,VIZ,17.6868,83.2185,45.9,3.5,5.8,49.9,1004.5,1,0
2024-06-19,VIZ,17.6868,83.2185,26.8,2.08,11.0,52.4,1008.5,0,0
2024-06-26,VIZ,17.6868,83.2185,32.7,2.15,10.3,87.2,1007.5,0,0
2024-07-03,VIZ,17.6868,83.2185,25.6,2.34,5.2,54.7,1002.8,0,0
2024-07-10,VIZ,17.6868,83.2185,28.0,2.48,9.0,1.2,1003.1,0,0
2024-07-17,VIZ,17.6868,83.2185,30.1,2.34,10.2,73.5,1000.5,0,0
2024-07-24,VIZ,17.6868,83.2185,26.1,2.7,9.3,56.9,1008.3,0,0
2024-07-31,VIZ,17.6868,83.2185,20.8,2.09,8.8,31.0,1015.2,0,0
2024-08-07,VIZ,17.6868,83.2185,21.3,2.04,6.7,75.9,998.8,0,0
2024-08-14,VIZ,17.6868,83.2185,18.7,2.24,6.5,61.1,1006.3,0,0
2024-08-21,VIZ,17.6868,83.2185,33.6,2.34,9.1,14.8,1012.0,0,0
2024-08-28,VIZ,17.6868,83.2185,25.0,2.06,9.2,61.0,1004.2,0,0
2024-09-04,VIZ,17.6868,83.2185,29.9,1.97,5.2,56.9,1004.4,0,0
2024-09-11,VIZ,17.6868,83.2185,25.6,1.43,5.3,31.4,999.0,0,0
2024-09-18,VIZ,17.6868,83.2185,21.9,2.36,10.1,55.5,1004.7,0,0
2024-09-25,VIZ,17.6868,83.2185,22.8,2.73,5.7,64.8,1010.0,0,0
2024-10-02,VIZ,17.6868,83.2185,22.8,1.77,10.4,10.4,1009.0,0,0
2024-10-09,VIZ,17.6868,83.2185,25.7,1.09,6.1,25.9,1010.9,0,0
2024-10-16,VIZ,17.6868,83.2185,18.2,1.87,6.4,13.6,1007.2,0,0
2024-10-23,VIZ,17.6868,83.2185,20.5,1.79,7.3,11.6,1010.7,0,0
2024-10-30,VIZ,17.6868,83.2185,20.8,1.14,8.8,19.6,1012.3,0,0
2024-11-06,VIZ,17.6868,83.2185,13.7,1.08,8.8,18.1,1014.6,0,0
2024-11-13,VIZ,17.6868,83.2185,11.7,1.06,5.0,19.6,1013.4,0,0
2024-11-20,VIZ,17.6868,83.2185,8.4,1.34,5.7,13.0,1010.7,0,0
2024-11-27,VIZ,17.6868,83.2185,13.9,1.56,10.0,14.6,1013.5,0,0
2024-12-04,VIZ,17.6868,83.2185,16.5,1.1,8.8,5.8,1013.9,0,0
2024-12-11,VIZ,17.6868,83.2185,22.4,1.62,9.1,0,1006.8,0,0
2024-12-18,VIZ,17.6868,83.2185,18.5,1.6,9.8,7.5,1013.2,0,0
2024-12-25,VIZ,17.6868,83.2185,14.1,1.24,8.6,7.4,1014.5,0,0
2025-01-01,VIZ,17.6868,83.2185,14.4,1.9,6.2,2.8,1017.7,0,0
2025-01-08,VIZ,17.6868,83.2185,15.6,1.65,9.1,3.1,1013.2,0,0
2025-01-15,VIZ,17.6868,83.2185,39.0,3.0,6.0,19.9,1012.4,1,0
2025-01-22,VIZ,17.6868,83.2185,18.3,1.0,8.3,11.0,1015.5,0,0
2025-01-29,VIZ,17.6868,83.2185,15.8,1.35,10.9,19.9,1005.8,0,0
2025-02-05,VIZ,17.6868,83.2185,14.2,1.79,5.2,5.0,1011.4,0,0
2025-02-12,VIZ,17.6868,83.2185,16.8,1.37,10.0,0.7,1012.8,0,0
2025-02-19,VIZ,17.6868,83.2185,15.5,1.22,10.6,24.5,1012.1,0,0
2025-02-26,VIZ,17.6868,83.2185,17.1,1.57,6.1,13.3,1017.4,0,0
2025-03-05,VIZ,17.6868,83.2185,34.8,3.54,10.1,12.9,1012.5,1,0
2025-03-12,VIZ,17.6868,83.2185,18.2,1.77,8.4,5.4,1008.7,0,0
2025-03-19,VIZ,17.6868,83.2185,11.7,1.9,7.2,2.5,1014.8,0,0
2025-03-26,VIZ,17.6868,83.2185,11.2,2.0,10.2,1.3,1009.0,0,0
2025-04-02,VIZ,17.6868,83.2185,17.3,0.81,8.3,3.0,1010.2,0,0
2025-04-09,VIZ,17.6868,83.2185,17.4,1.09,7.7,9.2,1011.6,0,0
2025-04-16,VIZ,17.6868,83.2185,12.6,1.38,9.0,18.9,1015.2,0,0
2025-04-23,VIZ,17.6868,83.2185,19.6,1.89,7.4,3.9,1011.6,0,0
2025-04-30,VIZ,17.6868,83.2185,22.5,1.5,7.6,12.4,1010.7,0,0
2025-05-07,VIZ,17.6868,83.2185,14.0,1.38,7.2,10.9,1014.6,0,0
2025-05-14,VIZ,17.6868,83.2185,10.3,0.51,5.6,16.7,1010.8,0,0
2025-05-21,VIZ,17.6868,83.2185,23.3,1.6,7.3,1.9,1013.3,0,0
2025-05-28,VIZ,17.6868,83.2185,14.3,1.18,9.5,10.6,1013.8,0,0
2025-06-04,VIZ,17.6868,83.2185,28.8,2.72,7.7,25.7,1001.2,0,0
2025-06-11,VIZ,17.6868,83.2185,23.8,1.84,8.5,61.5,1006.9,0,0
2025-06-18,VIZ,17.6868,83.2185,25.8,1.23,5.7,59.5,999.0,0,0
2025-06-25,VIZ,17.6868,83.2185,18.8,2.46,10.7,62.2,1003.2,0,0
2025-07-02,VIZ,17.6868,83.2185,25.6,2.66,10.4,40.9,1008.0,0,0
2025-07-09,VIZ,17.6868,83.2185,23.2,2.73,7.5,85.9,1002.4,0,0
2025-07-16,VIZ,17.6868,83.2185,32.7,1.92,8.1,80.8,1006.3,0,0
2025-07-23,VIZ,17.6868,83.2185,29.6,2.76,10.2,90.2,1004.5,0,0
2025-07-30,VIZ,17.6868,83.2185,23.8,1.52,7.1,72.6,1008.1,0,0
2025-08-06,VIZ,17.6868,83.2185,20.3,1.94,8.9,47.0,1008.3,0,0
2025-08-13,VIZ,17.6868,83.2185,25.4,2.16,10.2,30.1,1007.0,0,0
2025-08-20,VIZ,17.6868,83.2185,20.8,2.03,9.4,74.9,1007.1,0,0
2025-08-27,VIZ,17.6868,83.2185,26.8,2.41,7.8,60.9,1004.9,0,0
2025-09-03,VIZ,17.6868,83.2185,24.4,2.79,10.2,76.5,1007.1,0,0
2025-09-10,VIZ,17.6868,83.2185,23.3,1.95,5.2,19.3,1005.8,0,0
2025-09-17,VIZ,17.6868,83.2185,27.2,2.21,10.0,8.1,1005.4,0,0
2025-09-24,VIZ,17.6868,83.2185,20.9,2.57,6.6,72.4,1003.0,0,0
2025-10-01,VIZ,17.6868,83.2185,21.2,1.6,7.9,11.8,1009.7,0,0
2025-10-08,VIZ,17.6868,83.2185,19.0,1.42,6.6,5.8,1018.1,0,0
2025-10-15,VIZ,17.6868,83.2185,10.8,1.3,7.4,9.3,1009.5,0,0
2025-10-22,VIZ,17.6868,83.2185,14.2,0.99,9.9,14.0,1012.1,0,0
2025-10-29,VIZ,17.6868,83.2185,19.9,1.69,7.7,10.9,1014.1,0,0
